# Blender 5.0.1
# www.blender.org
mtllib Swim ring_2_high.mtl
o Torus.001
v 0.333957 0.286761 0.016838
v 0.303332 0.321230 0.016745
v 0.257419 0.334003 0.016524
v 0.210751 0.321230 0.016234
v 0.176066 0.287474 0.015958
v 0.176066 0.189859 0.015958
v 0.210751 0.156103 0.016234
v 0.257419 0.143330 0.016524
v 0.303590 0.156418 0.016316
v 0.334165 0.190176 0.016867
v 0.331173 0.287069 -0.027321
v 0.300580 0.321230 -0.023315
v 0.255114 0.334003 -0.017570
v 0.208964 0.321230 -0.011817
v 0.174614 0.287474 -0.007596
v 0.174614 0.189859 -0.007596
v 0.208964 0.156103 -0.011817
v 0.255114 0.143330 -0.017570
v 0.301037 0.156509 -0.023434
v 0.279366 0.320824 -0.104312
v 0.236578 0.334003 -0.086745
v 0.193625 0.321230 -0.069063
v 0.161661 0.287474 -0.055936
v 0.161661 0.189859 -0.055936
v 0.193625 0.156103 -0.069063
v 0.236578 0.143330 -0.086745
v 0.279366 0.156509 -0.104312
v 0.287941 0.287156 -0.155639
v 0.261698 0.320914 -0.140005
v 0.221528 0.334003 -0.117418
v 0.181148 0.321230 -0.094248
v 0.151142 0.287474 -0.077060
v 0.151142 0.189859 -0.077060
v 0.181148 0.156103 -0.094248
v 0.221528 0.143330 -0.117418
v 0.261698 0.156418 -0.140005
v 0.287941 0.190176 -0.155639
v 0.263221 0.287472 -0.192235
v 0.238855 0.321230 -0.173566
v 0.202488 0.334003 -0.145791
v 0.165575 0.321230 -0.117647
v 0.138108 0.287474 -0.096732
v 0.138108 0.189859 -0.096732
v 0.165575 0.156103 -0.117647
v 0.202488 0.143330 -0.145791
v 0.238855 0.156103 -0.173566
v 0.263221 0.189861 -0.192235
v 0.198528 0.287156 -0.257337
v 0.179466 0.320914 -0.233238
v 0.151848 0.334003 -0.196431
v 0.123668 0.321230 -0.159554
v 0.102720 0.287474 -0.132120
v 0.102720 0.189859 -0.132120
v 0.123668 0.156103 -0.159554
v 0.151848 0.143330 -0.196431
v 0.179650 0.156103 -0.232771
v 0.198331 0.189861 -0.257125
v 0.146566 0.320824 -0.255581
v 0.123476 0.334003 -0.215472
v 0.100269 0.321230 -0.175126
v 0.083048 0.287474 -0.145154
v 0.083048 0.189859 -0.145154
v 0.100269 0.156103 -0.175126
v 0.123476 0.143330 -0.215472
v 0.146335 0.156103 -0.255181
v 0.161567 0.189861 -0.281611
v 0.120840 0.286801 -0.302027
v 0.109996 0.320914 -0.273420
v 0.092049 0.334003 -0.230970
v 0.074347 0.321230 -0.187910
v 0.061223 0.287474 -0.155917
v 0.061223 0.189859 -0.155917
v 0.074347 0.156103 -0.187910
v 0.092049 0.143330 -0.230970
v 0.109500 0.156103 -0.273346
v 0.121138 0.189861 -0.301548
v 0.079308 0.287069 -0.315949
v 0.071443 0.321230 -0.286133
v 0.059673 0.334003 -0.241887
v 0.047748 0.321230 -0.196993
v 0.038906 0.287474 -0.163589
v 0.038906 0.189859 -0.163589
v 0.047748 0.156103 -0.196993
v 0.059673 0.143330 -0.241887
v 0.071443 0.156103 -0.286133
v 0.079333 0.189861 -0.315809
v -0.011651 0.287472 -0.327787
v -0.011569 0.321230 -0.297062
v -0.011330 0.334003 -0.251235
v -0.011010 0.321230 -0.204729
v -0.010711 0.287474 -0.170122
v -0.010711 0.189859 -0.170122
v -0.011010 0.156103 -0.204729
v -0.011330 0.143330 -0.251235
v -0.012000 0.156418 -0.297321
v -0.011623 0.190176 -0.328075
v -0.055734 0.287156 -0.325122
v -0.052105 0.320914 -0.294761
v -0.045433 0.334003 -0.249070
v -0.039054 0.321230 -0.202840
v -0.034253 0.287474 -0.168487
v -0.034253 0.189859 -0.168487
v -0.039054 0.156103 -0.202840
v -0.045433 0.143330 -0.249070
v -0.051707 0.156509 -0.295019
v -0.092050 0.320824 -0.287001
v -0.079801 0.334003 -0.242236
v -0.067402 0.321230 -0.197201
v -0.058120 0.287474 -0.163740
v -0.058120 0.189859 -0.163740
v -0.067402 0.156103 -0.197201
v -0.079801 0.143330 -0.242236
v -0.091581 0.156418 -0.286916
v -0.100039 0.190176 -0.316311
v -0.143172 0.286801 -0.301676
v -0.130521 0.320914 -0.273750
v -0.112982 0.334003 -0.230971
v -0.094772 0.321230 -0.187910
v -0.081163 0.287474 -0.155917
v -0.081163 0.189859 -0.155917
v -0.094772 0.156103 -0.187910
v -0.112982 0.143330 -0.230971
v -0.130818 0.156103 -0.273347
v -0.142621 0.189861 -0.301548
v -0.182382 0.287069 -0.282152
v -0.166767 0.321230 -0.255477
v -0.143591 0.334003 -0.215795
v -0.120002 0.321230 -0.175525
v -0.102368 0.287474 -0.145562
v -0.102368 0.189859 -0.145562
v -0.120002 0.156103 -0.175525
v -0.143591 0.143330 -0.215795
v -0.166767 0.156103 -0.255477
v -0.182265 0.189861 -0.282071
v -0.255403 0.287117 -0.225930
v -0.233193 0.321230 -0.204506
v -0.200408 0.334003 -0.172198
v -0.167020 0.321230 -0.139447
v -0.142072 0.287474 -0.115096
v -0.142072 0.189859 -0.115096
v -0.167020 0.156103 -0.139447
v -0.200408 0.143330 -0.172198
v -0.233484 0.156509 -0.204880
v -0.284490 0.286753 -0.193193
v -0.260234 0.320914 -0.174217
v -0.222995 0.334003 -0.146555
v -0.185515 0.321230 -0.118280
v -0.157563 0.287474 -0.097294
v -0.157563 0.189859 -0.097294
v -0.185515 0.156103 -0.118280
v -0.222995 0.143330 -0.146555
v -0.260179 0.156734 -0.174715
v -0.284606 0.190492 -0.193303
v -0.282993 0.320824 -0.140485
v -0.242464 0.334003 -0.117420
v -0.201573 0.321230 -0.094248
v -0.171083 0.287474 -0.077060
v -0.171083 0.189859 -0.077060
v -0.201573 0.156103 -0.094248
v -0.242464 0.143330 -0.117420
v -0.282993 0.156509 -0.140485
v -0.329608 0.286801 -0.114744
v -0.300825 0.320914 -0.103912
v -0.257961 0.334003 -0.085992
v -0.214357 0.321230 -0.068325
v -0.181846 0.287474 -0.055235
v -0.181846 0.189859 -0.055235
v -0.214357 0.156103 -0.068325
v -0.257961 0.143330 -0.085992
v -0.301230 0.156734 -0.103613
v -0.329663 0.190492 -0.115262
v -0.343526 0.287069 -0.073212
v -0.313530 0.321230 -0.065359
v -0.268871 0.334003 -0.053616
v -0.223438 0.321230 -0.041727
v -0.189517 0.287474 -0.032919
v -0.189517 0.189859 -0.032919
v -0.223438 0.156103 -0.041727
v -0.268871 0.143330 -0.053616
v -0.314001 0.156509 -0.065420
v -0.355781 0.286753 0.017704
v -0.324719 0.320914 0.018083
v -0.278219 0.334003 0.017387
v -0.231174 0.321230 0.017031
v -0.196050 0.287474 0.016699
v -0.196050 0.189859 0.016699
v -0.231174 0.156103 0.017031
v -0.278219 0.143330 0.017387
v -0.324930 0.156509 0.017594
v -0.322426 0.320824 0.057791
v -0.276061 0.334003 0.051490
v -0.229286 0.321230 0.045076
v -0.194415 0.287474 0.040240
v -0.194415 0.189859 0.040240
v -0.229286 0.156103 0.045076
v -0.276061 0.143330 0.051490
v -0.322279 0.156418 0.057337
v -0.352679 0.190532 0.062318
v -0.344029 0.286753 0.106124
v -0.314321 0.320914 0.097665
v -0.269226 0.334003 0.085858
v -0.223648 0.321230 0.073424
v -0.189668 0.287474 0.064107
v -0.189668 0.189859 0.064107
v -0.223647 0.156103 0.073424
v -0.269226 0.143330 0.085858
v -0.313959 0.156103 0.098013
v -0.343747 0.190264 0.106066
v -0.329204 0.286761 0.148749
v -0.300757 0.321230 0.136906
v -0.257962 0.334003 0.119040
v -0.214357 0.321230 0.100793
v -0.181846 0.287474 0.087151
v -0.181846 0.189859 0.087151
v -0.214357 0.156103 0.100793
v -0.257962 0.143330 0.119040
v -0.300757 0.156103 0.136906
v -0.329204 0.190572 0.148748
v -0.309545 0.286753 0.189372
v -0.282595 0.320914 0.174242
v -0.242463 0.334003 0.150466
v -0.201573 0.321230 0.126716
v -0.171083 0.287474 0.108976
v -0.171083 0.189859 0.108976
v -0.201573 0.156103 0.126716
v -0.242463 0.143330 0.150466
v -0.282595 0.156418 0.174242
v -0.309545 0.190579 0.189372
v -0.260506 0.320824 0.207383
v -0.223416 0.334003 0.178832
v -0.185999 0.321230 0.150113
v -0.158048 0.287474 0.128648
v -0.158048 0.189859 0.128648
v -0.185999 0.156103 0.150113
v -0.223416 0.143330 0.178832
v -0.260505 0.156509 0.207383
v -0.220101 0.286753 0.291103
v -0.200781 0.320914 0.266720
v -0.172776 0.334003 0.229472
v -0.144092 0.321230 0.192020
v -0.122660 0.287474 0.164035
v -0.122660 0.189859 0.164035
v -0.144092 0.156103 0.192020
v -0.172776 0.143330 0.229472
v -0.201299 0.156509 0.266589
v -0.167888 0.320824 0.289073
v -0.144409 0.334003 0.248520
v -0.120695 0.321230 0.207594
v -0.102989 0.287474 0.177070
v -0.102989 0.189859 0.177070
v -0.120695 0.156103 0.207594
v -0.144409 0.143330 0.248520
v -0.168157 0.156418 0.288680
v -0.183172 0.190176 0.315551
v -0.142410 0.286516 0.335786
v -0.131319 0.320914 0.306916
v -0.112983 0.334003 0.264019
v -0.094772 0.321230 0.220378
v -0.081163 0.287474 0.187833
v -0.081163 0.189859 0.187833
v -0.094772 0.156103 0.220378
v -0.112983 0.143330 0.264019
v -0.130822 0.156103 0.306841
v -0.142622 0.189861 0.335225
v -0.100389 0.286832 0.349749
v -0.091929 0.321230 0.320043
v -0.079801 0.334003 0.275283
v -0.067402 0.321230 0.229669
v -0.058120 0.287474 0.195655
v -0.058120 0.189859 0.195655
v -0.067402 0.156103 0.229669
v -0.079801 0.143330 0.275283
v -0.091581 0.156418 0.320405
v -0.100039 0.190176 0.349987
v -0.055734 0.286761 0.358589
v -0.051645 0.321230 0.328056
v -0.045433 0.334003 0.282119
v -0.039054 0.321230 0.235308
v -0.034253 0.287474 0.200403
v -0.034253 0.189859 0.200403
v -0.039054 0.156103 0.235308
v -0.045433 0.143330 0.282119
v -0.051707 0.156509 0.328518
v -0.010313 0.286832 0.361606
v -0.010661 0.321230 0.330735
v -0.010467 0.334003 0.284409
v -0.010213 0.321230 0.237198
v -0.009970 0.287474 0.201994
v -0.009970 0.189859 0.201994
v -0.010213 0.156103 0.237198
v -0.010467 0.143330 0.284409
v -0.011091 0.156418 0.330995
v -0.010332 0.190816 0.361893
v 0.032993 0.286832 0.358824
v 0.029398 0.321230 0.327977
v 0.023626 0.334003 0.282098
v 0.017838 0.321230 0.235409
v 0.013583 0.287474 0.200542
v 0.013583 0.189859 0.200542
v 0.017838 0.156103 0.235409
v 0.023626 0.143330 0.282098
v 0.029398 0.156103 0.327977
v 0.032993 0.190501 0.358824
v 0.122065 0.287156 0.335158
v 0.110769 0.320914 0.306382
v 0.092802 0.334003 0.263563
v 0.075084 0.321230 0.220070
v 0.061924 0.287474 0.187589
v 0.061924 0.189859 0.187589
v 0.075084 0.156103 0.220070
v 0.092802 0.143330 0.263563
v 0.110395 0.156509 0.306766
v 0.147015 0.320614 0.289002
v 0.123476 0.334003 0.248519
v 0.100269 0.321230 0.207594
v 0.083048 0.287474 0.177070
v 0.083048 0.189859 0.177070
v 0.100269 0.156103 0.207594
v 0.123476 0.143330 0.248519
v 0.146093 0.156418 0.289108
v 0.161736 0.190176 0.315523
v 0.180534 0.320614 0.266614
v 0.152613 0.334003 0.229053
v 0.124302 0.321230 0.191537
v 0.103281 0.287474 0.163550
v 0.103281 0.189859 0.163550
v 0.124302 0.156103 0.191537
v 0.152613 0.143330 0.229053
v 0.180490 0.156103 0.265856
v 0.199049 0.189861 0.290243
v 0.233496 0.286801 0.260429
v 0.211244 0.320914 0.239258
v 0.178957 0.334003 0.205948
v 0.146032 0.321230 0.172479
v 0.121577 0.287474 0.147505
v 0.121577 0.189859 0.147505
v 0.146032 0.156103 0.172479
v 0.178957 0.143330 0.205948
v 0.211365 0.156103 0.238770
v 0.232940 0.189861 0.260519
v 0.262252 0.287069 0.227382
v 0.237744 0.321230 0.208495
v 0.201433 0.334003 0.180207
v 0.164604 0.321230 0.151379
v 0.137205 0.287474 0.129823
v 0.137205 0.189859 0.129823
v 0.164603 0.156103 0.151379
v 0.201433 0.143330 0.180207
v 0.237744 0.156103 0.208495
v 0.262113 0.189861 0.227352
v 0.307997 0.287472 0.147878
v 0.279608 0.321230 0.135984
v 0.237241 0.334003 0.118186
v 0.194236 0.321230 0.100055
v 0.162228 0.287474 0.086483
v 0.162228 0.189859 0.086483
v 0.194236 0.156103 0.100055
v 0.237241 0.143330 0.118186
v 0.280017 0.156509 0.136222
v 0.322284 0.287117 0.105626
v 0.292633 0.321230 0.098010
v 0.248291 0.334003 0.085857
v 0.203222 0.321230 0.073424
v 0.169727 0.287474 0.064107
v 0.169727 0.189859 0.064107
v 0.203222 0.156103 0.073424
v 0.248291 0.143330 0.085857
v 0.292772 0.156418 0.098493
v 0.322420 0.190176 0.106079
v 0.331062 0.287069 0.061837
v 0.300652 0.321230 0.057729
v 0.255129 0.334003 0.051490
v 0.208861 0.321230 0.045076
v 0.174474 0.287474 0.040240
v 0.174474 0.189859 0.040240
v 0.208861 0.156103 0.045076
v 0.255129 0.143330 0.051490
v 0.300652 0.156103 0.057729
v 0.330930 0.189861 0.061819
v 0.344167 0.251000 0.016851
v 0.344071 0.225622 0.017538
v 0.296190 0.225622 -0.161157
v 0.296190 0.251711 -0.161157
v 0.271311 0.225622 -0.198442
v 0.271311 0.251711 -0.198442
v 0.204540 0.225622 -0.265214
v 0.205112 0.251711 -0.264831
v 0.166636 0.225622 -0.290397
v 0.125015 0.225622 -0.310923
v 0.124450 0.251355 -0.311282
v 0.081961 0.225622 -0.325663
v -0.010973 0.225622 -0.338033
v -0.011660 0.251711 -0.337988
v -0.056386 0.251711 -0.335028
v -0.103253 0.225622 -0.325706
v -0.146522 0.225622 -0.310923
v -0.147175 0.251355 -0.310777
v -0.187388 0.225622 -0.290902
v -0.262334 0.251355 -0.233487
v -0.292291 0.225622 -0.199180
v -0.338611 0.225622 -0.118952
v -0.338886 0.251355 -0.118353
v -0.362527 0.225978 0.063828
v -0.338658 0.226333 0.152673
v -0.338658 0.251000 0.152673
v -0.187571 0.225622 0.324482
v -0.146522 0.225622 0.344625
v -0.103253 0.225622 0.359408
v -0.057080 0.251000 0.368735
v 0.125257 0.251711 0.344637
v 0.167254 0.225622 0.323795
v 0.205223 0.225622 0.298317
v 0.240113 0.225622 0.267718
v 0.240661 0.251355 0.267334
v 0.270207 0.225622 0.233583
v 0.317422 0.251711 0.151805
v 0.332159 0.225622 0.108023
v 0.331998 0.251355 0.108720
v 0.340991 0.225622 0.063159
v 0.162454 0.225793 0.015818
v 0.162454 0.251540 0.015818
v 0.162870 0.238666 0.015796
v 0.161119 0.251540 -0.005969
v 0.161120 0.225793 -0.005969
v 0.161531 0.238666 -0.006047
v 0.149108 0.251540 -0.050797
v 0.149108 0.225793 -0.050797
v 0.149495 0.238666 -0.050967
v 0.139370 0.251540 -0.070333
v 0.139370 0.225793 -0.070333
v 0.139732 0.238666 -0.070553
v 0.127320 0.251540 -0.088534
v 0.127320 0.225793 -0.088534
v 0.127652 0.238666 -0.088801
v 0.094504 0.251540 -0.121350
v 0.094504 0.225793 -0.121350
v 0.094768 0.238666 -0.121684
v 0.076303 0.251540 -0.133400
v 0.076303 0.225793 -0.133400
v 0.076520 0.238666 -0.133765
v 0.056089 0.251540 -0.143368
v 0.056089 0.225793 -0.143368
v 0.056260 0.238666 -0.143756
v 0.035449 0.251540 -0.150473
v 0.035449 0.225793 -0.150473
v 0.035567 0.238666 -0.150879
v -0.010563 0.251540 -0.156530
v -0.010563 0.225793 -0.156530
v -0.010539 0.238666 -0.156949
v -0.032338 0.251540 -0.155010
v -0.032338 0.225793 -0.155010
v -0.032370 0.238666 -0.155425
v -0.054443 0.251540 -0.150613
v -0.054443 0.225793 -0.150613
v -0.054526 0.238666 -0.151018
v -0.075785 0.251540 -0.143368
v -0.075785 0.225793 -0.143368
v -0.075918 0.238666 -0.143756
v -0.095404 0.251540 -0.133797
v -0.095404 0.225793 -0.133797
v -0.095586 0.238666 -0.134161
v -0.132222 0.251540 -0.105545
v -0.132222 0.225793 -0.105545
v -0.132480 0.238666 -0.105851
v -0.146544 0.251540 -0.089072
v -0.146544 0.225793 -0.089072
v -0.146840 0.238666 -0.089336
v -0.159066 0.251540 -0.070333
v -0.159066 0.225793 -0.070333
v -0.159390 0.238666 -0.070553
v -0.169034 0.251540 -0.050119
v -0.169034 0.225793 -0.050119
v -0.169381 0.238666 -0.050293
v -0.176139 0.251540 -0.029479
v -0.176139 0.225793 -0.029479
v -0.176504 0.238666 -0.029600
v -0.182197 0.251540 0.016533
v -0.182197 0.225793 0.016533
v -0.182574 0.238666 0.016507
v -0.180676 0.251540 0.038308
v -0.180676 0.225793 0.038308
v -0.181050 0.238666 0.038338
v -0.176279 0.251540 0.060413
v -0.176279 0.225793 0.060413
v -0.176643 0.238666 0.060494
v -0.169034 0.251540 0.081755
v -0.169034 0.225793 0.081755
v -0.169381 0.238666 0.081885
v -0.159066 0.251540 0.101969
v -0.159066 0.225793 0.101969
v -0.159390 0.238666 0.102145
v -0.147017 0.251540 0.120171
v -0.147017 0.225793 0.120171
v -0.147309 0.238666 0.120393
v -0.114201 0.251540 0.152987
v -0.114201 0.225793 0.152987
v -0.114426 0.238666 0.153276
v -0.095999 0.251540 0.165036
v -0.095999 0.225793 0.165036
v -0.096178 0.238666 0.165357
v -0.075785 0.251540 0.175005
v -0.075785 0.225793 0.175005
v -0.075918 0.238666 0.175349
v -0.054443 0.251540 0.182249
v -0.054443 0.225793 0.182249
v -0.054526 0.238666 0.182610
v -0.032338 0.251540 0.186646
v -0.032338 0.225793 0.186646
v -0.032370 0.238666 0.187017
v -0.009848 0.251540 0.188120
v -0.009848 0.225793 0.188120
v -0.009829 0.238666 0.188495
v 0.011940 0.251540 0.186786
v 0.011940 0.225793 0.186786
v 0.012015 0.238666 0.187156
v 0.056767 0.251540 0.174774
v 0.056767 0.225793 0.174774
v 0.056934 0.238666 0.175120
v 0.076303 0.251540 0.165036
v 0.076303 0.225793 0.165036
v 0.076520 0.238666 0.165358
v 0.095043 0.251540 0.152515
v 0.095043 0.225793 0.152515
v 0.095303 0.238666 0.152807
v 0.111988 0.251540 0.137654
v 0.111988 0.225793 0.137654
v 0.112287 0.238666 0.137913
v 0.126450 0.251540 0.121304
v 0.126450 0.225793 0.121304
v 0.126787 0.238666 0.121520
v 0.149655 0.251540 0.081113
v 0.149655 0.225793 0.081113
v 0.150039 0.238666 0.081247
v 0.156583 0.251540 0.060413
v 0.156583 0.225793 0.060413
v 0.156985 0.238666 0.060494
v 0.160980 0.251540 0.038308
v 0.160980 0.225793 0.038308
v 0.161392 0.238666 0.038338
v 0.342844 0.240493 0.016851
v 0.342845 0.236828 0.016888
v 0.341980 0.238655 0.016430
v 0.339273 0.238666 -0.028439
v 0.315023 0.238666 -0.118940
v 0.295453 0.236828 -0.159980
v 0.295453 0.240505 -0.159980
v 0.295170 0.238666 -0.158802
v 0.270374 0.236817 -0.197723
v 0.270374 0.240516 -0.197723
v 0.269761 0.238666 -0.197253
v 0.203821 0.236817 -0.264277
v 0.203849 0.240505 -0.264254
v 0.202997 0.238655 -0.263895
v 0.166046 0.236817 -0.289375
v 0.165676 0.238585 -0.288734
v 0.124563 0.236817 -0.309832
v 0.124562 0.240493 -0.309830
v 0.124243 0.238643 -0.309061
v 0.081655 0.236817 -0.324522
v 0.081404 0.238585 -0.323819
v -0.011623 0.236828 -0.336807
v -0.011660 0.240516 -0.336807
v -0.012081 0.238678 -0.336003
v -0.056871 0.240504 -0.333727
v -0.057225 0.238736 -0.332904
v -0.102307 0.236828 -0.324689
v -0.101666 0.238597 -0.324064
v -0.146070 0.236817 -0.309832
v -0.146069 0.240493 -0.309831
v -0.145751 0.238643 -0.309061
v -0.186798 0.236817 -0.289879
v -0.186478 0.238585 -0.289205
v -0.261442 0.240505 -0.232608
v -0.261176 0.238736 -0.231779
v -0.291281 0.236840 -0.198406
v -0.290880 0.238600 -0.197566
v -0.316131 0.238659 -0.159945
v -0.337435 0.236840 -0.118465
v -0.337435 0.240493 -0.118465
v -0.336609 0.238666 -0.118123
v -0.351468 0.238666 -0.075256
v -0.363668 0.238659 0.018058
v -0.361326 0.236840 0.063005
v -0.360474 0.238593 0.062893
v -0.351702 0.238659 0.107772
v -0.337435 0.236840 0.152167
v -0.337435 0.240493 0.152167
v -0.336609 0.238666 0.151824
v -0.315895 0.238666 0.193997
v -0.291707 0.238666 0.230382
v -0.224637 0.238659 0.297571
v -0.187521 0.236828 0.323094
v -0.187503 0.238581 0.322147
v -0.146070 0.236817 0.343534
v -0.145764 0.238570 0.342795
v -0.102307 0.236828 0.358391
v -0.102065 0.238589 0.357628
v -0.056908 0.240493 0.367423
v -0.056382 0.238732 0.366656
v -0.010333 0.238674 0.369654
v 0.033693 0.238666 0.366929
v 0.125389 0.240505 0.343255
v 0.125460 0.238736 0.342388
v 0.166077 0.236828 0.323058
v 0.165646 0.238589 0.322383
v 0.204504 0.236817 0.297380
v 0.203701 0.238578 0.297026
v 0.239278 0.236817 0.266883
v 0.239277 0.240493 0.266882
v 0.238688 0.238643 0.266293
v 0.269270 0.236817 0.232864
v 0.268717 0.238585 0.232363
v 0.316331 0.240516 0.151353
v 0.315620 0.238748 0.151124
v 0.330805 0.236828 0.108333
v 0.330786 0.240504 0.108405
v 0.329990 0.238666 0.108153
v 0.339820 0.236817 0.063005
v 0.339086 0.238585 0.062908
v 0.331834 0.193859 -0.036605
v 0.334145 0.193859 -0.018924
v 0.327982 0.181661 -0.027321
v 0.329423 0.195423 -0.027102
v 0.312750 0.283473 -0.107827
v 0.305911 0.283473 -0.124295
v 0.304758 0.295672 -0.113994
v 0.306165 0.281910 -0.113905
v 0.305911 0.193859 -0.124295
v 0.312750 0.193859 -0.107827
v 0.304758 0.181661 -0.113994
v 0.306165 0.195423 -0.113905
v 0.170516 0.283473 -0.278683
v 0.154339 0.283473 -0.288024
v 0.159953 0.295672 -0.279032
v 0.160248 0.281910 -0.280291
v -0.065583 0.193859 -0.325647
v -0.047063 0.193859 -0.328084
v -0.055623 0.181661 -0.321912
v -0.056805 0.195423 -0.323465
v -0.091811 0.283473 -0.320430
v -0.109854 0.283473 -0.315596
v -0.099486 0.295672 -0.313189
v -0.100968 0.281910 -0.314681
v -0.262962 0.193859 -0.221614
v -0.250365 0.193859 -0.234235
v -0.252906 0.181661 -0.224506
v -0.255287 0.195423 -0.225584
v -0.306668 0.283118 -0.164811
v -0.316163 0.283473 -0.148279
v -0.307089 0.295672 -0.153889
v -0.309993 0.281910 -0.154290
v -0.316163 0.193859 -0.148279
v -0.306823 0.193859 -0.164456
v -0.307089 0.181661 -0.153889
v -0.309993 0.195423 -0.154290
v -0.348364 0.193859 -0.064496
v -0.343733 0.193859 -0.081715
v -0.341153 0.181661 -0.071659
v -0.344383 0.195423 -0.071266
v -0.357972 0.193859 0.026440
v -0.357988 0.193859 0.008608
v -0.352865 0.181661 0.017304
v -0.356112 0.195423 0.017830
v -0.356316 0.283118 0.052749
v -0.353779 0.283118 0.072031
v -0.349969 0.295672 0.061687
v -0.353167 0.281910 0.062763
v -0.292234 0.283118 0.220611
v -0.281123 0.283473 0.235046
v -0.282367 0.295672 0.224983
v -0.284976 0.281910 0.227390
v -0.281123 0.193859 0.235046
v -0.292234 0.194215 0.220611
v -0.282367 0.181661 0.224983
v -0.284976 0.195423 0.227390
v -0.214829 0.193859 0.298026
v -0.228985 0.193859 0.287184
v -0.218919 0.181661 0.288432
v -0.221433 0.195423 0.290934
v -0.192949 0.283118 0.312728
v -0.176106 0.283118 0.322454
v -0.181945 0.295672 0.313153
v -0.183992 0.281910 0.315951
v -0.046688 0.194215 0.362379
v -0.065584 0.193859 0.359847
v -0.055623 0.181661 0.356035
v -0.056805 0.195423 0.359126
v 0.130356 0.193859 0.334050
v 0.113888 0.193859 0.340888
v 0.120058 0.181661 0.332812
v 0.119863 0.195423 0.335867
v 0.154339 0.283473 0.322223
v 0.170583 0.283263 0.313070
v 0.160401 0.295462 0.313083
v 0.160248 0.281910 0.315951
v 0.192896 0.283263 0.298161
v 0.207571 0.283473 0.286656
v 0.196902 0.295461 0.288696
v 0.197688 0.281910 0.290935
v 0.313060 0.193859 0.141237
v 0.306251 0.193859 0.157716
v 0.304944 0.181661 0.147662
v 0.306165 0.195423 0.149565
v 0.337994 0.225622 -0.038486
v 0.340555 0.225622 -0.018579
v 0.333391 0.225622 -0.027490
v 0.341608 0.247083 -0.019708
v 0.339285 0.247083 -0.037780
v 0.340381 0.254217 -0.028945
v 0.335797 0.245250 -0.027941
v 0.311302 0.225622 -0.127752
v 0.319038 0.225622 -0.109232
v 0.309849 0.225622 -0.115348
v 0.319038 0.251711 -0.109232
v 0.311302 0.251711 -0.127752
v 0.309849 0.251711 -0.115348
v 0.174648 0.251711 -0.283576
v 0.156482 0.251711 -0.294064
v 0.162159 0.251711 -0.283756
v 0.089902 0.247082 -0.322790
v 0.072316 0.247083 -0.327560
v 0.080950 0.254217 -0.325177
v 0.078888 0.245250 -0.320890
v -0.067590 0.225622 -0.331760
v -0.046793 0.225622 -0.334498
v -0.057531 0.225622 -0.327455
v -0.092385 0.251711 -0.326828
v -0.112647 0.251711 -0.321399
v -0.102231 0.251711 -0.318563
v -0.180005 0.247082 -0.294616
v -0.195813 0.247083 -0.285553
v -0.187991 0.254217 -0.289957
v -0.187206 0.245250 -0.285858
v -0.268306 0.225622 -0.225260
v -0.254157 0.225622 -0.239494
v -0.258425 0.225622 -0.228385
v -0.286434 0.247082 -0.206228
v -0.297684 0.247083 -0.191636
v -0.292046 0.254217 -0.198808
v -0.290076 0.245250 -0.195643
v -0.322278 0.225622 -0.150425
v -0.311790 0.225622 -0.168591
v -0.313796 0.225622 -0.156224
v -0.311890 0.251355 -0.168564
v -0.322278 0.251711 -0.150425
v -0.313796 0.251711 -0.156224
v -0.354865 0.225622 -0.065062
v -0.349613 0.225622 -0.084433
v -0.348604 0.225622 -0.072191
v -0.350936 0.247082 -0.083841
v -0.355706 0.247083 -0.066254
v -0.353256 0.254217 -0.074884
v -0.350592 0.245250 -0.072929
v -0.364365 0.225622 0.027624
v -0.364425 0.225622 0.007553
v -0.360476 0.225622 0.017988
v -0.365536 0.247082 0.008416
v -0.365523 0.247083 0.025996
v -0.365406 0.254217 0.017131
v -0.362541 0.245250 0.017830
v -0.362775 0.251355 0.052933
v -0.360056 0.251355 0.073584
v -0.357495 0.251711 0.063467
v -0.350936 0.230250 0.118048
v -0.355871 0.230250 0.099630
v -0.353303 0.223116 0.108790
v -0.350592 0.232082 0.108590
v -0.355746 0.247082 0.100261
v -0.350936 0.247083 0.118048
v -0.353267 0.254217 0.108970
v -0.350592 0.245250 0.108590
v -0.313585 0.230250 0.202045
v -0.322762 0.230250 0.186066
v -0.318003 0.223116 0.194105
v -0.315560 0.232082 0.193164
v -0.322762 0.247082 0.186066
v -0.313585 0.247083 0.202045
v -0.318003 0.254217 0.194105
v -0.315560 0.245250 0.193164
v -0.285574 0.225622 0.239841
v -0.297758 0.225978 0.223985
v -0.288476 0.225622 0.230095
v -0.297758 0.251355 0.223985
v -0.285574 0.251711 0.239841
v -0.288476 0.251711 0.230095
v -0.217825 0.225622 0.303802
v -0.233784 0.225622 0.291631
v -0.224160 0.225622 0.294411
v -0.233737 0.247082 0.293054
v -0.219782 0.247083 0.303745
v -0.226705 0.254217 0.298272
v -0.225346 0.245250 0.296034
v -0.196778 0.251355 0.317947
v -0.178739 0.251355 0.328362
v -0.186264 0.251711 0.319732
v -0.154912 0.247083 0.341198
v -0.137918 0.246846 0.348243
v -0.146064 0.253980 0.344730
v -0.146067 0.245250 0.341806
v -0.111970 0.246846 0.357051
v -0.093569 0.247083 0.361932
v -0.103143 0.253980 0.359275
v -0.102632 0.245250 0.356550
v -0.046876 0.225978 0.368832
v -0.067590 0.225622 0.366031
v -0.057531 0.225622 0.363431
v -0.001538 0.230487 0.371590
v -0.019935 0.230250 0.371584
v -0.010394 0.223353 0.371473
v -0.011872 0.232082 0.368499
v -0.020576 0.247082 0.371542
v -0.001538 0.246846 0.371590
v -0.010578 0.253980 0.371461
v -0.011872 0.245250 0.368499
v 0.043842 0.230250 0.367431
v 0.025805 0.230487 0.369798
v 0.034588 0.223353 0.368533
v 0.033899 0.232082 0.365499
v 0.025804 0.246846 0.369798
v 0.043842 0.247083 0.367431
v 0.034588 0.253980 0.368533
v 0.033899 0.245250 0.365499
v 0.133809 0.225622 0.339516
v 0.115289 0.225622 0.347252
v 0.121284 0.225622 0.339890
v 0.156482 0.251711 0.328335
v 0.174076 0.251711 0.318229
v 0.162159 0.251711 0.319732
v 0.196240 0.251711 0.303419
v 0.212310 0.251711 0.291032
v 0.200054 0.251711 0.294411
v 0.264349 0.247082 0.240436
v 0.275485 0.247083 0.226014
v 0.270001 0.254217 0.233001
v 0.266332 0.245250 0.231304
v 0.319330 0.225622 0.142642
v 0.311704 0.225622 0.161208
v 0.309849 0.225622 0.151324
v 0.339119 0.247082 0.072819
v 0.341608 0.247083 0.053915
v 0.340334 0.254217 0.063327
v 0.335797 0.245250 0.063602
v 0.339561 0.236807 -0.019465
v 0.337244 0.236807 -0.037484
v 0.338146 0.238227 -0.028651
v 0.333438 0.236775 -0.027631
v 0.337244 0.240526 -0.037485
v 0.339561 0.240526 -0.019464
v 0.338146 0.239106 -0.028651
v 0.333438 0.240558 -0.027631
v 0.317877 0.236807 -0.109765
v 0.310873 0.236807 -0.126528
v 0.314230 0.238227 -0.117907
v 0.309906 0.236775 -0.115455
v 0.310873 0.240526 -0.126528
v 0.317877 0.240526 -0.109765
v 0.314230 0.239106 -0.117907
v 0.309906 0.240558 -0.115455
v 0.156913 0.240526 -0.292817
v 0.173379 0.240526 -0.283310
v 0.165053 0.239106 -0.287871
v 0.162273 0.240558 -0.283798
v 0.071807 0.240526 -0.325561
v 0.089343 0.240526 -0.320805
v 0.080366 0.239106 -0.323000
v 0.078272 0.240558 -0.318592
v -0.047611 0.236807 -0.333499
v -0.066462 0.236807 -0.331017
v -0.056967 0.238227 -0.332033
v -0.057333 0.236775 -0.327480
v -0.111427 0.240526 -0.320805
v -0.093061 0.240526 -0.325727
v -0.102141 0.239106 -0.323047
v -0.102016 0.240558 -0.318592
v -0.194759 0.240526 -0.283781
v -0.178997 0.240526 -0.292817
v -0.186864 0.239106 -0.288005
v -0.186017 0.240558 -0.283798
v -0.254126 0.236807 -0.238227
v -0.266932 0.236807 -0.225342
v -0.260173 0.238227 -0.231753
v -0.258150 0.236775 -0.228448
v -0.296367 0.240518 -0.189896
v -0.284814 0.240526 -0.204952
v -0.290593 0.239098 -0.196931
v -0.288189 0.240558 -0.194195
v -0.311456 0.236807 -0.167318
v -0.320963 0.236807 -0.150852
v -0.315949 0.238227 -0.158987
v -0.313500 0.236775 -0.156315
v -0.320963 0.240526 -0.150852
v -0.311475 0.240518 -0.167286
v -0.315713 0.239098 -0.159337
v -0.313500 0.240558 -0.156315
v -0.348951 0.236807 -0.083281
v -0.353707 0.236807 -0.065747
v -0.351078 0.238227 -0.074300
v -0.348294 0.236775 -0.072314
v -0.353707 0.240526 -0.065746
v -0.348951 0.240526 -0.083282
v -0.351078 0.239106 -0.074300
v -0.348294 0.240558 -0.072314
v -0.363474 0.236807 0.008443
v -0.363419 0.236807 0.026610
v -0.363140 0.238227 0.017314
v -0.360162 0.236775 0.017830
v -0.363419 0.240518 0.026574
v -0.363474 0.240526 0.008442
v -0.363110 0.239098 0.017735
v -0.360162 0.240558 0.017830
v -0.359169 0.240518 0.072487
v -0.361641 0.240518 0.053709
v -0.360053 0.239091 0.063025
v -0.357182 0.240558 0.063291
v -0.353873 0.236807 0.099122
v -0.348951 0.236807 0.117489
v -0.351126 0.238227 0.108207
v -0.348294 0.236775 0.107974
v -0.348951 0.240526 0.117489
v -0.353863 0.240518 0.099157
v -0.351206 0.239098 0.107792
v -0.348294 0.240558 0.107974
v -0.320963 0.236807 0.185058
v -0.311474 0.236814 0.201494
v -0.315713 0.238234 0.193481
v -0.313500 0.236775 0.191975
v -0.311474 0.240518 0.201494
v -0.320963 0.240526 0.185058
v -0.315713 0.239098 0.193481
v -0.313500 0.240558 0.191975
v -0.296367 0.236814 0.224104
v -0.285373 0.236807 0.238522
v -0.290753 0.238234 0.230893
v -0.288189 0.236775 0.229856
v -0.285373 0.240526 0.238522
v -0.296367 0.240518 0.224104
v -0.290753 0.239098 0.230893
v -0.288189 0.240558 0.229856
v -0.232460 0.236807 0.291435
v -0.218014 0.236807 0.302450
v -0.225180 0.238227 0.296585
v -0.223898 0.236775 0.294147
v -0.218042 0.240518 0.302428
v -0.232461 0.240526 0.291434
v -0.224828 0.239098 0.296818
v -0.223898 0.240558 0.294147
v -0.179030 0.240518 0.327006
v -0.195432 0.240518 0.317536
v -0.187035 0.239091 0.321964
v -0.186017 0.240558 0.319458
v -0.137141 0.240518 0.346282
v -0.154641 0.240518 0.339033
v -0.145733 0.239091 0.342331
v -0.145157 0.240558 0.339608
v -0.093061 0.240526 0.359934
v -0.111392 0.240518 0.355022
v -0.102540 0.239098 0.357054
v -0.102016 0.240558 0.354252
v -0.066462 0.236807 0.365225
v -0.047648 0.236814 0.367702
v -0.056545 0.238234 0.366203
v -0.057333 0.236775 0.363141
v -0.020513 0.236814 0.369481
v -0.001572 0.236814 0.369481
v -0.011006 0.238242 0.369130
v -0.011872 0.236775 0.366120
v -0.001572 0.240518 0.369481
v -0.020550 0.240526 0.369480
v -0.010585 0.239098 0.369160
v -0.011872 0.240558 0.366120
v 0.025562 0.236814 0.367702
v 0.043547 0.236807 0.365390
v 0.034295 0.238234 0.366250
v 0.033589 0.236775 0.363141
v 0.043547 0.240526 0.365390
v 0.025562 0.240518 0.367702
v 0.034295 0.239098 0.366250
v 0.033589 0.240558 0.363141
v 0.115826 0.236807 0.346023
v 0.132589 0.236807 0.339019
v 0.123973 0.238227 0.342308
v 0.121413 0.236775 0.339608
v 0.173347 0.240518 0.317536
v 0.156913 0.240526 0.327024
v 0.165403 0.239098 0.321779
v 0.162273 0.240558 0.319458
v 0.211013 0.240526 0.290876
v 0.195958 0.240518 0.302428
v 0.202997 0.239098 0.296659
v 0.200153 0.240558 0.294147
v 0.273834 0.240526 0.224779
v 0.262729 0.240526 0.239160
v 0.268213 0.239106 0.231629
v 0.264445 0.240558 0.229856
v 0.311248 0.236807 0.159975
v 0.318149 0.236807 0.143169
v 0.314415 0.238227 0.151605
v 0.309906 0.236775 0.151115
v 0.339561 0.240526 0.053672
v 0.337079 0.240526 0.072524
v 0.338099 0.239106 0.063033
v 0.333438 0.240558 0.063291
v 0.324768 0.286762 -0.061158
v 0.319182 0.286802 -0.083000
v 0.321099 0.286053 -0.072082
v 0.288986 0.320314 -0.074689
v 0.294192 0.320630 -0.054208
v 0.291091 0.318829 -0.064128
v 0.245102 0.333310 -0.061508
v 0.249871 0.333310 -0.043708
v 0.247508 0.331231 -0.052620
v 0.201092 0.320630 -0.048656
v 0.205225 0.320630 -0.033232
v 0.203777 0.318829 -0.041117
v 0.168230 0.287119 -0.039060
v 0.171864 0.287119 -0.025499
v 0.171222 0.286055 -0.032598
v 0.171864 0.190214 -0.025499
v 0.168230 0.190214 -0.039060
v 0.171222 0.191278 -0.032598
v 0.201092 0.156703 -0.048656
v 0.205225 0.156703 -0.033232
v 0.203777 0.158503 -0.041117
v 0.245102 0.144023 -0.061508
v 0.249871 0.144023 -0.043708
v 0.247508 0.146102 -0.052620
v 0.288986 0.157019 -0.074689
v 0.294551 0.157019 -0.053920
v 0.291091 0.158503 -0.064128
v 0.319182 0.190531 -0.083000
v 0.324899 0.190531 -0.061667
v 0.321099 0.191280 -0.072082
v 0.240530 0.287117 -0.218693
v 0.224788 0.287117 -0.234435
v 0.232183 0.286053 -0.226088
v 0.203204 0.320630 -0.211803
v 0.217885 0.320630 -0.197123
v 0.210242 0.318829 -0.204161
v 0.171857 0.333310 -0.178833
v 0.184887 0.333310 -0.165802
v 0.178390 0.331230 -0.172336
v 0.140342 0.320630 -0.145612
v 0.151633 0.320630 -0.134322
v 0.146442 0.318829 -0.140423
v 0.116848 0.287119 -0.120788
v 0.126776 0.287119 -0.110861
v 0.122673 0.286055 -0.116687
v 0.126776 0.190214 -0.110861
v 0.116848 0.190214 -0.120788
v 0.122673 0.191278 -0.116687
v 0.140342 0.156703 -0.145612
v 0.151633 0.156703 -0.134322
v 0.146442 0.158503 -0.140423
v 0.171857 0.144023 -0.178833
v 0.184887 0.144023 -0.165802
v 0.178390 0.146102 -0.172336
v 0.203204 0.156703 -0.211803
v 0.217885 0.156703 -0.197123
v 0.210242 0.158503 -0.204161
v 0.224788 0.190215 -0.234435
v 0.240530 0.190215 -0.218693
v 0.232183 0.191280 -0.226088
v 0.045599 0.286762 -0.322980
v 0.023155 0.287117 -0.325890
v 0.034103 0.286053 -0.323770
v 0.019894 0.320630 -0.294761
v 0.040478 0.320630 -0.292051
v 0.030133 0.318829 -0.292981
v 0.015269 0.333310 -0.249449
v 0.033539 0.333310 -0.247044
v 0.024413 0.331230 -0.248269
v 0.010710 0.320630 -0.203817
v 0.026542 0.320630 -0.201733
v 0.018716 0.318829 -0.203411
v 0.007397 0.287119 -0.169732
v 0.021317 0.287119 -0.167899
v 0.014520 0.286055 -0.170022
v 0.021317 0.190214 -0.167899
v 0.007397 0.190214 -0.169732
v 0.014520 0.191278 -0.170022
v 0.010710 0.156703 -0.203817
v 0.026542 0.156703 -0.201733
v 0.018716 0.158503 -0.203411
v 0.015269 0.144023 -0.249449
v 0.033539 0.144023 -0.247044
v 0.024413 0.146102 -0.248269
v 0.019894 0.156703 -0.294761
v 0.040478 0.156703 -0.292051
v 0.030133 0.158503 -0.292981
v 0.023155 0.190215 -0.325890
v 0.045227 0.190215 -0.322985
v 0.034103 0.191280 -0.323770
v -0.211187 0.286762 -0.263288
v -0.229115 0.287117 -0.249475
v -0.219873 0.286053 -0.255718
v -0.209305 0.320630 -0.225122
v -0.192834 0.320630 -0.237761
v -0.200801 0.318829 -0.231102
v -0.180324 0.333310 -0.189739
v -0.165704 0.333310 -0.200958
v -0.173015 0.331230 -0.195369
v -0.151010 0.320630 -0.154158
v -0.138342 0.320630 -0.163878
v -0.145053 0.318829 -0.159529
v -0.128990 0.287119 -0.127625
v -0.117851 0.287119 -0.136171
v -0.124154 0.286055 -0.132865
v -0.117851 0.190214 -0.136171
v -0.128990 0.190214 -0.127625
v -0.124154 0.191278 -0.132865
v -0.151010 0.156703 -0.154158
v -0.138342 0.156703 -0.163878
v -0.145053 0.158503 -0.159529
v -0.180324 0.144023 -0.189739
v -0.165704 0.144023 -0.200958
v -0.173015 0.146102 -0.195368
v -0.209766 0.157019 -0.225112
v -0.192834 0.156703 -0.237761
v -0.200801 0.158503 -0.231102
v -0.229230 0.190531 -0.249768
v -0.211453 0.190215 -0.263027
v -0.219873 0.191280 -0.255718
v -0.350552 0.286762 -0.039504
v -0.353555 0.286762 -0.016699
v -0.351341 0.286053 -0.028009
v -0.322131 0.320630 -0.013812
v -0.319421 0.320630 -0.034396
v -0.320341 0.318829 -0.024052
v -0.276407 0.333310 -0.009214
v -0.274002 0.333310 -0.027484
v -0.275211 0.331230 -0.018360
v -0.230249 0.320630 -0.004690
v -0.228165 0.320630 -0.020521
v -0.229826 0.318829 -0.012697
v -0.195656 0.287119 -0.001410
v -0.193823 0.287119 -0.015330
v -0.195937 0.286055 -0.008533
v -0.193823 0.190214 -0.015330
v -0.195656 0.190214 -0.001410
v -0.195937 0.191278 -0.008533
v -0.230249 0.156703 -0.004690
v -0.228165 0.156703 -0.020521
v -0.229826 0.158503 -0.012697
v -0.276407 0.144023 -0.009214
v -0.274002 0.144023 -0.027484
v -0.275211 0.146102 -0.018360
v -0.322451 0.157019 -0.013480
v -0.319644 0.157019 -0.034797
v -0.320341 0.158503 -0.024052
v -0.353753 0.190531 -0.017185
v -0.350870 0.190531 -0.039083
v -0.351341 0.191280 -0.028009
v -0.262160 0.286802 0.252638
v -0.246035 0.286762 0.268395
v -0.253659 0.286053 0.259754
v -0.224492 0.320630 0.245255
v -0.239629 0.320314 0.230507
v -0.231522 0.318829 0.237603
v -0.192761 0.333310 0.211846
v -0.205791 0.333310 0.198815
v -0.199278 0.331230 0.205332
v -0.160754 0.320630 0.178065
v -0.172045 0.320630 0.166774
v -0.166839 0.318829 0.172858
v -0.136785 0.287119 0.152700
v -0.146713 0.287119 0.142772
v -0.142601 0.286055 0.148588
v -0.146712 0.190214 0.142772
v -0.136785 0.190214 0.152700
v -0.142601 0.191278 0.148588
v -0.160754 0.156703 0.178065
v -0.172045 0.156703 0.166774
v -0.166839 0.158503 0.172858
v -0.192761 0.144023 0.211846
v -0.205791 0.144023 0.198815
v -0.199278 0.146102 0.205332
v -0.224425 0.157019 0.245711
v -0.239629 0.157019 0.230507
v -0.231522 0.158503 0.237603
v -0.246543 0.190531 0.268255
v -0.262160 0.190531 0.252638
v -0.253659 0.191280 0.259754
v 0.067253 0.286762 0.352340
v 0.089103 0.287117 0.346440
v 0.078177 0.286053 0.348669
v 0.080344 0.320630 0.316188
v 0.060290 0.320630 0.321562
v 0.070209 0.318829 0.318451
v 0.067562 0.333310 0.272060
v 0.049763 0.333310 0.276830
v 0.058674 0.331230 0.274450
v 0.054676 0.320630 0.227524
v 0.039253 0.320630 0.231657
v 0.047136 0.318829 0.230192
v 0.045047 0.287119 0.194154
v 0.031486 0.287119 0.197788
v 0.038585 0.286055 0.197136
v 0.031486 0.190214 0.197788
v 0.045047 0.190214 0.194154
v 0.038585 0.191278 0.197136
v 0.054676 0.156703 0.227524
v 0.039253 0.156703 0.231657
v 0.047136 0.158503 0.230192
v 0.067562 0.144023 0.272060
v 0.049763 0.144023 0.276830
v 0.058674 0.146102 0.274450
v 0.080771 0.157019 0.316358
v 0.060290 0.156703 0.321562
v 0.070209 0.158503 0.318451
v 0.089095 0.190531 0.346756
v 0.067253 0.190571 0.352340
v 0.078177 0.191280 0.348669
v 0.281649 0.286762 0.198924
v 0.292927 0.287117 0.179302
v 0.286779 0.286053 0.188604
v 0.265446 0.320630 0.164140
v 0.255065 0.320630 0.182120
v 0.259885 0.318829 0.172908
v 0.225416 0.333310 0.142046
v 0.216203 0.333310 0.158005
v 0.220829 0.331230 0.150023
v 0.185083 0.320630 0.119758
v 0.177099 0.320630 0.133586
v 0.181647 0.318829 0.126979
v 0.154939 0.287119 0.103059
v 0.147919 0.287119 0.115218
v 0.152483 0.286055 0.109739
v 0.147919 0.190214 0.115218
v 0.154939 0.190214 0.103059
v 0.152483 0.191278 0.109739
v 0.185083 0.156703 0.119758
v 0.177099 0.156703 0.133586
v 0.181647 0.158503 0.126979
v 0.225416 0.144023 0.142046
v 0.216203 0.144023 0.158005
v 0.220829 0.146102 0.150023
v 0.265867 0.157019 0.163957
v 0.255065 0.156703 0.182120
v 0.259885 0.158503 0.172908
v 0.293144 0.190531 0.179531
v 0.281796 0.190215 0.198582
v 0.286779 0.191280 0.188604
v 0.329016 0.225717 -0.085246
v 0.334544 0.225717 -0.064615
v 0.330956 0.226002 -0.074710
v 0.334727 0.251260 -0.064045
v 0.329016 0.251616 -0.085246
v 0.330956 0.251331 -0.074710
v 0.231929 0.225717 -0.241906
v 0.248003 0.225717 -0.225832
v 0.239395 0.226001 -0.233298
v 0.248003 0.251616 -0.225832
v 0.231929 0.251616 -0.241906
v 0.239395 0.251331 -0.233298
v 0.024258 0.225717 -0.336171
v 0.046796 0.225717 -0.333204
v 0.035422 0.226001 -0.333887
v 0.046718 0.251260 -0.333289
v 0.024258 0.251616 -0.336171
v 0.035422 0.251331 -0.333887
v -0.235103 0.225717 -0.257984
v -0.217586 0.225717 -0.271369
v -0.226112 0.226002 -0.263809
v -0.217701 0.251260 -0.271374
v -0.235621 0.251616 -0.257530
v -0.226112 0.251331 -0.263809
v -0.363730 0.225717 -0.018848
v -0.360943 0.225717 -0.040024
v -0.361491 0.226002 -0.029325
v -0.360894 0.251260 -0.040621
v -0.363838 0.251260 -0.018258
v -0.361491 0.251331 -0.029325
v -0.253954 0.225717 0.275154
v -0.269057 0.225717 0.260052
v -0.260903 0.226002 0.267000
v -0.269057 0.251616 0.260051
v -0.253552 0.251260 0.275598
v -0.260903 0.251331 0.267000
v 0.091343 0.225717 0.356620
v 0.070142 0.226072 0.362332
v 0.080807 0.226002 0.358561
v 0.070142 0.251260 0.362332
v 0.091995 0.251616 0.356399
v 0.080807 0.251331 0.358561
v 0.301693 0.225717 0.184911
v 0.290631 0.225717 0.203980
v 0.295615 0.226002 0.193733
v 0.290740 0.251260 0.203941
v 0.301997 0.251616 0.184293
v 0.295615 0.251331 0.193733
v 0.158731 0.251446 -0.022502
v 0.155306 0.251446 -0.035285
v 0.158484 0.251165 -0.029287
v 0.155306 0.225887 -0.035285
v 0.158731 0.225887 -0.022502
v 0.158484 0.226167 -0.029287
v 0.155713 0.238666 -0.035403
v 0.159134 0.238666 -0.022635
v 0.158891 0.238666 -0.029412
v 0.116986 0.251446 -0.101658
v 0.107628 0.251446 -0.111016
v 0.113380 0.251165 -0.107410
v 0.107628 0.225887 -0.111016
v 0.116986 0.225887 -0.101658
v 0.113380 0.226167 -0.107410
v 0.107935 0.238666 -0.111314
v 0.117282 0.238666 -0.101967
v 0.113683 0.238666 -0.107715
v 0.019261 0.251446 -0.154593
v 0.006141 0.251446 -0.156321
v 0.012900 0.251165 -0.156961
v 0.006141 0.225887 -0.156321
v 0.019261 0.225887 -0.154593
v 0.012900 0.226167 -0.156961
v 0.006220 0.238666 -0.156737
v 0.019325 0.238666 -0.155012
v 0.012970 0.238666 -0.157381
v -0.109764 0.251446 -0.125264
v -0.120263 0.251446 -0.117208
v -0.115935 0.251165 -0.122440
v -0.120263 0.225887 -0.117208
v -0.109764 0.225887 -0.125264
v -0.115935 0.226167 -0.122440
v -0.120481 0.238666 -0.117551
v -0.109994 0.238666 -0.125598
v -0.116162 0.238666 -0.122780
v -0.180259 0.251446 -0.013291
v -0.181987 0.251446 -0.000170
v -0.182625 0.251165 -0.006930
v -0.181987 0.225887 -0.000170
v -0.180259 0.225887 -0.013291
v -0.182625 0.226167 -0.006930
v -0.182362 0.238666 -0.000252
v -0.180637 0.238666 -0.013357
v -0.183006 0.238666 -0.007003
v -0.136682 0.251446 0.133294
v -0.127324 0.251446 0.142652
v -0.133074 0.251165 0.139044
v -0.127324 0.225887 0.142652
v -0.136682 0.225887 0.133294
v -0.133074 0.226167 0.139044
v -0.127593 0.238666 0.142907
v -0.136939 0.238666 0.133560
v -0.133340 0.238666 0.139307
v 0.028472 0.251446 0.184397
v 0.041255 0.251446 0.180972
v 0.035257 0.251165 0.184148
v 0.041255 0.225887 0.180972
v 0.028472 0.225887 0.184397
v 0.035257 0.226167 0.184148
v 0.041370 0.238666 0.181338
v 0.028602 0.238666 0.184759
v 0.035379 0.238666 0.184516
v 0.136452 0.251446 0.107925
v 0.143069 0.251446 0.096464
v 0.141074 0.251165 0.102952
v 0.143069 0.225887 0.096464
v 0.136452 0.225887 0.107925
v 0.141074 0.226167 0.102952
v 0.143430 0.238666 0.096649
v 0.136821 0.238666 0.108096
v 0.141441 0.238666 0.103132
v 0.333515 0.236842 -0.063756
v 0.327695 0.236842 -0.085476
v 0.329845 0.236871 -0.074412
v 0.327695 0.240491 -0.085476
v 0.333515 0.240491 -0.063756
v 0.329845 0.240462 -0.074412
v 0.332925 0.238666 -0.062768
v 0.326691 0.238666 -0.086037
v 0.329118 0.238666 -0.074217
v 0.247155 0.236830 -0.225020
v 0.231117 0.236830 -0.241058
v 0.238582 0.236871 -0.232485
v 0.231117 0.240502 -0.241058
v 0.247155 0.240502 -0.225020
v 0.238582 0.240462 -0.232485
v 0.246599 0.238666 -0.224489
v 0.230586 0.238666 -0.240502
v 0.238050 0.238666 -0.231953
v 0.046617 0.236830 -0.332043
v 0.024131 0.236830 -0.335003
v 0.035272 0.236871 -0.332746
v 0.024131 0.240502 -0.335003
v 0.046521 0.240491 -0.332059
v 0.035272 0.240462 -0.332746
v 0.046854 0.238655 -0.331210
v 0.024047 0.238666 -0.334239
v 0.035173 0.238666 -0.332000
v -0.216892 0.236830 -0.270422
v -0.234810 0.236842 -0.256676
v -0.225412 0.236871 -0.262897
v -0.234885 0.240503 -0.256615
v -0.216971 0.240491 -0.270365
v -0.225412 0.240462 -0.262897
v -0.216135 0.238655 -0.270000
v -0.234674 0.238678 -0.255774
v -0.224953 0.238666 -0.262299
v -0.359664 0.236842 -0.040424
v -0.362599 0.236842 -0.018130
v -0.360351 0.236871 -0.029174
v -0.362599 0.240491 -0.018131
v -0.359664 0.240491 -0.040424
v -0.360351 0.240462 -0.029174
v -0.358741 0.238666 -0.041111
v -0.361885 0.238666 -0.017228
v -0.359605 0.238666 -0.029076
v -0.268596 0.236842 0.258793
v -0.252696 0.236842 0.274693
v -0.260090 0.236871 0.266187
v -0.252696 0.240491 0.274693
v -0.268596 0.240491 0.258793
v -0.260090 0.240462 0.266187
v -0.268579 0.238666 0.257642
v -0.251545 0.238666 0.274676
v -0.259557 0.238666 0.265654
v 0.069853 0.236842 0.361120
v 0.091573 0.236842 0.355300
v 0.080509 0.236871 0.357450
v 0.091666 0.240503 0.355272
v 0.069853 0.240491 0.361120
v 0.080509 0.240462 0.357450
v 0.068865 0.238666 0.360530
v 0.091792 0.238678 0.354414
v 0.080315 0.238666 0.356723
v 0.289627 0.236830 0.203371
v 0.300922 0.236842 0.183815
v 0.294619 0.236871 0.193158
v 0.300968 0.240503 0.183729
v 0.289679 0.240491 0.203288
v 0.294619 0.240462 0.193158
v 0.288767 0.238655 0.203271
v 0.300451 0.238678 0.183033
v 0.293967 0.238666 0.192782
v 0.333250 0.286660 -0.006458
v 0.321149 0.306119 0.016806
v 0.318337 0.306157 -0.025602
v 0.302641 0.321230 -0.003675
v 0.281442 0.330735 0.016648
v 0.278876 0.330735 -0.020560
v 0.256841 0.334003 -0.000887
v 0.233331 0.330735 0.016383
v 0.231297 0.330735 -0.014591
v 0.210291 0.321230 0.001881
v 0.191151 0.306208 0.016085
v 0.189559 0.306208 -0.009425
v 0.175685 0.287474 0.003882
v 0.175685 0.189859 0.003882
v 0.191151 0.171125 0.016085
v 0.189559 0.171125 -0.009425
v 0.210291 0.156103 0.001881
v 0.233331 0.146598 0.016383
v 0.231297 0.146598 -0.014591
v 0.256841 0.143330 -0.000887
v 0.281474 0.146637 0.016594
v 0.278933 0.146648 -0.020575
v 0.303227 0.156796 -0.004599
v 0.321726 0.171836 0.015927
v 0.258756 0.330684 -0.095876
v 0.214410 0.330735 -0.077615
v 0.175568 0.306208 -0.061643
v 0.175568 0.171125 -0.061643
v 0.214410 0.146598 -0.077615
v 0.258756 0.146648 -0.095876
v 0.277624 0.305497 -0.148648
v 0.271846 0.320537 -0.121714
v 0.242370 0.330696 -0.129328
v 0.229734 0.334003 -0.102052
v 0.200684 0.330735 -0.105454
v 0.187925 0.321230 -0.081588
v 0.164191 0.306208 -0.084531
v 0.156850 0.287474 -0.066412
v 0.156850 0.189859 -0.066412
v 0.164191 0.171125 -0.084531
v 0.187925 0.156103 -0.081588
v 0.200684 0.146598 -0.105454
v 0.229734 0.143330 -0.102052
v 0.242370 0.146637 -0.129328
v 0.271846 0.156796 -0.121714
v 0.277624 0.171836 -0.148648
v 0.275895 0.287433 -0.174552
v 0.253042 0.306207 -0.184429
v 0.250512 0.321191 -0.157559
v 0.221495 0.330735 -0.160300
v 0.212323 0.334003 -0.132208
v 0.183437 0.330735 -0.131261
v 0.173573 0.321230 -0.106448
v 0.150057 0.306208 -0.105828
v 0.144774 0.287474 -0.087328
v 0.144774 0.189859 -0.087328
v 0.150057 0.171125 -0.105828
v 0.173573 0.156103 -0.106448
v 0.183437 0.146598 -0.131261
v 0.212323 0.143330 -0.132208
v 0.221495 0.146598 -0.160300
v 0.250512 0.156142 -0.157559
v 0.253042 0.171125 -0.184429
v 0.275895 0.189900 -0.174552
v 0.190178 0.305497 -0.247952
v 0.166348 0.330696 -0.215482
v 0.137301 0.330735 -0.177397
v 0.111831 0.306208 -0.144054
v 0.111831 0.171125 -0.144054
v 0.137301 0.146598 -0.177397
v 0.166371 0.146598 -0.215424
v 0.190521 0.171125 -0.246950
v 0.163301 0.320537 -0.245397
v 0.135462 0.330684 -0.236297
v 0.138265 0.334003 -0.206266
v 0.111493 0.330735 -0.194645
v 0.112469 0.321230 -0.167551
v 0.090534 0.306208 -0.158187
v 0.093316 0.287474 -0.138786
v 0.093316 0.189859 -0.138786
v 0.090534 0.171125 -0.158187
v 0.112469 0.156103 -0.167551
v 0.111493 0.146598 -0.194645
v 0.138265 0.143330 -0.206266
v 0.135433 0.146598 -0.236247
v 0.163673 0.156103 -0.244374
v 0.155212 0.171125 -0.270587
v 0.180626 0.189861 -0.269770
v 0.117271 0.305453 -0.290015
v 0.129289 0.320537 -0.265060
v 0.101238 0.330696 -0.253150
v 0.108017 0.334003 -0.223737
v 0.082907 0.330735 -0.208742
v 0.087517 0.321230 -0.181942
v 0.066926 0.306208 -0.169830
v 0.072311 0.287474 -0.150893
v 0.072311 0.189859 -0.150893
v 0.066926 0.171125 -0.169830
v 0.087517 0.156103 -0.181942
v 0.082907 0.146598 -0.208742
v 0.108017 0.143330 -0.223737
v 0.101176 0.146598 -0.253141
v 0.128217 0.156103 -0.264871
v 0.116281 0.171125 -0.289786
v 0.141679 0.189861 -0.292242
v 0.099335 0.286665 -0.309934
v 0.076033 0.306157 -0.303426
v 0.090434 0.321191 -0.280531
v 0.065823 0.330735 -0.265008
v 0.075743 0.334003 -0.237099
v 0.053514 0.330735 -0.218717
v 0.060910 0.321230 -0.192977
v 0.042749 0.306208 -0.178122
v 0.049920 0.287474 -0.160187
v 0.049920 0.189859 -0.160187
v 0.042749 0.171125 -0.178122
v 0.060910 0.156103 -0.192977
v 0.053514 0.146598 -0.218717
v 0.075743 0.143330 -0.237099
v 0.065823 0.146598 -0.265008
v 0.090372 0.156103 -0.280522
v 0.076036 0.171125 -0.303408
v 0.100142 0.189861 -0.309460
v -0.011626 0.306207 -0.314949
v -0.011467 0.330735 -0.275184
v -0.011174 0.330735 -0.227233
v -0.010848 0.306208 -0.185178
v -0.010848 0.171125 -0.185178
v -0.011174 0.146598 -0.227233
v -0.011521 0.146637 -0.275216
v -0.012509 0.171836 -0.315536
v -0.033396 0.287433 -0.327077
v -0.054982 0.305497 -0.312674
v -0.031367 0.321191 -0.296567
v -0.048749 0.330696 -0.272896
v -0.028095 0.334003 -0.250770
v -0.042149 0.330735 -0.225206
v -0.024764 0.321230 -0.204257
v -0.036349 0.306208 -0.183426
v -0.022230 0.287474 -0.169686
v -0.022230 0.189859 -0.169686
v -0.036349 0.171125 -0.183426
v -0.024764 0.156103 -0.204257
v -0.042149 0.146598 -0.225206
v -0.028095 0.143330 -0.250770
v -0.048699 0.146648 -0.272929
v -0.032230 0.156796 -0.297128
v -0.072907 0.320537 -0.291681
v -0.086171 0.330684 -0.265480
v -0.062729 0.334003 -0.246216
v -0.073411 0.330735 -0.218988
v -0.053321 0.321230 -0.200484
v -0.062165 0.306208 -0.178291
v -0.046264 0.287474 -0.166504
v -0.046264 0.189859 -0.166504
v -0.062165 0.171125 -0.178291
v -0.053321 0.156103 -0.200484
v -0.073411 0.146598 -0.218988
v -0.062729 0.143330 -0.246216
v -0.086113 0.146637 -0.265469
v -0.071185 0.156796 -0.292023
v -0.095908 0.171836 -0.304538
v -0.137172 0.305453 -0.290649
v -0.110969 0.320537 -0.281482
v -0.122288 0.330696 -0.253192
v -0.096576 0.334003 -0.237147
v -0.103594 0.330735 -0.208742
v -0.081239 0.321230 -0.193003
v -0.087091 0.306208 -0.169830
v -0.069770 0.287474 -0.160206
v -0.069770 0.189859 -0.160206
v -0.087091 0.171125 -0.169830
v -0.081239 0.156103 -0.193003
v -0.103594 0.146598 -0.208742
v -0.096576 0.143330 -0.237147
v -0.122325 0.146598 -0.253142
v -0.111547 0.156142 -0.280635
v -0.137707 0.171125 -0.289786
v -0.121529 0.189900 -0.309527
v -0.163968 0.286665 -0.292061
v -0.175810 0.306157 -0.270970
v -0.149381 0.321191 -0.264945
v -0.155710 0.330735 -0.236534
v -0.128846 0.334003 -0.223774
v -0.131428 0.330735 -0.195011
v -0.107856 0.321230 -0.181992
v -0.110050 0.306208 -0.158597
v -0.092175 0.287474 -0.150944
v -0.092175 0.189859 -0.150944
v -0.110050 0.171125 -0.158597
v -0.107856 0.156103 -0.181992
v -0.131428 0.146598 -0.195011
v -0.128846 0.143330 -0.223774
v -0.155710 0.146598 -0.236534
v -0.149418 0.156103 -0.264895
v -0.175795 0.171125 -0.270960
v -0.163063 0.189861 -0.292296
v -0.245984 0.306163 -0.217100
v -0.217558 0.330735 -0.189077
v -0.183192 0.330735 -0.155291
v -0.152939 0.306208 -0.125688
v -0.152939 0.171125 -0.125688
v -0.183192 0.146598 -0.155291
v -0.217594 0.146648 -0.189123
v -0.270662 0.286665 -0.209743
v -0.275011 0.305447 -0.184875
v -0.246846 0.321191 -0.190157
v -0.242307 0.330696 -0.161098
v -0.211937 0.334003 -0.160016
v -0.203663 0.330735 -0.131956
v -0.176412 0.321230 -0.129387
v -0.169731 0.306208 -0.106417
v -0.149909 0.287474 -0.106643
v -0.149909 0.189859 -0.106643
v -0.169731 0.171125 -0.106417
v -0.176412 0.156103 -0.129387
v -0.203663 0.146598 -0.131956
v -0.211937 0.143330 -0.160016
v -0.242300 0.146677 -0.161160
v -0.246751 0.156836 -0.191248
v -0.274928 0.172546 -0.185926
v -0.272766 0.320537 -0.157331
v -0.263524 0.330684 -0.129392
v -0.233207 0.334003 -0.132306
v -0.221372 0.330735 -0.105454
v -0.193937 0.321230 -0.106527
v -0.184355 0.306208 -0.084531
v -0.164654 0.287474 -0.087398
v -0.164654 0.189859 -0.087398
v -0.184355 0.171125 -0.084531
v -0.193937 0.156103 -0.106527
v -0.221372 0.146598 -0.105454
v -0.233207 0.143330 -0.132306
v -0.263524 0.146648 -0.129392
v -0.272759 0.156836 -0.157393
v -0.317538 0.305453 -0.111179
v -0.292469 0.320537 -0.123205
v -0.280373 0.330696 -0.095165
v -0.250727 0.334003 -0.101960
v -0.235469 0.330735 -0.076867
v -0.208389 0.321230 -0.081496
v -0.195998 0.306208 -0.060923
v -0.176821 0.287474 -0.066324
v -0.176821 0.189859 -0.066324
v -0.195997 0.171125 -0.060923
v -0.208389 0.156103 -0.081496
v -0.235469 0.146598 -0.076867
v -0.250727 0.143330 -0.101960
v -0.280424 0.146677 -0.095128
v -0.292520 0.156836 -0.123167
v -0.318397 0.172546 -0.110636
v -0.337514 0.286665 -0.093240
v -0.330940 0.306157 -0.069941
v -0.307934 0.321191 -0.084350
v -0.292224 0.330735 -0.059752
v -0.264089 0.334003 -0.069686
v -0.245440 0.330735 -0.047475
v -0.219424 0.321230 -0.054889
v -0.204289 0.306208 -0.036746
v -0.186115 0.287474 -0.043933
v -0.186115 0.189859 -0.043933
v -0.204289 0.171125 -0.036746
v -0.219424 0.156103 -0.054889
v -0.245440 0.146598 -0.047475
v -0.264089 0.143330 -0.069686
v -0.292282 0.146648 -0.059759
v -0.308834 0.156836 -0.083717
v -0.343070 0.305447 0.018599
v -0.302431 0.330696 0.017592
v -0.253956 0.330735 0.017214
v -0.211345 0.306208 0.016852
v -0.211345 0.171125 0.016852
v -0.253956 0.146598 0.017214
v -0.302458 0.146649 0.017531
v -0.324535 0.320537 0.038314
v -0.300152 0.330684 0.054772
v -0.277759 0.334003 0.034152
v -0.251933 0.330735 0.048189
v -0.230703 0.321230 0.030785
v -0.209594 0.306208 0.042352
v -0.195614 0.287474 0.028218
v -0.195614 0.189859 0.028218
v -0.209594 0.171125 0.042352
v -0.230703 0.156103 0.030785
v -0.251933 0.146598 0.048189
v -0.277759 0.143330 0.034152
v -0.300133 0.146637 0.054715
v -0.324650 0.156796 0.036555
v -0.340426 0.171880 0.059381
v -0.332078 0.305447 0.101998
v -0.319431 0.320537 0.077269
v -0.292692 0.330696 0.092185
v -0.273206 0.334003 0.068786
v -0.245715 0.330735 0.079451
v -0.226931 0.321230 0.059342
v -0.204459 0.306208 0.068168
v -0.192432 0.287474 0.052252
v -0.192432 0.189859 0.052252
v -0.204459 0.171125 0.068168
v -0.226931 0.156103 0.059342
v -0.245715 0.146598 0.079451
v -0.273206 0.143330 0.068786
v -0.292647 0.146598 0.092228
v -0.318663 0.156142 0.077953
v -0.331279 0.171176 0.102701
v -0.348749 0.190667 0.084998
v -0.337530 0.286621 0.126861
v -0.317319 0.306119 0.143805
v -0.308039 0.321191 0.117632
v -0.280369 0.330735 0.128399
v -0.264137 0.334003 0.102633
v -0.235469 0.330735 0.109633
v -0.219450 0.321230 0.087260
v -0.195998 0.306208 0.093094
v -0.186134 0.287474 0.075757
v -0.186134 0.189859 0.075757
v -0.195998 0.171125 0.093094
v -0.219450 0.156103 0.087260
v -0.235469 0.146598 0.109633
v -0.264137 0.143330 0.102633
v -0.280368 0.146598 0.128399
v -0.307994 0.156103 0.117675
v -0.317319 0.171214 0.143805
v -0.337494 0.190672 0.126854
v -0.319614 0.286621 0.170113
v -0.298189 0.305447 0.183804
v -0.292277 0.321191 0.155684
v -0.263471 0.330696 0.162718
v -0.250727 0.334003 0.135007
v -0.221372 0.330735 0.138220
v -0.208389 0.321230 0.113964
v -0.184355 0.306208 0.116702
v -0.176821 0.287474 0.098239
v -0.176821 0.189859 0.098239
v -0.184355 0.171125 0.116702
v -0.208389 0.156103 0.113964
v -0.221372 0.146598 0.138220
v -0.250727 0.143330 0.135007
v -0.263471 0.146637 0.162718
v -0.292277 0.156142 0.155684
v -0.298189 0.171886 0.183804
v -0.319614 0.190712 0.170113
v -0.271825 0.320537 0.192174
v -0.242681 0.330684 0.193629
v -0.233256 0.334003 0.165255
v -0.204121 0.330735 0.164024
v -0.193998 0.321230 0.138916
v -0.170222 0.306208 0.137998
v -0.164714 0.287474 0.119244
v -0.164714 0.189859 0.119244
v -0.170222 0.171125 0.137998
v -0.193998 0.156103 0.138916
v -0.204121 0.146598 0.164024
v -0.233256 0.143330 0.165255
v -0.242681 0.146648 0.193629
v -0.271825 0.156796 0.192174
v -0.211616 0.305447 0.281573
v -0.187492 0.330696 0.248769
v -0.157985 0.330735 0.210160
v -0.131995 0.306208 0.176225
v -0.131995 0.171125 0.176225
v -0.157985 0.146598 0.210160
v -0.187557 0.146648 0.248753
v -0.184624 0.320537 0.278888
v -0.156612 0.330684 0.269592
v -0.159198 0.334003 0.239313
v -0.132181 0.330735 0.227411
v -0.132894 0.321230 0.200019
v -0.110699 0.306208 0.190358
v -0.113256 0.287474 0.170702
v -0.113256 0.189859 0.170702
v -0.110699 0.171125 0.190358
v -0.132894 0.156103 0.200019
v -0.132181 0.146598 0.227411
v -0.159198 0.143330 0.239313
v -0.156646 0.146637 0.269543
v -0.186090 0.156796 0.277909
v -0.177699 0.171836 0.304270
v -0.138714 0.305417 0.323645
v -0.150612 0.320537 0.298554
v -0.122389 0.330696 0.286450
v -0.128950 0.334003 0.256784
v -0.103594 0.330735 0.241509
v -0.107942 0.321230 0.214410
v -0.087091 0.306208 0.202001
v -0.092252 0.287474 0.182809
v -0.092252 0.189859 0.182809
v -0.087091 0.171125 0.202001
v -0.107942 0.156103 0.214410
v -0.103594 0.146598 0.241509
v -0.128950 0.143330 0.256784
v -0.122327 0.146598 0.286441
v -0.149600 0.156142 0.298361
v -0.137710 0.171125 0.323401
v -0.163178 0.189900 0.325950
v -0.121615 0.286165 0.343444
v -0.096661 0.306127 0.337359
v -0.111653 0.321191 0.314088
v -0.086156 0.330735 0.298719
v -0.096576 0.334003 0.270194
v -0.073411 0.330735 0.251755
v -0.081239 0.321230 0.225471
v -0.062165 0.306208 0.210462
v -0.069770 0.287474 0.192121
v -0.069770 0.189859 0.192121
v -0.062165 0.171125 0.210462
v -0.081239 0.156103 0.225471
v -0.073411 0.146598 0.251755
v -0.096576 0.143330 0.270194
v -0.086113 0.146637 0.298764
v -0.111548 0.156142 0.314124
v -0.095908 0.171836 0.338153
v -0.121529 0.189900 0.343202
v -0.078894 0.286631 0.354810
v -0.054031 0.306119 0.345833
v -0.071918 0.321230 0.324709
v -0.048692 0.330735 0.306171
v -0.062729 0.334003 0.279264
v -0.042150 0.330735 0.257973
v -0.053321 0.321230 0.232952
v -0.036349 0.306208 0.215597
v -0.046264 0.287474 0.198419
v -0.046264 0.189859 0.198419
v -0.036349 0.171125 0.215597
v -0.053321 0.156103 0.232952
v -0.042150 0.146598 0.257973
v -0.062729 0.143330 0.279264
v -0.048700 0.146648 0.306229
v -0.071185 0.156796 0.325516
v -0.032386 0.286631 0.360933
v -0.010661 0.306127 0.348676
v -0.031196 0.321230 0.330069
v -0.010576 0.330735 0.308665
v -0.027987 0.334003 0.283837
v -0.010344 0.330735 0.260057
v -0.024664 0.321230 0.236725
v -0.010082 0.306208 0.217319
v -0.022138 0.287474 0.201596
v -0.022138 0.189859 0.201596
v -0.010082 0.171125 0.217319
v -0.024664 0.156103 0.236725
v -0.010344 0.146598 0.260057
v -0.027987 0.143330 0.283837
v -0.010630 0.146637 0.308697
v -0.032117 0.156796 0.330659
v -0.011549 0.171916 0.349266
v 0.011709 0.286204 0.360986
v 0.031641 0.306127 0.345860
v 0.009759 0.321230 0.330043
v 0.026632 0.330735 0.306091
v 0.006944 0.334003 0.283831
v 0.020631 0.330735 0.258020
v 0.004140 0.321230 0.236737
v 0.015428 0.306208 0.215727
v 0.002106 0.287474 0.201613
v 0.002106 0.189859 0.201613
v 0.015428 0.171125 0.215727
v 0.004140 0.156103 0.236737
v 0.020631 0.146598 0.258020
v 0.006944 0.143330 0.283831
v 0.026632 0.146598 0.306091
v 0.009705 0.156142 0.330076
v 0.031641 0.171205 0.345860
v 0.011706 0.191168 0.361022
v 0.118127 0.305497 0.323161
v 0.101995 0.330696 0.285924
v 0.083654 0.330735 0.241133
v 0.067646 0.306208 0.201735
v 0.067646 0.171125 0.201735
v 0.083654 0.146598 0.241133
v 0.101948 0.146648 0.285972
v 0.129436 0.320510 0.298464
v 0.135519 0.330658 0.269583
v 0.108109 0.334003 0.256724
v 0.111493 0.330735 0.227411
v 0.087609 0.321230 0.214372
v 0.090534 0.306208 0.190358
v 0.072399 0.287474 0.182778
v 0.072399 0.189859 0.182778
v 0.090534 0.171125 0.190358
v 0.087609 0.156103 0.214372
v 0.111493 0.146598 0.227411
v 0.108109 0.143330 0.256723
v 0.135404 0.146637 0.269596
v 0.127799 0.156796 0.299253
v 0.154743 0.171836 0.305150
v 0.164384 0.320080 0.278723
v 0.167202 0.330658 0.248419
v 0.138363 0.334003 0.239264
v 0.137996 0.330735 0.209703
v 0.112548 0.321230 0.199959
v 0.112420 0.306208 0.175734
v 0.093386 0.287474 0.170641
v 0.093386 0.189859 0.170641
v 0.112420 0.171125 0.175734
v 0.112548 0.156103 0.199959
v 0.137996 0.146598 0.209703
v 0.138363 0.143330 0.239264
v 0.167197 0.146598 0.248324
v 0.163757 0.156142 0.277878
v 0.191308 0.171125 0.280085
v 0.180739 0.189900 0.303408
v 0.223774 0.305453 0.252467
v 0.196108 0.320510 0.253935
v 0.195896 0.330696 0.223196
v 0.166163 0.334003 0.217932
v 0.161960 0.330735 0.188687
v 0.135479 0.321230 0.182363
v 0.132211 0.306208 0.158379
v 0.112692 0.287474 0.155827
v 0.112692 0.189859 0.155827
v 0.132211 0.171125 0.158379
v 0.135479 0.156103 0.182363
v 0.161960 0.146598 0.188687
v 0.166163 0.143330 0.217932
v 0.195912 0.146598 0.223135
v 0.196373 0.156103 0.252820
v 0.223941 0.171125 0.251461
v 0.216481 0.189861 0.275936
v 0.249031 0.286665 0.243585
v 0.251945 0.306157 0.219490
v 0.225300 0.321191 0.223903
v 0.220406 0.330735 0.195007
v 0.190860 0.334003 0.193227
v 0.182424 0.330735 0.165345
v 0.155856 0.321230 0.162004
v 0.149124 0.306208 0.139214
v 0.129847 0.287474 0.138697
v 0.129847 0.189859 0.138697
v 0.149124 0.171125 0.139214
v 0.155856 0.156103 0.162005
v 0.182424 0.146598 0.165345
v 0.190860 0.143330 0.193227
v 0.220406 0.146598 0.195007
v 0.225315 0.156103 0.223842
v 0.251928 0.171125 0.219486
v 0.248285 0.189861 0.244149
v 0.296137 0.306207 0.142914
v 0.259384 0.330735 0.127494
v 0.215047 0.330735 0.108840
v 0.176154 0.306208 0.092397
v 0.176154 0.171125 0.092397
v 0.215047 0.146598 0.108840
v 0.259435 0.146648 0.127524
v 0.315648 0.287428 0.127454
v 0.309850 0.306163 0.102644
v 0.286681 0.321230 0.117554
v 0.271492 0.330735 0.092226
v 0.243227 0.334003 0.102525
v 0.225028 0.330735 0.079451
v 0.199063 0.321230 0.087168
v 0.184294 0.306208 0.068168
v 0.166233 0.287474 0.075674
v 0.166233 0.189859 0.075674
v 0.184294 0.171125 0.068168
v 0.199063 0.156103 0.087168
v 0.225028 0.146598 0.079451
v 0.243227 0.143330 0.102525
v 0.271509 0.146637 0.092287
v 0.287008 0.156796 0.118602
v 0.310170 0.171836 0.103700
v 0.327584 0.286705 0.083210
v 0.318321 0.306157 0.060124
v 0.297304 0.321230 0.078002
v 0.278949 0.330735 0.054764
v 0.252273 0.334003 0.068786
v 0.231246 0.330735 0.048189
v 0.206505 0.321230 0.059342
v 0.189429 0.306208 0.042352
v 0.172491 0.287474 0.052252
v 0.172491 0.189859 0.052252
v 0.189429 0.171125 0.042352
v 0.206505 0.156103 0.059342
v 0.231246 0.146598 0.048189
v 0.252273 0.143330 0.068786
v 0.278949 0.146598 0.054764
v 0.297321 0.156142 0.078062
v 0.318304 0.171125 0.060121
v 0.327292 0.189900 0.084075
v 0.333240 0.286661 0.040238
v 0.302665 0.321230 0.037281
v 0.256847 0.334003 0.034044
v 0.210278 0.321230 0.030686
v 0.175668 0.287474 0.028125
v 0.175668 0.189859 0.028125
v 0.210278 0.156103 0.030686
v 0.256847 0.143330 0.034044
v 0.302697 0.156142 0.037227
v 0.333176 0.189900 0.039380
v 0.284272 0.225622 -0.180246
v 0.284272 0.251711 -0.180246
v 0.186266 0.225622 -0.278212
v 0.146161 0.225622 -0.301341
v 0.103398 0.225622 -0.319078
v -0.033986 0.251711 -0.337193
v -0.124878 0.225622 -0.319084
v -0.167574 0.225622 -0.301404
v -0.167597 0.225622 0.335091
v -0.124878 0.225622 0.352786
v 0.186428 0.225622 0.311801
v 0.223169 0.225622 0.283589
v 0.255921 0.225622 0.250868
v 0.325256 0.251666 0.130795
v 0.337237 0.225622 0.085983
v 0.343272 0.225622 0.040141
v 0.341351 0.266069 0.016849
v 0.341233 0.209704 0.017454
v 0.338148 0.209665 0.062783
v 0.293774 0.209704 -0.159667
v 0.293774 0.267629 -0.159667
v 0.269031 0.209665 -0.196693
v 0.269031 0.267668 -0.196693
v 0.202790 0.209665 -0.262934
v 0.203315 0.267629 -0.262625
v 0.165203 0.209665 -0.287914
v 0.123918 0.209665 -0.308273
v 0.122610 0.266829 -0.309001
v 0.081219 0.209665 -0.322886
v -0.011054 0.209704 -0.335189
v -0.011659 0.267668 -0.335114
v -0.056096 0.267629 -0.332204
v -0.102437 0.209704 -0.322986
v -0.145422 0.209665 -0.308273
v -0.146862 0.266829 -0.307863
v -0.185948 0.209665 -0.288413
v -0.260961 0.266869 -0.230829
v -0.290061 0.209743 -0.197472
v -0.336015 0.209743 -0.117879
v -0.336603 0.266829 -0.116513
v -0.359628 0.210504 0.064279
v -0.336053 0.211264 0.151593
v -0.336053 0.266069 0.151593
v -0.186221 0.209704 0.321980
v -0.145423 0.209665 0.341972
v -0.102437 0.209704 0.356685
v -0.056711 0.266069 0.365940
v 0.124246 0.267629 0.341975
v 0.165764 0.209704 0.321376
v 0.203477 0.209665 0.296039
v 0.238086 0.209665 0.265687
v 0.239259 0.266829 0.264758
v 0.267927 0.209665 0.231830
v 0.314766 0.267668 0.150702
v 0.329396 0.209704 0.107366
v 0.329488 0.266869 0.107103
v 0.162194 0.242839 0.015799
v 0.162102 0.251540 0.004637
v 0.160861 0.242839 -0.005956
v 0.162517 0.238666 0.004589
v 0.162194 0.234494 0.015799
v 0.160861 0.234494 -0.005956
v 0.162102 0.225793 0.004637
v 0.148870 0.242839 -0.050707
v 0.148870 0.234494 -0.050707
v 0.144656 0.251540 -0.060474
v 0.139147 0.242839 -0.070214
v 0.145031 0.238666 -0.060671
v 0.139147 0.234494 -0.070214
v 0.144656 0.225793 -0.060474
v 0.133475 0.251540 -0.079840
v 0.127115 0.242839 -0.088388
v 0.133823 0.238666 -0.080083
v 0.127115 0.234494 -0.088388
v 0.133475 0.225793 -0.079840
v 0.094355 0.242839 -0.121147
v 0.094355 0.234494 -0.121147
v 0.085810 0.251540 -0.127504
v 0.076181 0.242839 -0.133179
v 0.086050 0.238666 -0.127856
v 0.076181 0.234494 -0.133179
v 0.085810 0.225793 -0.127504
v 0.066359 0.251540 -0.138714
v 0.056000 0.242839 -0.143131
v 0.066554 0.238666 -0.139092
v 0.056000 0.234494 -0.143131
v 0.066359 0.225793 -0.138714
v 0.045624 0.251540 -0.147322
v 0.035391 0.242839 -0.150225
v 0.045771 0.238666 -0.147720
v 0.035391 0.234494 -0.150225
v 0.045624 0.225793 -0.147322
v -0.010542 0.242839 -0.156273
v -0.010542 0.234494 -0.156273
v -0.021207 0.251540 -0.156120
v -0.032285 0.242839 -0.154754
v -0.021213 0.238666 -0.156538
v -0.032285 0.234494 -0.154754
v -0.021207 0.225793 -0.156120
v -0.043463 0.251540 -0.153173
v -0.054355 0.242839 -0.150364
v -0.043521 0.238666 -0.153584
v -0.054355 0.234494 -0.150364
v -0.043463 0.225793 -0.153173
v -0.065233 0.251540 -0.147339
v -0.075662 0.242839 -0.143131
v -0.065341 0.238666 -0.147737
v -0.075662 0.234494 -0.143131
v -0.065233 0.225793 -0.147339
v -0.085981 0.251540 -0.138764
v -0.095251 0.242839 -0.133575
v -0.086137 0.238666 -0.139142
v -0.095251 0.234494 -0.133575
v -0.085981 0.225793 -0.138764
v -0.132007 0.242839 -0.105371
v -0.132007 0.234494 -0.105371
v -0.139459 0.251540 -0.097729
v -0.146308 0.242839 -0.088923
v -0.139737 0.238666 -0.098013
v -0.146308 0.234494 -0.088923
v -0.139459 0.225793 -0.097729
v -0.153112 0.251540 -0.079907
v -0.158809 0.242839 -0.070214
v -0.153422 0.238666 -0.080150
v -0.158809 0.234494 -0.070214
v -0.153112 0.225793 -0.079907
v -0.164381 0.251540 -0.060389
v -0.168762 0.242839 -0.050032
v -0.164717 0.238666 -0.060586
v -0.168762 0.234494 -0.050032
v -0.164381 0.225793 -0.060389
v -0.172988 0.251540 -0.039654
v -0.175856 0.242839 -0.029423
v -0.173345 0.238666 -0.039803
v -0.175856 0.234494 -0.029423
v -0.172988 0.225793 -0.039654
v -0.181903 0.242839 0.016510
v -0.181903 0.234494 0.016510
v -0.181787 0.251540 0.027177
v -0.180385 0.242839 0.038253
v -0.182163 0.238666 0.027180
v -0.180385 0.234494 0.038253
v -0.181787 0.225793 0.027177
v -0.178839 0.251540 0.049433
v -0.175995 0.242839 0.060322
v -0.179209 0.238666 0.049488
v -0.175995 0.234494 0.060322
v -0.178839 0.225793 0.049433
v -0.173006 0.251540 0.071203
v -0.168762 0.242839 0.081630
v -0.173362 0.238666 0.071308
v -0.168762 0.234494 0.081630
v -0.173006 0.225793 0.071203
v -0.164381 0.251540 0.092025
v -0.158809 0.242839 0.101811
v -0.164717 0.238666 0.092179
v -0.158809 0.234494 0.101812
v -0.164381 0.225793 0.092025
v -0.153171 0.251540 0.111477
v -0.146778 0.242839 0.119986
v -0.153481 0.238666 0.111675
v -0.146778 0.234494 0.119986
v -0.153171 0.225793 0.111477
v -0.114018 0.242839 0.152745
v -0.114018 0.234494 0.152745
v -0.105507 0.251540 0.159141
v -0.095844 0.242839 0.164777
v -0.105708 0.238666 0.159448
v -0.095844 0.234494 0.164777
v -0.105507 0.225793 0.159141
v -0.086055 0.251540 0.170351
v -0.075662 0.242839 0.174729
v -0.086211 0.238666 0.170685
v -0.075662 0.234494 0.174729
v -0.086055 0.225793 0.170351
v -0.065233 0.251540 0.178976
v -0.054355 0.242839 0.181962
v -0.065341 0.238666 0.179329
v -0.054355 0.234494 0.181962
v -0.065233 0.225793 0.178976
v -0.043463 0.251540 0.184809
v -0.032285 0.242839 0.186352
v -0.043521 0.238666 0.185176
v -0.032285 0.234494 0.186352
v -0.043463 0.225793 0.184809
v -0.021117 0.251540 0.187751
v -0.009831 0.242839 0.187824
v -0.021124 0.238666 0.188125
v -0.009831 0.234494 0.187824
v -0.021117 0.225793 0.187751
v 0.001333 0.251540 0.187769
v 0.011924 0.242839 0.186491
v 0.001379 0.238666 0.188142
v 0.011924 0.234494 0.186491
v 0.001333 0.225793 0.187769
v 0.056675 0.242839 0.174500
v 0.056675 0.234494 0.174500
v 0.066444 0.251540 0.170322
v 0.076181 0.242839 0.164777
v 0.066638 0.238666 0.170656
v 0.076181 0.234494 0.164777
v 0.066444 0.225793 0.170322
v 0.085878 0.251540 0.159082
v 0.094891 0.242839 0.152276
v 0.086117 0.238666 0.159390
v 0.094891 0.234494 0.152276
v 0.085878 0.225793 0.159082
v 0.103758 0.251540 0.145362
v 0.111809 0.242839 0.137439
v 0.104039 0.238666 0.145638
v 0.111809 0.234494 0.137439
v 0.103758 0.225793 0.145362
v 0.119646 0.251540 0.129499
v 0.126250 0.242839 0.121114
v 0.119963 0.238666 0.129738
v 0.126250 0.234494 0.121114
v 0.119646 0.225793 0.129499
v 0.149414 0.242839 0.080991
v 0.149414 0.234494 0.080991
v 0.153349 0.251540 0.071123
v 0.156332 0.242839 0.060322
v 0.153744 0.238666 0.071228
v 0.156332 0.234494 0.060322
v 0.153349 0.225793 0.071123
v 0.159143 0.251540 0.049433
v 0.160722 0.242839 0.038253
v 0.159551 0.238666 0.049488
v 0.160722 0.234494 0.038253
v 0.159143 0.225793 0.049433
v 0.162085 0.225793 0.027087
v 0.162500 0.238666 0.027091
v 0.162085 0.251540 0.027087
v 0.165140 0.267651 0.038912
v 0.166651 0.267651 0.015869
v 0.165281 0.267651 -0.006463
v 0.166651 0.209682 0.015869
v 0.165281 0.209682 -0.006463
v 0.165140 0.209682 0.038912
v 0.152978 0.267651 -0.052378
v 0.152978 0.209682 -0.052378
v 0.142998 0.267651 -0.072403
v 0.142998 0.209682 -0.072403
v 0.130646 0.267651 -0.091058
v 0.130646 0.209682 -0.091058
v 0.097034 0.267651 -0.124670
v 0.097034 0.209682 -0.124670
v 0.078379 0.267651 -0.137022
v 0.078379 0.209682 -0.137022
v 0.057668 0.267651 -0.147236
v 0.057668 0.209682 -0.147236
v 0.036512 0.267651 -0.154516
v 0.036512 0.209682 -0.154516
v -0.010616 0.267651 -0.160721
v -0.010616 0.209682 -0.160721
v -0.032936 0.267651 -0.159164
v -0.032936 0.209682 -0.159164
v -0.055585 0.267651 -0.154659
v -0.055585 0.209682 -0.154659
v -0.077453 0.267651 -0.147236
v -0.077453 0.209682 -0.147236
v -0.097560 0.267651 -0.137424
v -0.097560 0.209682 -0.137424
v -0.135272 0.267651 -0.108487
v -0.135272 0.209682 -0.108487
v -0.149953 0.267651 -0.091604
v -0.149953 0.209682 -0.091604
v -0.162783 0.267651 -0.072403
v -0.162783 0.209682 -0.072403
v -0.172997 0.267651 -0.051691
v -0.172997 0.209682 -0.051691
v -0.180278 0.267651 -0.030535
v -0.180278 0.209682 -0.030535
v -0.186482 0.267651 0.016593
v -0.186482 0.209682 0.016593
v -0.184925 0.267651 0.038912
v -0.184925 0.209682 0.038912
v -0.180420 0.267651 0.061562
v -0.180420 0.209682 0.061562
v -0.172997 0.267651 0.083429
v -0.172997 0.209682 0.083429
v -0.162783 0.267651 0.104140
v -0.162783 0.209682 0.104140
v -0.150431 0.267651 0.122796
v -0.150431 0.209682 0.122796
v -0.116819 0.267651 0.156408
v -0.116819 0.209682 0.156408
v -0.098164 0.267651 0.168760
v -0.098164 0.209682 0.168760
v -0.077453 0.267651 0.178973
v -0.077453 0.209682 0.178973
v -0.055585 0.267651 0.186396
v -0.055585 0.209682 0.186396
v -0.032936 0.267651 0.190902
v -0.032936 0.209682 0.190902
v -0.009892 0.267651 0.192412
v -0.009892 0.209682 0.192412
v 0.012439 0.267651 0.191042
v 0.012439 0.209682 0.191042
v 0.058354 0.267651 0.178740
v 0.058354 0.209682 0.178740
v 0.078379 0.267651 0.168760
v 0.078379 0.209682 0.168760
v 0.097580 0.267651 0.155930
v 0.097580 0.209682 0.155930
v 0.114942 0.267651 0.140704
v 0.114942 0.209682 0.140704
v 0.129765 0.267651 0.123944
v 0.129765 0.209682 0.123944
v 0.153532 0.267651 0.082778
v 0.153532 0.209682 0.082778
v 0.160635 0.267651 0.061562
v 0.160635 0.209682 0.061562
v 0.342074 0.239248 0.016798
v 0.341205 0.238665 -0.007866
v 0.342134 0.238058 0.015989
v 0.295316 0.239274 -0.158803
v 0.306440 0.238666 -0.137679
v 0.295316 0.238059 -0.158803
v 0.269866 0.239298 -0.197334
v 0.283325 0.240515 -0.179516
v 0.282731 0.238666 -0.178988
v 0.269866 0.238035 -0.197334
v 0.283325 0.236818 -0.179516
v 0.202708 0.239272 -0.264243
v 0.203387 0.238033 -0.263798
v 0.184431 0.238625 -0.277083
v 0.165728 0.238025 -0.288824
v 0.185610 0.236817 -0.277230
v 0.124269 0.239247 -0.309123
v 0.146050 0.238623 -0.299204
v 0.124315 0.238032 -0.309233
v 0.145639 0.236817 -0.300282
v 0.101958 0.238623 -0.317490
v 0.081483 0.238025 -0.323909
v 0.103018 0.236817 -0.317960
v -0.011713 0.239300 -0.336163
v -0.012522 0.238060 -0.336104
v -0.057671 0.239282 -0.332917
v -0.033989 0.240515 -0.335999
v -0.034890 0.238707 -0.335153
v -0.079585 0.238666 -0.329186
v -0.101258 0.238050 -0.324247
v -0.145776 0.239247 -0.309123
v -0.123310 0.238625 -0.317521
v -0.145822 0.238032 -0.309233
v -0.124419 0.236818 -0.317981
v -0.167469 0.238623 -0.299263
v -0.186486 0.238025 -0.289324
v -0.167052 0.236817 -0.300345
v -0.261578 0.239282 -0.231483
v -0.276153 0.238667 -0.215619
v -0.290706 0.238075 -0.197898
v -0.304572 0.238635 -0.178455
v -0.336720 0.239249 -0.118169
v -0.326395 0.238665 -0.140749
v -0.336720 0.238083 -0.118169
v -0.345357 0.238666 -0.095049
v -0.362857 0.238634 0.039232
v -0.360564 0.238074 0.062904
v -0.356620 0.238634 0.086456
v -0.336721 0.239249 0.151871
v -0.345386 0.238665 0.128603
v -0.336721 0.238083 0.151871
v -0.326366 0.238666 0.174495
v -0.304171 0.238666 0.212789
v -0.207392 0.238632 0.309795
v -0.187946 0.238048 0.322033
v -0.166839 0.238591 0.333242
v -0.145824 0.238023 0.342939
v -0.167142 0.236818 0.333986
v -0.124159 0.238592 0.350932
v -0.101308 0.238049 0.357931
v -0.124419 0.236818 0.351683
v -0.056755 0.239258 0.366671
v -0.079529 0.238665 0.362877
v -0.032880 0.238698 0.368951
v 0.012172 0.238667 0.368923
v 0.125944 0.239282 0.342268
v 0.145437 0.238665 0.333219
v 0.164993 0.238049 0.322872
v 0.185214 0.238593 0.310232
v 0.204072 0.238024 0.296904
v 0.185699 0.236818 0.310855
v 0.238736 0.239247 0.266341
v 0.221193 0.238622 0.282697
v 0.238820 0.238032 0.266425
v 0.222390 0.236817 0.282701
v 0.255004 0.238623 0.248930
v 0.268770 0.238025 0.232470
v 0.255033 0.236817 0.250089
v 0.315740 0.239308 0.151116
v 0.330323 0.239274 0.107404
v 0.324128 0.240515 0.130414
v 0.323111 0.238707 0.130965
v 0.329904 0.238059 0.108968
v 0.335446 0.238626 0.084853
v 0.339189 0.238025 0.062922
v 0.336052 0.236818 0.085830
v 0.342088 0.236818 0.039982
v 0.341246 0.238625 0.040717
v 0.344011 0.233846 0.017457
v 0.340937 0.233845 0.063152
v 0.344056 0.243396 0.016851
v 0.296178 0.233846 -0.161056
v 0.296178 0.243487 -0.161056
v 0.271268 0.233845 -0.198409
v 0.271268 0.243488 -0.198409
v 0.204506 0.233845 -0.265170
v 0.205011 0.243487 -0.264833
v 0.166609 0.233845 -0.290350
v 0.124994 0.233845 -0.310872
v 0.124949 0.243441 -0.310979
v 0.081947 0.233845 -0.325610
v -0.011054 0.233846 -0.337973
v -0.011660 0.243488 -0.337934
v -0.056459 0.243487 -0.334957
v -0.103159 0.233846 -0.325668
v -0.146501 0.233845 -0.310872
v -0.146608 0.243441 -0.310916
v -0.187361 0.233845 -0.290855
v -0.261925 0.243442 -0.233779
v -0.292238 0.233848 -0.199140
v -0.338550 0.233848 -0.118927
v -0.338584 0.243441 -0.118852
v -0.362514 0.233892 0.063244
v -0.338556 0.233936 0.152631
v -0.338556 0.243396 0.152631
v -0.187611 0.233846 0.324389
v -0.146501 0.233845 0.344574
v -0.103159 0.233846 0.359370
v -0.057066 0.243396 0.368626
v 0.125309 0.243487 0.344550
v 0.167153 0.233846 0.323783
v 0.205189 0.233845 0.298273
v 0.240075 0.233845 0.267680
v 0.240191 0.243441 0.267679
v 0.270164 0.233845 0.233549
v 0.317371 0.243488 0.151784
v 0.332079 0.233846 0.108086
v 0.331790 0.243442 0.109177
v 0.328436 0.183973 -0.033440
v 0.330802 0.195265 -0.029953
v 0.331447 0.195265 -0.025037
v 0.330070 0.183973 -0.021347
v 0.329504 0.187548 -0.027372
v 0.308207 0.293360 -0.108936
v 0.308693 0.282068 -0.112464
v 0.306794 0.282068 -0.117044
v 0.303576 0.293360 -0.120223
v 0.306251 0.289784 -0.114154
v 0.303576 0.183973 -0.120223
v 0.306794 0.195265 -0.117044
v 0.308693 0.195265 -0.112464
v 0.308207 0.183973 -0.108936
v 0.306251 0.187548 -0.114154
v 0.166148 0.293360 -0.276919
v 0.163443 0.282068 -0.280505
v 0.159057 0.282068 -0.283037
v 0.155036 0.293360 -0.283338
v 0.160481 0.289784 -0.280362
v -0.062137 0.183973 -0.322331
v -0.059201 0.195265 -0.324791
v -0.054180 0.195265 -0.325452
v -0.049413 0.183973 -0.324003
v -0.056375 0.187548 -0.323497
v -0.093601 0.293360 -0.316072
v -0.098588 0.282068 -0.316957
v -0.103480 0.282068 -0.315646
v -0.105997 0.293360 -0.312751
v -0.100498 0.289784 -0.314720
v -0.258185 0.183973 -0.221033
v -0.257775 0.195265 -0.225050
v -0.254270 0.195265 -0.228558
v -0.249527 0.183973 -0.229632
v -0.254696 0.187548 -0.225681
v -0.304937 0.293316 -0.160128
v -0.309629 0.282024 -0.157492
v -0.312180 0.282068 -0.153062
v -0.311373 0.293360 -0.148970
v -0.309334 0.289784 -0.154475
v -0.311373 0.183973 -0.148970
v -0.312180 0.195265 -0.153062
v -0.309648 0.195265 -0.157448
v -0.304956 0.183973 -0.160084
v -0.309334 0.187548 -0.154475
v -0.343887 0.183973 -0.066195
v -0.346074 0.195265 -0.069548
v -0.344789 0.195265 -0.074337
v -0.340771 0.183973 -0.077990
v -0.343681 0.187548 -0.071555
v -0.354132 0.183973 0.023498
v -0.357222 0.195265 0.020101
v -0.357224 0.195265 0.015143
v -0.354088 0.183973 0.011295
v -0.355408 0.187548 0.017520
v -0.352049 0.293316 0.055433
v -0.354607 0.282024 0.060128
v -0.353934 0.282024 0.065244
v -0.350365 0.293316 0.068251
v -0.352469 0.289784 0.062381
v -0.287180 0.293316 0.220796
v -0.287370 0.282024 0.225943
v -0.284320 0.282068 0.229912
v -0.279684 0.293360 0.230483
v -0.284356 0.289784 0.226833
v -0.279684 0.183973 0.230483
v -0.284320 0.195265 0.229912
v -0.287370 0.195309 0.225943
v -0.287180 0.184017 0.220796
v -0.284356 0.187548 0.226833
v -0.214764 0.183973 0.293212
v -0.219982 0.195265 0.293331
v -0.223917 0.195265 0.290315
v -0.224417 0.183973 0.285750
v -0.220827 0.187548 0.290362
v -0.188161 0.293316 0.311001
v -0.186635 0.282024 0.315624
v -0.182166 0.282024 0.318204
v -0.176966 0.293316 0.317468
v -0.183447 0.289784 0.315340
v -0.049366 0.184017 0.358119
v -0.054133 0.195309 0.360602
v -0.059201 0.195265 0.359930
v -0.062137 0.183973 0.356432
v -0.056375 0.187548 0.358476
v 0.126289 0.183973 0.331610
v 0.123039 0.195265 0.335937
v 0.118459 0.195265 0.337836
v 0.115002 0.183973 0.336239
v 0.120160 0.187548 0.335223
v 0.155091 0.293334 0.317428
v 0.159057 0.282068 0.318175
v 0.163451 0.282042 0.315666
v 0.167087 0.292886 0.310914
v 0.160537 0.289758 0.315331
v 0.192363 0.292886 0.294026
v 0.196852 0.282042 0.293348
v 0.200852 0.282068 0.290249
v 0.202976 0.293334 0.285436
v 0.197858 0.289758 0.290395
v 0.308510 0.183973 0.142411
v 0.308732 0.195265 0.147504
v 0.306837 0.195265 0.152085
v 0.303803 0.183973 0.153666
v 0.306274 0.187548 0.149075
v 0.341413 0.252335 -0.022566
v 0.337957 0.245428 -0.025868
v 0.337310 0.245428 -0.030834
v 0.339792 0.252335 -0.035197
v 0.338482 0.248143 -0.028553
v 0.087257 0.252335 -0.323684
v 0.082054 0.245428 -0.321978
v 0.077219 0.245428 -0.323281
v 0.074967 0.252335 -0.327020
v 0.079903 0.248143 -0.323456
v -0.182462 0.252335 -0.293356
v -0.185466 0.245428 -0.288733
v -0.189806 0.245428 -0.286235
v -0.193511 0.252335 -0.287024
v -0.187949 0.248143 -0.288216
v -0.288205 0.252335 -0.204102
v -0.289446 0.245428 -0.198871
v -0.292514 0.245428 -0.194881
v -0.296075 0.252335 -0.193898
v -0.291510 0.248143 -0.197409
v -0.351737 0.252335 -0.081190
v -0.351122 0.245428 -0.076059
v -0.352425 0.245428 -0.071223
v -0.355073 0.252335 -0.068900
v -0.352431 0.248143 -0.073897
v -0.365598 0.252335 0.011014
v -0.363792 0.245428 0.015118
v -0.363791 0.245428 0.020046
v -0.365588 0.252335 0.023273
v -0.364468 0.248143 0.017498
v -0.351743 0.224998 0.115281
v -0.351122 0.231905 0.111198
v -0.352446 0.231905 0.106259
v -0.355202 0.224998 0.102374
v -0.352437 0.229190 0.108849
v -0.355104 0.252335 0.102864
v -0.352430 0.245428 0.106337
v -0.351122 0.245428 0.111198
v -0.351739 0.252335 0.115303
v -0.352433 0.248143 0.108871
v -0.314989 0.224998 0.199711
v -0.315364 0.231905 0.195823
v -0.317877 0.231905 0.191461
v -0.321405 0.224998 0.188536
v -0.317187 0.229190 0.193962
v -0.321405 0.252335 0.188536
v -0.317877 0.245428 0.191461
v -0.315364 0.245428 0.195823
v -0.314989 0.252335 0.199712
v -0.317187 0.248143 0.193962
v -0.231660 0.252335 0.294707
v -0.227936 0.245428 0.295511
v -0.224025 0.245428 0.298509
v -0.221928 0.252335 0.302162
v -0.226361 0.248143 0.297536
v -0.152353 0.252305 0.342319
v -0.148650 0.245428 0.342027
v -0.144003 0.245398 0.343953
v -0.139690 0.251802 0.347577
v -0.146495 0.248113 0.343635
v -0.110074 0.251802 0.357627
v -0.105201 0.245398 0.357124
v -0.100264 0.245428 0.358441
v -0.096359 0.252305 0.361257
v -0.102895 0.248113 0.358432
v -0.003410 0.225531 0.371668
v -0.009021 0.231934 0.369787
v -0.014051 0.231905 0.369786
v -0.017122 0.225027 0.371656
v -0.011408 0.229220 0.370475
v -0.017620 0.252305 0.371624
v -0.014131 0.245428 0.369781
v -0.009021 0.245398 0.369787
v -0.003433 0.251802 0.371667
v -0.011431 0.248113 0.370473
v 0.041212 0.225027 0.367854
v 0.036829 0.231905 0.366454
v 0.031868 0.231934 0.367107
v 0.027768 0.225531 0.369626
v 0.034506 0.229220 0.367466
v 0.027768 0.251802 0.369626
v 0.031868 0.245398 0.367107
v 0.036829 0.245428 0.366454
v 0.041212 0.252305 0.367854
v 0.034506 0.248113 0.367466
v 0.266216 0.252335 0.238229
v 0.266297 0.245428 0.234011
v 0.269351 0.245428 0.230042
v 0.274001 0.252335 0.228151
v 0.268537 0.248143 0.232397
v 0.339663 0.252335 0.069963
v 0.337290 0.245428 0.066077
v 0.337957 0.245428 0.061007
v 0.341407 0.252335 0.056716
v 0.338476 0.248143 0.063564
v 0.339038 0.237950 -0.022258
v 0.335624 0.236769 -0.025565
v 0.334978 0.236769 -0.030523
v 0.337418 0.237950 -0.034880
v 0.335352 0.237875 -0.028141
v 0.337418 0.239382 -0.034880
v 0.334978 0.240564 -0.030524
v 0.335624 0.240564 -0.025564
v 0.339038 0.239382 -0.022257
v 0.335352 0.239458 -0.028141
v 0.316710 0.237950 -0.112163
v 0.312595 0.236769 -0.114057
v 0.310676 0.236769 -0.118674
v 0.311802 0.237950 -0.123905
v 0.311701 0.237875 -0.116410
v 0.311802 0.239382 -0.123905
v 0.310675 0.240564 -0.118674
v 0.312595 0.240564 -0.114057
v 0.316710 0.239382 -0.112163
v 0.311701 0.239458 -0.116410
v 0.159309 0.239382 -0.291263
v 0.161144 0.240564 -0.286693
v 0.165566 0.240564 -0.284140
v 0.170872 0.239382 -0.284586
v 0.163427 0.239458 -0.285465
v 0.074351 0.239382 -0.324706
v 0.076613 0.240564 -0.321008
v 0.081442 0.240564 -0.319707
v 0.086634 0.239382 -0.321372
v 0.079086 0.239458 -0.320407
v -0.050341 0.237950 -0.332965
v -0.054709 0.236769 -0.329629
v -0.059771 0.236769 -0.328962
v -0.063579 0.237950 -0.331222
v -0.057145 0.237875 -0.329340
v -0.108589 0.239382 -0.321378
v -0.104590 0.240564 -0.319707
v -0.099658 0.240564 -0.321028
v -0.095691 0.239382 -0.324834
v -0.102025 0.239458 -0.320413
v -0.192310 0.239382 -0.284952
v -0.188627 0.240564 -0.284199
v -0.184292 0.240564 -0.286693
v -0.181268 0.239382 -0.291280
v -0.186371 0.239458 -0.285482
v -0.255786 0.237950 -0.236245
v -0.257236 0.236769 -0.231553
v -0.260767 0.236769 -0.228012
v -0.264755 0.237950 -0.227218
v -0.258870 0.237875 -0.229852
v -0.294926 0.239365 -0.191307
v -0.290687 0.240563 -0.193388
v -0.287581 0.240564 -0.197436
v -0.286349 0.239381 -0.202578
v -0.289047 0.239457 -0.195424
v -0.312639 0.237950 -0.164805
v -0.313284 0.236769 -0.159571
v -0.315837 0.236769 -0.155149
v -0.319316 0.237950 -0.153241
v -0.314440 0.237875 -0.157421
v -0.319286 0.239381 -0.153285
v -0.315837 0.240564 -0.155149
v -0.313286 0.240563 -0.159567
v -0.312155 0.239365 -0.165521
v -0.314411 0.239457 -0.157465
v -0.349425 0.237950 -0.080566
v -0.348851 0.236769 -0.075446
v -0.350152 0.236769 -0.070618
v -0.352759 0.237950 -0.068284
v -0.349382 0.237875 -0.073080
v -0.352759 0.239382 -0.068284
v -0.350152 0.240564 -0.070618
v -0.348851 0.240564 -0.075447
v -0.349425 0.239382 -0.080566
v -0.349382 0.239458 -0.073080
v -0.363202 0.237950 0.011041
v -0.361440 0.236769 0.015122
v -0.361433 0.236769 0.020123
v -0.363161 0.237950 0.023767
v -0.361310 0.237875 0.017521
v -0.363100 0.239365 0.024629
v -0.361433 0.240563 0.020119
v -0.361439 0.240564 0.015122
v -0.363198 0.239381 0.011093
v -0.361306 0.239457 0.017573
v -0.359105 0.239364 0.070440
v -0.358107 0.240563 0.065762
v -0.358772 0.240563 0.060709
v -0.361059 0.239364 0.055597
v -0.358308 0.239456 0.063151
v -0.352887 0.237950 0.101758
v -0.350172 0.236769 0.105653
v -0.348851 0.236769 0.110586
v -0.349431 0.237950 0.114657
v -0.349388 0.237875 0.108032
v -0.349441 0.239381 0.114605
v -0.348851 0.240564 0.110586
v -0.350171 0.240563 0.105657
v -0.353051 0.239365 0.100910
v -0.349398 0.239457 0.107980
v -0.319286 0.237951 0.187405
v -0.315837 0.236769 0.190287
v -0.313286 0.236770 0.194706
v -0.312155 0.237968 0.199641
v -0.314411 0.237876 0.192446
v -0.312155 0.239365 0.199641
v -0.313286 0.240563 0.194706
v -0.315837 0.240564 0.190287
v -0.319286 0.239381 0.187405
v -0.314411 0.239457 0.192446
v -0.294945 0.237968 0.225405
v -0.290687 0.236770 0.228528
v -0.287651 0.236769 0.232496
v -0.286784 0.237951 0.236203
v -0.289067 0.237876 0.230383
v -0.286784 0.239381 0.236203
v -0.287651 0.240564 0.232496
v -0.290687 0.240563 0.228528
v -0.294945 0.239365 0.225405
v -0.289067 0.239457 0.230383
v -0.230180 0.237950 0.292822
v -0.226501 0.236769 0.293646
v -0.222529 0.236769 0.296685
v -0.220059 0.237950 0.300537
v -0.224421 0.237875 0.295044
v -0.219337 0.239365 0.301013
v -0.222532 0.240563 0.296682
v -0.226501 0.240564 0.293646
v -0.230136 0.239381 0.292851
v -0.224377 0.239457 0.295073
v -0.180561 0.239364 0.325732
v -0.184297 0.240563 0.321830
v -0.188710 0.240563 0.319282
v -0.193526 0.239364 0.318246
v -0.186392 0.239456 0.320440
v -0.138820 0.239364 0.345224
v -0.143104 0.240563 0.341772
v -0.147814 0.240563 0.339821
v -0.152652 0.239364 0.339495
v -0.145353 0.239456 0.340679
v -0.095741 0.239381 0.358937
v -0.099658 0.240564 0.356168
v -0.104587 0.240563 0.354847
v -0.109406 0.239365 0.355216
v -0.102075 0.239457 0.355377
v -0.063526 0.237951 0.365345
v -0.059771 0.236769 0.364101
v -0.054714 0.236770 0.364767
v -0.049478 0.237968 0.367137
v -0.057093 0.237876 0.364324
v -0.018479 0.237969 0.369162
v -0.014123 0.236770 0.367428
v -0.009025 0.236770 0.367428
v -0.003507 0.237969 0.369162
v -0.011484 0.237877 0.367307
v -0.003454 0.239365 0.369165
v -0.009025 0.240563 0.367428
v -0.014128 0.240564 0.367428
v -0.017617 0.239381 0.369223
v -0.011432 0.239457 0.367310
v 0.027462 0.237968 0.367143
v 0.031564 0.236770 0.364767
v 0.036519 0.236769 0.364122
v 0.040895 0.237951 0.365474
v 0.034094 0.237876 0.364330
v 0.040895 0.239381 0.365474
v 0.036519 0.240564 0.364122
v 0.031564 0.240563 0.364767
v 0.027462 0.239365 0.367143
v 0.034094 0.239457 0.364330
v 0.118231 0.237950 0.344763
v 0.120052 0.236769 0.341739
v 0.124669 0.236769 0.339819
v 0.129972 0.237950 0.339855
v 0.122416 0.237875 0.340676
v 0.171588 0.239365 0.318223
v 0.165562 0.240563 0.319282
v 0.161144 0.240564 0.321832
v 0.159352 0.239381 0.325354
v 0.163471 0.239457 0.320417
v 0.208645 0.239381 0.292417
v 0.203431 0.240564 0.293577
v 0.199384 0.240563 0.296682
v 0.197375 0.239365 0.300993
v 0.201431 0.239457 0.295053
v 0.272098 0.239382 0.226696
v 0.267482 0.240564 0.228612
v 0.264432 0.240564 0.232576
v 0.264318 0.239382 0.236768
v 0.266033 0.239458 0.230475
v 0.312103 0.237950 0.157406
v 0.310722 0.236769 0.153718
v 0.312629 0.236769 0.149096
v 0.316935 0.237950 0.145633
v 0.311724 0.237875 0.151335
v 0.339032 0.239382 0.056407
v 0.335624 0.240564 0.060703
v 0.334957 0.240564 0.065767
v 0.337289 0.239382 0.069647
v 0.335346 0.239458 0.063152
v 0.335649 0.210164 -0.038008
v 0.335328 0.225622 -0.030784
v 0.331337 0.210360 -0.027237
v 0.336051 0.225622 -0.025231
v 0.338169 0.210164 -0.018449
v 0.309170 0.210164 -0.126678
v 0.310913 0.225622 -0.119049
v 0.307937 0.210360 -0.114566
v 0.313063 0.225622 -0.113878
v 0.316766 0.210164 -0.108479
v 0.310913 0.251711 -0.119049
v 0.309170 0.267168 -0.126678
v 0.307937 0.266973 -0.114566
v 0.313063 0.251711 -0.113878
v 0.316766 0.267168 -0.108479
v 0.161020 0.251711 -0.287184
v 0.155447 0.267168 -0.291912
v 0.161135 0.266973 -0.281962
v 0.165969 0.251711 -0.284327
v 0.173305 0.267168 -0.281602
v -0.067097 0.210164 -0.329421
v -0.060251 0.225622 -0.329324
v -0.057235 0.210360 -0.325398
v -0.054586 0.225622 -0.330070
v -0.046653 0.210164 -0.332112
v -0.105127 0.251711 -0.320017
v -0.111851 0.267168 -0.319143
v -0.101666 0.266973 -0.316560
v -0.099608 0.251711 -0.321496
v -0.091934 0.267168 -0.324480
v -0.266487 0.210164 -0.223702
v -0.261452 0.225622 -0.228056
v -0.256922 0.210360 -0.226923
v -0.257497 0.225622 -0.232021
v -0.252580 0.210164 -0.237685
v -0.320116 0.210164 -0.149390
v -0.316539 0.225622 -0.155039
v -0.311960 0.210360 -0.155196
v -0.313682 0.225622 -0.159988
v -0.309806 0.210164 -0.167247
v -0.316539 0.251711 -0.155039
v -0.320116 0.267168 -0.149390
v -0.311960 0.266973 -0.155196
v -0.313694 0.251666 -0.159984
v -0.309506 0.266369 -0.167974
v -0.352504 0.210164 -0.064613
v -0.350829 0.225622 -0.070364
v -0.346558 0.210360 -0.071668
v -0.349372 0.225622 -0.075772
v -0.347347 0.210164 -0.083647
v -0.361972 0.210164 0.027441
v -0.362050 0.225622 0.020525
v -0.358359 0.210360 0.017968
v -0.362058 0.225622 0.014925
v -0.362026 0.210164 0.007720
v -0.358690 0.251666 0.066225
v -0.357626 0.266369 0.073940
v -0.355396 0.266973 0.063173
v -0.359434 0.251666 0.060578
v -0.360520 0.266369 0.051952
v -0.283774 0.210164 0.238243
v -0.287985 0.225622 0.233137
v -0.286791 0.210360 0.228800
v -0.291390 0.225667 0.228702
v -0.296293 0.210964 0.222010
v -0.287985 0.251711 0.233137
v -0.283774 0.267168 0.238243
v -0.286791 0.266973 0.228800
v -0.291390 0.251666 0.228702
v -0.296293 0.266369 0.222010
v -0.216508 0.210164 0.301794
v -0.222708 0.225622 0.297369
v -0.222862 0.210360 0.292730
v -0.227156 0.225622 0.293966
v -0.232186 0.210164 0.289832
v -0.184407 0.251666 0.322524
v -0.176971 0.266369 0.326652
v -0.185194 0.266973 0.317898
v -0.189339 0.251666 0.319676
v -0.196178 0.266369 0.315563
v -0.045895 0.210964 0.366578
v -0.054597 0.225667 0.365415
v -0.057235 0.210360 0.361335
v -0.060251 0.225622 0.364661
v -0.067097 0.210164 0.363682
v 0.132735 0.210164 0.337374
v 0.125031 0.225622 0.340268
v 0.120505 0.210360 0.337935
v 0.119859 0.225622 0.342418
v 0.114536 0.210164 0.344970
v 0.165897 0.251711 0.319711
v 0.172812 0.267142 0.316221
v 0.161135 0.266973 0.317898
v 0.161020 0.251711 0.322520
v 0.155447 0.267168 0.326173
v 0.203867 0.251711 0.293891
v 0.210720 0.267168 0.289242
v 0.198802 0.266973 0.292730
v 0.199405 0.251711 0.297321
v 0.194880 0.267142 0.301476
v 0.317060 0.210164 0.141889
v 0.313099 0.225622 0.149107
v 0.307937 0.210360 0.150503
v 0.310963 0.225622 0.154284
v 0.309564 0.210164 0.160129
v 0.337992 0.233843 -0.038375
v 0.333487 0.233839 -0.027520
v 0.340523 0.233843 -0.018700
v 0.338153 0.242911 -0.038287
v 0.333788 0.242686 -0.027576
v 0.340655 0.242911 -0.018840
v 0.337979 0.242911 0.073418
v 0.333788 0.242686 0.063473
v 0.340655 0.242911 0.053095
v 0.311334 0.233843 -0.127636
v 0.309941 0.233839 -0.115396
v 0.318979 0.233843 -0.109332
v 0.311333 0.243489 -0.127636
v 0.309941 0.243493 -0.115396
v 0.318979 0.243489 -0.109332
v 0.156580 0.243489 -0.293990
v 0.162219 0.243493 -0.283840
v 0.174538 0.243489 -0.283622
v 0.071376 0.242911 -0.326718
v 0.078263 0.242686 -0.318946
v 0.090300 0.242911 -0.321587
v -0.067463 0.233843 -0.331759
v -0.057518 0.233839 -0.327549
v -0.046905 0.233843 -0.334465
v -0.112520 0.243489 -0.321414
v -0.102228 0.243493 -0.318655
v -0.092491 0.243489 -0.326781
v -0.195908 0.242911 -0.284306
v -0.186397 0.242686 -0.284103
v -0.178898 0.242911 -0.294059
v -0.268202 0.233843 -0.225334
v -0.258456 0.233839 -0.228457
v -0.254217 0.233843 -0.239402
v -0.297353 0.242910 -0.190383
v -0.288712 0.242686 -0.194375
v -0.285209 0.242911 -0.206146
v -0.322195 0.233843 -0.150523
v -0.313838 0.233839 -0.156281
v -0.311827 0.233843 -0.168480
v -0.322195 0.243489 -0.150523
v -0.313838 0.243493 -0.156281
v -0.312129 0.243444 -0.168043
v -0.354810 0.233843 -0.065170
v -0.348654 0.233839 -0.072230
v -0.349619 0.233843 -0.084315
v -0.354915 0.242911 -0.065318
v -0.348902 0.242686 -0.072322
v -0.349784 0.242911 -0.084242
v -0.364340 0.233843 0.027499
v -0.360528 0.233839 0.017968
v -0.364398 0.233843 0.007663
v -0.364518 0.242910 0.026777
v -0.360786 0.242686 0.017949
v -0.364537 0.242911 0.007769
v -0.360076 0.243444 0.073002
v -0.357547 0.243493 0.063457
v -0.362644 0.243444 0.053493
v -0.349784 0.234422 0.118497
v -0.348902 0.234647 0.108219
v -0.355089 0.234422 0.098696
v -0.349784 0.242911 0.118497
v -0.348902 0.242686 0.108219
v -0.354972 0.242910 0.099286
v -0.312340 0.234423 0.202208
v -0.314059 0.234647 0.192338
v -0.322256 0.234422 0.184956
v -0.312340 0.242910 0.202208
v -0.314059 0.242686 0.192338
v -0.322256 0.242911 0.184956
v -0.285621 0.233843 0.239734
v -0.288512 0.233839 0.230121
v -0.297362 0.233889 0.224407
v -0.285621 0.243489 0.239734
v -0.288512 0.243493 0.230121
v -0.297362 0.243444 0.224407
v -0.217903 0.233843 0.303707
v -0.224182 0.233839 0.294451
v -0.233677 0.233843 0.291678
v -0.218580 0.242910 0.303411
v -0.224331 0.242686 0.294654
v -0.233671 0.242911 0.291856
v -0.179208 0.243444 0.328025
v -0.186279 0.243493 0.319777
v -0.196248 0.243444 0.318186
v -0.137343 0.242880 0.347394
v -0.145479 0.242686 0.340178
v -0.155243 0.242910 0.339979
v -0.092639 0.242911 0.361148
v -0.102278 0.242686 0.354843
v -0.111943 0.242880 0.356016
v -0.047436 0.233889 0.368702
v -0.057518 0.233839 0.363485
v -0.067464 0.233843 0.366021
v -0.001344 0.234453 0.370577
v -0.012007 0.234647 0.366728
v -0.020719 0.234423 0.370576
v -0.001344 0.242880 0.370577
v -0.012007 0.242686 0.366728
v -0.021319 0.242911 0.370537
v 0.044345 0.234422 0.366350
v 0.033517 0.234647 0.363744
v 0.025423 0.234453 0.368822
v 0.044345 0.242911 0.366350
v 0.033517 0.242686 0.363744
v 0.025423 0.242880 0.368822
v 0.133694 0.233843 0.339539
v 0.121335 0.233839 0.339939
v 0.115390 0.233843 0.347184
v 0.174033 0.243488 0.318222
v 0.162219 0.243493 0.319777
v 0.156580 0.243489 0.328252
v 0.212206 0.243489 0.291084
v 0.200122 0.243493 0.294451
v 0.196260 0.243488 0.303370
v 0.275052 0.242911 0.224881
v 0.264698 0.242686 0.230272
v 0.263070 0.242911 0.240401
v 0.319269 0.233843 0.142742
v 0.309941 0.233839 0.151333
v 0.311732 0.233843 0.161091
v 0.318857 0.170850 -0.025889
v 0.334358 0.191257 -0.004369
v 0.343319 0.225622 -0.003361
v 0.296060 0.306482 -0.110967
v 0.298739 0.286076 -0.137301
v 0.306000 0.251711 -0.142635
v 0.296060 0.170850 -0.110967
v 0.298739 0.191257 -0.137301
v 0.306000 0.225622 -0.142635
v 0.188627 0.251711 -0.276451
v 0.182384 0.286076 -0.269946
v 0.155478 0.306482 -0.271077
v 0.140877 0.286031 -0.293893
v 0.143432 0.251666 -0.302530
v -0.054143 0.170850 -0.312773
v -0.079592 0.191257 -0.322007
v -0.032137 0.191257 -0.328267
v -0.082888 0.225622 -0.330401
v -0.031155 0.225622 -0.337234
v -0.077090 0.251711 -0.331554
v -0.076892 0.286076 -0.322544
v -0.096796 0.306482 -0.304294
v -0.123288 0.286031 -0.310110
v -0.127601 0.251666 -0.318029
v -0.246231 0.170850 -0.217710
v -0.271694 0.191296 -0.210112
v -0.279357 0.225622 -0.214819
v -0.289961 0.267240 -0.197867
v -0.305121 0.250116 -0.181466
v -0.297214 0.285309 -0.177138
v -0.298667 0.306482 -0.149392
v -0.321547 0.286031 -0.134785
v -0.330210 0.251666 -0.137340
v -0.298667 0.170850 -0.149392
v -0.321554 0.191296 -0.134850
v -0.297564 0.191296 -0.176403
v -0.330176 0.225622 -0.137415
v -0.304114 0.225622 -0.182556
v -0.331611 0.170850 -0.069828
v -0.337812 0.191296 -0.095592
v -0.345739 0.225622 -0.099843
v -0.343108 0.170850 0.017499
v -0.355739 0.191301 0.040916
v -0.364530 0.225667 0.043031
v -0.363034 0.267240 0.017119
v -0.365075 0.250116 0.038682
v -0.356127 0.285309 0.037429
v -0.340359 0.306482 0.060232
v -0.349656 0.285309 0.086502
v -0.358638 0.250116 0.087581
v -0.350889 0.267240 0.108438
v -0.316018 0.267240 0.192624
v -0.306733 0.250116 0.212889
v -0.299635 0.285309 0.207256
v -0.274831 0.306482 0.218637
v -0.274831 0.170850 0.218637
v -0.299635 0.192024 0.207256
v -0.316018 0.210093 0.192624
v -0.306733 0.227217 0.212889
v -0.212549 0.170850 0.280919
v -0.201747 0.191257 0.305151
v -0.205386 0.225622 0.313434
v -0.225028 0.267240 0.296483
v -0.209214 0.250116 0.311209
v -0.204706 0.285309 0.303368
v -0.176976 0.306482 0.304752
v -0.161786 0.285279 0.328131
v -0.166502 0.250116 0.335869
v -0.144310 0.266706 0.342845
v -0.054144 0.170850 0.346452
v -0.031178 0.192054 0.362224
v -0.079592 0.191257 0.355753
v -0.009404 0.210626 0.369130
v -0.032595 0.227217 0.371163
v -0.082888 0.225622 0.364174
v 0.117055 0.170850 0.323642
v 0.143393 0.191257 0.326393
v 0.148727 0.225622 0.333681
v 0.143533 0.251711 0.336259
v 0.141029 0.286076 0.327568
v 0.156487 0.306009 0.304595
v 0.181825 0.284917 0.305221
v 0.191106 0.306009 0.281468
v 0.186158 0.251711 0.311743
v 0.218292 0.286031 0.275912
v 0.225288 0.251666 0.281608
v 0.296569 0.170850 0.143411
v 0.317100 0.191257 0.126720
v 0.326012 0.225622 0.128095
v 0.342063 0.236840 -0.004824
v 0.342063 0.240492 -0.004828
v 0.343561 0.250072 -0.004941
v 0.338476 0.267279 -0.028441
v 0.305643 0.236840 -0.140745
v 0.305643 0.240493 -0.140745
v 0.186707 0.240493 -0.276344
v 0.144300 0.240492 -0.300802
v 0.104183 0.240492 -0.317419
v 0.104574 0.250116 -0.318875
v 0.081004 0.267279 -0.323140
v -0.032610 0.236840 -0.335978
v -0.081148 0.236840 -0.329565
v -0.078368 0.240493 -0.330119
v -0.125762 0.240492 -0.317420
v -0.165879 0.240492 -0.300803
v -0.166632 0.250116 -0.302109
v -0.186308 0.267279 -0.288455
v -0.277510 0.236841 -0.215146
v -0.275729 0.240493 -0.217199
v -0.276862 0.250116 -0.218171
v -0.304699 0.240479 -0.179445
v -0.303944 0.236841 -0.180696
v -0.328475 0.236841 -0.138207
v -0.328475 0.240492 -0.138207
v -0.345092 0.236841 -0.098090
v -0.345092 0.240492 -0.098090
v -0.346547 0.250116 -0.098482
v -0.350800 0.267279 -0.074911
v -0.363458 0.236841 0.041413
v -0.363507 0.240479 0.040031
v -0.357473 0.240479 0.085866
v -0.359247 0.227217 0.084853
v -0.357790 0.236841 0.084464
v -0.350935 0.210054 0.108020
v -0.346519 0.227261 0.132324
v -0.345092 0.236841 0.131855
v -0.346519 0.250072 0.132324
v -0.345092 0.240492 0.131855
v -0.329816 0.227261 0.172649
v -0.328475 0.236841 0.171972
v -0.304699 0.236854 0.213274
v -0.328475 0.240492 0.171972
v -0.329816 0.250072 0.172649
v -0.304699 0.240479 0.213274
v -0.206015 0.236840 0.311609
v -0.207185 0.240479 0.310788
v -0.167148 0.240479 0.333903
v -0.124998 0.248788 0.353254
v -0.102869 0.266746 0.356817
v -0.124435 0.240479 0.351596
v -0.078679 0.250072 0.365353
v -0.078372 0.240492 0.363883
v -0.081148 0.236840 0.363331
v -0.033943 0.236854 0.369596
v 0.012405 0.228544 0.371344
v 0.012290 0.236854 0.369596
v 0.033583 0.210587 0.366302
v -0.035321 0.240492 0.369551
v -0.035405 0.250072 0.371050
v -0.009819 0.266746 0.369067
v 0.012405 0.248788 0.371344
v 0.033583 0.266746 0.366302
v 0.012290 0.240479 0.369596
v 0.146838 0.236840 0.333316
v 0.144403 0.240493 0.334533
v 0.185534 0.240479 0.310787
v 0.223363 0.240492 0.281740
v 0.254067 0.240492 0.251036
v 0.255262 0.250116 0.251954
v 0.268225 0.267279 0.231796
v 0.324422 0.236840 0.129175
v 0.335658 0.240493 0.087241
v 0.337126 0.250116 0.087516
v 0.338354 0.267279 0.062842
v 0.343561 0.250072 0.038706
v 0.342063 0.240492 0.038593
v 0.339201 0.238402 -0.028543
v 0.339201 0.238930 -0.028543
v 0.315023 0.238402 -0.118779
v 0.315023 0.238930 -0.118779
v 0.165652 0.238920 -0.288720
v 0.081191 0.238920 -0.323843
v -0.056896 0.238411 -0.332966
v -0.102064 0.238922 -0.323982
v -0.186675 0.238920 -0.289085
v -0.260835 0.238411 -0.232167
v -0.315855 0.238913 -0.160348
v -0.291257 0.238906 -0.197140
v -0.316357 0.238401 -0.159604
v -0.351513 0.238402 -0.075092
v -0.351513 0.238930 -0.075092
v -0.363703 0.238402 0.017581
v -0.360501 0.238889 0.062920
v -0.363640 0.238913 0.018476
v -0.351820 0.238913 0.107277
v -0.351650 0.238401 0.108158
v -0.291725 0.238419 0.230371
v -0.315826 0.238419 0.194149
v -0.291725 0.238914 0.230371
v -0.315826 0.238914 0.194149
v -0.225071 0.238402 0.297294
v -0.187199 0.238887 0.322331
v -0.224322 0.238913 0.297789
v -0.145773 0.238886 0.342769
v -0.102962 0.238904 0.357429
v -0.010733 0.238436 0.369620
v -0.055895 0.238427 0.366784
v 0.033635 0.238419 0.366926
v 0.033635 0.238914 0.366926
v -0.009838 0.238915 0.369683
v 0.124925 0.238411 0.342657
v 0.203238 0.238903 0.297357
v 0.166392 0.238904 0.321968
v 0.268803 0.238920 0.232243
v 0.315519 0.238413 0.151327
v 0.339070 0.238920 0.062938
v 0.320589 0.286413 -0.075479
v 0.306644 0.305006 -0.080214
v 0.290459 0.319465 -0.067405
v 0.308491 0.304243 -0.068736
v 0.322339 0.286408 -0.068822
v 0.292138 0.319505 -0.061008
v 0.311860 0.305672 -0.058385
v 0.267868 0.330026 -0.068200
v 0.246748 0.332010 -0.055569
v 0.270168 0.328058 -0.058598
v 0.248325 0.332010 -0.049683
v 0.272935 0.330066 -0.049158
v 0.222387 0.330066 -0.054875
v 0.202877 0.319505 -0.043749
v 0.224919 0.328058 -0.046672
v 0.204315 0.319505 -0.038383
v 0.226831 0.330066 -0.038288
v 0.182544 0.305717 -0.043240
v 0.170174 0.286454 -0.034949
v 0.185388 0.304244 -0.036300
v 0.171491 0.286454 -0.030036
v 0.186398 0.305717 -0.028856
v 0.170174 0.190879 -0.034949
v 0.182544 0.171616 -0.043240
v 0.202877 0.157828 -0.043749
v 0.185388 0.173089 -0.036300
v 0.171491 0.190879 -0.030036
v 0.204315 0.157828 -0.038383
v 0.186398 0.171616 -0.028856
v 0.222387 0.147267 -0.054875
v 0.246748 0.145323 -0.055569
v 0.224919 0.149275 -0.046672
v 0.248325 0.145323 -0.049683
v 0.226831 0.147267 -0.038288
v 0.267868 0.147307 -0.068200
v 0.290459 0.157868 -0.067405
v 0.270168 0.149275 -0.058598
v 0.292183 0.157868 -0.060972
v 0.272980 0.147307 -0.049122
v 0.306644 0.172327 -0.080214
v 0.320589 0.190920 -0.075479
v 0.308491 0.173089 -0.068736
v 0.322356 0.190920 -0.068886
v 0.312632 0.172327 -0.057865
v 0.230009 0.286452 -0.228756
v 0.215713 0.305716 -0.224928
v 0.208064 0.319505 -0.206627
v 0.222964 0.304243 -0.216874
v 0.234851 0.286452 -0.223914
v 0.212709 0.319505 -0.201983
v 0.231018 0.305716 -0.209623
v 0.188161 0.330066 -0.195992
v 0.176255 0.332010 -0.174511
v 0.194949 0.328058 -0.188880
v 0.180565 0.332010 -0.170201
v 0.202061 0.330066 -0.182091
v 0.155585 0.330066 -0.161690
v 0.144345 0.319505 -0.142253
v 0.161886 0.328058 -0.155849
v 0.148273 0.319505 -0.138326
v 0.167728 0.330066 -0.149547
v 0.127077 0.305717 -0.131603
v 0.120589 0.286454 -0.118199
v 0.133015 0.304244 -0.127013
v 0.124186 0.286454 -0.114603
v 0.137606 0.305717 -0.121074
v 0.120589 0.190879 -0.118199
v 0.127077 0.171616 -0.131604
v 0.144345 0.157828 -0.142253
v 0.133015 0.173089 -0.127013
v 0.124186 0.190879 -0.114603
v 0.148273 0.157828 -0.138326
v 0.137606 0.171616 -0.121074
v 0.155585 0.147267 -0.161690
v 0.176255 0.145323 -0.174511
v 0.161886 0.149275 -0.155849
v 0.180565 0.145323 -0.170201
v 0.167728 0.147267 -0.149547
v 0.188161 0.147267 -0.195992
v 0.208064 0.157828 -0.206627
v 0.194949 0.149275 -0.188880
v 0.212709 0.157828 -0.201983
v 0.202061 0.147267 -0.182091
v 0.215713 0.171616 -0.224928
v 0.230009 0.190881 -0.228756
v 0.222964 0.173089 -0.216874
v 0.234851 0.190881 -0.223914
v 0.231018 0.171616 -0.209623
v 0.030755 0.286452 -0.324563
v 0.021774 0.305716 -0.312811
v 0.026903 0.319505 -0.293612
v 0.032431 0.304243 -0.310834
v 0.037590 0.286408 -0.323669
v 0.033415 0.319505 -0.292755
v 0.043279 0.305672 -0.309985
v 0.017662 0.330066 -0.273027
v 0.021394 0.332010 -0.248696
v 0.027382 0.328058 -0.271515
v 0.027436 0.332010 -0.247900
v 0.037152 0.330066 -0.270461
v 0.012902 0.330066 -0.225898
v 0.015936 0.319505 -0.203587
v 0.021464 0.328058 -0.225097
v 0.021443 0.319505 -0.202862
v 0.029928 0.330066 -0.223657
v 0.008829 0.305717 -0.184580
v 0.011944 0.286454 -0.169954
v 0.016340 0.304244 -0.184550
v 0.016987 0.286454 -0.169290
v 0.023593 0.305717 -0.182636
v 0.011944 0.190879 -0.169954
v 0.008829 0.171616 -0.184580
v 0.015936 0.157828 -0.203587
v 0.016340 0.173089 -0.184550
v 0.016987 0.190879 -0.169290
v 0.021443 0.157828 -0.202862
v 0.023593 0.171616 -0.182636
v 0.012902 0.147267 -0.225898
v 0.021394 0.145323 -0.248696
v 0.021464 0.149275 -0.225097
v 0.027436 0.145323 -0.247900
v 0.029928 0.147267 -0.223657
v 0.017662 0.147267 -0.273027
v 0.026903 0.157828 -0.293612
v 0.027382 0.149275 -0.271515
v 0.033415 0.157828 -0.292755
v 0.037152 0.147267 -0.270461
v 0.021774 0.171616 -0.312811
v 0.030755 0.190881 -0.324563
v 0.032431 0.173089 -0.310834
v 0.037543 0.190881 -0.323670
v 0.043233 0.171616 -0.309986
v -0.222802 0.286452 -0.253910
v -0.220805 0.305716 -0.239237
v -0.203532 0.319505 -0.229265
v -0.211869 0.304243 -0.245374
v -0.217336 0.286408 -0.258111
v -0.198321 0.319505 -0.233263
v -0.203600 0.305672 -0.252446
v -0.195420 0.330066 -0.208144
v -0.175454 0.332010 -0.193536
v -0.187471 0.328058 -0.213945
v -0.170619 0.332010 -0.197246
v -0.179824 0.330066 -0.220111
v -0.165213 0.330066 -0.171369
v -0.147147 0.319505 -0.157688
v -0.158584 0.328058 -0.176854
v -0.142740 0.319505 -0.161070
v -0.151590 0.330066 -0.181823
v -0.138598 0.305717 -0.139177
v -0.125929 0.286454 -0.130996
v -0.133258 0.304244 -0.144465
v -0.121893 0.286454 -0.134093
v -0.126784 0.305717 -0.148242
v -0.125929 0.190879 -0.130996
v -0.138598 0.171616 -0.139177
v -0.147147 0.157828 -0.157688
v -0.133258 0.173089 -0.144465
v -0.121893 0.190879 -0.134093
v -0.142740 0.157828 -0.161070
v -0.126784 0.171616 -0.148242
v -0.165213 0.147267 -0.171369
v -0.175454 0.145323 -0.193536
v -0.158583 0.149275 -0.176854
v -0.170619 0.145323 -0.197246
v -0.151590 0.147267 -0.181823
v -0.195478 0.147307 -0.208142
v -0.203590 0.157868 -0.229264
v -0.187471 0.149275 -0.213945
v -0.198321 0.157828 -0.233263
v -0.179824 0.147267 -0.220111
v -0.221777 0.172327 -0.239272
v -0.222816 0.190920 -0.253947
v -0.211869 0.173089 -0.245374
v -0.217370 0.190881 -0.258079
v -0.203633 0.171616 -0.252413
v -0.352146 0.286408 -0.024614
v -0.340320 0.305672 -0.015639
v -0.320974 0.319505 -0.020822
v -0.338327 0.304243 -0.026341
v -0.351240 0.286408 -0.031495
v -0.320117 0.319505 -0.027334
v -0.337483 0.305672 -0.037189
v -0.300212 0.330066 -0.011592
v -0.275642 0.332010 -0.015340
v -0.298687 0.328058 -0.021313
v -0.274847 0.332010 -0.021382
v -0.297647 0.330066 -0.031082
v -0.252602 0.330066 -0.006864
v -0.230008 0.319505 -0.009916
v -0.251783 0.328058 -0.015427
v -0.229283 0.319505 -0.015423
v -0.250361 0.330066 -0.023889
v -0.210740 0.305717 -0.002827
v -0.195872 0.286454 -0.005958
v -0.210696 0.304244 -0.010339
v -0.195208 0.286454 -0.011000
v -0.208796 0.305717 -0.017590
v -0.195872 0.190879 -0.005958
v -0.210740 0.171616 -0.002827
v -0.230008 0.157828 -0.009916
v -0.210696 0.173089 -0.010339
v -0.195208 0.190879 -0.011000
v -0.229283 0.157828 -0.015423
v -0.208796 0.171616 -0.017590
v -0.252602 0.147267 -0.006864
v -0.275642 0.145323 -0.015340
v -0.251783 0.149275 -0.015427
v -0.274846 0.145323 -0.021382
v -0.250361 0.147267 -0.023889
v -0.300252 0.147307 -0.011551
v -0.321014 0.157868 -0.020781
v -0.298687 0.149275 -0.021313
v -0.320145 0.157868 -0.027384
v -0.297674 0.147307 -0.031132
v -0.341023 0.172327 -0.015022
v -0.352170 0.190920 -0.024675
v -0.338327 0.173089 -0.026341
v -0.351280 0.190920 -0.031442
v -0.338003 0.172327 -0.037962
v -0.251456 0.286408 0.262458
v -0.237093 0.305672 0.258553
v -0.229345 0.319505 0.240071
v -0.244367 0.304243 0.250457
v -0.256346 0.286413 0.257615
v -0.234047 0.319465 0.235418
v -0.253395 0.305006 0.243124
v -0.209277 0.330066 0.229247
v -0.197148 0.332010 0.207511
v -0.216052 0.328058 0.222121
v -0.201457 0.332010 0.203202
v -0.223234 0.330026 0.215338
v -0.176251 0.330066 0.194431
v -0.164747 0.319505 0.174694
v -0.182535 0.328058 0.188572
v -0.168675 0.319505 0.170767
v -0.188393 0.330066 0.182289
v -0.147234 0.305717 0.163766
v -0.140521 0.286454 0.150104
v -0.153159 0.304244 0.159161
v -0.144117 0.286454 0.146507
v -0.157763 0.305717 0.153237
v -0.140521 0.190879 0.150104
v -0.147234 0.171616 0.163766
v -0.164747 0.157828 0.174694
v -0.153159 0.173089 0.159161
v -0.144117 0.190879 0.146507
v -0.168675 0.157828 0.170767
v -0.157763 0.171616 0.153237
v -0.176251 0.147267 0.194431
v -0.197148 0.145323 0.207511
v -0.182535 0.149275 0.188572
v -0.201457 0.145323 0.203202
v -0.188393 0.147267 0.182289
v -0.209268 0.147307 0.229304
v -0.229337 0.157868 0.240128
v -0.216052 0.149275 0.222121
v -0.234047 0.157868 0.235418
v -0.223234 0.147307 0.215338
v -0.237034 0.172327 0.259485
v -0.251520 0.190920 0.262441
v -0.244367 0.173089 0.250457
v -0.256346 0.190920 0.257615
v -0.253395 0.172327 0.243124
v 0.081575 0.286452 0.348121
v 0.085425 0.305716 0.333738
v 0.073433 0.319505 0.317800
v 0.074826 0.304243 0.335985
v 0.074917 0.286408 0.349910
v 0.067089 0.319505 0.319500
v 0.064475 0.305672 0.339358
v 0.074216 0.330066 0.295033
v 0.061623 0.332010 0.273694
v 0.064667 0.328058 0.297339
v 0.055737 0.332010 0.275271
v 0.055228 0.330066 0.300121
v 0.060913 0.330066 0.249091
v 0.049768 0.319505 0.229298
v 0.052709 0.328058 0.251605
v 0.044403 0.319505 0.230736
v 0.044326 0.330066 0.253535
v 0.049242 0.305717 0.208704
v 0.040936 0.286454 0.196092
v 0.042301 0.304244 0.211534
v 0.036022 0.286454 0.197409
v 0.034859 0.305717 0.212558
v 0.040936 0.190879 0.196092
v 0.049242 0.171616 0.208704
v 0.049768 0.157828 0.229298
v 0.042301 0.173089 0.211534
v 0.036022 0.190879 0.197409
v 0.044403 0.157828 0.230736
v 0.034859 0.171616 0.212558
v 0.060913 0.147267 0.249091
v 0.061623 0.145323 0.273694
v 0.052709 0.149275 0.251605
v 0.055737 0.145323 0.275271
v 0.044326 0.147267 0.253535
v 0.074270 0.147307 0.295054
v 0.073486 0.157868 0.317822
v 0.064667 0.149275 0.297339
v 0.067089 0.157828 0.319500
v 0.055228 0.147267 0.300121
v 0.086305 0.172327 0.334146
v 0.081574 0.190920 0.348160
v 0.074826 0.173089 0.335984
v 0.074917 0.190925 0.349910
v 0.064475 0.171661 0.339358
v 0.288793 0.286452 0.185814
v 0.281383 0.305716 0.172934
v 0.261703 0.319505 0.170168
v 0.275479 0.304243 0.182018
v 0.285351 0.286408 0.191786
v 0.258419 0.319505 0.175856
v 0.270542 0.305672 0.191721
v 0.246249 0.330066 0.153546
v 0.222378 0.332010 0.147403
v 0.241134 0.328058 0.161931
v 0.219331 0.332010 0.152681
v 0.236420 0.330066 0.170570
v 0.204603 0.330066 0.130550
v 0.182873 0.319505 0.124485
v 0.200589 0.328058 0.138133
v 0.180095 0.319505 0.129295
v 0.196017 0.330066 0.145422
v 0.168072 0.305717 0.110340
v 0.153405 0.286454 0.107338
v 0.165173 0.304244 0.117251
v 0.150862 0.286454 0.111743
v 0.160627 0.305717 0.123235
v 0.153405 0.190879 0.107338
v 0.168072 0.171616 0.110340
v 0.182873 0.157828 0.124485
v 0.165173 0.173089 0.117251
v 0.150862 0.190879 0.111743
v 0.180095 0.157828 0.129295
v 0.160627 0.171616 0.123235
v 0.204603 0.147267 0.130550
v 0.222378 0.145323 0.147403
v 0.200589 0.149275 0.138133
v 0.219331 0.145323 0.152681
v 0.196017 0.147267 0.145422
v 0.246301 0.147307 0.153523
v 0.261756 0.157868 0.170145
v 0.241134 0.149275 0.161931
v 0.258419 0.157828 0.175856
v 0.236420 0.147267 0.170570
v 0.282291 0.172327 0.172600
v 0.288820 0.190920 0.185842
v 0.275479 0.173089 0.182018
v 0.285369 0.190881 0.191744
v 0.270561 0.171616 0.191679
v 0.326260 0.209915 -0.084520
v 0.330489 0.225895 -0.078078
v 0.328220 0.210508 -0.073978
v 0.332236 0.225895 -0.071559
v 0.331793 0.209915 -0.063869
v 0.330489 0.251438 -0.078078
v 0.326260 0.267418 -0.084520
v 0.328220 0.266825 -0.073978
v 0.332259 0.251393 -0.071488
v 0.332172 0.266658 -0.062564
v 0.229937 0.209875 -0.239823
v 0.237242 0.225895 -0.236038
v 0.237392 0.210508 -0.231296
v 0.242135 0.225895 -0.231144
v 0.245920 0.209875 -0.223840
v 0.237242 0.251438 -0.236038
v 0.229937 0.267457 -0.239823
v 0.237392 0.266825 -0.231296
v 0.242135 0.251438 -0.231144
v 0.245920 0.267457 -0.223840
v 0.023947 0.209875 -0.333305
v 0.032045 0.225895 -0.334750
v 0.035054 0.210508 -0.331078
v 0.038907 0.225895 -0.333846
v 0.046358 0.209875 -0.330354
v 0.032045 0.251438 -0.334750
v 0.023947 0.267457 -0.333305
v 0.035054 0.266825 -0.331078
v 0.038897 0.251393 -0.333857
v 0.047111 0.266658 -0.330361
v -0.233373 0.209915 -0.255717
v -0.229045 0.225895 -0.262088
v -0.224384 0.210508 -0.261562
v -0.223619 0.225895 -0.266245
v -0.215879 0.209875 -0.269043
v -0.229110 0.251438 -0.262031
v -0.233812 0.267457 -0.255283
v -0.224384 0.266825 -0.261562
v -0.223633 0.251393 -0.266245
v -0.215351 0.266658 -0.269581
v -0.360902 0.209915 -0.018467
v -0.362348 0.225895 -0.026034
v -0.358678 0.210508 -0.028957
v -0.361468 0.225895 -0.032725
v -0.358112 0.209915 -0.039664
v -0.362362 0.251393 -0.025960
v -0.361107 0.266658 -0.017124
v -0.358678 0.266825 -0.028957
v -0.361461 0.251393 -0.032800
v -0.357962 0.266658 -0.041014
v -0.251928 0.209915 0.273143
v -0.258814 0.225895 0.269683
v -0.258896 0.210508 0.264993
v -0.263586 0.225895 0.264911
v -0.267046 0.209915 0.258025
v -0.258764 0.251393 0.269739
v -0.250987 0.266658 0.274123
v -0.258896 0.266825 0.264993
v -0.263586 0.251438 0.264911
v -0.267046 0.267418 0.258025
v 0.090617 0.209915 0.353860
v 0.084175 0.225895 0.358094
v 0.080075 0.210508 0.355820
v 0.077585 0.225939 0.359863
v 0.068661 0.210675 0.359772
v 0.084257 0.251438 0.358066
v 0.091188 0.267457 0.353627
v 0.080075 0.266825 0.355820
v 0.077585 0.251393 0.359863
v 0.068661 0.266658 0.359772
v 0.299230 0.209915 0.183474
v 0.297666 0.225895 0.191021
v 0.293162 0.210508 0.192313
v 0.294244 0.225895 0.196937
v 0.288167 0.209875 0.202480
v 0.297704 0.251438 0.190944
v 0.299469 0.267457 0.182905
v 0.293162 0.266825 0.192313
v 0.294258 0.251393 0.196932
v 0.287885 0.266658 0.203179
v 0.157352 0.251271 -0.031504
v 0.155067 0.242809 -0.035214
v 0.157761 0.238666 -0.031619
v 0.158253 0.242718 -0.029239
v 0.158613 0.251271 -0.026801
v 0.159016 0.238666 -0.026936
v 0.158481 0.242809 -0.022471
v 0.155066 0.234524 -0.035214
v 0.157352 0.226062 -0.031504
v 0.158253 0.234615 -0.029239
v 0.158613 0.226062 -0.026801
v 0.158481 0.234524 -0.022471
v 0.111291 0.251271 -0.108764
v 0.107468 0.242809 -0.110829
v 0.111601 0.238666 -0.109062
v 0.113215 0.242718 -0.107247
v 0.114734 0.251271 -0.105321
v 0.115029 0.238666 -0.105633
v 0.116797 0.242809 -0.101500
v 0.107468 0.234524 -0.110829
v 0.111291 0.226062 -0.108764
v 0.113215 0.234615 -0.107247
v 0.114734 0.226062 -0.105321
v 0.116797 0.234524 -0.101500
v 0.010418 0.251271 -0.156764
v 0.006142 0.242809 -0.156069
v 0.010499 0.238666 -0.157182
v 0.012882 0.242718 -0.156726
v 0.015245 0.251271 -0.156129
v 0.015306 0.238666 -0.156549
v 0.019222 0.242809 -0.154347
v 0.006142 0.234524 -0.156069
v 0.010418 0.226062 -0.156764
v 0.012882 0.234615 -0.156726
v 0.015245 0.226062 -0.156129
v 0.019222 0.234524 -0.154347
v -0.117551 0.251271 -0.120546
v -0.120065 0.242809 -0.117025
v -0.117769 0.238666 -0.120892
v -0.115764 0.242718 -0.122255
v -0.113688 0.251271 -0.123510
v -0.113922 0.238666 -0.123844
v -0.109598 0.242809 -0.125056
v -0.120065 0.234524 -0.117025
v -0.117551 0.226062 -0.120546
v -0.115764 0.234615 -0.122255
v -0.113688 0.226062 -0.123510
v -0.109598 0.234524 -0.125056
v -0.182429 0.251271 -0.004448
v -0.181699 0.242809 -0.000174
v -0.182807 0.238666 -0.004531
v -0.182356 0.242718 -0.006915
v -0.181794 0.251271 -0.009275
v -0.182174 0.238666 -0.009339
v -0.179977 0.242809 -0.013255
v -0.181699 0.234524 -0.000174
v -0.182429 0.226062 -0.004448
v -0.182356 0.234615 -0.006915
v -0.181794 0.226062 -0.009275
v -0.179977 0.234524 -0.013255
v -0.130986 0.251271 0.140399
v -0.127130 0.242809 0.142427
v -0.131258 0.238666 0.140654
v -0.132877 0.242718 0.138845
v -0.134429 0.251271 0.136956
v -0.134687 0.238666 0.137226
v -0.136459 0.242809 0.133098
v -0.127130 0.234524 0.142427
v -0.130986 0.226062 0.140399
v -0.132877 0.234615 0.138845
v -0.134429 0.226062 0.136956
v -0.136459 0.234524 0.133098
v 0.037474 0.251271 0.183017
v 0.041182 0.242809 0.180697
v 0.037587 0.238666 0.183386
v 0.035207 0.242718 0.183883
v 0.032771 0.251271 0.184278
v 0.032903 0.238666 0.184641
v 0.028439 0.242809 0.184111
v 0.041182 0.234524 0.180697
v 0.037474 0.226062 0.183017
v 0.035207 0.234615 0.183883
v 0.032771 0.226062 0.184278
v 0.028439 0.234524 0.184111
v 0.141842 0.251271 0.100584
v 0.142841 0.242809 0.096327
v 0.142203 0.238666 0.100773
v 0.140869 0.242718 0.102806
v 0.139408 0.251271 0.104801
v 0.139779 0.238666 0.104972
v 0.136244 0.242809 0.107753
v 0.142841 0.234524 0.096327
v 0.141842 0.226062 0.100584
v 0.140869 0.234615 0.102806
v 0.139408 0.226062 0.104801
v 0.136244 0.234524 0.107753
v 0.159289 0.267440 -0.036449
v 0.162399 0.266808 -0.030299
v 0.162782 0.267440 -0.023415
v 0.159289 0.209892 -0.036449
v 0.162399 0.210525 -0.030299
v 0.162782 0.209892 -0.023415
v 0.110465 0.267440 -0.114030
v 0.116235 0.266808 -0.110259
v 0.120006 0.267440 -0.104488
v 0.110465 0.209892 -0.114030
v 0.116235 0.210525 -0.110259
v 0.120006 0.209892 -0.104488
v 0.006517 0.267440 -0.160455
v 0.013392 0.266808 -0.160975
v 0.019895 0.267440 -0.158694
v 0.006517 0.209892 -0.160455
v 0.013392 0.210525 -0.160975
v 0.019895 0.209892 -0.158694
v -0.122969 0.267440 -0.120414
v -0.118472 0.266808 -0.125642
v -0.112263 0.267440 -0.128629
v -0.122969 0.209892 -0.120414
v -0.118472 0.210525 -0.125642
v -0.112263 0.209892 -0.128628
v -0.186215 0.267440 -0.000540
v -0.186729 0.266808 -0.007416
v -0.184454 0.267440 -0.013919
v -0.186215 0.209892 -0.000540
v -0.186729 0.210525 -0.007416
v -0.184454 0.209892 -0.013919
v -0.130248 0.267440 0.145766
v -0.136013 0.266808 0.141989
v -0.139790 0.267440 0.136224
v -0.130248 0.209892 0.145766
v -0.136013 0.210525 0.141989
v -0.139790 0.209892 0.136224
v 0.042425 0.267440 0.185049
v 0.036275 0.266808 0.188154
v 0.029391 0.267440 0.188541
v 0.042425 0.209892 0.185049
v 0.036275 0.210525 0.188154
v 0.029391 0.209892 0.188541
v 0.146731 0.267440 0.098503
v 0.144580 0.266808 0.105048
v 0.139984 0.267440 0.110189
v 0.146731 0.209892 0.098503
v 0.144580 0.210525 0.105048
v 0.139984 0.209892 0.110189
v 0.328580 0.238666 -0.077743
v 0.326800 0.239269 -0.086120
v 0.329346 0.240476 -0.077845
v 0.329243 0.239280 -0.074251
v 0.330415 0.238666 -0.070895
v 0.331129 0.240476 -0.071190
v 0.333062 0.239269 -0.062750
v 0.329346 0.236857 -0.077845
v 0.326800 0.238064 -0.086120
v 0.329243 0.238053 -0.074251
v 0.331129 0.236857 -0.071190
v 0.333062 0.238064 -0.062750
v 0.235889 0.238666 -0.234678
v 0.230677 0.239294 -0.240598
v 0.236424 0.240477 -0.235216
v 0.238141 0.239280 -0.232044
v 0.240775 0.238666 -0.229792
v 0.241313 0.240477 -0.230327
v 0.246695 0.239294 -0.224580
v 0.236424 0.236855 -0.235216
v 0.230677 0.238039 -0.240598
v 0.238141 0.238053 -0.232044
v 0.241313 0.236855 -0.230327
v 0.246695 0.238039 -0.224580
v 0.031800 0.238666 -0.332847
v 0.024061 0.239294 -0.334371
v 0.031897 0.240477 -0.333600
v 0.035190 0.239280 -0.332128
v 0.038695 0.238665 -0.331936
v 0.038740 0.240476 -0.332699
v 0.047233 0.239268 -0.331265
v 0.031897 0.236855 -0.333600
v 0.024061 0.238039 -0.334371
v 0.035190 0.238053 -0.332128
v 0.038752 0.236855 -0.332697
v 0.046564 0.238038 -0.331405
v -0.227971 0.238668 -0.260483
v -0.234520 0.239295 -0.256088
v -0.228401 0.240477 -0.261114
v -0.225032 0.239280 -0.262402
v -0.222417 0.238665 -0.264744
v -0.222926 0.240476 -0.265316
v -0.215906 0.239268 -0.270307
v -0.228392 0.236857 -0.261121
v -0.235029 0.238065 -0.255633
v -0.225032 0.238053 -0.262402
v -0.222916 0.236855 -0.265323
v -0.216477 0.238038 -0.269933
v -0.360457 0.238666 -0.025613
v -0.362018 0.239269 -0.017192
v -0.361203 0.240476 -0.025812
v -0.359733 0.239280 -0.029093
v -0.359531 0.238666 -0.032642
v -0.360304 0.240476 -0.032643
v -0.358860 0.239269 -0.041180
v -0.361203 0.236857 -0.025812
v -0.362018 0.238064 -0.017192
v -0.359733 0.238053 -0.029093
v -0.360304 0.236857 -0.032643
v -0.358860 0.238064 -0.041180
v -0.257328 0.238666 0.268439
v -0.251599 0.239269 0.274804
v -0.257941 0.240476 0.268910
v -0.259649 0.239280 0.265746
v -0.262342 0.238666 0.263425
v -0.262813 0.240476 0.264038
v -0.268707 0.239269 0.257696
v -0.257941 0.236857 0.268910
v -0.251599 0.238064 0.274804
v -0.259649 0.238053 0.265746
v -0.262813 0.236857 0.264038
v -0.268707 0.238064 0.257696
v 0.083798 0.238668 0.356199
v 0.091530 0.239295 0.354646
v 0.083954 0.240477 0.356947
v 0.080348 0.239280 0.356848
v 0.076992 0.238666 0.358020
v 0.077287 0.240476 0.358734
v 0.068848 0.239269 0.360667
v 0.083942 0.236857 0.356950
v 0.092175 0.238065 0.354420
v 0.080348 0.238053 0.356848
v 0.077287 0.236857 0.358734
v 0.068848 0.238064 0.360667
v 0.296060 0.238668 0.189948
v 0.300429 0.239295 0.183382
v 0.296699 0.240477 0.190367
v 0.294079 0.239280 0.192846
v 0.292560 0.238665 0.196011
v 0.293248 0.240476 0.196344
v 0.288673 0.239268 0.203642
v 0.296693 0.236857 0.190378
v 0.300725 0.238065 0.182767
v 0.294079 0.238053 0.192846
v 0.293242 0.236855 0.196355
v 0.289058 0.238038 0.203078
v 0.328939 0.233881 -0.085300
v 0.330905 0.233985 -0.074696
v 0.334505 0.233881 -0.064530
v 0.328939 0.243452 -0.085300
v 0.330905 0.243348 -0.074696
v 0.334528 0.243407 -0.064459
v 0.231892 0.233880 -0.241867
v 0.239358 0.233985 -0.233260
v 0.247964 0.233880 -0.225794
v 0.231892 0.243453 -0.241867
v 0.239358 0.243348 -0.233260
v 0.247964 0.243453 -0.225794
v 0.024252 0.233880 -0.336117
v 0.035415 0.233985 -0.333834
v 0.046788 0.233880 -0.333150
v 0.024252 0.243453 -0.336117
v 0.035415 0.243348 -0.333834
v 0.046259 0.243407 -0.333263
v -0.235124 0.233881 -0.257893
v -0.226079 0.233985 -0.263767
v -0.217554 0.233880 -0.271325
v -0.235587 0.243453 -0.257488
v -0.226079 0.243348 -0.263767
v -0.218008 0.243407 -0.271031
v -0.363681 0.233881 -0.018768
v -0.361438 0.233985 -0.029318
v -0.360874 0.233881 -0.040088
v -0.363694 0.243407 -0.018695
v -0.361438 0.243348 -0.029318
v -0.360868 0.243407 -0.040162
v -0.253861 0.233881 0.275163
v -0.260865 0.233985 0.266962
v -0.269066 0.233881 0.259958
v -0.253811 0.243407 0.275218
v -0.260865 0.243348 0.266962
v -0.269066 0.243452 0.259958
v 0.091397 0.233881 0.356544
v 0.080793 0.233985 0.358509
v 0.070556 0.233926 0.362132
v 0.091980 0.243453 0.356347
v 0.080793 0.243348 0.358509
v 0.070556 0.243407 0.362132
v 0.301677 0.233881 0.184818
v 0.295569 0.233985 0.193706
v 0.290585 0.233880 0.203952
v 0.301950 0.243453 0.184267
v 0.295569 0.243348 0.193706
v 0.290892 0.243407 0.203507
v 0.337863 0.250104 -0.050389
v 0.328173 0.286661 -0.046174
v 0.297374 0.321155 -0.041029
v 0.324926 0.251699 -0.097731
v 0.315954 0.286032 -0.096191
v 0.285381 0.320462 -0.088170
v 0.252445 0.333916 -0.032529
v 0.241745 0.333916 -0.072465
v 0.207001 0.321155 -0.024031
v 0.198031 0.321155 -0.057506
v 0.173090 0.287430 -0.017768
v 0.165427 0.287430 -0.046365
v 0.152603 0.251528 -0.041990
v 0.159743 0.251528 -0.015344
v 0.159743 0.225805 -0.015344
v 0.173089 0.189903 -0.017768
v 0.207001 0.156178 -0.024031
v 0.165427 0.189903 -0.046365
v 0.198031 0.156178 -0.057506
v 0.152604 0.225805 -0.041990
v 0.252445 0.143417 -0.032529
v 0.241745 0.143417 -0.072465
v 0.298173 0.156871 -0.040430
v 0.285381 0.156871 -0.088170
v 0.328711 0.191301 -0.048582
v 0.315954 0.191301 -0.096191
v 0.337257 0.225634 -0.051712
v 0.324926 0.225634 -0.097731
v 0.258393 0.251699 -0.214426
v 0.250638 0.287428 -0.207667
v 0.227225 0.321155 -0.187303
v 0.213787 0.287388 -0.244569
v 0.193362 0.321116 -0.221201
v 0.220595 0.251699 -0.252247
v 0.192701 0.333916 -0.157410
v 0.163466 0.333916 -0.186646
v 0.157769 0.321155 -0.127243
v 0.133264 0.321155 -0.151748
v 0.131701 0.287430 -0.104779
v 0.110767 0.287430 -0.125714
v 0.101935 0.251528 -0.115471
v 0.121441 0.251528 -0.095965
v 0.121441 0.225805 -0.095965
v 0.131701 0.189903 -0.104779
v 0.157769 0.156178 -0.127243
v 0.110767 0.189903 -0.125714
v 0.133264 0.156178 -0.151748
v 0.101935 0.225805 -0.115471
v 0.192701 0.143417 -0.157410
v 0.163466 0.143417 -0.186646
v 0.227225 0.156178 -0.187303
v 0.193385 0.156178 -0.221142
v 0.250638 0.189905 -0.207667
v 0.213762 0.189905 -0.244543
v 0.220524 0.225634 -0.252295
v 0.258393 0.225634 -0.214426
v 0.060483 0.250104 -0.330974
v 0.060743 0.286661 -0.320392
v 0.053860 0.321155 -0.289949
v 0.008253 0.287428 -0.327198
v 0.006413 0.321155 -0.296195
v 0.008885 0.251699 -0.337470
v 0.044841 0.333916 -0.245145
v 0.003849 0.333916 -0.250542
v 0.035716 0.321155 -0.199853
v 0.001356 0.321155 -0.204377
v 0.028926 0.287430 -0.166074
v -0.000427 0.287430 -0.169938
v -0.001089 0.251528 -0.156390
v 0.026262 0.251528 -0.152789
v 0.026262 0.225805 -0.152789
v 0.028926 0.189903 -0.166074
v 0.035716 0.156178 -0.199853
v -0.000427 0.189903 -0.169938
v 0.001356 0.156178 -0.204377
v -0.001089 0.225805 -0.156390
v 0.044841 0.143417 -0.245145
v 0.003849 0.143417 -0.250542
v 0.053860 0.156178 -0.289949
v 0.006359 0.156217 -0.296227
v 0.059957 0.189905 -0.320391
v 0.008256 0.189944 -0.327234
v 0.008971 0.225634 -0.337475
v 0.061982 0.225634 -0.330479
v -0.206365 0.250104 -0.279487
v -0.198649 0.286661 -0.272167
v -0.181891 0.321155 -0.245739
v -0.240620 0.287383 -0.239829
v -0.219859 0.321155 -0.216606
v -0.247413 0.251654 -0.247587
v -0.156377 0.333916 -0.207609
v -0.189179 0.333916 -0.182440
v -0.130530 0.321155 -0.169038
v -0.158024 0.321155 -0.147941
v -0.111182 0.287430 -0.140262
v -0.134670 0.287430 -0.122238
v -0.125424 0.251528 -0.112145
v -0.103538 0.251528 -0.128938
v -0.103538 0.225805 -0.128938
v -0.111182 0.189903 -0.140262
v -0.130530 0.156178 -0.169038
v -0.134670 0.189903 -0.122238
v -0.158024 0.156178 -0.147941
v -0.125424 0.225805 -0.112145
v -0.156377 0.143417 -0.207609
v -0.189179 0.143417 -0.182440
v -0.181891 0.156178 -0.245739
v -0.220860 0.156871 -0.216618
v -0.199205 0.189905 -0.271610
v -0.240270 0.191301 -0.241725
v -0.204922 0.225634 -0.280180
v -0.245162 0.225634 -0.249416
v -0.358647 0.250104 -0.054390
v -0.347967 0.286661 -0.054648
v -0.317332 0.321155 -0.047777
v -0.355014 0.286621 -0.001396
v -0.323611 0.321116 -0.000276
v -0.365240 0.250104 -0.004306
v -0.272118 0.333916 -0.038785
v -0.277515 0.333916 0.002207
v -0.226294 0.321155 -0.029695
v -0.230817 0.321155 0.004665
v -0.192001 0.287430 -0.022938
v -0.195865 0.287430 0.006414
v -0.182056 0.251528 0.007059
v -0.178455 0.251528 -0.020291
v -0.178455 0.225805 -0.020291
v -0.192001 0.189903 -0.022938
v -0.226294 0.156178 -0.029695
v -0.195865 0.189903 0.006414
v -0.230817 0.156178 0.004665
v -0.182056 0.225805 0.007059
v -0.272118 0.143417 -0.038785
v -0.277515 0.143417 0.002207
v -0.317846 0.156871 -0.048633
v -0.324297 0.156871 0.000369
v -0.349475 0.191301 -0.052576
v -0.355909 0.191301 -0.003710
v -0.358603 0.225634 -0.052930
v -0.364821 0.225634 -0.005695
v -0.272060 0.286032 0.243300
v -0.249520 0.320462 0.220655
v -0.234785 0.286621 0.278867
v -0.214663 0.321116 0.254667
v -0.243375 0.250104 0.285188
v -0.277916 0.251699 0.250320
v -0.213618 0.333916 0.190439
v -0.184383 0.333916 0.219674
v -0.178189 0.321155 0.159704
v -0.153683 0.321155 0.184209
v -0.151641 0.287430 0.136694
v -0.130707 0.287430 0.157629
v -0.121631 0.251528 0.147108
v -0.141137 0.251528 0.127601
v -0.141137 0.225805 0.127601
v -0.151641 0.189903 0.136694
v -0.178189 0.156178 0.159704
v -0.130707 0.189903 0.157629
v -0.153683 0.156178 0.184209
v -0.121631 0.225805 0.147108
v -0.213618 0.143417 0.190439
v -0.184383 0.143417 0.219674
v -0.249520 0.156871 0.220655
v -0.214572 0.156871 0.255603
v -0.272060 0.191301 0.243300
v -0.237209 0.191301 0.278152
v -0.277916 0.225634 0.250320
v -0.244228 0.225634 0.284008
v 0.056482 0.250104 0.365535
v 0.052217 0.286631 0.355757
v 0.047112 0.321155 0.324757
v 0.103380 0.287388 0.341984
v 0.093400 0.321116 0.312380
v 0.106618 0.251699 0.351754
v 0.038585 0.333916 0.279418
v 0.078521 0.333916 0.268717
v 0.030052 0.321155 0.233441
v 0.063527 0.321155 0.224472
v 0.023755 0.287430 0.199017
v 0.052353 0.287430 0.191354
v 0.047960 0.251528 0.178270
v 0.021314 0.251528 0.185410
v 0.021314 0.225805 0.185410
v 0.023755 0.189903 0.199017
v 0.030052 0.156178 0.233441
v 0.052353 0.189903 0.191354
v 0.063527 0.156178 0.224472
v 0.047960 0.225805 0.178270
v 0.038585 0.143417 0.279418
v 0.078521 0.143417 0.268717
v 0.047112 0.156178 0.324757
v 0.094253 0.156871 0.312769
v 0.052217 0.190702 0.355757
v 0.102282 0.191301 0.343604
v 0.056482 0.227228 0.365535
v 0.103823 0.225634 0.352607
v 0.283313 0.250104 0.215849
v 0.273462 0.286661 0.211928
v 0.248000 0.321155 0.193695
v 0.299837 0.287428 0.166038
v 0.271928 0.321155 0.152250
v 0.309081 0.251699 0.170588
v 0.210121 0.333916 0.167737
v 0.230794 0.333916 0.131931
v 0.171851 0.321155 0.141352
v 0.189179 0.321155 0.111339
v 0.143320 0.287430 0.121552
v 0.158123 0.287430 0.095913
v 0.145899 0.251528 0.089812
v 0.132106 0.251528 0.113702
v 0.132106 0.225805 0.113702
v 0.143320 0.189903 0.121552
v 0.171851 0.156178 0.141352
v 0.158123 0.189903 0.095913
v 0.189179 0.156178 0.111339
v 0.145899 0.225805 0.089812
v 0.210121 0.143417 0.167737
v 0.230794 0.143417 0.131931
v 0.248000 0.156178 0.193695
v 0.272854 0.156871 0.151883
v 0.273762 0.189905 0.211201
v 0.300203 0.191301 0.167960
v 0.282303 0.225634 0.216967
v 0.307643 0.225634 0.173230
v 0.336395 0.236841 -0.050117
v 0.323381 0.236841 -0.098686
v 0.323381 0.240491 -0.098686
v 0.336395 0.240491 -0.050118
v 0.257503 0.236818 -0.213651
v 0.219748 0.236819 -0.251406
v 0.257503 0.240514 -0.213651
v 0.219751 0.240513 -0.251403
v 0.061748 0.236818 -0.329322
v 0.008816 0.236820 -0.336292
v 0.008811 0.240514 -0.336292
v 0.060172 0.240491 -0.329514
v -0.204269 0.236818 -0.279197
v -0.245443 0.236841 -0.247625
v -0.246626 0.240513 -0.246696
v -0.205552 0.240491 -0.278235
v -0.357187 0.236841 -0.054080
v -0.363750 0.236841 -0.004227
v -0.363750 0.240491 -0.004228
v -0.357187 0.240491 -0.054079
v -0.277961 0.236841 0.248498
v -0.242406 0.236841 0.284054
v -0.242406 0.240491 0.284053
v -0.277961 0.240491 0.248498
v 0.056210 0.236841 0.364067
v 0.104779 0.236841 0.351053
v 0.106308 0.240513 0.350601
v 0.056210 0.240491 0.364067
v 0.281324 0.236818 0.216309
v 0.307224 0.236841 0.171457
v 0.308020 0.240514 0.170069
v 0.282083 0.240491 0.215003
v 0.160150 0.238666 -0.015454
v 0.153002 0.238666 -0.042129
v 0.121752 0.238666 -0.096256
v 0.102224 0.238666 -0.115784
v 0.026348 0.238666 -0.153202
v -0.001033 0.238666 -0.156807
v -0.103748 0.238666 -0.129284
v -0.125658 0.238666 -0.112472
v -0.178827 0.238666 -0.020380
v -0.182432 0.238666 0.007000
v -0.141409 0.238666 0.127849
v -0.121881 0.238666 0.147377
v 0.021421 0.238666 0.185775
v 0.048097 0.238666 0.178627
v 0.132461 0.238666 0.113892
v 0.146270 0.238666 0.089975
v 0.321766 0.238666 -0.101404
v 0.336344 0.238666 -0.046997
v 0.219196 0.238665 -0.250852
v 0.256921 0.238666 -0.213143
v 0.008710 0.238668 -0.335517
v 0.062341 0.238625 -0.328412
v -0.246722 0.238707 -0.245568
v -0.203206 0.238625 -0.278973
v -0.363212 0.238665 -0.001093
v -0.355864 0.238666 -0.056990
v -0.239553 0.238665 0.285551
v -0.279483 0.238666 0.245606
v 0.106829 0.238707 0.349596
v 0.052989 0.238666 0.363955
v 0.307659 0.238708 0.169044
v 0.280256 0.238625 0.216508
v 0.320435 0.306106 -0.004892
v 0.280801 0.330735 -0.002337
v 0.232815 0.330735 0.000550
v 0.190736 0.306208 0.003019
v 0.190736 0.171125 0.003019
v 0.232815 0.146598 0.000550
v 0.280874 0.146684 -0.002452
v 0.251377 0.330648 -0.112537
v 0.208154 0.330735 -0.091484
v 0.170365 0.306208 -0.073008
v 0.170365 0.171125 -0.073008
v 0.208154 0.146598 -0.091484
v 0.251376 0.146684 -0.112537
v 0.265383 0.306119 -0.167400
v 0.232278 0.330730 -0.145477
v 0.192321 0.330735 -0.118908
v 0.157298 0.306208 -0.095640
v 0.157298 0.171125 -0.095640
v 0.192321 0.146598 -0.118908
v 0.232278 0.146603 -0.145477
v 0.265383 0.171214 -0.167400
v 0.151507 0.330648 -0.226328
v 0.124947 0.330735 -0.186282
v 0.101643 0.306208 -0.151295
v 0.101643 0.171125 -0.151295
v 0.124947 0.146598 -0.186282
v 0.151553 0.146598 -0.226200
v 0.173551 0.171125 -0.259174
v 0.118716 0.330648 -0.245282
v 0.097431 0.330735 -0.202161
v 0.078921 0.306208 -0.164395
v 0.078921 0.171125 -0.164395
v 0.097431 0.146598 -0.202161
v 0.118582 0.146598 -0.245258
v 0.136062 0.171125 -0.280827
v 0.096090 0.306023 -0.297467
v 0.083399 0.330730 -0.259815
v 0.068082 0.330735 -0.214325
v 0.054695 0.306208 -0.174447
v 0.054695 0.171125 -0.174447
v 0.068082 0.146598 -0.214325
v 0.083392 0.146598 -0.259814
v 0.096063 0.171125 -0.297387
v -0.032651 0.306119 -0.314375
v -0.029793 0.330730 -0.274717
v -0.026384 0.330735 -0.226761
v -0.023339 0.306208 -0.184720
v -0.023339 0.171125 -0.184720
v -0.026384 0.146598 -0.226761
v -0.029901 0.146684 -0.274787
v -0.067669 0.330648 -0.269820
v -0.057882 0.330735 -0.222609
v -0.049341 0.306208 -0.181281
v -0.049341 0.171125 -0.181281
v -0.057882 0.146598 -0.222609
v -0.067454 0.146684 -0.269863
v -0.104365 0.330648 -0.259988
v -0.088670 0.330735 -0.214359
v -0.074767 0.306208 -0.174468
v -0.074767 0.171125 -0.174468
v -0.088670 0.146598 -0.214359
v -0.104437 0.146603 -0.259882
v -0.117298 0.171214 -0.297539
v -0.157416 0.306023 -0.280940
v -0.139613 0.330730 -0.245291
v -0.118024 0.330735 -0.202207
v -0.099004 0.306208 -0.164446
v -0.099004 0.171125 -0.164446
v -0.118024 0.146598 -0.202207
v -0.139618 0.146598 -0.245284
v -0.157378 0.171125 -0.280864
v -0.260495 0.306023 -0.201789
v -0.230189 0.330730 -0.175789
v -0.193615 0.330735 -0.144203
v -0.161448 0.306208 -0.116532
v -0.161448 0.171125 -0.116532
v -0.193615 0.146598 -0.144203
v -0.230177 0.146689 -0.175925
v -0.253510 0.330648 -0.145544
v -0.212951 0.330735 -0.118995
v -0.177401 0.306208 -0.095714
v -0.177401 0.171125 -0.095714
v -0.212951 0.146598 -0.118995
v -0.253510 0.146689 -0.145552
v -0.272505 0.330648 -0.112644
v -0.228888 0.330735 -0.091391
v -0.190563 0.306208 -0.072918
v -0.190563 0.171125 -0.072918
v -0.228888 0.146598 -0.091391
v -0.272512 0.146689 -0.112640
v -0.324986 0.306023 -0.089998
v -0.287036 0.330730 -0.077327
v -0.241051 0.330735 -0.062042
v -0.200615 0.306208 -0.048692
v -0.200615 0.171125 -0.048692
v -0.241051 0.146598 -0.062042
v -0.287149 0.146689 -0.077248
v -0.302009 0.330648 0.035973
v -0.253488 0.330735 0.032424
v -0.210888 0.306208 0.029343
v -0.210888 0.171125 0.029343
v -0.253488 0.146598 0.032424
v -0.302023 0.146684 0.035753
v -0.297086 0.330648 0.073526
v -0.249336 0.330735 0.063922
v -0.207449 0.306208 0.055344
v -0.207449 0.171125 0.055344
v -0.249335 0.146598 0.063922
v -0.296990 0.146603 0.073612
v -0.336278 0.171310 0.081563
v -0.325112 0.306017 0.123295
v -0.287105 0.330730 0.110509
v -0.241086 0.330735 0.094710
v -0.200636 0.306208 0.080770
v -0.200636 0.171125 0.080770
v -0.241086 0.146598 0.094710
v -0.287100 0.146598 0.110515
v -0.325012 0.171227 0.123382
v -0.308325 0.306017 0.163819
v -0.272481 0.330730 0.145813
v -0.228888 0.330735 0.124158
v -0.190563 0.306208 0.105088
v -0.190563 0.171125 0.105088
v -0.228888 0.146598 0.124158
v -0.272481 0.146603 0.145813
v -0.308325 0.171316 0.163819
v -0.253427 0.330648 0.178912
v -0.213008 0.330735 0.151674
v -0.177463 0.306208 0.127811
v -0.177463 0.171125 0.127811
v -0.213008 0.146598 0.151674
v -0.253427 0.146684 0.178912
v -0.172657 0.330648 0.259622
v -0.145634 0.330735 0.219048
v -0.121808 0.306208 0.183466
v -0.121808 0.171125 0.183466
v -0.145634 0.146598 0.219048
v -0.172840 0.146684 0.259500
v -0.139867 0.330648 0.278578
v -0.118118 0.330735 0.234928
v -0.099085 0.306208 0.196566
v -0.099085 0.171125 0.196566
v -0.118118 0.146598 0.234928
v -0.139741 0.146603 0.278554
v -0.157622 0.171214 0.314447
v -0.117527 0.305960 0.331107
v -0.104450 0.330730 0.293173
v -0.088670 0.330735 0.247126
v -0.074767 0.306208 0.206639
v -0.074767 0.171125 0.206639
v -0.088670 0.146598 0.247126
v -0.104437 0.146603 0.293177
v -0.117299 0.171214 0.331150
v -0.075571 0.306102 0.342282
v -0.067546 0.330735 0.303058
v -0.057882 0.330735 0.255375
v -0.049341 0.306208 0.213452
v -0.049341 0.171125 0.213452
v -0.057882 0.146598 0.255375
v -0.067454 0.146684 0.303159
v -0.032307 0.306102 0.347978
v -0.029674 0.330735 0.308043
v -0.026281 0.330735 0.259536
v -0.023244 0.306208 0.216888
v -0.023244 0.171125 0.216888
v -0.026281 0.146598 0.259536
v -0.029789 0.146684 0.308117
v 0.010878 0.306049 0.347973
v 0.008409 0.330735 0.308022
v 0.005489 0.330735 0.259541
v 0.002984 0.306208 0.216904
v 0.002984 0.171125 0.216904
v 0.005489 0.146598 0.259541
v 0.008402 0.146603 0.308026
v 0.010766 0.171373 0.348047
v 0.118814 0.330645 0.278500
v 0.097524 0.330735 0.234880
v 0.079011 0.306208 0.196533
v 0.079011 0.171125 0.196533
v 0.097524 0.146598 0.234880
v 0.118609 0.146684 0.278599
v 0.151738 0.330591 0.259567
v 0.125034 0.330735 0.218991
v 0.101717 0.306208 0.183405
v 0.101717 0.171125 0.183405
v 0.125034 0.146598 0.218991
v 0.151659 0.146603 0.259461
v 0.173597 0.171214 0.292853
v 0.181935 0.330645 0.236340
v 0.150322 0.330735 0.199587
v 0.122600 0.306208 0.167380
v 0.122600 0.171125 0.167380
v 0.150322 0.146598 0.199587
v 0.181968 0.146598 0.236201
v 0.208094 0.171125 0.266308
v 0.238764 0.306023 0.235746
v 0.208880 0.330730 0.209265
v 0.172791 0.330735 0.177126
v 0.141157 0.306208 0.148846
v 0.141157 0.171125 0.148846
v 0.172791 0.146598 0.177126
v 0.208882 0.146598 0.209257
v 0.238700 0.171125 0.235689
v 0.303555 0.306202 0.123355
v 0.265959 0.330735 0.110397
v 0.220431 0.330735 0.094610
v 0.180511 0.306208 0.080683
v 0.180511 0.171125 0.080683
v 0.220431 0.146598 0.094610
v 0.266000 0.146684 0.110528
v 0.314807 0.306112 0.081440
v 0.275835 0.330735 0.073618
v 0.228648 0.330735 0.063922
v 0.187284 0.306208 0.055344
v 0.187284 0.171125 0.055344
v 0.228648 0.146598 0.063922
v 0.275837 0.146603 0.073625
v 0.314808 0.171214 0.081673
v 0.320444 0.306106 0.038618
v 0.280821 0.330735 0.035747
v 0.232809 0.330735 0.032320
v 0.190720 0.306208 0.029247
v 0.190720 0.171125 0.029247
v 0.232809 0.146598 0.032320
v 0.280825 0.146603 0.035740
v 0.320505 0.171214 0.038400
v 0.340414 0.209669 0.039941
v 0.281895 0.209669 -0.178645
v 0.281895 0.267663 -0.178645
v 0.184672 0.209664 -0.275827
v 0.144894 0.209664 -0.298769
v 0.102477 0.209664 -0.316361
v -0.033808 0.267663 -0.334333
v -0.123945 0.209669 -0.316375
v -0.166303 0.209664 -0.298831
v -0.166337 0.209669 0.332514
v -0.123946 0.209669 0.350073
v 0.184829 0.209669 0.309422
v 0.221278 0.209664 0.281429
v 0.253764 0.209664 0.248973
v 0.322571 0.267568 0.129761
v 0.334425 0.209669 0.085433
v 0.161843 0.242839 0.004635
v 0.161843 0.234494 0.004635
v 0.144425 0.242839 -0.060370
v 0.144425 0.234494 -0.060370
v 0.133261 0.242839 -0.079706
v 0.133261 0.234494 -0.079706
v 0.085674 0.242839 -0.127293
v 0.085674 0.234494 -0.127293
v 0.066254 0.242839 -0.138485
v 0.066254 0.234494 -0.138485
v 0.045552 0.242839 -0.147079
v 0.045552 0.234494 -0.147079
v -0.021171 0.242839 -0.155863
v -0.021171 0.234494 -0.155863
v -0.043392 0.242839 -0.152921
v -0.043392 0.234494 -0.152921
v -0.065127 0.242839 -0.147097
v -0.065127 0.234494 -0.147097
v -0.085842 0.242839 -0.138535
v -0.085842 0.234494 -0.138535
v -0.139233 0.242839 -0.097566
v -0.139233 0.234494 -0.097566
v -0.152865 0.242839 -0.079773
v -0.152865 0.234494 -0.079773
v -0.164116 0.242839 -0.060286
v -0.164116 0.234494 -0.060286
v -0.172709 0.242839 -0.039584
v -0.172709 0.234494 -0.039584
v -0.181494 0.242839 0.027139
v -0.181494 0.234494 0.027139
v -0.178551 0.242839 0.049359
v -0.178551 0.234494 0.049359
v -0.172727 0.242839 0.071095
v -0.172727 0.234494 0.071095
v -0.164116 0.242839 0.091884
v -0.164116 0.234494 0.091884
v -0.152923 0.242839 0.111304
v -0.152923 0.234494 0.111304
v -0.105336 0.242839 0.158891
v -0.105336 0.234494 0.158891
v -0.085916 0.242839 0.170083
v -0.085916 0.234494 0.170083
v -0.065127 0.242839 0.178695
v -0.065127 0.234494 0.178695
v -0.043392 0.242839 0.184519
v -0.043392 0.234494 0.184519
v -0.021082 0.242839 0.187456
v -0.021082 0.234494 0.187456
v 0.001332 0.242839 0.187473
v 0.001332 0.234494 0.187473
v 0.066338 0.242839 0.170055
v 0.066338 0.234494 0.170055
v 0.085741 0.242839 0.158833
v 0.085741 0.234494 0.158833
v 0.103593 0.242839 0.145134
v 0.103593 0.234494 0.145134
v 0.119455 0.242839 0.129297
v 0.119455 0.234494 0.129297
v 0.153104 0.242839 0.071015
v 0.153104 0.234494 0.071015
v 0.158888 0.242839 0.049359
v 0.158888 0.234494 0.049359
v 0.161825 0.234494 0.027050
v 0.161825 0.242839 0.027050
v 0.166273 0.267651 0.027415
v 0.166290 0.267651 0.004411
v 0.166290 0.209682 0.004411
v 0.166273 0.209682 0.027415
v 0.148415 0.267651 -0.062300
v 0.148415 0.209682 -0.062300
v 0.136957 0.267651 -0.082145
v 0.136957 0.209682 -0.082145
v 0.088121 0.267651 -0.130981
v 0.088121 0.209682 -0.130981
v 0.068191 0.267651 -0.142468
v 0.068191 0.209682 -0.142468
v 0.046944 0.267651 -0.151287
v 0.046944 0.209682 -0.151287
v -0.021529 0.267651 -0.160302
v -0.021529 0.209682 -0.160302
v -0.044334 0.267651 -0.157282
v -0.044334 0.209682 -0.157282
v -0.066640 0.267651 -0.151305
v -0.066640 0.209682 -0.151305
v -0.087900 0.267651 -0.142518
v -0.087900 0.209682 -0.142518
v -0.142693 0.267651 -0.100474
v -0.142693 0.209682 -0.100474
v -0.156683 0.267651 -0.082213
v -0.156683 0.209682 -0.082213
v -0.168229 0.267651 -0.062214
v -0.168229 0.209682 -0.062214
v -0.177049 0.267651 -0.040968
v -0.177048 0.209682 -0.040968
v -0.186063 0.267651 0.027506
v -0.186063 0.209682 0.027506
v -0.183043 0.267651 0.050311
v -0.183043 0.209682 0.050311
v -0.177066 0.267651 0.072617
v -0.177066 0.209682 0.072617
v -0.168229 0.267651 0.093952
v -0.168229 0.209682 0.093952
v -0.156742 0.267651 0.113883
v -0.156742 0.209682 0.113883
v -0.107906 0.267651 0.162719
v -0.107906 0.209682 0.162719
v -0.087975 0.267651 0.174205
v -0.087975 0.209682 0.174205
v -0.066640 0.267651 0.183043
v -0.066640 0.209682 0.183043
v -0.044334 0.267651 0.189020
v -0.044334 0.209682 0.189020
v -0.021439 0.267651 0.192034
v -0.021439 0.209682 0.192034
v 0.001565 0.267651 0.192051
v 0.001565 0.209682 0.192051
v 0.068276 0.267651 0.174176
v 0.068276 0.209682 0.174176
v 0.088190 0.267651 0.162659
v 0.088190 0.209682 0.162659
v 0.106510 0.267651 0.148601
v 0.106510 0.209682 0.148601
v 0.122789 0.267651 0.132347
v 0.122789 0.209682 0.132347
v 0.157321 0.267651 0.072535
v 0.157321 0.209682 0.072535
v 0.163258 0.267651 0.050311
v 0.163258 0.209682 0.050311
v 0.282845 0.239295 -0.179054
v 0.282845 0.238038 -0.179054
v 0.185160 0.238029 -0.276760
v 0.145450 0.238029 -0.299660
v 0.102711 0.238029 -0.317386
v -0.034169 0.239300 -0.335329
v -0.124002 0.238032 -0.317429
v -0.166864 0.238029 -0.299722
v -0.166951 0.238028 0.333347
v -0.124108 0.238028 0.351094
v 0.185242 0.238028 0.310371
v 0.221882 0.238029 0.282291
v 0.254620 0.238029 0.249586
v 0.323507 0.239300 0.130205
v 0.335408 0.238033 0.085702
v 0.341433 0.238032 0.039933
v 0.343217 0.233845 0.040127
v 0.284231 0.233845 -0.180206
v 0.284231 0.243488 -0.180206
v 0.186236 0.233845 -0.278167
v 0.146137 0.233845 -0.301292
v 0.103380 0.233845 -0.319027
v -0.033993 0.243488 -0.337137
v -0.124851 0.233845 -0.319034
v -0.167550 0.233845 -0.301355
v -0.167581 0.233845 0.335036
v -0.124851 0.233845 0.352736
v 0.186389 0.233845 0.311760
v 0.223133 0.233845 0.283547
v 0.255879 0.233845 0.250832
v 0.325184 0.243482 0.130836
v 0.337180 0.233845 0.085982
v 0.329949 0.188064 -0.029589
v 0.330505 0.188064 -0.025431
v 0.307714 0.289269 -0.112575
v 0.306115 0.289269 -0.116453
v 0.306115 0.188064 -0.116453
v 0.307714 0.188064 -0.112575
v 0.162764 0.289269 -0.279912
v 0.159028 0.289269 -0.282070
v -0.058490 0.188064 -0.323923
v -0.054213 0.188064 -0.324485
v -0.098471 0.289269 -0.315970
v -0.102638 0.289269 -0.314854
v -0.256540 0.188064 -0.224706
v -0.253568 0.188064 -0.227667
v -0.308686 0.289261 -0.156753
v -0.310846 0.289269 -0.153009
v -0.310846 0.188064 -0.153009
v -0.308689 0.188064 -0.156745
v -0.344705 0.188064 -0.069813
v -0.343627 0.188064 -0.073867
v -0.355927 0.188064 0.019560
v -0.355919 0.188064 0.015365
v -0.353264 0.289261 0.060223
v -0.352699 0.289261 0.064518
v -0.286050 0.289261 0.225423
v -0.283484 0.289269 0.228753
v -0.283484 0.188064 0.228753
v -0.286050 0.188072 0.225423
v -0.219411 0.188064 0.292063
v -0.222734 0.188064 0.289503
v -0.185529 0.289261 0.314704
v -0.181778 0.289261 0.316871
v -0.054205 0.188072 0.359284
v -0.058490 0.188064 0.358719
v 0.122472 0.188064 0.334891
v 0.118594 0.188064 0.336489
v 0.159039 0.289264 0.316863
v 0.162940 0.289180 0.314688
v 0.196572 0.289180 0.292215
v 0.200076 0.289264 0.289444
v 0.307770 0.188064 0.147253
v 0.306158 0.188064 0.151125
v 0.339371 0.247962 -0.026546
v 0.338818 0.247962 -0.030806
v 0.082246 0.247962 -0.323470
v 0.078098 0.247962 -0.324589
v -0.186208 0.247962 -0.289835
v -0.189932 0.247962 -0.287694
v -0.290474 0.247962 -0.199544
v -0.293111 0.247962 -0.196116
v -0.352250 0.247962 -0.076227
v -0.353369 0.247962 -0.072079
v -0.364875 0.247962 0.015312
v -0.364873 0.247962 0.019519
v -0.352251 0.229371 0.111020
v -0.353393 0.229371 0.106757
v -0.353375 0.247962 0.106849
v -0.352250 0.247962 0.111024
v -0.316457 0.229371 0.195976
v -0.318614 0.229371 0.192228
v -0.318614 0.247962 0.192228
v -0.316457 0.247962 0.195976
v -0.228231 0.247962 0.296575
v -0.224892 0.247962 0.299134
v -0.148599 0.247956 0.343179
v -0.144462 0.247862 0.344896
v -0.105162 0.247862 0.358236
v -0.100748 0.247956 0.359410
v -0.009004 0.229471 0.370895
v -0.013484 0.229377 0.370892
v -0.013577 0.247956 0.370886
v -0.009009 0.247862 0.370894
v 0.036816 0.229377 0.367600
v 0.032403 0.229471 0.368181
v 0.032403 0.247862 0.368181
v 0.036816 0.247956 0.367600
v 0.267713 0.247962 0.234344
v 0.270334 0.247962 0.230940
v 0.338794 0.247962 0.065727
v 0.339370 0.247962 0.061351
v 0.336304 0.237761 -0.026144
v 0.335752 0.237761 -0.030401
v 0.335752 0.239571 -0.030402
v 0.336304 0.239571 -0.026143
v 0.313145 0.237761 -0.114769
v 0.311495 0.237761 -0.118733
v 0.311495 0.239571 -0.118733
v 0.313145 0.239571 -0.114769
v 0.161906 0.239571 -0.287153
v 0.165726 0.239571 -0.284947
v 0.077298 0.239571 -0.321601
v 0.081445 0.239571 -0.320482
v -0.054929 0.237761 -0.330284
v -0.059302 0.237761 -0.329708
v -0.104199 0.239571 -0.320484
v -0.099938 0.239571 -0.321625
v -0.188385 0.239571 -0.285016
v -0.184662 0.239571 -0.287156
v -0.257679 0.237761 -0.231844
v -0.260710 0.237761 -0.228803
v -0.290798 0.239568 -0.194021
v -0.288028 0.239571 -0.197648
v -0.313727 0.237761 -0.159707
v -0.315932 0.237761 -0.155887
v -0.315927 0.239571 -0.155895
v -0.313636 0.239568 -0.159841
v -0.349262 0.237761 -0.075425
v -0.350381 0.237761 -0.071280
v -0.350381 0.239571 -0.071279
v -0.349262 0.239571 -0.075425
v -0.361782 0.237761 0.015317
v -0.361774 0.237761 0.019611
v -0.361762 0.239568 0.019773
v -0.361781 0.239571 0.015327
v -0.358456 0.239568 0.065471
v -0.359071 0.239568 0.060796
v -0.350405 0.237761 0.105957
v -0.349263 0.237761 0.110219
v -0.349265 0.239571 0.110209
v -0.350436 0.239568 0.105798
v -0.315927 0.237762 0.190694
v -0.313636 0.237765 0.194641
v -0.313636 0.239568 0.194641
v -0.315927 0.239571 0.190694
v -0.290802 0.237765 0.228816
v -0.288110 0.237762 0.232354
v -0.288110 0.239571 0.232354
v -0.290802 0.239568 0.228816
v -0.226343 0.237761 0.294124
v -0.222932 0.237761 0.296732
v -0.222797 0.239568 0.296821
v -0.226335 0.239571 0.294129
v -0.184529 0.239568 0.322017
v -0.188612 0.239568 0.319660
v -0.143287 0.239568 0.342012
v -0.147644 0.239568 0.340207
v -0.099947 0.239571 0.356421
v -0.104353 0.239568 0.355230
v -0.059293 0.237762 0.364508
v -0.054768 0.237765 0.365093
v -0.013738 0.237765 0.367781
v -0.009023 0.237765 0.367781
v -0.009013 0.239568 0.367781
v -0.013576 0.239571 0.367792
v 0.032001 0.237765 0.365094
v 0.036411 0.237762 0.364532
v 0.036411 0.239571 0.364532
v 0.032001 0.239568 0.365094
v 0.120789 0.237761 0.341925
v 0.124753 0.237761 0.340275
v 0.165861 0.239568 0.319656
v 0.161915 0.239571 0.321946
v 0.203667 0.239571 0.294048
v 0.200041 0.239568 0.296817
v 0.267880 0.239571 0.229058
v 0.265259 0.239571 0.232460
v 0.311552 0.237761 0.153416
v 0.313188 0.237761 0.149447
v 0.336303 0.239571 0.060948
v 0.335727 0.239571 0.065322
v 0.333196 0.210340 -0.030470
v 0.333908 0.210340 -0.025004
v 0.308939 0.210340 -0.118190
v 0.311055 0.210340 -0.113100
v 0.308939 0.266993 -0.118190
v 0.311055 0.266993 -0.113100
v 0.159988 0.266993 -0.285294
v 0.164859 0.266993 -0.282482
v -0.059909 0.210340 -0.327191
v -0.054333 0.210340 -0.327925
v -0.104508 0.266993 -0.317945
v -0.099076 0.266993 -0.319401
v -0.259871 0.210340 -0.226565
v -0.255979 0.210340 -0.230467
v -0.314623 0.210340 -0.154005
v -0.311811 0.210340 -0.158876
v -0.314623 0.266993 -0.154005
v -0.311774 0.266893 -0.158967
v -0.348707 0.210340 -0.069857
v -0.347274 0.210340 -0.075179
v -0.359866 0.210340 0.020468
v -0.359873 0.210340 0.014956
v -0.356520 0.266893 0.065990
v -0.357280 0.266893 0.060221
v -0.286275 0.210340 0.231768
v -0.289695 0.210440 0.227322
v -0.286275 0.266993 0.231768
v -0.289695 0.266893 0.227322
v -0.221409 0.210340 0.295608
v -0.225786 0.210340 0.292258
v -0.183256 0.266893 0.320666
v -0.188296 0.266893 0.317757
v -0.054239 0.210440 0.363263
v -0.059910 0.210340 0.362503
v 0.124173 0.210340 0.338268
v 0.119083 0.210340 0.340384
v 0.164797 0.266989 0.317839
v 0.159988 0.266993 0.320606
v 0.202524 0.266993 0.292184
v 0.198127 0.266989 0.295568
v 0.311092 0.210340 0.148306
v 0.308989 0.210340 0.153400
v 0.335375 0.233839 -0.030764
v 0.336089 0.233839 -0.025284
v 0.335623 0.242709 -0.030771
v 0.336327 0.242709 -0.025363
v 0.335601 0.242709 0.066168
v 0.336327 0.242709 0.060650
v 0.310968 0.233839 -0.119038
v 0.313089 0.233839 -0.113935
v 0.310968 0.243494 -0.119038
v 0.313089 0.243494 -0.113935
v 0.161081 0.243494 -0.287202
v 0.165964 0.243494 -0.284383
v 0.076511 0.242709 -0.321730
v 0.081776 0.242709 -0.320312
v -0.060204 0.233839 -0.329370
v -0.054613 0.233839 -0.330106
v -0.105084 0.243494 -0.320067
v -0.099638 0.243494 -0.321526
v -0.189287 0.242709 -0.284675
v -0.184561 0.242709 -0.287396
v -0.261431 0.233839 -0.228115
v -0.257529 0.233839 -0.232028
v -0.291479 0.242709 -0.193657
v -0.288133 0.242709 -0.198009
v -0.316531 0.233839 -0.155098
v -0.313712 0.233839 -0.159982
v -0.316531 0.243494 -0.155098
v -0.313749 0.243488 -0.159927
v -0.350833 0.233839 -0.070419
v -0.349396 0.233839 -0.075755
v -0.351033 0.242709 -0.070526
v -0.349614 0.242709 -0.075792
v -0.362065 0.233839 0.020475
v -0.362072 0.233839 0.014949
v -0.362287 0.242709 0.020351
v -0.362289 0.242709 0.014973
v -0.358713 0.243488 0.066122
v -0.359432 0.243488 0.060663
v -0.349614 0.234624 0.111079
v -0.351055 0.234624 0.105704
v -0.349614 0.242709 0.111079
v -0.351040 0.242709 0.105778
v -0.313958 0.234624 0.195302
v -0.316698 0.234624 0.190545
v -0.313958 0.242709 0.195302
v -0.316698 0.242709 0.190545
v -0.288016 0.233839 0.233113
v -0.291338 0.233844 0.228780
v -0.288016 0.243494 0.233113
v -0.291338 0.243488 0.228780
v -0.222742 0.233839 0.297357
v -0.227130 0.233839 0.293998
v -0.222960 0.242709 0.297463
v -0.227228 0.242709 0.294191
v -0.184487 0.243488 0.322485
v -0.189256 0.243488 0.319732
v -0.143328 0.242705 0.342621
v -0.148340 0.242709 0.340545
v -0.099719 0.242709 0.357039
v -0.105033 0.242705 0.355621
v -0.054680 0.233844 0.365415
v -0.060204 0.233839 0.364682
v -0.008942 0.234628 0.368271
v -0.014366 0.234624 0.368271
v -0.008942 0.242705 0.368271
v -0.014441 0.242709 0.368266
v 0.036755 0.234624 0.364925
v 0.031413 0.234628 0.365626
v 0.036755 0.242709 0.364925
v 0.031413 0.242705 0.365626
v 0.125021 0.233839 0.340297
v 0.119918 0.233839 0.342418
v 0.165901 0.243494 0.319737
v 0.161081 0.243494 0.322514
v 0.203869 0.243494 0.293924
v 0.199458 0.243494 0.297315
v 0.268141 0.242709 0.228975
v 0.264815 0.242709 0.233297
v 0.313126 0.233839 0.149141
v 0.311018 0.233839 0.154249
v 0.323050 0.173932 -0.008564
v 0.340603 0.209839 -0.003387
v 0.291028 0.303401 -0.128068
v 0.303661 0.267494 -0.141257
v 0.291028 0.173932 -0.128068
v 0.303661 0.209839 -0.141257
v 0.186955 0.267494 -0.274311
v 0.172189 0.303401 -0.263524
v 0.140514 0.303397 -0.281820
v 0.142312 0.267394 -0.300058
v -0.072547 0.173932 -0.312185
v -0.036285 0.173932 -0.316951
v -0.082160 0.209839 -0.327784
v -0.031178 0.209839 -0.334517
v -0.076757 0.267494 -0.328859
v -0.079555 0.303401 -0.310791
v -0.114968 0.303397 -0.301302
v -0.126644 0.267394 -0.315489
v -0.260189 0.173996 -0.206485
v -0.277194 0.209844 -0.213180
v -0.300884 0.263991 -0.183956
v -0.291038 0.303332 -0.166243
v -0.309397 0.303397 -0.134424
v -0.327736 0.267394 -0.136220
v -0.309475 0.173996 -0.134375
v -0.291060 0.173996 -0.166270
v -0.327662 0.209844 -0.136391
v -0.301968 0.209844 -0.180895
v -0.328866 0.173996 -0.087533
v -0.343235 0.209844 -0.098793
v -0.344996 0.173936 0.035227
v -0.361825 0.209939 0.042764
v -0.363212 0.263991 0.034198
v -0.344547 0.303332 0.042303
v -0.339762 0.303332 0.078711
v -0.355664 0.263991 0.091446
v -0.307373 0.263991 0.208031
v -0.287170 0.303332 0.205672
v -0.287170 0.174001 0.205672
v -0.307373 0.213342 0.208031
v -0.199635 0.173932 0.293208
v -0.204046 0.209839 0.311066
v -0.211608 0.263991 0.307013
v -0.193744 0.303332 0.297162
v -0.161943 0.303329 0.315532
v -0.161516 0.263943 0.335912
v -0.036127 0.174003 0.350656
v -0.072547 0.173932 0.345853
v -0.027961 0.213390 0.369304
v -0.082160 0.209839 0.361554
v 0.134159 0.173932 0.318606
v 0.147349 0.209839 0.331338
v 0.142517 0.267494 0.333737
v 0.140678 0.303358 0.315422
v 0.176284 0.301544 0.296781
v 0.184729 0.267349 0.309599
v 0.207244 0.303354 0.270947
v 0.223434 0.267394 0.279624
v 0.305103 0.173932 0.127758
v 0.323383 0.209839 0.127414
v 0.343255 0.233848 -0.003550
v 0.343289 0.243280 -0.003812
v 0.340985 0.264044 -0.009748
v 0.306039 0.233848 -0.142440
v 0.306039 0.243485 -0.142440
v 0.188439 0.243485 -0.276515
v 0.143638 0.243479 -0.302371
v 0.105577 0.243286 -0.318168
v 0.099123 0.264113 -0.318350
v -0.031343 0.233848 -0.337170
v -0.082689 0.233848 -0.330388
v -0.077267 0.243485 -0.331466
v -0.127343 0.243479 -0.318062
v -0.165426 0.243286 -0.302319
v -0.170100 0.264113 -0.297876
v -0.279196 0.233848 -0.214921
v -0.275838 0.243286 -0.218821
v -0.278453 0.264113 -0.212909
v -0.305547 0.243284 -0.180218
v -0.304170 0.233848 -0.182375
v -0.330047 0.233848 -0.137555
v -0.330051 0.243479 -0.137545
v -0.345746 0.233848 -0.099654
v -0.345847 0.243286 -0.099484
v -0.345993 0.264113 -0.093029
v -0.364494 0.233853 0.042773
v -0.364656 0.243284 0.039930
v -0.358555 0.243284 0.086271
v -0.359143 0.234047 0.083633
v -0.356012 0.213220 0.089360
v -0.345843 0.234053 0.133265
v -0.345956 0.213288 0.126832
v -0.345951 0.264041 0.126870
v -0.345843 0.243280 0.133265
v -0.330002 0.234053 0.171509
v -0.325563 0.213292 0.176092
v -0.305748 0.234049 0.213759
v -0.330002 0.243280 0.171509
v -0.325563 0.264041 0.176092
v -0.305748 0.243284 0.213759
v -0.205516 0.233848 0.313283
v -0.207972 0.243284 0.311635
v -0.167494 0.243284 0.335005
v -0.124321 0.261780 0.351430
v -0.124817 0.243118 0.352707
v -0.083219 0.263996 0.362107
v -0.077531 0.243280 0.365237
v -0.082689 0.233848 0.364160
v -0.033843 0.234049 0.370744
v 0.012360 0.234215 0.370766
v 0.012305 0.215553 0.369420
v -0.036490 0.243280 0.370640
v 0.012276 0.261782 0.369416
v -0.030153 0.263996 0.369093
v 0.012360 0.243118 0.370766
v 0.148532 0.233848 0.333719
v 0.143683 0.243485 0.336127
v 0.186132 0.243483 0.311701
v 0.225063 0.243479 0.281736
v 0.254223 0.243286 0.252617
v 0.256871 0.264113 0.246683
v 0.325901 0.233848 0.128260
v 0.336559 0.243286 0.088599
v 0.340974 0.264044 0.043544
v 0.335905 0.264116 0.082062
v 0.343289 0.243280 0.037583
v 0.341119 0.238144 -0.009873
v 0.341114 0.239186 -0.009800
v 0.307348 0.238144 -0.135914
v 0.307348 0.239188 -0.135914
v 0.148503 0.239182 -0.298031
v 0.182178 0.239185 -0.278625
v 0.099325 0.239182 -0.318414
v -0.076116 0.238144 -0.329930
v -0.037586 0.238148 -0.335024
v -0.120812 0.239182 -0.318426
v -0.083122 0.239188 -0.328536
v -0.170004 0.239182 -0.298064
v -0.273822 0.238147 -0.218379
v -0.304198 0.239110 -0.179103
v -0.278552 0.239187 -0.212988
v -0.325639 0.238146 -0.142480
v -0.306164 0.238144 -0.176203
v -0.325593 0.239185 -0.142547
v -0.346082 0.238147 -0.093157
v -0.346082 0.239186 -0.093157
v -0.363129 0.238144 0.036444
v -0.362870 0.239109 0.040007
v -0.356844 0.239109 0.085708
v -0.346095 0.238146 0.126835
v -0.356170 0.238144 0.089213
v -0.346110 0.239185 0.126755
v -0.304196 0.238220 0.212877
v -0.325591 0.238148 0.176290
v -0.304196 0.239113 0.212877
v -0.325591 0.239185 0.176290
v -0.209815 0.238141 0.308293
v -0.206776 0.239109 0.310284
v -0.166841 0.239105 0.333320
v -0.124259 0.239106 0.350972
v -0.083121 0.239185 0.362253
v -0.033738 0.238223 0.368968
v -0.076031 0.238146 0.363673
v 0.012183 0.238221 0.368974
v 0.012244 0.239113 0.368978
v -0.030197 0.239187 0.369214
v 0.142158 0.238144 0.334919
v 0.185241 0.239108 0.310262
v 0.148652 0.239187 0.331708
v 0.219131 0.239181 0.284578
v 0.256853 0.239182 0.246897
v 0.322234 0.238148 0.133701
v 0.341108 0.239182 0.043511
v 0.336039 0.239185 0.082137
v 0.307943 0.304707 -0.072172
v 0.309639 0.304790 -0.065550
v 0.269465 0.328806 -0.061701
v 0.271106 0.328811 -0.055562
v 0.224093 0.328811 -0.049464
v 0.225601 0.328811 -0.043837
v 0.184411 0.304796 -0.038778
v 0.185782 0.304796 -0.033661
v 0.184411 0.172537 -0.038778
v 0.185782 0.172537 -0.033661
v 0.224093 0.148522 -0.049464
v 0.225601 0.148522 -0.043837
v 0.269465 0.148527 -0.061701
v 0.271111 0.148527 -0.055557
v 0.307943 0.172626 -0.072172
v 0.309735 0.172626 -0.065485
v 0.220782 0.304796 -0.219455
v 0.225545 0.304796 -0.214692
v 0.192790 0.328811 -0.191209
v 0.197279 0.328811 -0.186721
v 0.159773 0.328811 -0.157855
v 0.163892 0.328811 -0.153736
v 0.130927 0.304796 -0.128672
v 0.134674 0.304796 -0.124925
v 0.130927 0.172537 -0.128672
v 0.134674 0.172537 -0.124925
v 0.159773 0.148522 -0.157855
v 0.163892 0.148522 -0.153736
v 0.192790 0.148522 -0.191209
v 0.197279 0.148522 -0.186721
v 0.220782 0.172537 -0.219455
v 0.225545 0.172537 -0.214692
v 0.029128 0.304796 -0.311554
v 0.035813 0.304790 -0.310675
v 0.024250 0.328811 -0.272049
v 0.030544 0.328811 -0.271220
v 0.018564 0.328811 -0.225403
v 0.024340 0.328811 -0.224643
v 0.013673 0.304796 -0.184597
v 0.018926 0.304796 -0.183905
v 0.013673 0.172537 -0.184597
v 0.018926 0.172537 -0.183905
v 0.018564 0.148522 -0.225403
v 0.024340 0.148522 -0.224643
v 0.024250 0.148522 -0.272049
v 0.030544 0.148522 -0.271220
v 0.029128 0.172537 -0.311554
v 0.035807 0.172537 -0.310675
v -0.214713 0.304796 -0.243548
v -0.209365 0.304790 -0.247653
v -0.190065 0.328811 -0.212108
v -0.185029 0.328811 -0.215973
v -0.160853 0.328811 -0.175020
v -0.156232 0.328811 -0.178567
v -0.135180 0.304796 -0.142613
v -0.130977 0.304796 -0.145838
v -0.135180 0.172537 -0.142613
v -0.130977 0.172537 -0.145838
v -0.160853 0.148522 -0.175020
v -0.156232 0.148522 -0.178567
v -0.190072 0.148527 -0.212108
v -0.185029 0.148522 -0.215973
v -0.214835 0.172626 -0.243553
v -0.209369 0.172537 -0.247649
v -0.339050 0.304790 -0.023033
v -0.338169 0.304790 -0.029723
v -0.299224 0.328811 -0.018181
v -0.298396 0.328811 -0.024475
v -0.252095 0.328811 -0.012527
v -0.251334 0.328811 -0.018302
v -0.210748 0.304796 -0.007671
v -0.210056 0.304796 -0.012924
v -0.210748 0.172537 -0.007671
v -0.210056 0.172537 -0.012924
v -0.252095 0.148522 -0.012527
v -0.251334 0.148522 -0.018302
v -0.299229 0.148527 -0.018175
v -0.298399 0.148527 -0.024481
v -0.339137 0.172626 -0.022956
v -0.338234 0.172626 -0.029819
v -0.242183 0.304790 0.253044
v -0.247070 0.304707 0.248265
v -0.213896 0.328811 0.224454
v -0.218392 0.328806 0.219964
v -0.180427 0.328811 0.190584
v -0.184546 0.328811 0.186464
v -0.151077 0.304796 0.160825
v -0.154823 0.304796 0.157078
v -0.151077 0.172537 0.160825
v -0.154823 0.172537 0.157078
v -0.180427 0.148522 0.190584
v -0.184546 0.148522 0.186464
v -0.213895 0.148527 0.224461
v -0.218392 0.148527 0.219964
v -0.242175 0.172626 0.253160
v -0.247070 0.172626 0.248265
v 0.078152 0.304796 0.335387
v 0.071640 0.304790 0.337132
v 0.067763 0.328811 0.296638
v 0.061631 0.328811 0.298281
v 0.055501 0.328811 0.250785
v 0.049874 0.328811 0.252293
v 0.044780 0.304796 0.210562
v 0.039662 0.304796 0.211933
v 0.044780 0.172537 0.210562
v 0.039662 0.172537 0.211933
v 0.055501 0.148522 0.250785
v 0.049874 0.148522 0.252293
v 0.067770 0.148527 0.296641
v 0.061631 0.148522 0.298281
v 0.078262 0.172626 0.335438
v 0.071640 0.172542 0.337132
v 0.277408 0.304796 0.179243
v 0.274038 0.304790 0.185082
v 0.242826 0.328811 0.159245
v 0.239652 0.328811 0.164743
v 0.201981 0.328811 0.135577
v 0.199068 0.328811 0.140622
v 0.166236 0.304796 0.114810
v 0.163587 0.304796 0.119399
v 0.166236 0.172537 0.114810
v 0.163587 0.172537 0.119399
v 0.201981 0.148522 0.135577
v 0.199068 0.148522 0.140622
v 0.242832 0.148527 0.159243
v 0.239652 0.148522 0.164743
v 0.277521 0.172626 0.179201
v 0.274040 0.172537 0.185077
v 0.327736 0.210276 -0.077343
v 0.329483 0.210276 -0.070823
v 0.327736 0.267057 -0.077343
v 0.329530 0.266962 -0.070660
v 0.235230 0.210271 -0.234015
v 0.240112 0.210271 -0.229133
v 0.235230 0.267062 -0.234015
v 0.240112 0.267062 -0.229133
v 0.031683 0.210271 -0.331919
v 0.038527 0.210271 -0.331018
v 0.031683 0.267062 -0.331919
v 0.038621 0.266962 -0.331019
v -0.227307 0.210276 -0.259827
v -0.221885 0.210271 -0.263975
v -0.227362 0.267062 -0.259773
v -0.221819 0.266962 -0.264043
v -0.359519 0.210276 -0.025663
v -0.358638 0.210276 -0.032356
v -0.359544 0.266962 -0.025495
v -0.358619 0.266962 -0.032524
v -0.256795 0.210276 0.267665
v -0.261568 0.210276 0.262892
v -0.256677 0.266962 0.267787
v -0.261568 0.267057 0.262892
v 0.083440 0.210276 0.355336
v 0.076756 0.210371 0.357131
v 0.083511 0.267062 0.355307
v 0.076756 0.266962 0.357131
v 0.295199 0.210276 0.189592
v 0.291777 0.210271 0.195499
v 0.295228 0.267062 0.189521
v 0.291742 0.266962 0.195587
v 0.157119 0.242752 -0.031445
v 0.158374 0.242752 -0.026762
v 0.157119 0.234581 -0.031445
v 0.158374 0.234581 -0.026762
v 0.111130 0.242752 -0.108591
v 0.114558 0.242752 -0.105162
v 0.111130 0.234581 -0.108591
v 0.114558 0.234581 -0.105162
v 0.010410 0.242752 -0.156522
v 0.015217 0.242752 -0.155890
v 0.010410 0.234581 -0.156522
v 0.015217 0.234581 -0.155890
v -0.117368 0.242752 -0.120364
v -0.113521 0.242752 -0.123315
v -0.117368 0.234581 -0.120364
v -0.113521 0.234581 -0.123315
v -0.182152 0.242752 -0.004443
v -0.181520 0.242752 -0.009249
v -0.182152 0.234581 -0.004443
v -0.181520 0.234581 -0.009249
v -0.130792 0.242752 0.140188
v -0.134221 0.242752 0.136760
v -0.130792 0.234581 0.140188
v -0.134221 0.234581 0.136760
v 0.037413 0.242752 0.182749
v 0.032730 0.242752 0.184004
v 0.037413 0.234581 0.182749
v 0.032730 0.234581 0.184004
v 0.141627 0.242752 0.100444
v 0.139203 0.242752 0.104643
v 0.141627 0.234581 0.100444
v 0.139203 0.234581 0.104643
v 0.161297 0.267045 -0.032563
v 0.162577 0.267045 -0.027787
v 0.161297 0.210287 -0.032563
v 0.162577 0.210287 -0.027787
v 0.114148 0.267045 -0.111668
v 0.117644 0.267045 -0.108172
v 0.114148 0.210287 -0.111668
v 0.117644 0.210287 -0.108172
v 0.010878 0.267045 -0.160823
v 0.015780 0.267045 -0.160178
v 0.010878 0.210287 -0.160823
v 0.015780 0.210287 -0.160178
v -0.120143 0.267045 -0.123757
v -0.116221 0.267045 -0.126767
v -0.120143 0.210287 -0.123757
v -0.116221 0.210287 -0.126767
v -0.186579 0.267045 -0.004902
v -0.185934 0.267045 -0.009804
v -0.186579 0.210287 -0.004902
v -0.185934 0.210287 -0.009804
v -0.133928 0.267045 0.143400
v -0.137424 0.267045 0.139904
v -0.133928 0.210287 0.143400
v -0.137424 0.210287 0.139904
v 0.038539 0.267045 0.187054
v 0.033763 0.267045 0.188333
v 0.038539 0.210287 0.187054
v 0.033763 0.210287 0.188333
v 0.145402 0.267045 0.102670
v 0.142930 0.267045 0.106951
v 0.145402 0.210287 0.102670
v 0.142930 0.210287 0.106951
v 0.328703 0.239282 -0.077783
v 0.330542 0.239282 -0.070922
v 0.328703 0.238051 -0.077783
v 0.330542 0.238051 -0.070922
v 0.235981 0.239285 -0.234770
v 0.240868 0.239285 -0.229884
v 0.235981 0.238048 -0.234770
v 0.240868 0.238048 -0.229884
v 0.031817 0.239285 -0.332976
v 0.038757 0.239282 -0.332056
v 0.031817 0.238048 -0.332976
v 0.038674 0.238048 -0.332073
v -0.228021 0.239285 -0.260612
v -0.222458 0.239282 -0.264873
v -0.228085 0.238051 -0.260555
v -0.222530 0.238048 -0.264826
v -0.360586 0.239282 -0.025623
v -0.359659 0.239282 -0.032666
v -0.360586 0.238051 -0.025623
v -0.359659 0.238051 -0.032666
v -0.257415 0.239282 0.268535
v -0.262438 0.239282 0.263512
v -0.257415 0.238051 0.268535
v -0.262438 0.238051 0.263512
v 0.083795 0.239285 0.356338
v 0.077019 0.239282 0.358147
v 0.083875 0.238051 0.356310
v 0.077019 0.238051 0.358147
v 0.296156 0.239285 0.190049
v 0.292647 0.239282 0.196114
v 0.296193 0.238051 0.189972
v 0.292695 0.238048 0.196044
v 0.330434 0.233946 -0.078073
v 0.332185 0.233946 -0.071536
v 0.330434 0.243387 -0.078073
v 0.332188 0.243382 -0.071527
v 0.237204 0.233945 -0.236000
v 0.242097 0.233945 -0.231107
v 0.237204 0.243387 -0.236000
v 0.242097 0.243387 -0.231107
v 0.032038 0.233945 -0.334696
v 0.038899 0.233945 -0.333793
v 0.032038 0.243387 -0.334696
v 0.038833 0.243382 -0.333807
v -0.229019 0.233946 -0.262040
v -0.223586 0.233945 -0.266202
v -0.229077 0.243387 -0.261989
v -0.223643 0.243382 -0.266165
v -0.362296 0.233946 -0.026018
v -0.361413 0.233946 -0.032727
v -0.362297 0.243381 -0.026008
v -0.361412 0.243382 -0.032736
v -0.258769 0.233946 0.269651
v -0.263554 0.233946 0.264866
v -0.258763 0.243381 0.269658
v -0.263554 0.243387 0.264866
v 0.084170 0.233946 0.358039
v 0.077625 0.233951 0.359793
v 0.084243 0.243387 0.358014
v 0.077625 0.243382 0.359793
v 0.297624 0.233946 0.190986
v 0.294198 0.233945 0.196910
v 0.297658 0.243387 0.190917
v 0.294236 0.243382 0.196855
v 0.336484 0.264097 -0.045598
v 0.315129 0.306050 -0.044337
v 0.322291 0.267467 -0.097025
v 0.303930 0.303357 -0.096659
v 0.275875 0.330651 -0.036946
v 0.264340 0.330565 -0.080295
v 0.228996 0.330651 -0.028132
v 0.219186 0.330651 -0.064744
v 0.187856 0.306146 -0.020486
v 0.179623 0.306146 -0.051214
v 0.156558 0.267625 -0.043338
v 0.163861 0.267625 -0.016082
v 0.163861 0.209708 -0.016082
v 0.187856 0.171186 -0.020486
v 0.179623 0.171186 -0.051214
v 0.156558 0.209708 -0.043338
v 0.228996 0.146681 -0.028132
v 0.219186 0.146681 -0.064744
v 0.275975 0.146768 -0.036872
v 0.264340 0.146768 -0.080295
v 0.318516 0.173976 -0.042223
v 0.303930 0.173976 -0.096659
v 0.334621 0.209865 -0.051009
v 0.322291 0.209865 -0.097025
v 0.256219 0.267642 -0.212531
v 0.240829 0.306146 -0.199125
v 0.205173 0.306057 -0.234864
v 0.218693 0.267637 -0.250083
v 0.210708 0.330651 -0.172988
v 0.179056 0.330646 -0.204645
v 0.174677 0.330651 -0.141836
v 0.147875 0.330651 -0.168638
v 0.143053 0.306146 -0.114555
v 0.120558 0.306146 -0.137050
v 0.104654 0.267625 -0.118631
v 0.124607 0.267625 -0.098678
v 0.124607 0.209708 -0.098678
v 0.143053 0.171186 -0.114555
v 0.120558 0.171186 -0.137050
v 0.104654 0.209708 -0.118631
v 0.174677 0.146681 -0.141836
v 0.147875 0.146681 -0.168638
v 0.210708 0.146681 -0.172988
v 0.179059 0.146681 -0.204638
v 0.240829 0.171187 -0.199125
v 0.205215 0.171187 -0.234738
v 0.218628 0.209691 -0.250122
v 0.256219 0.209691 -0.212531
v 0.064404 0.264097 -0.327861
v 0.057502 0.306050 -0.307631
v 0.007470 0.306146 -0.314205
v 0.008706 0.267642 -0.334590
v 0.049547 0.330651 -0.268506
v 0.005171 0.330651 -0.274348
v 0.040130 0.330651 -0.221772
v 0.002551 0.330651 -0.226719
v 0.031880 0.306146 -0.180781
v 0.000340 0.306146 -0.184934
v -0.000895 0.267625 -0.160569
v 0.027082 0.267625 -0.156885
v 0.027082 0.209708 -0.156885
v 0.031880 0.171186 -0.180781
v 0.000340 0.171186 -0.184934
v -0.000895 0.209708 -0.160569
v 0.040130 0.146681 -0.221772
v 0.002551 0.146681 -0.226719
v 0.049547 0.146681 -0.268506
v 0.005164 0.146686 -0.274352
v 0.057404 0.171187 -0.307631
v 0.007359 0.171275 -0.314278
v 0.008781 0.209696 -0.334600
v 0.061412 0.209691 -0.327651
v -0.201375 0.264097 -0.280051
v -0.191882 0.306050 -0.260840
v -0.231914 0.306141 -0.230105
v -0.245585 0.267542 -0.245345
v -0.169685 0.330651 -0.227496
v -0.205195 0.330651 -0.200248
v -0.143048 0.330651 -0.187706
v -0.173119 0.330651 -0.164632
v -0.119615 0.306146 -0.152792
v -0.144853 0.306146 -0.133426
v -0.128290 0.267625 -0.115254
v -0.105903 0.267625 -0.132432
v -0.105903 0.209708 -0.132432
v -0.119615 0.171186 -0.152792
v -0.144853 0.171186 -0.133426
v -0.128290 0.209708 -0.115254
v -0.143048 0.146681 -0.187706
v -0.173119 0.146681 -0.164632
v -0.169685 0.146681 -0.227496
v -0.205320 0.146768 -0.200249
v -0.191952 0.171187 -0.260770
v -0.236007 0.173976 -0.230458
v -0.203323 0.209691 -0.277778
v -0.243497 0.209865 -0.247253
v -0.355503 0.264097 -0.058310
v -0.335137 0.306050 -0.051412
v -0.341810 0.305961 -0.001173
v -0.363220 0.264094 0.000225
v -0.295707 0.330651 -0.043476
v -0.301553 0.330646 0.000907
v -0.248487 0.330651 -0.034091
v -0.253434 0.330651 0.003488
v -0.206946 0.306146 -0.025877
v -0.211099 0.306146 0.005663
v -0.186330 0.267625 0.006871
v -0.182646 0.267625 -0.021106
v -0.182646 0.209708 -0.021106
v -0.206946 0.171186 -0.025877
v -0.211099 0.171186 0.005663
v -0.186330 0.209708 0.006871
v -0.248487 0.146681 -0.034091
v -0.253434 0.146681 0.003488
v -0.295771 0.146768 -0.043583
v -0.301639 0.146768 0.000987
v -0.337529 0.173976 -0.054616
v -0.344885 0.173976 0.001259
v -0.355894 0.209865 -0.052574
v -0.362113 0.209865 -0.005342
v -0.266357 0.303357 0.232596
v -0.226528 0.305961 0.268540
v -0.238534 0.264094 0.286351
v -0.275983 0.267467 0.248388
v -0.231963 0.330565 0.206246
v -0.200186 0.330646 0.237917
v -0.195353 0.330651 0.174590
v -0.168551 0.330651 0.201392
v -0.163215 0.306146 0.146724
v -0.140721 0.306146 0.169218
v -0.124439 0.267625 0.150368
v -0.144392 0.267625 0.130415
v -0.144392 0.209708 0.130415
v -0.163215 0.171186 0.146724
v -0.140721 0.171186 0.169218
v -0.124439 0.209708 0.150368
v -0.195353 0.146681 0.174590
v -0.168551 0.146681 0.201392
v -0.231963 0.146768 0.206246
v -0.200175 0.146768 0.238034
v -0.266357 0.173976 0.232596
v -0.226507 0.173976 0.272446
v -0.275983 0.209865 0.248388
v -0.242297 0.209865 0.282075
v 0.051607 0.264049 0.364141
v 0.050421 0.306047 0.342636
v 0.099298 0.306057 0.329588
v 0.105695 0.267637 0.349020
v 0.043017 0.330651 0.303077
v 0.086259 0.330646 0.291493
v 0.034171 0.330651 0.255711
v 0.070783 0.330651 0.245901
v 0.026489 0.306146 0.214022
v 0.057217 0.306146 0.205788
v 0.049315 0.267625 0.182319
v 0.022058 0.267625 0.189622
v 0.022058 0.209708 0.189622
v 0.026489 0.171186 0.214022
v 0.057217 0.171186 0.205788
v 0.049315 0.209708 0.182319
v 0.034171 0.146681 0.255711
v 0.070783 0.146681 0.245901
v 0.043017 0.146681 0.303077
v 0.086366 0.146768 0.291542
v 0.050421 0.171286 0.342636
v 0.102749 0.173976 0.331498
v 0.051607 0.213283 0.364141
v 0.103117 0.209865 0.349968
v 0.278945 0.264097 0.218246
v 0.262923 0.306050 0.203970
v 0.288143 0.306146 0.160262
v 0.306490 0.267642 0.169316
v 0.229867 0.330651 0.181292
v 0.252247 0.330651 0.142529
v 0.190369 0.330651 0.154139
v 0.209321 0.330651 0.121314
v 0.155741 0.306146 0.130188
v 0.171647 0.306146 0.102638
v 0.149671 0.267625 0.091701
v 0.135562 0.267625 0.116139
v 0.135562 0.209708 0.116139
v 0.155741 0.171186 0.130188
v 0.171647 0.171186 0.102638
v 0.149671 0.209708 0.091701
v 0.190369 0.146681 0.154139
v 0.209321 0.146681 0.121314
v 0.229867 0.146681 0.181291
v 0.252363 0.146768 0.142483
v 0.262961 0.171187 0.203880
v 0.292014 0.173976 0.159085
v 0.279909 0.209691 0.215355
v 0.305279 0.209865 0.171864
v 0.337240 0.233852 -0.051530
v 0.324821 0.233852 -0.097880
v 0.324821 0.243481 -0.097880
v 0.337316 0.243281 -0.051366
v 0.258351 0.233849 -0.214390
v 0.220488 0.233849 -0.252254
v 0.258351 0.243484 -0.214390
v 0.220551 0.243483 -0.252212
v 0.061971 0.233849 -0.330426
v 0.008957 0.233849 -0.337420
v 0.008882 0.243484 -0.337415
v 0.059366 0.243281 -0.330844
v -0.204891 0.233849 -0.280135
v -0.245258 0.233852 -0.249262
v -0.247331 0.243478 -0.247587
v -0.207065 0.243281 -0.278606
v -0.358517 0.233852 -0.053092
v -0.364780 0.233852 -0.005518
v -0.364832 0.243281 -0.005345
v -0.358522 0.243281 -0.053274
v -0.277992 0.233852 0.250153
v -0.244061 0.233852 0.284084
v -0.243955 0.243281 0.284231
v -0.277992 0.243481 0.250153
v 0.057458 0.234051 0.364994
v 0.103973 0.233852 0.352500
v 0.106609 0.243483 0.351698
v 0.057458 0.243281 0.364994
v 0.282258 0.233849 0.216937
v 0.307674 0.233852 0.173049
v 0.309031 0.243484 0.170564
v 0.283618 0.243281 0.214775
v 0.159487 0.242835 -0.015320
v 0.152362 0.242835 -0.041910
v 0.152362 0.234498 -0.041910
v 0.159487 0.234498 -0.015320
v 0.121243 0.242835 -0.095810
v 0.101778 0.242835 -0.115275
v 0.101778 0.234498 -0.115275
v 0.121243 0.234498 -0.095810
v 0.026214 0.242835 -0.152539
v -0.001079 0.242835 -0.156133
v -0.001079 0.234498 -0.156133
v 0.026214 0.234498 -0.152539
v -0.103377 0.242835 -0.128722
v -0.125216 0.242835 -0.111964
v -0.125216 0.234498 -0.111964
v -0.103377 0.234498 -0.128722
v -0.178170 0.242835 -0.020246
v -0.181763 0.242835 0.007046
v -0.181763 0.234498 0.007046
v -0.178170 0.234498 -0.020246
v -0.140905 0.242835 0.127408
v -0.121440 0.242835 0.146873
v -0.121440 0.234498 0.146873
v -0.140905 0.234498 0.127408
v 0.021288 0.242835 0.185117
v 0.047878 0.242835 0.177993
v 0.047878 0.234498 0.177993
v 0.021288 0.234498 0.185117
v 0.131900 0.242835 0.113520
v 0.145663 0.242835 0.089681
v 0.145663 0.234498 0.089681
v 0.131900 0.234498 0.113520
v 0.321334 0.238145 -0.102742
v 0.336646 0.238145 -0.045598
v 0.321334 0.239188 -0.102742
v 0.336645 0.239188 -0.045599
v 0.219322 0.238035 -0.250927
v 0.257021 0.238035 -0.213230
v 0.219237 0.239294 -0.250983
v 0.257021 0.239297 -0.213230
v 0.008663 0.238038 -0.335645
v 0.061715 0.238030 -0.328676
v 0.064396 0.239184 -0.328024
v 0.008764 0.239298 -0.335653
v -0.248326 0.238148 -0.244228
v -0.203835 0.238030 -0.278717
v -0.201498 0.239184 -0.280162
v -0.246347 0.239300 -0.246068
v -0.363377 0.238145 0.000288
v -0.355656 0.238145 -0.058369
v -0.363371 0.239186 0.000369
v -0.355656 0.239188 -0.058369
v -0.238581 0.238145 0.286513
v -0.280466 0.238146 0.244604
v -0.238514 0.239186 0.286558
v -0.280466 0.239186 0.244604
v 0.108776 0.238148 0.348999
v 0.051603 0.238146 0.364296
v 0.051603 0.239186 0.364296
v 0.106292 0.239300 0.349914
v 0.308610 0.238149 0.167190
v 0.280739 0.238030 0.216031
v 0.279099 0.239184 0.218305
v 0.307487 0.239303 0.169701
vn 0.8957 0.4446 -0.0000
vn 0.5305 0.8477 -0.0003
vn 0.0030 1.0000 -0.0000
vn -0.5003 0.8659 -0.0002
vn -0.8462 0.5328 -0.0005
vn -0.8462 -0.5328 -0.0005
vn -0.5003 -0.8659 -0.0002
vn 0.0038 -1.0000 -0.0006
vn 0.5337 -0.8457 -0.0057
vn 0.8925 -0.4510 0.0088
vn 0.8832 0.4546 -0.1156
vn 0.5237 0.8486 -0.0755
vn 0.0028 1.0000 -0.0036
vn -0.4977 0.8652 0.0615
vn -0.8406 0.5321 0.1012
vn -0.8406 -0.5321 0.1012
vn -0.4977 -0.8652 0.0615
vn 0.0040 -1.0000 -0.0038
vn 0.5217 -0.8497 -0.0762
vn 0.4901 0.8496 -0.1950
vn 0.0053 1.0000 0.0013
vn -0.4622 0.8649 0.1958
vn -0.7790 0.5314 0.3328
vn -0.7790 -0.5314 0.3328
vn -0.4622 -0.8649 0.1958
vn 0.0053 -1.0000 0.0013
vn 0.4901 -0.8496 -0.1950
vn 0.7687 0.4509 -0.4536
vn 0.4654 0.8453 -0.2624
vn 0.0035 1.0000 -0.0015
vn -0.4342 0.8653 0.2507
vn -0.7336 0.5315 0.4235
vn -0.7336 -0.5315 0.4235
vn -0.4342 -0.8653 0.2507
vn 0.0035 -1.0000 -0.0015
vn 0.4654 -0.8453 -0.2624
vn 0.7687 -0.4509 -0.4536
vn 0.7052 0.4592 -0.5403
vn 0.4158 0.8488 -0.3266
vn 0.0006 1.0000 -0.0044
vn -0.4009 0.8647 0.3026
vn -0.6779 0.5310 0.5083
vn -0.6779 -0.5310 0.5083
vn -0.4009 -0.8647 0.3026
vn 0.0006 -1.0000 -0.0044
vn 0.4158 -0.8488 -0.3266
vn 0.7052 -0.4592 -0.5403
vn 0.5488 0.4541 -0.7019
vn 0.3249 0.8460 -0.4228
vn 0.0045 1.0000 -0.0016
vn -0.3026 0.8647 0.4010
vn -0.5084 0.5310 0.6780
vn -0.5084 -0.5310 0.6780
vn -0.3026 -0.8647 0.4010
vn 0.0045 -1.0000 -0.0006
vn 0.3270 -0.8488 -0.4155
vn 0.5401 -0.4591 -0.7054
vn 0.2648 0.8486 -0.4580
vn 0.0021 1.0000 -0.0036
vn -0.2506 0.8652 0.4343
vn -0.4231 0.5314 0.7339
vn -0.4231 -0.5314 0.7339
vn -0.2506 -0.8652 0.4343
vn 0.0015 -1.0000 -0.0026
vn 0.2652 -0.8481 -0.4588
vn 0.4449 -0.4558 -0.7709
vn 0.3292 0.4453 -0.8327
vn 0.2091 0.8449 -0.4923
vn 0.0019 1.0000 -0.0033
vn -0.1920 0.8653 0.4631
vn -0.3246 0.5316 0.7824
vn -0.3246 -0.5316 0.7824
vn -0.1920 -0.8653 0.4631
vn 0.0011 -1.0000 -0.0028
vn 0.2025 -0.8481 -0.4896
vn 0.3407 -0.4559 -0.8222
vn 0.2306 0.4546 -0.8604
vn 0.1311 0.8484 -0.5129
vn -0.0022 1.0000 -0.0039
vn -0.1338 0.8649 0.4839
vn -0.2283 0.5314 0.8158
vn -0.2283 -0.5314 0.8158
vn -0.1338 -0.8649 0.4839
vn -0.0022 -1.0000 -0.0039
vn 0.1305 -0.8489 -0.5121
vn 0.2308 -0.4592 -0.8578
vn -0.0007 0.4594 -0.8882
vn 0.0061 0.8490 -0.5283
vn 0.0031 1.0000 -0.0032
vn 0.0040 0.8652 0.5015
vn 0.0094 0.5321 0.8466
vn 0.0094 -0.5321 0.8466
vn 0.0040 -0.8652 0.5015
vn 0.0026 -1.0000 -0.0040
vn 0.0005 -0.8463 -0.5327
vn 0.0085 -0.4544 -0.8908
vn -0.1075 0.4512 -0.8859
vn -0.0748 0.8457 -0.5284
vn -0.0010 1.0000 -0.0037
vn 0.0655 0.8659 0.4960
vn 0.1109 0.5328 0.8389
vn 0.1109 -0.5328 0.8389
vn 0.0655 -0.8659 0.4960
vn -0.0005 -1.0000 -0.0042
vn -0.0686 -0.8491 -0.5238
vn -0.1367 0.8492 -0.5101
vn -0.0011 1.0000 -0.0041
vn 0.1294 0.8661 0.4829
vn 0.2189 0.5333 0.8171
vn 0.2189 -0.5333 0.8171
vn 0.1294 -0.8661 0.4829
vn -0.0005 -1.0000 -0.0038
vn -0.1329 -0.8458 -0.5167
vn -0.2399 -0.4511 -0.8596
vn -0.3563 0.4460 -0.8211
vn -0.1999 0.8456 -0.4950
vn 0.1910 0.8663 0.4616
vn 0.3231 0.5338 0.7815
vn 0.3231 -0.5338 0.7815
vn 0.1910 -0.8663 0.4616
vn -0.0011 -1.0000 -0.0028
vn -0.2023 -0.8486 -0.4888
vn -0.3406 -0.4565 -0.8220
vn -0.4451 0.4556 -0.7709
vn -0.2695 0.8491 -0.4544
vn -0.0043 1.0000 -0.0012
vn 0.2466 0.8660 0.4350
vn 0.4146 0.5339 0.7369
vn 0.4146 -0.5339 0.7369
vn 0.2466 -0.8660 0.4350
vn -0.0043 -1.0000 -0.0012
vn -0.2694 -0.8496 -0.4534
vn -0.4433 -0.4598 -0.7695
vn -0.6347 0.4544 -0.6250
vn -0.3690 0.8495 -0.3772
vn -0.0001 1.0000 -0.0045
vn 0.3557 0.8665 0.3501
vn 0.6039 0.5351 0.5907
vn 0.6039 -0.5351 0.5907
vn 0.3557 -0.8665 0.3501
vn -0.0009 -1.0000 -0.0054
vn -0.3665 -0.8507 -0.3767
vn -0.7026 0.4483 -0.5527
vn -0.4258 0.8461 -0.3205
vn -0.0033 1.0000 -0.0019
vn 0.3950 0.8673 0.3029
vn 0.6701 0.5360 0.5135
vn 0.6701 -0.5360 0.5135
vn 0.3950 -0.8673 0.3029
vn -0.0036 -1.0000 -0.0028
vn -0.4255 -0.8438 -0.3269
vn -0.7099 -0.4463 -0.5449
vn -0.4559 0.8501 -0.2636
vn -0.0036 1.0000 -0.0021
vn 0.4307 0.8676 0.2486
vn 0.7308 0.5366 0.4219
vn 0.7308 -0.5366 0.4219
vn 0.4307 -0.8676 0.2486
vn -0.0037 -1.0000 -0.0022
vn -0.4559 -0.8502 -0.2633
vn -0.8323 0.4469 -0.3278
vn -0.4901 0.8465 -0.2080
vn 0.4590 0.8678 0.1903
vn 0.7791 0.5371 0.3233
vn 0.7791 -0.5371 0.3233
vn 0.4590 -0.8678 0.1903
vn -0.0042 -1.0000 -0.0018
vn -0.4954 -0.8442 -0.2049
vn -0.8266 -0.4467 -0.3423
vn -0.8593 0.4568 -0.2302
vn -0.5105 0.8500 -0.1303
vn -0.0040 1.0000 0.0022
vn 0.4795 0.8675 0.1325
vn 0.8122 0.5372 0.2273
vn 0.8122 -0.5372 0.2273
vn 0.4795 -0.8675 0.1325
vn -0.0051 -1.0000 0.0019
vn -0.5084 -0.8515 -0.1287
vn -0.8917 0.4525 -0.0116
vn -0.5307 0.8476 -0.0010
vn -0.0041 1.0000 -0.0026
vn 0.4966 0.8680 -0.0039
vn 0.8427 0.5382 -0.0093
vn 0.8427 -0.5382 -0.0093
vn 0.4966 -0.8680 -0.0039
vn -0.0045 -1.0000 -0.0032
vn -0.5239 -0.8518 -0.0077
vn -0.5211 0.8508 0.0682
vn -0.0042 1.0000 0.0005
vn 0.4912 0.8686 -0.0648
vn 0.8350 0.5390 -0.1104
vn 0.8350 -0.5390 -0.1104
vn 0.4912 -0.8686 -0.0648
vn -0.0039 -1.0000 -0.0000
vn -0.5277 -0.8470 0.0642
vn -0.8845 -0.4474 0.1325
vn -0.8598 0.4494 0.2426
vn -0.5147 0.8470 0.1326
vn -0.0038 1.0000 0.0005
vn 0.4783 0.8688 -0.1282
vn 0.8134 0.5394 -0.2179
vn 0.8134 -0.5394 -0.2179
vn 0.4783 -0.8688 -0.1282
vn -0.0030 -1.0000 0.0007
vn -0.5096 -0.8496 0.1361
vn -0.8604 -0.4541 0.2312
vn -0.8267 0.4464 0.3424
vn -0.4876 0.8494 0.2020
vn -0.0029 1.0000 0.0012
vn 0.4572 0.8689 -0.1894
vn 0.7778 0.5396 -0.3222
vn 0.7778 -0.5396 -0.3222
vn 0.4572 -0.8689 -0.1894
vn -0.0028 -1.0000 0.0012
vn -0.4874 -0.8494 0.2023
vn -0.8268 -0.4464 0.3422
vn -0.7794 0.4496 0.4364
vn -0.4574 0.8472 0.2703
vn -0.0031 1.0000 0.0024
vn 0.4286 0.8690 -0.2473
vn 0.7292 0.5398 -0.4205
vn 0.7292 -0.5398 -0.4205
vn 0.4286 -0.8690 -0.2473
vn -0.0031 -1.0000 0.0024
vn -0.4574 -0.8472 0.2703
vn -0.7794 -0.4496 0.4364
vn -0.4107 0.8521 0.3245
vn -0.0016 1.0000 0.0053
vn 0.3955 0.8686 -0.2986
vn 0.6736 0.5396 -0.5051
vn 0.6736 -0.5396 -0.5051
vn 0.3955 -0.8686 -0.2986
vn -0.0016 -1.0000 0.0053
vn -0.4107 -0.8521 0.3245
vn -0.5520 0.4530 0.7000
vn -0.3235 0.8480 0.4199
vn -0.0046 1.0000 0.0016
vn 0.2986 0.8686 -0.3955
vn 0.5051 0.5397 -0.6735
vn 0.5051 -0.5397 -0.6735
vn 0.2986 -0.8686 -0.3955
vn -0.0053 -1.0000 0.0016
vn -0.3246 -0.8522 0.4103
vn -0.2628 0.8511 0.4545
vn -0.0022 1.0000 0.0037
vn 0.2472 0.8691 -0.4285
vn 0.4204 0.5400 -0.7292
vn 0.4204 -0.5400 -0.7292
vn 0.2472 -0.8691 -0.4285
vn -0.0024 -1.0000 0.0031
vn -0.2701 -0.8477 0.4566
vn -0.4367 -0.4530 0.7773
vn -0.3283 0.4460 0.8327
vn -0.2080 0.8469 0.4893
vn -0.0019 1.0000 0.0033
vn 0.1893 0.8690 -0.4571
vn 0.3221 0.5399 -0.7777
vn 0.3221 -0.5399 -0.7777
vn 0.1893 -0.8690 -0.4571
vn -0.0012 -1.0000 0.0029
vn -0.2015 -0.8502 0.4864
vn -0.3402 -0.4577 0.8214
vn -0.2345 0.4504 0.8615
vn -0.1372 0.8494 0.5096
vn -0.0008 1.0000 0.0030
vn 0.1281 0.8689 -0.4780
vn 0.2179 0.5396 -0.8132
vn 0.2179 -0.5396 -0.8132
vn 0.1281 -0.8689 -0.4780
vn -0.0005 -1.0000 0.0038
vn -0.1322 -0.8475 0.5140
vn -0.2408 -0.4528 0.8585
vn -0.1168 0.4462 0.8873
vn -0.0689 0.8494 0.5232
vn -0.0004 1.0000 0.0030
vn 0.0646 0.8688 -0.4909
vn 0.1099 0.5394 -0.8349
vn 0.1099 -0.5394 -0.8349
vn 0.0646 -0.8688 -0.4909
vn -0.0005 -1.0000 0.0042
vn -0.0682 -0.8510 0.5208
vn 0.0037 0.4503 0.8929
vn 0.0005 0.8493 0.5279
vn -0.0000 1.0000 0.0031
vn 0.0002 0.8686 -0.4955
vn 0.0005 0.5390 -0.8423
vn 0.0005 -0.5390 -0.8423
vn 0.0002 -0.8686 -0.4955
vn -0.0046 -0.8467 0.5320
vn 0.0152 -0.4458 0.8950
vn 0.1117 0.4532 0.8844
vn 0.0752 0.8500 0.5214
vn 0.0036 1.0000 0.0028
vn -0.0609 0.8680 -0.4929
vn -0.1008 0.5382 -0.8367
vn -0.1008 -0.5382 -0.8367
vn -0.0609 -0.8680 -0.4929
vn 0.0036 -1.0000 0.0029
vn 0.0748 -0.8499 0.5215
vn 0.1120 -0.4533 0.8843
vn 0.3318 0.4559 0.8259
vn 0.2026 0.8477 0.4902
vn -0.0008 1.0000 0.0047
vn -0.1940 0.8675 -0.4581
vn -0.3314 0.5372 -0.7756
vn -0.3314 -0.5372 -0.7756
vn -0.1940 -0.8675 -0.4581
vn -0.0013 -1.0000 0.0053
vn 0.1936 -0.8514 0.4874
vn 0.2674 0.8486 0.4564
vn 0.0027 1.0000 0.0040
vn -0.2486 0.8678 -0.4303
vn -0.4222 0.5371 -0.7303
vn -0.4222 -0.5371 -0.7303
vn -0.2486 -0.8678 -0.4303
vn 0.0015 -1.0000 0.0036
vn 0.2610 -0.8469 0.4633
vn 0.4544 -0.4522 0.7675
vn 0.3193 0.8484 0.4221
vn 0.0026 1.0000 0.0039
vn -0.3027 0.8676 -0.3945
vn -0.5137 0.5366 -0.6695
vn -0.5137 -0.5366 -0.6695
vn -0.3027 -0.8676 -0.3945
vn 0.0018 -1.0000 0.0024
vn 0.3210 -0.8494 0.4190
vn 0.5417 -0.4569 0.7056
vn 0.6434 0.4465 0.6219
vn 0.3733 0.8462 0.3803
vn 0.0024 1.0000 0.0030
vn -0.3519 0.8673 -0.3521
vn -0.5966 0.5360 -0.5973
vn -0.5966 -0.5360 -0.5973
vn -0.3519 -0.8673 -0.3521
vn 0.0022 -1.0000 0.0021
vn 0.3735 -0.8493 0.3731
vn 0.6289 -0.4569 0.6291
vn 0.7062 0.4558 0.5418
vn 0.4225 0.8493 0.3164
vn 0.0045 1.0000 -0.0005
vn -0.3935 0.8665 -0.3070
vn -0.6645 0.5351 -0.5217
vn -0.6645 -0.5351 -0.5217
vn -0.3935 -0.8665 -0.3070
vn 0.4221 -0.8499 0.3155
vn 0.7039 -0.4601 0.5412
vn 0.8210 0.4597 0.3386
vn 0.4847 0.8496 0.2079
vn 0.0017 1.0000 0.0041
vn -0.4635 0.8660 -0.1877
vn -0.7847 0.5339 -0.3149
vn -0.7847 -0.5339 -0.3149
vn -0.4635 -0.8660 -0.1877
vn 0.0029 -1.0000 0.0046
vn 0.4832 -0.8504 0.2083
vn 0.8638 0.4507 0.2253
vn 0.5115 0.8483 0.1370
vn 0.0029 1.0000 0.0008
vn -0.4826 0.8663 -0.1291
vn -0.8169 0.5338 -0.2184
vn -0.8169 -0.5338 -0.2184
vn -0.4826 -0.8663 -0.1291
vn 0.0035 -1.0000 0.0015
vn 0.5136 -0.8460 0.1435
vn 0.8643 -0.4513 0.2222
vn 0.8846 0.4517 0.1161
vn 0.5254 0.8480 0.0691
vn 0.0030 1.0000 0.0004
vn -0.4956 0.8661 -0.0653
vn -0.8387 0.5333 -0.1104
vn -0.8387 -0.5333 -0.1104
vn -0.4956 -0.8661 -0.0653
vn 0.0030 -1.0000 0.0004
vn 0.5247 -0.8485 0.0691
vn 0.8822 -0.4562 0.1162
vn 0.9970 0.0774 -0.0000
vn 0.9965 -0.0838 0.0005
vn 0.8631 -0.0838 -0.4981
vn 0.8631 0.0838 -0.4981
vn 0.7935 -0.0855 -0.6025
vn 0.7935 0.0855 -0.6025
vn 0.6023 -0.0856 -0.7937
vn 0.6024 0.0841 -0.7937
vn 0.4978 -0.0853 -0.8631
vn 0.3816 -0.0853 -0.9204
vn 0.3824 0.0796 -0.9206
vn 0.2630 -0.0856 -0.9610
vn -0.0048 -0.0841 -0.9964
vn -0.0050 0.0856 -0.9963
vn -0.1297 0.0838 -0.9880
vn -0.2587 -0.0838 -0.9623
vn -0.3812 -0.0853 -0.9205
vn -0.3806 0.0798 -0.9213
vn -0.4935 -0.0856 -0.8655
vn -0.7069 0.0817 -0.7026
vn -0.7906 -0.0823 -0.6068
vn -0.9207 -0.0823 -0.3815
vn -0.9206 0.0801 -0.3821
vn -0.9883 -0.0803 0.1296
vn -0.9210 -0.0787 0.3814
vn -0.9210 0.0787 0.3815
vn -0.4959 -0.0839 0.8643
vn -0.3813 -0.0853 0.9205
vn -0.2603 -0.0839 0.9619
vn -0.1301 0.0789 0.9884
vn 0.3847 0.0842 0.9192
vn 0.4997 -0.0838 0.8621
vn 0.6068 -0.0853 0.7903
vn 0.7042 -0.0854 0.7048
vn 0.7044 0.0799 0.7053
vn 0.7872 -0.0857 0.6107
vn 0.9225 0.0859 0.3764
vn 0.9627 -0.0838 0.2572
vn 0.9624 0.0815 0.2590
vn 0.9878 -0.0852 0.1301
vn -0.9898 -0.1422 -0.0006
vn -0.9898 0.1422 -0.0006
vn -1.0000 -0.0000 -0.0006
vn -0.9829 0.1419 0.1176
vn -0.9829 -0.1419 0.1176
vn -0.9929 -0.0000 0.1189
vn -0.9100 0.1413 0.3897
vn -0.9100 -0.1413 0.3897
vn -0.9193 -0.0000 0.3935
vn -0.8573 0.1412 0.4950
vn -0.8573 -0.1412 0.4950
vn -0.8660 -0.0000 0.5000
vn -0.7925 0.1411 0.5933
vn -0.7925 -0.1411 0.5933
vn -0.8005 -0.0000 0.5994
vn -0.5933 0.1410 0.7925
vn -0.5933 -0.1410 0.7925
vn -0.5994 -0.0000 0.8005
vn -0.4944 0.1411 0.8577
vn -0.4944 -0.1411 0.8577
vn -0.4994 -0.0000 0.8663
vn -0.3794 0.1412 0.9144
vn -0.3794 -0.1412 0.9144
vn -0.3833 -0.0000 0.9236
vn -0.2676 0.1413 0.9531
vn -0.2676 -0.1413 0.9531
vn -0.2702 -0.0000 0.9628
vn 0.0117 0.1419 0.9898
vn 0.0117 -0.1419 0.9898
vn 0.0117 -0.0000 0.9999
vn 0.1298 0.1422 0.9813
vn 0.1298 -0.1422 0.9813
vn 0.1312 -0.0000 0.9914
vn 0.2562 0.1425 0.9561
vn 0.2562 -0.1425 0.9561
vn 0.2588 -0.0000 0.9659
vn 0.3782 0.1429 0.9146
vn 0.3782 -0.1429 0.9146
vn 0.3821 -0.0000 0.9241
vn 0.4846 0.1433 0.8629
vn 0.4846 -0.1433 0.8629
vn 0.4898 -0.0000 0.8718
vn 0.7080 0.1442 0.6914
vn 0.7080 -0.1442 0.6914
vn 0.7154 -0.0000 0.6988
vn 0.7854 0.1447 0.6019
vn 0.7854 -0.1447 0.6019
vn 0.7937 -0.0000 0.6083
vn 0.8569 0.1451 0.4947
vn 0.8569 -0.1451 0.4947
vn 0.8660 -0.0000 0.5000
vn 0.9138 0.1455 0.3792
vn 0.9138 -0.1455 0.3792
vn 0.9236 -0.0000 0.3833
vn 0.9525 0.1459 0.2674
vn 0.9525 -0.1459 0.2674
vn 0.9628 -0.0000 0.2702
vn 0.9891 0.1467 -0.0117
vn 0.9891 -0.1467 -0.0117
vn 0.9999 -0.0000 -0.0117
vn 0.9806 0.1470 -0.1297
vn 0.9806 -0.1470 -0.1297
vn 0.9914 -0.0000 -0.1312
vn 0.9554 0.1473 -0.2560
vn 0.9554 -0.1473 -0.2560
vn 0.9659 -0.0000 -0.2588
vn 0.9138 0.1475 -0.3785
vn 0.9138 -0.1475 -0.3785
vn 0.9239 -0.0000 -0.3827
vn 0.8569 0.1476 -0.4940
vn 0.8569 -0.1476 -0.4940
vn 0.8664 -0.0000 -0.4994
vn 0.7917 0.1477 -0.5927
vn 0.7917 -0.1477 -0.5927
vn 0.8005 -0.0000 -0.5994
vn 0.5927 0.1478 -0.7917
vn 0.5927 -0.1478 -0.7917
vn 0.5994 -0.0000 -0.8005
vn 0.4940 0.1478 -0.8568
vn 0.4940 -0.1478 -0.8568
vn 0.4994 -0.0000 -0.8663
vn 0.3785 0.1477 -0.9138
vn 0.3785 -0.1477 -0.9138
vn 0.3827 -0.0000 -0.9239
vn 0.2560 0.1475 -0.9554
vn 0.2560 -0.1475 -0.9554
vn 0.2588 -0.0000 -0.9659
vn 0.1291 0.1473 -0.9806
vn 0.1291 -0.1473 -0.9806
vn 0.1305 -0.0000 -0.9914
vn 0.0006 0.1470 -0.9891
vn 0.0006 -0.1470 -0.9891
vn 0.0006 -0.0000 -1.0000
vn -0.1175 0.1467 -0.9822
vn -0.1175 -0.1467 -0.9822
vn -0.1189 -0.0000 -0.9929
vn -0.3894 0.1459 -0.9094
vn -0.3894 -0.1459 -0.9094
vn -0.3935 -0.0000 -0.9193
vn -0.4952 0.1455 -0.8565
vn -0.4952 -0.1455 -0.8565
vn -0.5006 -0.0000 -0.8657
vn -0.6023 0.1451 -0.7850
vn -0.6023 -0.1451 -0.7850
vn -0.6088 -0.0000 -0.7933
vn -0.6992 0.1447 -0.7001
vn -0.6992 -0.1447 -0.7001
vn -0.7067 -0.0000 -0.7076
vn -0.7779 0.1442 -0.6117
vn -0.7779 -0.1442 -0.6117
vn -0.7862 -0.0000 -0.6180
vn -0.9188 0.1433 -0.3679
vn -0.9188 -0.1433 -0.3679
vn -0.9283 -0.0000 -0.3718
vn -0.9562 0.1429 -0.2555
vn -0.9562 -0.1429 -0.2555
vn -0.9661 -0.0000 -0.2582
vn -0.9813 0.1425 -0.1292
vn -0.9813 -0.1425 -0.1292
vn -0.9914 -0.0000 -0.1305
vn 0.8909 -0.4543 0.0003
vn 0.9037 0.4282 0.0019
vn 0.9966 0.0822 -0.0012
vn 0.9930 0.0051 -0.1179
vn 0.9183 -0.0000 -0.3959
vn 0.7825 0.4265 -0.4536
vn 0.7825 -0.4265 -0.4536
vn 0.8669 -0.0000 -0.4984
vn 0.7260 0.4119 -0.5507
vn 0.7260 -0.4119 -0.5507
vn 0.7970 -0.0000 -0.6040
vn 0.5511 0.4113 -0.7260
vn 0.5484 -0.4241 -0.7207
vn 0.6028 0.0518 -0.7962
vn 0.4556 0.4104 -0.7899
vn 0.4995 0.0365 -0.8655
vn 0.3489 0.4126 -0.8414
vn 0.3432 -0.4471 -0.8260
vn 0.3793 0.1381 -0.9149
vn 0.2409 0.4105 -0.8795
vn 0.2680 0.0518 -0.9620
vn -0.0033 0.4247 -0.9053
vn -0.0047 -0.4129 -0.9107
vn -0.0067 -0.0471 -0.9989
vn -0.1163 -0.4268 -0.8968
vn -0.1334 0.0477 -0.9899
vn -0.2361 0.4271 -0.8728
vn -0.2551 -0.0480 -0.9657
vn -0.3480 0.4143 -0.8410
vn -0.3409 -0.4494 -0.8257
vn -0.3791 0.1280 -0.9165
vn -0.4515 0.4105 -0.7922
vn -0.4909 0.0282 -0.8708
vn -0.6388 -0.4325 -0.6363
vn -0.7133 0.0454 -0.6994
vn -0.7093 0.4473 -0.5447
vn -0.7874 -0.1093 -0.6066
vn -0.8639 0.0632 -0.4997
vn -0.8254 0.4492 -0.3420
vn -0.8222 -0.4551 -0.3417
vn -0.9237 0.0029 -0.3831
vn -0.9615 -0.0000 -0.2748
vn -0.9976 0.0693 0.0081
vn -0.8825 0.4560 0.1153
vn -0.9909 -0.0355 0.1299
vn -0.9639 0.0657 0.2579
vn -0.8188 0.4632 0.3392
vn -0.8185 -0.4639 0.3390
vn -0.9238 0.0029 0.3828
vn -0.8705 -0.0000 0.4923
vn -0.7978 -0.0000 0.6029
vn -0.6005 0.0717 0.7964
vn -0.4482 0.4311 0.7831
vn -0.5019 0.0470 0.8637
vn -0.3480 0.4159 0.8402
vn -0.3804 0.0991 0.9195
vn -0.2365 0.4309 0.8708
vn -0.2562 -0.0393 0.9658
vn -0.1160 -0.4624 0.8791
vn -0.1312 0.1266 0.9832
vn 0.0003 -0.1194 0.9929
vn 0.1256 -0.0031 0.9921
vn 0.3484 -0.4269 0.8345
vn 0.3915 0.0564 0.9185
vn 0.4539 0.4290 0.7810
vn 0.4985 -0.0201 0.8666
vn 0.5547 0.4131 0.7223
vn 0.6102 0.0494 0.7907
vn 0.6438 0.4127 0.6443
vn 0.6304 -0.4512 0.6317
vn 0.7007 0.1310 0.7013
vn 0.7203 0.4105 0.5591
vn 0.7878 0.0270 0.6153
vn 0.8437 -0.4121 0.3440
vn 0.9273 -0.0293 0.3731
vn 0.8736 0.4277 0.2321
vn 0.8697 -0.4337 0.2355
vn 0.9660 -0.0015 0.2585
vn 0.9026 0.4137 0.1188
vn 0.9914 0.0175 0.1294
vn 0.9522 -0.3052 -0.0158
vn 0.9256 -0.3012 -0.2291
vn 0.8471 -0.5188 -0.1153
vn 0.9835 -0.0848 -0.1597
vn 0.8241 0.3016 -0.4794
vn 0.9150 0.3014 -0.2684
vn 0.7943 0.5147 -0.3227
vn 0.9079 0.0809 -0.4112
vn 0.9150 -0.3014 -0.2684
vn 0.8241 -0.3016 -0.4794
vn 0.7943 -0.5147 -0.3227
vn 0.9079 -0.0809 -0.4112
vn 0.3852 0.3013 -0.8722
vn 0.5683 0.2999 -0.7662
vn 0.4297 0.5095 -0.7455
vn 0.5176 0.0811 -0.8518
vn -0.0301 -0.3041 -0.9522
vn -0.2007 -0.3068 -0.9304
vn -0.1127 -0.5239 -0.8443
vn -0.0742 -0.0932 -0.9929
vn -0.3143 0.3081 -0.8980
vn -0.1603 0.3055 -0.9386
vn -0.2216 0.5279 -0.8199
vn -0.1994 0.0968 -0.9751
vn -0.6274 -0.3124 -0.7133
vn -0.7074 -0.3167 -0.6319
vn -0.5880 -0.5504 -0.5928
vn -0.6619 -0.1143 -0.7408
vn -0.8337 0.3138 -0.4544
vn -0.7987 0.3158 -0.5122
vn -0.7208 0.5546 -0.4158
vn -0.8279 0.1224 -0.5474
vn -0.7981 -0.3157 -0.5132
vn -0.8373 -0.3169 -0.4456
vn -0.7213 -0.5547 -0.4148
vn -0.8297 -0.1229 -0.5446
vn -0.9040 -0.3217 -0.2815
vn -0.9205 -0.3197 -0.2246
vn -0.7972 -0.5671 -0.2070
vn -0.9412 -0.1311 -0.3115
vn -0.9467 -0.3217 -0.0170
vn -0.9457 -0.3248 0.0159
vn -0.8194 -0.5733 -0.0044
vn -0.9899 -0.1389 -0.0298
vn -0.9393 0.3201 0.1233
vn -0.9399 0.3199 0.1198
vn -0.8134 0.5717 0.1075
vn -0.9849 0.1406 0.1006
vn -0.7556 0.3221 0.5704
vn -0.7521 0.3278 0.5717
vn -0.6429 0.5813 0.4987
vn -0.7933 0.1473 0.5908
vn -0.7521 -0.3278 0.5717
vn -0.7556 -0.3221 0.5704
vn -0.6429 -0.5813 0.4987
vn -0.7933 -0.1473 0.5908
vn -0.5766 -0.3247 0.7498
vn -0.5704 -0.3276 0.7532
vn -0.4999 -0.5809 0.6424
vn -0.5881 -0.1470 0.7953
vn -0.4764 0.3216 0.8183
vn -0.4684 0.3214 0.8230
vn -0.4094 0.5756 0.7079
vn -0.4807 0.1449 0.8648
vn -0.1266 -0.3191 0.9392
vn -0.1060 -0.3217 0.9409
vn -0.1069 -0.5692 0.8152
vn -0.0900 -0.1380 0.9863
vn 0.3330 -0.3172 0.8880
vn 0.4127 -0.3185 0.8534
vn 0.3109 -0.5598 0.7681
vn 0.4410 -0.1225 0.8891
vn 0.5195 0.3143 0.7945
vn 0.4262 0.3017 0.8528
vn 0.4115 0.5467 0.7292
vn 0.5443 0.1182 0.8305
vn 0.6440 0.2984 0.7044
vn 0.5422 0.3141 0.7793
vn 0.5158 0.5411 0.6642
vn 0.6560 0.1138 0.7461
vn 0.8492 -0.3084 0.4287
vn 0.9138 -0.3075 0.2653
vn 0.7788 -0.5334 0.3302
vn 0.9444 -0.0963 0.3144
vn 0.9888 -0.0740 0.1295
vn 0.9265 -0.0741 -0.3690
vn 0.9830 -0.0753 -0.1677
vn 0.9551 -0.1612 -0.2484
vn 0.9871 -0.1600 0.0056
vn 0.9920 -0.0168 -0.1254
vn 0.7839 -0.6081 -0.1254
vn 0.9850 -0.0743 -0.1555
vn 0.7742 -0.0736 -0.6287
vn 0.9054 -0.0754 -0.4178
vn 0.7742 0.0736 -0.6287
vn 0.9850 0.0743 -0.1555
vn 0.9054 0.0754 -0.4178
vn 0.2819 0.0743 -0.9566
vn 0.6964 0.0745 -0.7138
vn 0.5225 0.0754 -0.8493
vn 0.1459 -0.1574 -0.9767
vn 0.3942 -0.1648 -0.9041
vn 0.2605 -0.0169 -0.9653
vn 0.2458 -0.6084 -0.7546
vn 0.1070 -0.0742 -0.9915
vn -0.3305 -0.0746 -0.9408
vn -0.0595 -0.0749 -0.9954
vn -0.4435 0.0747 -0.8932
vn -0.0285 0.0747 -0.9968
vn -0.1839 0.0748 -0.9801
vn -0.5650 -0.1424 -0.8127
vn -0.3860 -0.1517 -0.9100
vn -0.4992 0.0141 -0.8664
vn -0.3503 -0.5793 -0.7360
vn -0.5466 -0.0746 -0.8341
vn -0.8309 -0.0748 -0.5513
vn -0.6518 -0.0744 -0.7548
vn -0.8253 -0.1338 -0.5486
vn -0.7268 -0.1439 -0.6717
vn -0.7928 0.0326 -0.6086
vn -0.6204 -0.5584 -0.5507
vn -0.7550 -0.0747 -0.6515
vn -0.9312 -0.0750 -0.3568
vn -0.8238 -0.0740 -0.5621
vn -0.9327 0.0791 -0.3519
vn -0.7553 0.0751 -0.6511
vn -0.8238 0.0753 -0.5619
vn -0.8908 -0.0748 -0.4483
vn -0.9905 -0.0751 -0.1149
vn -0.9408 -0.0738 -0.3307
vn -0.9705 -0.1260 -0.2055
vn -0.9334 -0.1322 -0.3335
vn -0.9643 0.0509 -0.2599
vn -0.8000 -0.5368 -0.2680
vn -0.9851 -0.0754 -0.1547
vn -0.9839 -0.0752 0.1620
vn -0.9965 -0.0737 -0.0403
vn -0.9905 -0.1240 0.0601
vn -0.9898 -0.1290 -0.0608
vn -0.9983 0.0588 0.0018
vn -0.8510 -0.5242 -0.0315
vn -0.9606 0.0780 0.2668
vn -0.9966 0.0785 -0.0247
vn -0.9930 0.0763 0.0901
vn -0.9694 0.1195 0.2143
vn -0.9481 0.1184 0.2952
vn -0.9633 -0.0692 0.2592
vn -0.8341 0.5132 0.2021
vn -0.9454 -0.1228 0.3020
vn -0.9694 -0.1197 0.2143
vn -0.9628 0.0672 0.2618
vn -0.8326 -0.5136 0.2072
vn -0.8819 0.1219 0.4553
vn -0.8410 0.1167 0.5283
vn -0.8651 -0.0713 0.4965
vn -0.7534 0.5080 0.4176
vn -0.8410 -0.1167 0.5283
vn -0.8819 -0.1219 0.4553
vn -0.8651 0.0713 0.4965
vn -0.7534 -0.5080 0.4176
vn -0.8772 -0.0752 0.4742
vn -0.7009 -0.0778 0.7090
vn -0.7995 -0.0747 0.5960
vn -0.7009 0.0778 0.7090
vn -0.8772 0.0752 0.4742
vn -0.7995 0.0747 0.5960
vn -0.7041 -0.0753 0.7061
vn -0.4712 -0.0752 0.8788
vn -0.5881 -0.0735 0.8055
vn -0.5607 -0.1201 0.8193
vn -0.6390 -0.1215 0.7596
vn -0.6072 0.0700 0.7914
vn -0.5147 -0.5085 0.6903
vn -0.3683 0.0780 0.9264
vn -0.6111 0.0780 0.7877
vn -0.4787 0.0761 0.8747
vn -0.3312 -0.1243 0.9353
vn -0.4245 -0.1310 0.8959
vn -0.3819 0.0651 0.9219
vn -0.3059 -0.5145 0.8011
vn -0.2000 -0.1337 0.9706
vn -0.2971 -0.1192 0.9474
vn -0.2573 0.0638 0.9642
vn -0.1920 -0.5180 0.8336
vn -0.2697 -0.0784 0.9598
vn 0.0248 -0.0751 0.9969
vn -0.0819 -0.0749 0.9938
vn -0.0582 0.1354 0.9891
vn 0.0657 0.1312 0.9892
vn -0.0013 -0.0531 0.9986
vn 0.0407 0.5306 0.8466
vn 0.0565 -0.1258 0.9904
vn -0.0581 -0.1351 0.9891
vn -0.0038 0.0555 0.9985
vn 0.0334 -0.5297 0.8475
vn 0.0616 0.1279 0.9899
vn 0.2014 0.1404 0.9694
vn 0.1280 -0.0479 0.9906
vn 0.1480 0.5362 0.8310
vn 0.2014 -0.1403 0.9694
vn 0.0616 -0.1279 0.9899
vn 0.1280 0.0480 0.9906
vn 0.1480 -0.5362 0.8310
vn 0.2326 -0.0751 0.9697
vn 0.5764 -0.0745 0.8138
vn 0.4614 -0.0740 0.8841
vn 0.6582 0.0747 0.7492
vn 0.3347 0.0732 0.9395
vn 0.5603 0.0741 0.8249
vn 0.7706 0.0726 0.6332
vn 0.4640 0.0753 0.8826
vn 0.6766 0.0742 0.7326
vn 0.8404 -0.1484 0.5213
vn 0.7187 -0.1446 0.6801
vn 0.7899 0.0141 0.6131
vn 0.6736 -0.5786 0.4599
vn 0.8276 -0.0747 0.5563
vn 0.9902 -0.0738 0.1186
vn 0.9517 -0.0748 0.2978
vn 0.9873 -0.1581 0.0132
vn 0.9611 -0.1525 0.2305
vn 0.9912 -0.0074 0.1324
vn 0.7972 -0.6005 0.0629
vn 0.9474 0.0561 -0.3152
vn 0.9958 0.0518 0.0761
vn 0.2446 -0.9692 -0.0282
vn 0.9136 -0.3801 -0.1446
vn 0.9915 -0.1075 0.0735
vn 0.9430 -0.1162 -0.3118
vn 0.2450 0.9691 -0.0282
vn 0.9384 0.3128 -0.1469
vn 0.8123 0.0257 -0.5826
vn 0.9761 0.0600 -0.2090
vn 0.2187 -0.9714 -0.0922
vn 0.8400 -0.3876 -0.3797
vn 0.9761 -0.0600 -0.2090
vn 0.8123 -0.0257 -0.5826
vn 0.2187 0.9714 -0.0922
vn 0.8400 0.3876 -0.3797
vn 0.6546 -0.0573 -0.7538
vn 0.3339 -0.0612 -0.9406
vn 0.1262 0.9672 -0.2206
vn 0.4774 0.3872 -0.7888
vn 0.4674 -0.0876 -0.8797
vn 0.0901 -0.1351 -0.9867
vn 0.0655 0.9683 -0.2412
vn 0.2869 0.3137 -0.9052
vn -0.2836 0.0989 -0.9538
vn 0.0504 0.0786 -0.9956
vn -0.0398 -0.9587 -0.2815
vn -0.0713 -0.3622 -0.9294
vn -0.0843 -0.0898 -0.9924
vn -0.3988 -0.1112 -0.9103
vn -0.0791 0.9553 -0.2849
vn -0.1885 0.3542 -0.9160
vn -0.3149 -0.1361 -0.9393
vn -0.6019 -0.1897 -0.7757
vn -0.1513 0.9536 -0.2604
vn -0.4189 0.2663 -0.8681
vn -0.8010 0.1330 -0.5837
vn -0.5854 0.1317 -0.8000
vn -0.2404 -0.9428 -0.2309
vn -0.6318 -0.3118 -0.7097
vn -0.6689 -0.2863 -0.6860
vn -0.8393 -0.2183 -0.4980
vn -0.3198 0.9172 -0.2376
vn -0.7360 0.2181 -0.6409
vn -0.9046 0.1726 -0.3898
vn -0.7788 0.1517 -0.6087
vn -0.3316 -0.9247 -0.1870
vn -0.7978 -0.2864 -0.5305
vn -0.7787 -0.1532 -0.6084
vn -0.8900 -0.2533 -0.3790
vn -0.3562 0.9123 -0.2021
vn -0.7983 0.2818 -0.5322
vn -0.9707 0.1869 -0.1510
vn -0.9034 0.1481 -0.4024
vn -0.3747 -0.9219 -0.0988
vn -0.9134 -0.2615 -0.3119
vn -0.8957 -0.2049 -0.3947
vn -0.9577 -0.2439 -0.1529
vn -0.3746 0.9219 -0.0988
vn -0.9302 0.1873 -0.3158
vn -0.9755 0.1828 0.1226
vn -0.9753 0.1902 -0.1118
vn -0.4252 -0.9051 0.0061
vn -0.9718 -0.2333 -0.0346
vn -0.9422 -0.3182 -0.1049
vn -0.9635 -0.2409 0.1165
vn -0.4508 0.8926 0.0062
vn -0.9883 0.1489 -0.0322
vn -0.9622 -0.2719 0.0168
vn -0.9347 -0.2781 0.2212
vn -0.5729 0.8157 0.0797
vn -0.9739 0.2078 0.0918
vn -0.9040 0.2687 0.3327
vn -0.9528 0.2607 0.1557
vn -0.4703 -0.8731 0.1288
vn -0.9639 -0.1361 0.2287
vn -0.9523 -0.2624 0.1558
vn -0.8845 -0.3334 0.3264
vn -0.5099 0.8487 0.1401
vn -0.9653 0.1297 0.2267
vn -0.7869 0.2739 0.5529
vn -0.8577 0.3316 0.3929
vn -0.4768 -0.8348 0.2754
vn -0.8654 -0.1143 0.4879
vn -0.8577 -0.3316 0.3929
vn -0.7869 -0.2739 0.5529
vn -0.4768 0.8348 0.2754
vn -0.8654 0.1143 0.4879
vn -0.6998 0.2817 0.6565
vn -0.8439 0.1968 0.4991
vn -0.3995 -0.8644 0.3053
vn -0.7884 -0.1907 0.5849
vn -0.8439 -0.1968 0.4991
vn -0.6998 -0.2817 0.6565
vn -0.3995 0.8644 0.3053
vn -0.7884 0.1907 0.5849
vn -0.4970 0.1926 0.8461
vn -0.6648 0.2116 0.7164
vn -0.2834 -0.8845 0.3706
vn -0.5783 -0.2005 0.7908
vn -0.6387 -0.3350 0.6927
vn -0.4944 -0.2508 0.8322
vn -0.3030 0.8671 0.3954
vn -0.5846 0.1172 0.8028
vn -0.5584 -0.2848 0.7791
vn -0.3904 -0.2784 0.8776
vn -0.3055 0.7944 0.5249
vn -0.4726 0.1901 0.8605
vn -0.4399 -0.3370 0.8324
vn -0.2720 -0.3301 0.9039
vn -0.2305 0.8048 0.5469
vn -0.3532 0.1208 0.9277
vn -0.3345 -0.2673 0.9037
vn -0.1452 -0.3275 0.9336
vn -0.1387 0.8518 0.5051
vn -0.2238 0.1374 0.9649
vn -0.0168 0.1903 0.9816
vn -0.2241 0.2762 0.9346
vn -0.0691 -0.8645 0.4979
vn -0.0827 -0.2284 0.9701
vn 0.1101 0.3134 0.9432
vn -0.0959 0.3260 0.9405
vn -0.0050 -0.8498 0.5271
vn 0.0484 -0.1562 0.9865
vn -0.0963 -0.3245 0.9410
vn 0.1120 -0.2415 0.9639
vn -0.0037 0.8795 0.4758
vn 0.0502 0.1658 0.9849
vn 0.2410 0.3100 0.9197
vn 0.0022 0.2269 0.9739
vn 0.0468 -0.9097 0.4126
vn 0.1713 -0.1758 0.9694
vn 0.0022 -0.2269 0.9739
vn 0.2412 -0.3083 0.9202
vn 0.0469 0.9099 0.4123
vn 0.1713 0.1758 0.9694
vn 0.5315 0.1268 0.8375
vn 0.2685 0.1690 0.9484
vn 0.1363 -0.9331 0.3328
vn 0.4319 -0.2887 0.8544
vn 0.3769 -0.2447 0.8934
vn 0.6158 -0.1395 0.7755
vn 0.1949 0.9191 0.3424
vn 0.5315 0.2951 0.7940
vn 0.4969 -0.1548 0.8539
vn 0.7069 -0.2210 0.6718
vn 0.2270 0.9248 0.3054
vn 0.6283 0.3044 0.7159
vn 0.6724 -0.1684 0.7208
vn 0.8700 -0.1645 0.4648
vn 0.2385 0.9523 0.1905
vn 0.7955 0.2642 0.5453
vn 0.9824 0.0599 0.1768
vn 0.8505 0.1088 0.5146
vn 0.2571 -0.9604 0.1070
vn 0.8867 -0.3555 0.2955
vn 0.9468 -0.1521 0.2835
vn 0.9908 -0.1252 -0.0519
vn 0.2736 0.9611 0.0381
vn 0.9502 0.3011 0.0806
vn 0.8526 0.4631 -0.2420
vn 0.8653 0.4647 -0.1880
vn 0.8536 0.4704 -0.2238
vn 0.5260 0.8476 -0.0693
vn 0.4818 0.8496 -0.2148
vn 0.5024 0.8536 -0.1379
vn 0.0373 0.9918 0.1219
vn -0.0288 0.9917 -0.1251
vn -0.0001 1.0000 -0.0001
vn -0.4379 0.8555 0.2763
vn -0.5162 0.8562 -0.0205
vn -0.4900 0.8618 0.1314
vn -0.7621 0.5259 0.3777
vn -0.8482 0.5269 0.0539
vn -0.8200 0.5284 0.2199
vn -0.8482 -0.5269 0.0539
vn -0.7621 -0.5259 0.3777
vn -0.8200 -0.5284 0.2199
vn -0.4379 -0.8555 0.2763
vn -0.5162 -0.8562 -0.0205
vn -0.4900 -0.8618 0.1314
vn 0.0373 -0.9918 0.1219
vn -0.0276 -0.9919 -0.1242
vn -0.0000 -1.0000 0.0001
vn 0.5260 -0.8476 -0.0693
vn 0.4906 -0.8475 -0.2029
vn 0.5028 -0.8538 -0.1347
vn 0.8653 -0.4647 -0.1880
vn 0.8434 -0.4646 -0.2698
vn 0.8522 -0.4707 -0.2284
vn 0.6056 0.4692 -0.6428
vn 0.6430 0.4693 -0.6053
vn 0.6244 0.4693 -0.6244
vn 0.4266 0.8498 -0.3094
vn 0.3089 0.8498 -0.4271
vn 0.3688 0.8532 -0.3688
vn 0.0936 0.9917 0.0879
vn -0.0878 0.9917 -0.0937
vn -0.0001 1.0000 0.0001
vn -0.2411 0.8555 0.4583
vn -0.4582 0.8556 0.2410
vn -0.3591 0.8614 0.3591
vn -0.4712 0.5256 0.7083
vn -0.7082 0.5257 0.4712
vn -0.6006 0.5277 0.6007
vn -0.7082 -0.5257 0.4712
vn -0.4712 -0.5256 0.7083
vn -0.6006 -0.5277 0.6007
vn -0.2411 -0.8555 0.4583
vn -0.4582 -0.8556 0.2410
vn -0.3591 -0.8614 0.3591
vn 0.0937 -0.9917 0.0879
vn -0.0878 -0.9917 -0.0937
vn -0.0001 -1.0000 0.0001
vn 0.4271 -0.8498 -0.3089
vn 0.3089 -0.8498 -0.4271
vn 0.3688 -0.8532 -0.3688
vn 0.6428 -0.4692 -0.6056
vn 0.6056 -0.4692 -0.6428
vn 0.6244 -0.4693 -0.6244
vn 0.1027 0.4632 -0.8803
vn 0.1413 0.4694 -0.8716
vn 0.1183 0.4698 -0.8748
vn 0.1508 0.8499 -0.5049
vn -0.0142 0.8498 -0.5269
vn 0.0682 0.8534 -0.5168
vn 0.1278 0.9917 0.0122
vn -0.1269 0.9917 -0.0203
vn 0.0877 0.8562 0.5091
vn -0.2168 0.8555 0.4702
vn -0.0664 0.8618 0.5029
vn 0.0573 0.5269 0.8480
vn -0.2750 0.5259 0.8048
vn -0.1110 0.5284 0.8417
vn -0.2750 -0.5259 0.8048
vn 0.0573 -0.5269 0.8480
vn -0.1110 -0.5284 0.8417
vn 0.0877 -0.8562 0.5091
vn -0.2168 -0.8555 0.4702
vn -0.0664 -0.8618 0.5029
vn 0.1277 -0.9917 0.0122
vn -0.1269 -0.9917 -0.0203
vn 0.1501 -0.8499 -0.5051
vn -0.0152 -0.8501 -0.5264
vn 0.0680 -0.8534 -0.5168
vn 0.1417 -0.4695 -0.8715
vn 0.0890 -0.4694 -0.8785
vn 0.1153 -0.4696 -0.8753
vn -0.5498 0.4640 -0.6946
vn -0.5166 0.4700 -0.7157
vn -0.5347 0.4706 -0.7019
vn -0.2496 0.8505 -0.4629
vn -0.3821 0.8506 -0.3612
vn -0.3164 0.8542 -0.4126
vn 0.0987 0.9917 -0.0820
vn -0.1040 0.9917 0.0757
vn -0.0000 1.0000 0.0002
vn 0.4202 0.8577 0.2962
vn 0.1784 0.8565 0.4843
vn 0.3073 0.8631 0.4009
vn 0.6387 0.5300 0.5578
vn 0.3740 0.5283 0.7622
vn 0.5156 0.5312 0.6723
vn 0.3740 -0.5283 0.7622
vn 0.6387 -0.5300 0.5578
vn 0.5156 -0.5312 0.6723
vn 0.4202 -0.8577 0.2962
vn 0.1784 -0.8565 0.4843
vn 0.3073 -0.8631 0.4009
vn 0.0973 -0.9919 -0.0820
vn -0.1040 -0.9917 0.0757
vn -0.0002 -1.0000 0.0003
vn -0.2647 -0.8482 -0.4589
vn -0.3824 -0.8509 -0.3602
vn -0.3190 -0.8544 -0.4101
vn -0.5034 -0.4655 -0.7279
vn -0.5581 -0.4702 -0.6837
vn -0.5356 -0.4710 -0.7010
vn -0.8794 0.4650 -0.1021
vn -0.8758 0.4650 -0.1293
vn -0.8742 0.4718 -0.1151
vn -0.5032 0.8511 -0.1496
vn -0.5242 0.8514 0.0152
vn -0.5140 0.8551 -0.0677
vn 0.0119 0.9917 -0.1277
vn -0.0202 0.9917 0.1270
vn 0.0002 1.0000 0.0002
vn 0.5042 0.8591 -0.0876
vn 0.4660 0.8581 0.2156
vn 0.4982 0.8646 0.0658
vn 0.8441 0.5331 -0.0572
vn 0.8014 0.5317 0.2739
vn 0.8379 0.5345 0.1105
vn 0.8014 -0.5317 0.2739
vn 0.8441 -0.5331 -0.0572
vn 0.8379 -0.5345 0.1105
vn 0.5042 -0.8591 -0.0876
vn 0.4660 -0.8581 0.2156
vn 0.4982 -0.8646 0.0658
vn 0.0109 -0.9919 -0.1267
vn -0.0209 -0.9918 0.1258
vn 0.0001 -1.0000 0.0002
vn -0.5100 -0.8491 -0.1376
vn -0.5278 -0.8494 0.0011
vn -0.5132 -0.8556 -0.0676
vn -0.8699 -0.4665 -0.1599
vn -0.8816 -0.4667 -0.0707
vn -0.8738 -0.4725 -0.1151
vn -0.5921 0.4672 0.6566
vn -0.6356 0.4656 0.6158
vn -0.6197 0.4727 0.6265
vn -0.4244 0.8518 0.3071
vn -0.3198 0.8498 0.4190
vn -0.3679 0.8559 0.3634
vn -0.0937 0.9917 -0.0877
vn 0.0865 0.9919 0.0935
vn -0.0000 1.0000 -0.0003
vn 0.2370 0.8595 -0.4528
vn 0.4529 0.8594 -0.2371
vn 0.3543 0.8654 -0.3543
vn 0.4681 0.5343 -0.7038
vn 0.7039 0.5342 -0.4682
vn 0.5968 0.5364 -0.5968
vn 0.7039 -0.5342 -0.4682
vn 0.4681 -0.5343 -0.7038
vn 0.5968 -0.5364 -0.5968
vn 0.2370 -0.8595 -0.4528
vn 0.4529 -0.8594 -0.2371
vn 0.3543 -0.8654 -0.3543
vn -0.0936 -0.9919 -0.0864
vn 0.0865 -0.9919 0.0935
vn 0.0001 -1.0000 -0.0001
vn -0.4191 -0.8498 0.3199
vn -0.3198 -0.8498 0.4190
vn -0.3654 -0.8561 0.3654
vn -0.6566 -0.4672 0.5921
vn -0.5921 -0.4672 0.6566
vn -0.6230 -0.4731 0.6230
vn 0.2418 0.4649 0.8517
vn 0.2021 0.4712 0.8586
vn 0.2253 0.4716 0.8526
vn 0.0530 0.8518 0.5212
vn 0.2146 0.8511 0.4791
vn 0.1340 0.8551 0.5008
vn -0.1232 0.9917 0.0366
vn 0.1251 0.9917 -0.0285
vn -0.0002 1.0000 -0.0001
vn -0.2746 0.8581 -0.4339
vn 0.0210 0.8591 -0.5113
vn -0.1303 0.8646 -0.4854
vn -0.3762 0.5317 -0.7588
vn -0.0535 0.5331 -0.8444
vn -0.2190 0.5345 -0.8163
vn -0.0535 -0.5331 -0.8444
vn -0.3762 -0.5317 -0.7588
vn -0.2190 -0.5345 -0.8163
vn -0.2746 -0.8581 -0.4339
vn 0.0211 -0.8591 -0.5113
vn -0.1303 -0.8646 -0.4854
vn -0.1220 -0.9918 0.0371
vn 0.1251 -0.9917 -0.0285
vn -0.0000 -1.0000 -0.0002
vn 0.0678 -0.8494 0.5234
vn 0.2146 -0.8511 0.4791
vn 0.1372 -0.8553 0.4996
vn 0.1854 -0.4666 0.8648
vn 0.2418 -0.4649 0.8517
vn 0.2235 -0.4722 0.8527
vn 0.7737 0.4639 0.4314
vn 0.7507 0.4702 0.4641
vn 0.7626 0.4706 0.4438
vn 0.4070 0.8509 0.3321
vn 0.4917 0.8502 0.1881
vn 0.4502 0.8542 0.2601
vn -0.0615 0.9917 0.1130
vn 0.0684 0.9917 -0.1085
vn -0.0002 1.0000 0.0001
vn -0.5034 0.8565 -0.1136
vn -0.3485 0.8577 -0.3779
vn -0.4376 0.8631 -0.2523
vn -0.8045 0.5283 -0.2713
vn -0.6364 0.5300 -0.5605
vn -0.7339 0.5312 -0.4234
vn -0.6364 -0.5300 -0.5605
vn -0.8045 -0.5283 -0.2713
vn -0.7339 -0.5312 -0.4234
vn -0.5034 -0.8565 -0.1136
vn -0.3485 -0.8577 -0.3779
vn -0.4376 -0.8631 -0.2523
vn -0.0602 -0.9918 0.1124
vn 0.0684 -0.9917 -0.1085
vn -0.0001 -1.0000 -0.0001
vn 0.4196 -0.8485 0.3226
vn 0.4915 -0.8505 0.1870
vn 0.4517 -0.8544 0.2568
vn 0.7438 -0.4656 0.4796
vn 0.7772 -0.4701 0.4182
vn 0.7631 -0.4710 0.4426
vn 0.9637 -0.0852 -0.2529
vn 0.9610 -0.0852 -0.2629
vn 0.9624 -0.0856 -0.2579
vn 0.9612 0.0823 -0.2632
vn 0.9637 0.0852 -0.2529
vn 0.9628 0.0862 -0.2560
vn 0.7066 -0.0868 -0.7023
vn 0.7023 -0.0868 -0.7066
vn 0.7045 -0.0857 -0.7045
vn 0.7023 0.0868 -0.7066
vn 0.7069 0.0867 -0.7020
vn 0.7045 0.0857 -0.7045
vn 0.1334 -0.0867 -0.9873
vn 0.1271 -0.0868 -0.9881
vn 0.1300 -0.0857 -0.9878
vn 0.1245 0.0823 -0.9888
vn 0.1330 0.0868 -0.9873
vn 0.1296 0.0863 -0.9878
vn -0.6010 -0.0853 -0.7947
vn -0.6088 -0.0868 -0.7885
vn -0.6046 -0.0857 -0.7919
vn -0.6119 0.0827 -0.7866
vn -0.6040 0.0871 -0.7922
vn -0.6068 0.0863 -0.7901
vn -0.9867 -0.0853 -0.1384
vn -0.9889 -0.0853 -0.1219
vn -0.9878 -0.0857 -0.1300
vn -0.9890 0.0831 -0.1225
vn -0.9870 0.0830 -0.1378
vn -0.9877 0.0870 -0.1300
vn -0.7109 -0.0854 0.6981
vn -0.6981 -0.0854 0.7109
vn -0.7045 -0.0858 0.7045
vn -0.6981 0.0854 0.7109
vn -0.7105 0.0832 0.6988
vn -0.7031 0.0864 0.7058
vn 0.2503 -0.0853 0.9644
vn 0.2650 -0.0831 0.9607
vn 0.2560 -0.0864 0.9628
vn 0.2650 0.0831 0.9607
vn 0.2545 0.0869 0.9632
vn 0.2583 0.0864 0.9622
vn 0.8597 -0.0853 0.5036
vn 0.8643 -0.0868 0.4955
vn 0.8617 -0.0857 0.5002
vn 0.8662 0.0826 0.4928
vn 0.8612 0.0868 0.5007
vn 0.8630 0.0863 0.4978
vn -0.9868 0.1402 0.0809
vn -0.8951 0.1395 0.4234
vn -0.9565 0.1395 0.2563
vn -0.8951 -0.1395 0.4234
vn -0.9868 -0.1402 0.0809
vn -0.9565 -0.1395 0.2563
vn -0.9045 -0.0000 0.4266
vn -0.9966 -0.0000 0.0828
vn -0.9659 -0.0000 0.2589
vn -0.8143 0.1394 0.5635
vn -0.5635 0.1393 0.8143
vn -0.7002 0.1389 0.7003
vn -0.5635 -0.1393 0.8143
vn -0.8143 -0.1394 0.5635
vn -0.7002 -0.1389 0.7003
vn -0.5700 -0.0000 0.8217
vn -0.8217 -0.0000 0.5700
vn -0.7071 -0.0000 0.7071
vn -0.3029 0.1395 0.9427
vn 0.0486 0.1402 0.9889
vn -0.1293 0.1395 0.9817
vn 0.0486 -0.1402 0.9889
vn -0.3029 -0.1395 0.9427
vn -0.1293 -0.1395 0.9818
vn 0.0480 -0.0000 0.9988
vn -0.3049 -0.0000 0.9524
vn -0.1306 -0.0000 0.9914
vn 0.4523 0.1414 0.8806
vn 0.7334 0.1426 0.6647
vn 0.6025 0.1416 0.7854
vn 0.7334 -0.1426 0.6647
vn 0.4523 -0.1414 0.8806
vn 0.6025 -0.1416 0.7854
vn 0.7402 -0.0000 0.6723
vn 0.4579 -0.0000 0.8890
vn 0.6087 -0.0000 0.7934
vn 0.9422 0.1440 0.3027
vn 0.9882 0.1450 -0.0485
vn 0.9811 0.1441 0.1293
vn 0.9882 -0.1450 -0.0485
vn 0.9422 -0.1440 0.3027
vn 0.9811 -0.1441 0.1293
vn 0.9988 -0.0000 -0.0480
vn 0.9524 -0.0000 0.3048
vn 0.9914 -0.0000 0.1306
vn 0.8135 0.1459 -0.5630
vn 0.5630 0.1460 -0.8134
vn 0.6996 0.1456 -0.6996
vn 0.5630 -0.1460 -0.8134
vn 0.8135 -0.1459 -0.5630
vn 0.6996 -0.1456 -0.6996
vn 0.5700 -0.0000 -0.8216
vn 0.8216 -0.0000 -0.5700
vn 0.7071 -0.0000 -0.7071
vn -0.0809 0.1450 -0.9861
vn -0.4231 0.1440 -0.8946
vn -0.2562 0.1441 -0.9558
vn -0.4231 -0.1440 -0.8946
vn -0.0809 -0.1450 -0.9861
vn -0.2562 -0.1441 -0.9558
vn -0.4265 -0.0000 -0.9045
vn -0.0828 -0.0000 -0.9966
vn -0.2589 -0.0000 -0.9659
vn -0.7547 0.1426 -0.6404
vn -0.9321 0.1414 -0.3335
vn -0.8573 0.1416 -0.4949
vn -0.9321 -0.1414 -0.3335
vn -0.7547 -0.1426 -0.6404
vn -0.8574 -0.1416 -0.4949
vn -0.9412 -0.0000 -0.3379
vn -0.7632 -0.0000 -0.6462
vn -0.8661 -0.0000 -0.4999
vn 0.8750 0.4225 -0.2361
vn 0.8759 0.4224 -0.2331
vn 0.8779 0.4171 -0.2352
vn 0.8759 -0.4224 -0.2331
vn 0.8719 -0.4287 -0.2369
vn 0.8779 -0.4171 -0.2353
vn 0.9672 -0.0000 -0.2539
vn 0.9646 -0.0000 -0.2637
vn 0.6451 0.4105 -0.6445
vn 0.6445 0.4105 -0.6451
vn 0.6439 0.4133 -0.6439
vn 0.6440 -0.4120 -0.6446
vn 0.6451 -0.4105 -0.6445
vn 0.6439 -0.4133 -0.6439
vn 0.7072 -0.0000 -0.7070
vn 0.7068 0.0030 -0.7074
vn 0.1191 0.4115 -0.9036
vn 0.1185 0.4120 -0.9034
vn 0.1189 0.4134 -0.9027
vn 0.1186 -0.4105 -0.9041
vn 0.1149 -0.4279 -0.8965
vn 0.1187 -0.4152 -0.9020
vn 0.1331 0.0447 -0.9901
vn 0.1301 -0.0030 -0.9915
vn 0.1317 0.0031 -0.9913
vn -0.5548 0.4115 -0.7231
vn -0.5495 0.4233 -0.7203
vn -0.5538 0.4152 -0.7218
vn -0.5545 -0.4130 -0.7225
vn -0.5530 -0.4291 -0.7142
vn -0.5539 -0.4153 -0.7217
vn -0.6061 0.0422 -0.7942
vn -0.6106 -0.0384 -0.7910
vn -0.6088 -0.0000 -0.7934
vn -0.8978 0.4253 -0.1145
vn -0.8967 0.4255 -0.1218
vn -0.9011 0.4171 -0.1186
vn -0.8935 -0.4319 -0.1229
vn -0.8951 -0.4314 -0.1127
vn -0.9011 -0.4172 -0.1186
vn -0.9909 -0.0000 -0.1348
vn -0.9920 0.0024 -0.1261
vn -0.6366 0.4265 0.6425
vn -0.6426 0.4261 0.6368
vn -0.6427 0.4171 0.6427
vn -0.6415 -0.4325 0.6336
vn -0.6366 -0.4265 0.6425
vn -0.6427 -0.4171 0.6426
vn -0.7103 -0.0000 0.7039
vn -0.7041 0.0024 0.7101
vn 0.2382 0.4316 0.8701
vn 0.2314 0.4241 0.8756
vn 0.2352 0.4170 0.8779
vn 0.2358 -0.4130 0.8797
vn 0.2382 -0.4316 0.8700
vn 0.2355 -0.4153 0.8787
vn 0.2542 -0.0000 0.9671
vn 0.2614 -0.0369 0.9645
vn 0.2577 -0.0031 0.9662
vn 0.7893 0.4115 0.4558
vn 0.7839 0.4226 0.4550
vn 0.7878 0.4152 0.4549
vn 0.7894 -0.4115 0.4556
vn 0.7842 -0.4288 0.4484
vn 0.7879 -0.4153 0.4548
vn 0.8639 0.0428 0.5018
vn 0.8665 -0.0431 0.4972
vn 0.8930 0.4468 -0.0540
vn 0.7492 0.6624 -0.0002
vn 0.7378 0.6674 -0.1010
vn 0.5290 0.8479 -0.0361
vn 0.2717 0.9624 -0.0002
vn 0.2692 0.9622 -0.0410
vn 0.0032 1.0000 -0.0003
vn -0.2610 0.9653 -0.0000
vn -0.2598 0.9651 0.0318
vn -0.4996 0.8656 0.0322
vn -0.6973 0.7167 -0.0003
vn -0.6931 0.7159 0.0843
vn -0.8448 0.5325 0.0528
vn -0.8448 -0.5325 0.0528
vn -0.6973 -0.7167 -0.0003
vn -0.6931 -0.7159 0.0843
vn -0.4996 -0.8656 0.0322
vn -0.2610 -0.9653 -0.0000
vn -0.2598 -0.9651 0.0318
vn 0.0044 -1.0000 -0.0005
vn 0.2758 -0.9612 -0.0033
vn 0.2748 -0.9606 -0.0420
vn 0.5340 -0.8449 -0.0316
vn 0.7447 -0.6674 0.0011
vn 0.2592 0.9605 -0.1011
vn -0.2412 0.9650 0.1025
vn -0.6430 0.7153 0.2737
vn -0.6430 -0.7153 0.2737
vn -0.2412 -0.9650 0.1025
vn 0.2592 -0.9605 -0.1011
vn 0.6446 0.6671 -0.3735
vn 0.4787 0.8446 -0.2399
vn 0.2409 0.9611 -0.1354
vn 0.0040 1.0000 -0.0018
vn -0.2265 0.9652 0.1308
vn -0.4495 0.8652 0.2223
vn -0.6049 0.7157 0.3492
vn -0.7585 0.5315 0.3770
vn -0.7585 -0.5315 0.3770
vn -0.6049 -0.7157 0.3492
vn -0.4495 -0.8652 0.2223
vn -0.2265 -0.9652 0.1308
vn 0.0040 -1.0000 -0.0018
vn 0.2409 -0.9611 -0.1354
vn 0.4787 -0.8446 -0.2399
vn 0.6446 -0.6671 -0.3735
vn 0.7390 0.4566 -0.4954
vn 0.5862 0.6707 -0.4544
vn 0.4420 0.8476 -0.2936
vn 0.2131 0.9621 -0.1702
vn 0.0029 1.0000 -0.0018
vn -0.2095 0.9650 0.1577
vn -0.4174 0.8651 0.2782
vn -0.5588 0.7150 0.4201
vn -0.7058 0.5313 0.4685
vn -0.7058 -0.5313 0.4685
vn -0.5588 -0.7150 0.4201
vn -0.4174 -0.8651 0.2782
vn -0.2095 -0.9650 0.1577
vn 0.0029 -1.0000 -0.0018
vn 0.2131 -0.9621 -0.1702
vn 0.4420 -0.8476 -0.2936
vn 0.5862 -0.6707 -0.4544
vn 0.7390 -0.4566 -0.4954
vn 0.4558 0.6697 -0.5863
vn 0.1701 0.9610 -0.2183
vn -0.1577 0.9650 0.2095
vn -0.4202 0.7150 0.5588
vn -0.4202 -0.7150 0.5588
vn -0.1577 -0.9650 0.2095
vn 0.1703 -0.9621 -0.2129
vn 0.4546 -0.6706 -0.5862
vn 0.3027 0.8445 -0.4418
vn 0.1392 0.9606 -0.2407
vn 0.0025 1.0000 -0.0036
vn -0.1308 0.9652 0.2266
vn -0.2782 0.8651 0.4174
vn -0.3490 0.7156 0.6051
vn -0.4685 0.5312 0.7059
vn -0.4685 -0.5312 0.7059
vn -0.3490 -0.7156 0.6051
vn -0.2782 -0.8651 0.4174
vn -0.1308 -0.9652 0.2266
vn 0.0019 -1.0000 -0.0026
vn 0.1363 -0.9622 -0.2357
vn 0.2956 -0.8482 -0.4396
vn 0.3723 -0.6677 -0.6446
vn 0.4937 -0.4566 -0.7401
vn 0.2825 0.6642 -0.6921
vn 0.2325 0.8444 -0.4827
vn 0.1085 0.9611 -0.2541
vn 0.0019 1.0000 -0.0037
vn -0.1001 0.9652 0.2416
vn -0.2217 0.8653 0.4496
vn -0.2676 0.7157 0.6451
vn -0.3746 0.5315 0.7597
vn -0.3746 -0.5315 0.7597
vn -0.2676 -0.7157 0.6451
vn -0.2217 -0.8653 0.4496
vn -0.1001 -0.9652 0.2416
vn 0.0013 -1.0000 -0.0027
vn 0.1040 -0.9622 -0.2515
vn 0.2344 -0.8481 -0.4752
vn 0.2847 -0.6678 -0.6878
vn 0.3937 -0.4557 -0.7983
vn 0.2869 0.4479 -0.8468
vn 0.1890 0.6674 -0.7203
vn 0.1721 0.8471 -0.5027
vn 0.0655 0.9621 -0.2646
vn 0.0012 1.0000 -0.0032
vn -0.0701 0.9650 0.2525
vn -0.1617 0.8652 0.4746
vn -0.1875 0.7153 0.6732
vn -0.2747 0.5315 0.8013
vn -0.2747 -0.5315 0.8013
vn -0.1875 -0.7153 0.6732
vn -0.1617 -0.8652 0.4746
vn -0.0701 -0.9650 0.2525
vn 0.0009 -1.0000 -0.0030
vn 0.0652 -0.9622 -0.2646
vn 0.1687 -0.8482 -0.5020
vn 0.1883 -0.6707 -0.7174
vn 0.2866 -0.4567 -0.8422
vn 0.0036 0.6711 -0.7414
vn 0.0053 0.9622 -0.2723
vn 0.0024 0.9651 0.2617
vn 0.0068 0.7159 0.6982
vn 0.0068 -0.7159 0.6982
vn 0.0024 -0.9651 0.2617
vn 0.0021 -0.9611 -0.2763
vn 0.0049 -0.6701 -0.7422
vn -0.0568 0.4569 -0.8877
vn -0.0956 0.6674 -0.7385
vn -0.0361 0.8479 -0.5289
vn -0.0390 0.9612 -0.2731
vn -0.0003 1.0000 -0.0034
vn 0.0341 0.9653 0.2587
vn 0.0333 0.8656 0.4996
vn 0.0914 0.7167 0.6913
vn 0.0579 0.5325 0.8444
vn 0.0579 -0.5325 0.8444
vn 0.0914 -0.7167 0.6913
vn 0.0333 -0.8656 0.4996
vn 0.0341 -0.9653 0.2587
vn -0.0002 -1.0000 -0.0044
vn -0.0360 -0.9607 -0.2752
vn -0.0287 -0.8449 -0.5342
vn -0.0996 0.8449 -0.5255
vn -0.0718 0.9608 -0.2679
vn -0.0009 1.0000 -0.0041
vn 0.0675 0.9654 0.2518
vn 0.0976 0.8660 0.4905
vn 0.1804 0.7172 0.6732
vn 0.1651 0.5331 0.8298
vn 0.1651 -0.5331 0.8298
vn 0.1804 -0.7172 0.6732
vn 0.0976 -0.8660 0.4905
vn 0.0675 -0.9654 0.2518
vn -0.0007 -1.0000 -0.0041
vn -0.0683 -0.9613 -0.2671
vn -0.1090 -0.8450 -0.5236
vn -0.1942 -0.6675 -0.7189
vn -0.2896 0.6650 -0.6884
vn -0.1767 0.8450 -0.5047
vn -0.1027 0.9613 -0.2557
vn -0.0013 1.0000 -0.0040
vn 0.0997 0.9655 0.2407
vn 0.1606 0.8662 0.4732
vn 0.2662 0.7175 0.6436
vn 0.2719 0.5336 0.8009
vn 0.2719 -0.5336 0.8009
vn 0.2662 -0.7175 0.6436
vn 0.1606 -0.8662 0.4732
vn 0.0997 -0.9655 0.2407
vn -0.0008 -1.0000 -0.0031
vn -0.1039 -0.9624 -0.2509
vn -0.1676 -0.8480 -0.5027
vn -0.2846 -0.6686 -0.6870
vn -0.2880 -0.4561 -0.8420
vn -0.3956 0.4487 -0.8014
vn -0.3754 0.6683 -0.6423
vn -0.2333 0.8478 -0.4763
vn -0.1404 0.9624 -0.2326
vn -0.0014 1.0000 -0.0031
vn 0.1284 0.9654 0.2271
vn 0.2205 0.8663 0.4483
vn 0.3424 0.7174 0.6067
vn 0.3716 0.5339 0.7595
vn 0.3716 -0.5339 0.7595
vn 0.3424 -0.7174 0.6067
vn 0.2205 -0.8663 0.4483
vn 0.1284 -0.9654 0.2271
vn -0.0015 -1.0000 -0.0028
vn -0.1406 -0.9624 -0.2324
vn -0.2353 -0.8489 -0.4734
vn -0.3739 -0.6716 -0.6397
vn -0.3928 -0.4572 -0.7979
vn -0.5246 0.6692 -0.5263
vn -0.1881 0.9625 -0.1957
vn 0.1858 0.9655 0.1824
vn 0.4967 0.7184 0.4871
vn 0.4967 -0.7184 0.4871
vn 0.1858 -0.9655 0.1824
vn -0.1919 -0.9608 -0.1999
vn -0.6701 0.4493 -0.5909
vn -0.5908 0.6652 -0.4565
vn -0.3991 0.8482 -0.3482
vn -0.2198 0.9615 -0.1649
vn -0.0026 1.0000 -0.0022
vn 0.2059 0.9657 0.1580
vn 0.3749 0.8670 0.3281
vn 0.5513 0.7193 0.4226
vn 0.6366 0.5356 0.5549
vn 0.6366 -0.5356 0.5549
vn 0.5513 -0.7193 0.4226
vn 0.3749 -0.8670 0.3281
vn 0.2059 -0.9657 0.1580
vn -0.0035 -1.0000 -0.0030
vn -0.2211 -0.9603 -0.1699
vn -0.4059 -0.8453 -0.3473
vn -0.5906 -0.6676 -0.4534
vn -0.4409 0.8456 -0.3009
vn -0.2392 0.9611 -0.1381
vn -0.0035 1.0000 -0.0023
vn 0.2245 0.9658 0.1296
vn 0.4137 0.8674 0.2764
vn 0.6011 0.7198 0.3471
vn 0.7018 0.5363 0.4689
vn 0.7018 -0.5363 0.4689
vn 0.6011 -0.7198 0.3471
vn 0.4137 -0.8674 0.2764
vn 0.2245 -0.9658 0.1296
vn -0.0036 -1.0000 -0.0026
vn -0.2394 -0.9610 -0.1382
vn -0.4397 -0.8454 -0.3034
vn -0.6907 0.6662 -0.2812
vn -0.4805 0.8460 -0.2310
vn -0.2524 0.9616 -0.1078
vn -0.0038 1.0000 -0.0019
vn 0.2393 0.9659 0.0991
vn 0.4458 0.8677 0.2198
vn 0.6408 0.7203 0.2658
vn 0.7567 0.5369 0.3732
vn 0.7567 -0.5369 0.3732
vn 0.6408 -0.7203 0.2658
vn 0.4458 -0.8677 0.2198
vn 0.2393 -0.9659 0.0991
vn -0.0041 -1.0000 -0.0018
vn -0.2573 -0.9604 -0.1064
vn -0.4823 -0.8456 -0.2289
vn -0.6876 -0.6680 -0.2846
vn -0.8458 0.4497 -0.2869
vn -0.7186 0.6694 -0.1884
vn -0.5004 0.8487 -0.1713
vn -0.2627 0.9627 -0.0648
vn -0.0032 1.0000 -0.0012
vn 0.2500 0.9658 0.0694
vn 0.4704 0.8678 0.1602
vn 0.6684 0.7201 0.1861
vn 0.7978 0.5372 0.2736
vn 0.7978 -0.5372 0.2736
vn 0.6684 -0.7201 0.1861
vn 0.4704 -0.8678 0.1602
vn 0.2500 -0.9658 0.0694
vn -0.0044 -1.0000 -0.0016
vn -0.2683 -0.9611 -0.0660
vn -0.5030 -0.8458 -0.1777
vn -0.7432 0.6690 -0.0066
vn -0.2743 0.9616 -0.0022
vn 0.2590 0.9659 -0.0023
vn 0.6930 0.7209 -0.0067
vn 0.6930 -0.7209 -0.0067
vn 0.2589 -0.9659 -0.0023
vn -0.2759 -0.9612 -0.0059
vn -0.5317 0.8465 0.0280
vn -0.2731 0.9613 0.0357
vn -0.0044 1.0000 0.0002
vn 0.2560 0.9661 -0.0337
vn 0.4947 0.8684 -0.0329
vn 0.6861 0.7218 -0.0907
vn 0.8405 0.5387 -0.0577
vn 0.8405 -0.5387 -0.0577
vn 0.6861 -0.7218 -0.0907
vn 0.4947 -0.8684 -0.0329
vn 0.2560 -0.9661 -0.0337
vn -0.0044 -1.0000 0.0001
vn -0.2718 -0.9618 0.0324
vn -0.5306 -0.8467 0.0387
vn -0.7382 -0.6669 0.1015
vn -0.7196 0.6662 0.1958
vn -0.5211 0.8465 0.1090
vn -0.2651 0.9618 0.0677
vn -0.0042 1.0000 0.0008
vn 0.2492 0.9661 -0.0668
vn 0.4857 0.8687 -0.0966
vn 0.6682 0.7221 -0.1790
vn 0.8260 0.5392 -0.1643
vn 0.8260 -0.5392 -0.1643
vn 0.6682 -0.7221 -0.1790
vn 0.4857 -0.8687 -0.0966
vn 0.2492 -0.9661 -0.0668
vn -0.0033 -1.0000 0.0004
vn -0.2605 -0.9630 0.0696
vn -0.5188 -0.8490 0.1001
vn -0.7198 -0.6668 0.1929
vn -0.8759 -0.4496 0.1749
vn -0.8444 0.4482 0.2933
vn -0.6903 0.6647 0.2859
vn -0.5012 0.8490 0.1672
vn -0.2491 0.9630 0.1032
vn -0.0032 1.0000 0.0008
vn 0.2382 0.9662 -0.0987
vn 0.4687 0.8689 -0.1591
vn 0.6389 0.7223 -0.2646
vn 0.7973 0.5395 -0.2706
vn 0.7973 -0.5395 -0.2706
vn 0.6389 -0.7223 -0.2646
vn 0.4687 -0.8689 -0.1591
vn 0.2382 -0.9662 -0.0987
vn -0.0029 -1.0000 0.0010
vn -0.2489 -0.9630 0.1033
vn -0.4994 -0.8496 0.1698
vn -0.6903 -0.6645 0.2861
vn -0.8450 -0.4484 0.2915
vn -0.8045 0.4483 0.3897
vn -0.6470 0.6665 0.3704
vn -0.4726 0.8491 0.2362
vn -0.2351 0.9619 0.1396
vn -0.0028 1.0000 0.0017
vn 0.2233 0.9662 -0.1289
vn 0.4438 0.8690 -0.2189
vn 0.5989 0.7225 -0.3454
vn 0.7550 0.5398 -0.3723
vn 0.7550 -0.5398 -0.3723
vn 0.5989 -0.7225 -0.3454
vn 0.4438 -0.8690 -0.2189
vn 0.2233 -0.9662 -0.1289
vn -0.0028 -1.0000 0.0017
vn -0.2351 -0.9619 0.1396
vn -0.4726 -0.8491 0.2362
vn -0.6470 -0.6665 0.3704
vn -0.8045 -0.4483 0.3897
vn -0.4444 0.8468 0.2922
vn -0.2149 0.9613 0.1724
vn -0.0036 1.0000 0.0026
vn 0.2063 0.9661 -0.1555
vn 0.4118 0.8689 -0.2746
vn 0.5530 0.7220 -0.4158
vn 0.7014 0.5398 -0.4655
vn 0.7014 -0.5398 -0.4655
vn 0.5530 -0.7220 -0.4158
vn 0.4118 -0.8689 -0.2746
vn 0.2063 -0.9661 -0.1555
vn -0.0036 -1.0000 0.0026
vn -0.2149 -0.9613 0.1724
vn -0.4444 -0.8468 0.2922
vn -0.4575 0.6695 0.5851
vn -0.1684 0.9618 0.2158
vn 0.1554 0.9661 -0.2063
vn 0.4158 0.7221 -0.5529
vn 0.4158 -0.7221 -0.5529
vn 0.1554 -0.9661 -0.2063
vn -0.1724 -0.9613 0.2148
vn -0.3012 0.8468 0.4383
vn -0.1377 0.9614 0.2381
vn -0.0025 1.0000 0.0037
vn 0.1288 0.9662 -0.2232
vn 0.2745 0.8690 -0.4117
vn 0.3453 0.7226 -0.5988
vn 0.4655 0.5399 -0.7013
vn 0.4655 -0.5399 -0.7013
vn 0.3453 -0.7226 -0.5988
vn 0.2745 -0.8690 -0.4117
vn 0.1288 -0.9662 -0.2232
vn -0.0026 -1.0000 0.0036
vn -0.1396 -0.9619 0.2351
vn -0.2921 -0.8472 0.4438
vn -0.3695 -0.6700 0.6438
vn -0.2820 0.6646 0.6919
vn -0.2305 0.8466 0.4797
vn -0.1075 0.9619 0.2514
vn -0.0019 1.0000 0.0038
vn 0.0986 0.9662 -0.2381
vn 0.2188 0.8691 -0.4437
vn 0.2646 0.7225 -0.6387
vn 0.3723 0.5399 -0.7549
vn 0.3723 -0.5399 -0.7549
vn 0.2646 -0.7225 -0.6387
vn 0.2188 -0.8691 -0.4437
vn 0.0986 -0.9662 -0.2381
vn -0.0017 -1.0000 0.0028
vn -0.1032 -0.9630 0.2490
vn -0.2359 -0.8497 0.4715
vn -0.2839 -0.6706 0.6854
vn -0.3915 -0.4576 0.7984
vn -0.2859 0.4454 0.8485
vn -0.1948 0.6649 0.7210
vn -0.1727 0.8488 0.4996
vn -0.0700 0.9630 0.2603
vn -0.0013 1.0000 0.0030
vn 0.0667 0.9662 -0.2491
vn 0.1591 0.8690 -0.4686
vn 0.1790 0.7223 -0.6680
vn 0.2706 0.5398 -0.7971
vn 0.2706 -0.5398 -0.7971
vn 0.1790 -0.7223 -0.6680
vn 0.1591 -0.8690 -0.4686
vn 0.0667 -0.9662 -0.2491
vn -0.0008 -1.0000 0.0032
vn -0.0677 -0.9619 0.2650
vn -0.1667 -0.8497 0.5002
vn -0.1942 -0.6698 0.7167
vn -0.2878 -0.4575 0.8414
vn -0.1726 0.4475 0.8775
vn -0.0976 0.6642 0.7412
vn -0.1029 0.8495 0.5175
vn -0.0352 0.9630 0.2672
vn -0.0006 1.0000 0.0030
vn 0.0337 0.9661 -0.2558
vn 0.0966 0.8689 -0.4855
vn 0.0903 0.7221 -0.6859
vn 0.1643 0.5395 -0.8258
vn 0.1643 -0.5395 -0.8258
vn 0.0903 -0.7221 -0.6859
vn 0.0966 -0.8689 -0.4855
vn 0.0337 -0.9661 -0.2558
vn -0.0008 -1.0000 0.0042
vn -0.0359 -0.9614 0.2729
vn -0.1087 -0.8469 0.5205
vn -0.0603 0.4474 0.8923
vn 0.0016 0.6647 0.7471
vn -0.0345 0.8494 0.5266
vn 0.0002 0.9630 0.2697
vn -0.0002 1.0000 0.0030
vn -0.0000 0.9661 -0.2582
vn 0.0324 0.8687 -0.4942
vn 0.0003 0.7218 -0.6921
vn 0.0551 0.5392 -0.8404
vn 0.0551 -0.5392 -0.8404
vn 0.0003 -0.7218 -0.6921
vn 0.0324 -0.8687 -0.4942
vn -0.0000 -0.9661 -0.2582
vn -0.0003 -1.0000 0.0042
vn -0.0030 -0.9618 0.2737
vn -0.0293 -0.8464 0.5318
vn 0.0044 -0.6644 0.7473
vn 0.0579 0.4458 0.8932
vn 0.0997 0.6676 0.7378
vn 0.0362 0.8493 0.5267
vn 0.0409 0.9628 0.2671
vn 0.0004 1.0000 0.0032
vn -0.0315 0.9659 -0.2570
vn -0.0319 0.8684 -0.4948
vn -0.0838 0.7209 -0.6879
vn -0.0525 0.5387 -0.8409
vn -0.0525 -0.5387 -0.8409
vn -0.0838 -0.7209 -0.6879
vn -0.0319 -0.8684 -0.4948
vn -0.0315 -0.9659 -0.2570
vn 0.0001 -1.0000 0.0035
vn 0.0407 -0.9628 0.2673
vn 0.0333 -0.8487 0.5278
vn 0.0995 -0.6677 0.7377
vn 0.0599 -0.4457 0.8932
vn 0.2784 0.6721 0.6861
vn 0.1032 0.9615 0.2545
vn -0.1014 0.9658 -0.2388
vn -0.2718 0.7201 -0.6384
vn -0.2718 -0.7201 -0.6384
vn -0.1014 -0.9658 -0.2388
vn 0.1002 -0.9611 0.2574
vn 0.2323 0.8460 0.4799
vn 0.1410 0.9604 0.2404
vn 0.0021 1.0000 0.0040
vn -0.1295 0.9659 -0.2243
vn -0.2202 0.8678 -0.4455
vn -0.3471 0.7203 -0.6006
vn -0.3754 0.5372 -0.7553
vn -0.3754 -0.5372 -0.7553
vn -0.3471 -0.7203 -0.6006
vn -0.2202 -0.8678 -0.4455
vn -0.1295 -0.9659 -0.2243
vn 0.0018 -1.0000 0.0040
vn 0.1343 -0.9616 0.2393
vn 0.2388 -0.8463 0.4761
vn 0.3730 -0.6689 0.6429
vn 0.2970 0.8450 0.4447
vn 0.1681 0.9603 0.2224
vn 0.0028 1.0000 0.0042
vn -0.1578 0.9658 -0.2057
vn -0.2762 0.8677 -0.4133
vn -0.4226 0.7198 -0.5507
vn -0.4687 0.5369 -0.7015
vn -0.4687 -0.5369 -0.7015
vn -0.4226 -0.7198 -0.5507
vn -0.2762 -0.8677 -0.4133
vn -0.1578 -0.9658 -0.2057
vn 0.0016 -1.0000 0.0028
vn 0.1645 -0.9627 0.2148
vn 0.2911 -0.8489 0.4411
vn 0.4521 -0.6694 0.5895
vn 0.4959 -0.4569 0.7385
vn 0.5304 0.6658 0.5247
vn 0.3541 0.8454 0.3998
vn 0.1921 0.9615 0.1965
vn 0.0027 1.0000 0.0034
vn -0.1835 0.9657 -0.1835
vn -0.3280 0.8674 -0.3741
vn -0.4910 0.7193 -0.4914
vn -0.5565 0.5363 -0.6346
vn -0.5565 -0.5363 -0.6346
vn -0.4909 -0.7193 -0.4914
vn -0.3280 -0.8674 -0.3741
vn -0.1835 -0.9657 -0.1835
vn 0.0020 -1.0000 0.0022
vn 0.1915 -0.9627 0.1913
vn 0.3481 -0.8493 0.3968
vn 0.5256 -0.6692 0.5253
vn 0.5866 -0.4568 0.6688
vn 0.6720 0.4491 0.5889
vn 0.5923 0.6686 0.4495
vn 0.3973 0.8482 0.3502
vn 0.2185 0.9625 0.1609
vn 0.0025 1.0000 0.0023
vn -0.2051 0.9655 -0.1604
vn -0.3742 0.8670 -0.3289
vn -0.5478 0.7184 -0.4289
vn -0.6332 0.5356 -0.5587
vn -0.6332 -0.5356 -0.5587
vn -0.5478 -0.7184 -0.4289
vn -0.3742 -0.8670 -0.3289
vn -0.2051 -0.9655 -0.1604
vn 0.0025 -1.0000 0.0020
vn 0.2186 -0.9625 0.1607
vn 0.3980 -0.8493 0.3468
vn 0.5900 -0.6719 0.4477
vn 0.6681 -0.4576 0.5867
vn 0.6832 0.6715 0.2870
vn 0.2488 0.9624 0.1090
vn -0.2420 0.9654 -0.0977
vn -0.6462 0.7174 -0.2603
vn -0.6462 -0.7174 -0.2603
vn -0.2420 -0.9654 -0.0977
vn 0.2540 -0.9608 0.1115
vn 0.8439 0.4559 0.2828
vn 0.7214 0.6656 0.1911
vn 0.5003 0.8488 0.1713
vn 0.2621 0.9625 0.0704
vn 0.0030 1.0000 0.0011
vn -0.2517 0.9655 -0.0674
vn -0.4732 0.8663 -0.1601
vn -0.6729 0.7175 -0.1799
vn -0.8015 0.5339 -0.2693
vn -0.8015 -0.5339 -0.2693
vn -0.6729 -0.7175 -0.1800
vn -0.4732 -0.8663 -0.1601
vn -0.2517 -0.9655 -0.0674
vn 0.0041 -1.0000 0.0016
vn 0.2652 -0.9613 0.0745
vn 0.5070 -0.8453 0.1685
vn 0.7194 -0.6677 0.1915
vn 0.8768 0.4477 0.1755
vn 0.7407 0.6647 0.0973
vn 0.5197 0.8481 0.1035
vn 0.2692 0.9624 0.0354
vn 0.0029 1.0000 0.0006
vn -0.2585 0.9654 -0.0340
vn -0.4901 0.8662 -0.0975
vn -0.6910 0.7172 -0.0910
vn -0.8295 0.5336 -0.1650
vn -0.8295 -0.5336 -0.1650
vn -0.6910 -0.7172 -0.0910
vn -0.4901 -0.8662 -0.0975
vn -0.2585 -0.9654 -0.0340
vn 0.0031 -1.0000 0.0009
vn 0.2694 -0.9624 0.0355
vn 0.5191 -0.8480 0.1063
vn 0.7374 -0.6685 0.0971
vn 0.8732 -0.4561 0.1717
vn 0.8932 0.4462 0.0545
vn 0.5291 0.8478 0.0344
vn 0.0030 1.0000 0.0002
vn -0.4990 0.8660 -0.0327
vn -0.8443 0.5331 -0.0553
vn -0.8443 -0.5331 -0.0553
vn -0.4990 -0.8660 -0.0327
vn 0.0032 -1.0000 -0.0001
vn 0.5292 -0.8479 0.0317
vn 0.8879 -0.4560 0.0602
vn 0.8287 -0.0850 -0.5532
vn 0.8287 0.0850 -0.5532
vn 0.5518 -0.0854 -0.8296
vn 0.4407 -0.0853 -0.8936
vn 0.3222 -0.0854 -0.9428
vn -0.0656 0.0850 -0.9942
vn -0.3219 -0.0850 -0.9430
vn -0.4388 -0.0854 -0.8945
vn -0.4392 -0.0851 0.8944
vn -0.3219 -0.0851 0.9430
vn 0.5550 -0.0850 0.8275
vn 0.6569 -0.0854 0.7491
vn 0.7477 -0.0854 0.6585
vn 0.9440 0.0864 0.3186
vn 0.9776 -0.0850 0.1927
vn 0.9941 -0.0850 0.0668
vn 0.9658 0.2592 0.0001
vn 0.9667 -0.2558 0.0047
vn 0.9570 -0.2615 0.1260
vn 0.8351 -0.2558 -0.4869
vn 0.8351 0.2558 -0.4869
vn 0.7678 -0.2629 -0.5843
vn 0.7678 0.2629 -0.5843
vn 0.5840 -0.2629 -0.7680
vn 0.5886 0.2572 -0.7664
vn 0.4823 -0.2615 -0.8361
vn 0.3697 -0.2615 -0.8916
vn 0.3614 0.2546 -0.8970
vn 0.2538 -0.2630 -0.9308
vn 0.0008 -0.2573 -0.9663
vn -0.0039 0.2630 -0.9648
vn -0.1215 0.2559 -0.9590
vn -0.2551 -0.2559 -0.9324
vn -0.3694 -0.2616 -0.8917
vn -0.3790 0.2550 -0.8896
vn -0.4787 -0.2632 -0.8376
vn -0.6885 0.2621 -0.6762
vn -0.7681 -0.2500 -0.5895
vn -0.8945 -0.2501 -0.3706
vn -0.8971 0.2556 -0.3605
vn -0.9570 -0.2560 0.1367
vn -0.8920 -0.2609 0.3692
vn -0.8919 0.2608 0.3694
vn -0.4774 -0.2566 0.8404
vn -0.3693 -0.2621 0.8916
vn -0.2566 -0.2565 0.9319
vn -0.1260 0.2611 0.9571
vn 0.3679 0.2579 0.8934
vn 0.4884 -0.2563 0.8341
vn 0.5878 -0.2618 0.7655
vn 0.6822 -0.2619 0.6827
vn 0.6907 0.2553 0.6766
vn 0.7628 -0.2634 0.5906
vn 0.8930 0.2634 0.3650
vn 0.9350 -0.2559 0.2454
vn 0.9339 0.2605 0.2448
vn -0.9979 -0.0654 -0.0006
vn -0.9880 0.1420 0.0613
vn -0.9908 -0.0655 0.1185
vn -0.9981 -0.0000 0.0619
vn -0.9979 0.0654 -0.0006
vn -0.9908 0.0655 0.1185
vn -0.9880 -0.1420 0.0613
vn -0.9173 -0.0658 0.3927
vn -0.9173 0.0658 0.3927
vn -0.8863 0.1413 0.4410
vn -0.8641 -0.0660 0.4989
vn -0.8953 -0.0000 0.4454
vn -0.8641 0.0660 0.4989
vn -0.8863 -0.1413 0.4410
vn -0.8251 0.1411 0.5471
vn -0.7988 -0.0660 0.5980
vn -0.8334 -0.0000 0.5527
vn -0.7988 0.0660 0.5980
vn -0.8251 -0.1411 0.5471
vn -0.5980 -0.0660 0.7988
vn -0.5980 0.0660 0.7988
vn -0.5471 0.1410 0.8251
vn -0.4984 -0.0660 0.8645
vn -0.5527 -0.0000 0.8334
vn -0.4984 0.0660 0.8645
vn -0.5471 -0.1410 0.8251
vn -0.4379 0.1412 0.8879
vn -0.3825 -0.0660 0.9216
vn -0.4423 -0.0000 0.8969
vn -0.3825 0.0660 0.9216
vn -0.4379 -0.1412 0.8879
vn -0.3215 0.1413 0.9363
vn -0.2696 -0.0658 0.9607
vn -0.3248 -0.0000 0.9458
vn -0.2697 0.0658 0.9607
vn -0.3215 -0.1413 0.9363
vn 0.0118 -0.0655 0.9978
vn 0.0118 0.0655 0.9978
vn 0.0682 0.1420 0.9875
vn 0.1309 -0.0654 0.9892
vn 0.0689 -0.0000 0.9976
vn 0.1309 0.0654 0.9892
vn 0.0682 -0.1420 0.9875
vn 0.1931 0.1424 0.9708
vn 0.2582 -0.0652 0.9639
vn 0.1951 -0.0000 0.9808
vn 0.2583 0.0652 0.9639
vn 0.1931 -0.1424 0.9708
vn 0.3181 0.1427 0.9372
vn 0.3813 -0.0650 0.9222
vn 0.3214 -0.0000 0.9469
vn 0.3813 0.0650 0.9222
vn 0.3181 -0.1427 0.9372
vn 0.4346 0.1431 0.8892
vn 0.4887 -0.0648 0.8701
vn 0.4391 -0.0000 0.8984
vn 0.4887 0.0648 0.8701
vn 0.4346 -0.1431 0.8892
vn 0.7139 -0.0642 0.6973
vn 0.7139 0.0642 0.6973
vn 0.7462 0.1444 0.6498
vn 0.7921 -0.0640 0.6070
vn 0.7541 -0.0000 0.6567
vn 0.7921 0.0640 0.6070
vn 0.7462 -0.1444 0.6498
vn 0.8227 0.1449 0.5497
vn 0.8642 -0.0638 0.4990
vn 0.8315 -0.0000 0.5556
vn 0.8642 0.0638 0.4990
vn 0.8227 -0.1449 0.5497
vn 0.8873 0.1453 0.4376
vn 0.9218 -0.0636 0.3825
vn 0.8969 -0.0000 0.4423
vn 0.9218 0.0636 0.3825
vn 0.8873 -0.1453 0.4376
vn 0.9357 0.1457 0.3213
vn 0.9609 -0.0633 0.2697
vn 0.9458 -0.0000 0.3248
vn 0.9609 0.0633 0.2697
vn 0.9357 -0.1457 0.3213
vn 0.9980 -0.0628 -0.0118
vn 0.9980 0.0628 -0.0118
vn 0.9868 0.1468 -0.0682
vn 0.9894 -0.0627 -0.1309
vn 0.9976 -0.0000 -0.0689
vn 0.9894 0.0627 -0.1309
vn 0.9868 -0.1468 -0.0682
vn 0.9701 0.1471 -0.1930
vn 0.9640 -0.0626 -0.2583
vn 0.9808 -0.0000 -0.1951
vn 0.9640 0.0626 -0.2583
vn 0.9701 -0.1471 -0.1930
vn 0.9366 0.1474 -0.3179
vn 0.9221 -0.0625 -0.3819
vn 0.9469 -0.0000 -0.3214
vn 0.9221 0.0625 -0.3819
vn 0.9366 -0.1474 -0.3179
vn 0.8871 0.1476 -0.4374
vn 0.8647 -0.0624 -0.4985
vn 0.8969 -0.0000 -0.4423
vn 0.8647 0.0624 -0.4985
vn 0.8871 -0.1476 -0.4374
vn 0.8243 0.1477 -0.5466
vn 0.7989 -0.0623 -0.5982
vn 0.8334 -0.0000 -0.5527
vn 0.7990 0.0623 -0.5982
vn 0.8243 -0.1477 -0.5466
vn 0.5982 -0.0622 -0.7990
vn 0.5982 0.0622 -0.7990
vn 0.5466 0.1478 -0.8243
vn 0.4985 -0.0623 -0.8647
vn 0.5527 -0.0000 -0.8334
vn 0.4985 0.0623 -0.8647
vn 0.5466 -0.1478 -0.8243
vn 0.4374 0.1477 -0.8870
vn 0.3819 -0.0624 -0.9221
vn 0.4423 -0.0000 -0.8969
vn 0.3819 0.0624 -0.9221
vn 0.4374 -0.1477 -0.8870
vn 0.3179 0.1476 -0.9366
vn 0.2583 -0.0625 -0.9640
vn 0.3214 -0.0000 -0.9469
vn 0.2583 0.0625 -0.9640
vn 0.3179 -0.1476 -0.9366
vn 0.1930 0.1474 -0.9701
vn 0.1303 -0.0626 -0.9895
vn 0.1951 -0.0000 -0.9808
vn 0.1303 0.0626 -0.9895
vn 0.1930 -0.1474 -0.9701
vn 0.0647 0.1471 -0.9870
vn 0.0006 -0.0627 -0.9980
vn 0.0654 -0.0000 -0.9979
vn 0.0006 0.0627 -0.9980
vn 0.0647 -0.1471 -0.9870
vn -0.0612 0.1468 -0.9873
vn -0.1186 -0.0628 -0.9910
vn -0.0619 -0.0000 -0.9981
vn -0.1186 0.0628 -0.9910
vn -0.0612 -0.1468 -0.9873
vn -0.3928 -0.0633 -0.9174
vn -0.3928 0.0633 -0.9174
vn -0.4407 0.1457 -0.8858
vn -0.4996 -0.0636 -0.8639
vn -0.4454 -0.0000 -0.8953
vn -0.4996 0.0636 -0.8639
vn -0.4407 -0.1457 -0.8858
vn -0.5497 0.1453 -0.8226
vn -0.6075 -0.0638 -0.7917
vn -0.5556 -0.0000 -0.8315
vn -0.6075 0.0638 -0.7917
vn -0.5497 -0.1453 -0.8226
vn -0.6524 0.1449 -0.7439
vn -0.7052 -0.0640 -0.7061
vn -0.6594 -0.0000 -0.7518
vn -0.7052 0.0640 -0.7061
vn -0.6524 -0.1449 -0.7439
vn -0.7417 0.1444 -0.6550
vn -0.7845 -0.0642 -0.6168
vn -0.7495 -0.0000 -0.6620
vn -0.7845 0.0642 -0.6168
vn -0.7417 -0.1444 -0.6550
vn -0.9264 -0.0648 -0.3709
vn -0.9264 0.0648 -0.3709
vn -0.9383 0.1431 -0.3148
vn -0.9641 -0.0650 -0.2576
vn -0.9481 -0.0000 -0.3181
vn -0.9641 0.0650 -0.2576
vn -0.9383 -0.1431 -0.3148
vn -0.9707 0.1427 -0.1931
vn -0.9893 -0.0652 -0.1302
vn -0.9808 -0.0000 -0.1951
vn -0.9893 0.0652 -0.1302
vn -0.9707 -0.1427 -0.1931
vn -0.9877 -0.1424 -0.0647
vn -0.9979 -0.0000 -0.0654
vn -0.9877 0.1424 -0.0647
vn -0.9313 0.3431 -0.1226
vn -0.9394 0.3427 -0.0006
vn -0.9330 0.3422 0.1118
vn -0.9394 -0.3427 -0.0006
vn -0.9330 -0.3422 0.1118
vn -0.9313 -0.3431 -0.1226
vn -0.8641 0.3415 0.3698
vn -0.8641 -0.3415 0.3698
vn -0.8140 0.3415 0.4699
vn -0.8140 -0.3415 0.4699
vn -0.7524 0.3412 0.5635
vn -0.7524 -0.3412 0.5635
vn -0.5635 0.3411 0.7524
vn -0.5635 -0.3411 0.7524
vn -0.4695 0.3414 0.8143
vn -0.4695 -0.3414 0.8143
vn -0.3602 0.3415 0.8681
vn -0.3602 -0.3415 0.8681
vn -0.2539 0.3415 0.9049
vn -0.2539 -0.3415 0.9049
vn 0.0110 0.3422 0.9396
vn 0.0110 -0.3422 0.9396
vn 0.1232 0.3427 0.9313
vn 0.1232 -0.3427 0.9313
vn 0.2431 0.3431 0.9073
vn 0.2431 -0.3431 0.9073
vn 0.3588 0.3436 0.8679
vn 0.3588 -0.3436 0.8679
vn 0.4600 0.3439 0.8186
vn 0.4600 -0.3439 0.8186
vn 0.6714 0.3450 0.6559
vn 0.6714 -0.3450 0.6559
vn 0.7448 0.3457 0.5708
vn 0.7448 -0.3457 0.5708
vn 0.8125 0.3462 0.4691
vn 0.8125 -0.3462 0.4691
vn 0.8663 0.3467 0.3595
vn 0.8663 -0.3467 0.3595
vn 0.9030 0.3470 0.2533
vn 0.9030 -0.3470 0.2533
vn 0.9374 0.3480 -0.0109
vn 0.9374 -0.3480 -0.0109
vn 0.9292 0.3485 -0.1229
vn 0.9292 -0.3485 -0.1229
vn 0.9052 0.3488 -0.2426
vn 0.9052 -0.3488 -0.2426
vn 0.8658 0.3491 -0.3586
vn 0.8658 -0.3491 -0.3586
vn 0.8118 0.3493 -0.4680
vn 0.8118 -0.3493 -0.4680
vn 0.7500 0.3493 -0.5617
vn 0.7500 -0.3493 -0.5617
vn 0.5617 0.3493 -0.7500
vn 0.5617 -0.3493 -0.7500
vn 0.4680 0.3494 -0.8117
vn 0.4680 -0.3494 -0.8117
vn 0.3586 0.3493 -0.8657
vn 0.3586 -0.3493 -0.8657
vn 0.2425 0.3491 -0.9052
vn 0.2425 -0.3491 -0.9052
vn 0.1223 0.3488 -0.9292
vn 0.1223 -0.3488 -0.9292
vn 0.0006 0.3485 -0.9373
vn 0.0006 -0.3485 -0.9373
vn -0.1115 0.3480 -0.9308
vn -0.1115 -0.3480 -0.9308
vn -0.3690 0.3470 -0.8622
vn -0.3690 -0.3470 -0.8622
vn -0.4695 0.3467 -0.8120
vn -0.4695 -0.3467 -0.8120
vn -0.5711 0.3462 -0.7443
vn -0.5711 -0.3462 -0.7443
vn -0.6631 0.3457 -0.6639
vn -0.6631 -0.3457 -0.6639
vn -0.7379 0.3450 -0.5800
vn -0.7379 -0.3450 -0.5800
vn -0.8717 0.3439 -0.3492
vn -0.8717 -0.3439 -0.3492
vn -0.9073 0.3436 -0.2425
vn -0.9073 -0.3436 -0.2425
vn 0.9550 -0.2966 0.0055
vn 0.9984 0.0406 -0.0399
vn 0.9407 0.3390 -0.0144
vn 0.8242 -0.3247 -0.4639
vn 0.8861 -0.0000 -0.4635
vn 0.8242 0.3248 -0.4639
vn 0.7491 -0.3410 -0.5679
vn 0.7550 -0.4207 -0.5029
vn 0.8337 -0.0000 -0.5523
vn 0.7491 0.3410 -0.5679
vn 0.7550 0.4207 -0.5029
vn 0.5648 -0.3007 -0.7685
vn 0.5678 0.3570 -0.7417
vn 0.5549 0.0631 -0.8295
vn 0.4715 0.3304 -0.8176
vn 0.5054 0.4109 -0.7587
vn 0.3681 -0.2745 -0.8883
vn 0.4362 0.0960 -0.8947
vn 0.3545 0.3790 -0.8548
vn 0.4025 0.4116 -0.8177
vn 0.3257 0.1031 -0.9398
vn 0.2500 0.3327 -0.9093
vn 0.2954 0.4117 -0.8621
vn -0.0012 -0.3572 -0.9340
vn -0.0195 0.3067 -0.9516
vn -0.1407 -0.2877 -0.9473
vn -0.0600 -0.4207 -0.9052
vn -0.0656 -0.0362 -0.9972
vn -0.1951 0.0005 -0.9808
vn -0.2327 0.2894 -0.9285
vn -0.3666 -0.2848 -0.8857
vn -0.3243 0.0665 -0.9436
vn -0.3537 0.3787 -0.8553
vn -0.2928 0.4216 -0.8582
vn -0.4344 0.0952 -0.8957
vn -0.4662 0.3327 -0.8197
vn -0.4007 0.4117 -0.8185
vn -0.6887 -0.3006 -0.6598
vn -0.7543 -0.0234 -0.6562
vn -0.7561 0.2884 -0.5875
vn -0.8294 0.0064 -0.5586
vn -0.8704 -0.3349 -0.3609
vn -0.9082 0.0104 -0.4184
vn -0.8698 0.3369 -0.3605
vn -0.9376 -0.0000 -0.3477
vn -0.9973 0.0172 0.0716
vn -0.9389 0.3213 0.1237
vn -0.9817 0.0076 0.1905
vn -0.8667 -0.3464 0.3590
vn -0.9379 0.0103 0.3467
vn -0.8660 0.3483 0.3589
vn -0.9082 -0.0000 0.4185
vn -0.8338 -0.0000 0.5521
vn -0.5509 0.0440 0.8334
vn -0.4818 0.3418 0.8069
vn -0.4415 0.0807 0.8936
vn -0.3557 0.3689 0.8587
vn -0.4002 0.4228 0.8130
vn -0.3212 0.0544 0.9454
vn -0.2284 0.3223 0.9187
vn -0.2920 0.4223 0.8581
vn -0.1303 -0.3022 0.9443
vn -0.1937 0.0324 0.9805
vn -0.0665 -0.0028 0.9978
vn 0.0609 -0.0408 0.9973
vn 0.3837 -0.2998 0.8735
vn 0.4448 0.0075 0.8956
vn 0.4609 0.3073 0.8326
vn 0.5543 0.0647 0.8298
vn 0.5742 0.3502 0.7401
vn 0.5043 0.4217 0.7536
vn 0.6772 -0.2867 0.6776
vn 0.6589 0.1018 0.7454
vn 0.6536 0.3805 0.6542
vn 0.6013 0.4121 0.6845
vn 0.7443 0.0930 0.6614
vn 0.7444 0.3327 0.5789
vn 0.6834 0.4117 0.6028
vn 0.8743 -0.3305 0.3553
vn 0.9198 -0.3190 0.2285
vn 0.8590 -0.4221 0.2896
vn 0.9477 -0.0448 0.3159
vn 0.9120 0.3158 0.2619
vn 0.9794 0.0377 0.1985
vn 0.9359 0.3300 0.1232
vn 0.8894 0.4214 0.1770
vn 0.9047 0.4219 0.0593
vn 0.9958 0.0692 0.0601
vn 0.9825 0.1862 0.0011
vn 0.9746 0.1836 0.1283
vn 0.9775 -0.2111 -0.0001
vn 0.8507 0.1862 -0.4916
vn 0.8507 -0.1862 -0.4916
vn 0.7831 0.1832 -0.5943
vn 0.7831 -0.1832 -0.5943
vn 0.5942 0.1828 -0.7833
vn 0.5943 -0.1858 -0.7825
vn 0.4912 0.1828 -0.8516
vn 0.3766 0.1827 -0.9082
vn 0.3779 -0.1997 -0.9040
vn 0.2597 0.1828 -0.9482
vn -0.0044 0.1859 -0.9826
vn -0.0052 -0.1832 -0.9831
vn -0.1273 -0.1863 -0.9742
vn -0.2557 0.1864 -0.9486
vn -0.3760 0.1832 -0.9083
vn -0.3720 -0.2000 -0.9064
vn -0.4869 0.1828 -0.8541
vn -0.6937 -0.1961 -0.6930
vn -0.7788 0.1900 -0.5977
vn -0.9070 0.1902 -0.3758
vn -0.9039 -0.2004 -0.3778
vn -0.9717 0.2006 0.1249
vn -0.9030 0.2116 0.3740
vn -0.9030 -0.2116 0.3740
vn -0.4885 0.1869 0.8523
vn -0.3762 0.1836 0.9082
vn -0.2571 0.1868 0.9482
vn -0.1275 -0.2116 0.9690
vn 0.3791 -0.1862 0.9064
vn 0.4932 0.1866 0.8497
vn 0.5986 0.1832 0.7798
vn 0.6949 0.1827 0.6955
vn 0.6907 -0.2002 0.6949
vn 0.7767 0.1828 0.6028
vn 0.9102 -0.1832 0.3714
vn 0.9494 0.1863 0.2530
vn 0.9461 -0.1962 0.2575
vn 0.8783 -0.4646 -0.1127
vn 0.9460 -0.1414 0.2916
vn 0.8258 -0.1294 -0.5489
vn 0.8783 -0.4607 -0.1277
vn 0.9717 -0.1947 -0.1338
vn 0.8169 0.4590 -0.3492
vn 0.6341 0.1263 -0.7628
vn 0.9900 0.1370 0.0329
vn 0.8252 0.4599 -0.3280
vn 0.9037 0.1858 -0.3857
vn 0.8252 -0.4599 -0.3280
vn 0.9900 -0.1370 0.0329
vn 0.6341 -0.1263 -0.7629
vn 0.8169 -0.4590 -0.3492
vn 0.9037 -0.1858 -0.3857
vn 0.4345 0.4586 -0.7752
vn 0.0972 0.1365 -0.9859
vn 0.8228 0.1285 -0.5537
vn 0.4564 0.4567 -0.7636
vn 0.4965 0.1836 -0.8484
vn -0.1131 -0.4660 -0.8775
vn 0.3029 -0.1340 -0.9436
vn -0.4740 -0.1529 -0.8671
vn -0.1129 -0.4694 -0.8758
vn -0.1142 -0.2113 -0.9707
vn -0.2227 0.4720 -0.8530
vn -0.5727 0.1566 -0.8047
vn 0.1689 0.1368 -0.9761
vn -0.2301 0.4689 -0.8527
vn -0.2390 0.2192 -0.9460
vn -0.6306 -0.4839 -0.6069
vn -0.3861 -0.1528 -0.9097
vn -0.8825 -0.1713 -0.4380
vn -0.5968 -0.4877 -0.6371
vn -0.6751 -0.2575 -0.6914
vn -0.7395 0.4869 -0.4650
vn -0.9533 0.1771 -0.2445
vn -0.6318 0.1616 -0.7581
vn -0.7684 0.4894 -0.4124
vn -0.8269 0.2718 -0.4924
vn -0.7680 -0.4896 -0.4129
vn -0.6318 -0.1616 -0.7581
vn -0.9558 -0.1779 -0.2340
vn -0.7401 -0.4904 -0.4603
vn -0.8275 -0.2719 -0.4912
vn -0.8470 -0.4997 -0.1816
vn -0.8101 -0.1694 -0.5612
vn -0.9829 -0.1839 0.0027
vn -0.8286 -0.4969 -0.2579
vn -0.9214 -0.2902 -0.2585
vn -0.8641 -0.5016 0.0404
vn -0.9422 -0.1788 -0.2832
vn -0.9479 -0.1881 0.2571
vn -0.8620 -0.5043 -0.0511
vn -0.9529 -0.3034 -0.0059
vn -0.8641 0.4992 0.0650
vn -0.9176 0.1889 0.3499
vn -0.9744 0.1817 -0.1323
vn -0.8513 0.4996 0.1603
vn -0.9447 0.3057 0.1189
vn -0.7157 0.5042 0.4833
vn -0.6223 0.1912 0.7590
vn -0.9065 0.1904 0.3769
vn -0.6441 0.5109 0.5693
vn -0.7535 0.3192 0.5747
vn -0.6441 -0.5109 0.5693
vn -0.9065 -0.1904 0.3769
vn -0.6223 -0.1912 0.7590
vn -0.7157 -0.5042 0.4833
vn -0.7535 -0.3192 0.5747
vn -0.4862 -0.5070 0.7118
vn -0.7647 -0.1918 0.6152
vn -0.3712 -0.1890 0.9091
vn -0.5690 -0.5106 0.6446
vn -0.5751 -0.3181 0.7537
vn -0.4764 0.5026 0.7214
vn -0.2696 0.1870 0.9446
vn -0.6701 0.1909 0.7173
vn -0.3870 0.5020 0.7735
vn -0.4725 0.3133 0.8238
vn -0.0676 -0.4972 0.8650
vn -0.3549 -0.1873 0.9160
vn 0.1575 -0.1784 0.9713
vn -0.1535 -0.5009 0.8518
vn -0.1164 -0.3005 0.9466
vn 0.3590 -0.4917 0.7934
vn 0.1068 -0.1783 0.9782
vn 0.6878 -0.1601 0.7080
vn 0.2999 -0.4935 0.8164
vn 0.3810 -0.2747 0.8828
vn 0.4155 0.4872 0.7681
vn 0.7677 0.1562 0.6215
vn 0.2110 0.1739 0.9619
vn 0.4485 0.4807 0.7535
vn 0.4891 0.2579 0.8332
vn 0.5327 0.4755 0.7001
vn 0.8596 0.1519 0.4879
vn 0.3372 0.1704 0.9259
vn 0.5501 0.4851 0.6798
vn 0.6044 0.2485 0.7569
vn 0.8155 -0.4736 0.3327
vn 0.7227 -0.1571 0.6731
vn 0.9884 -0.1344 -0.0703
vn 0.8118 -0.4720 0.3437
vn 0.9077 -0.2216 0.3563
vn 0.9821 -0.0246 -0.1868
vn 0.7481 -0.4617 -0.4766
vn 0.8571 -0.4466 0.2568
vn 0.9977 -0.0216 -0.0642
vn 0.8829 -0.4559 -0.1122
vn 0.2066 -0.0193 -0.9782
vn -0.1180 -0.4479 -0.8863
vn 0.5929 -0.4608 -0.6604
vn 0.3267 -0.0281 -0.9447
vn 0.2414 -0.4569 -0.8561
vn -0.5311 0.0053 -0.8473
vn -0.6828 -0.4193 -0.5983
vn -0.0860 -0.4433 -0.8923
vn -0.4523 -0.0056 -0.8918
vn -0.4464 -0.4018 -0.7995
vn -0.8090 0.0191 -0.5875
vn -0.8563 -0.4035 -0.3225
vn -0.4635 -0.4282 -0.7757
vn -0.7703 0.0093 -0.6377
vn -0.7324 -0.3646 -0.5750
vn -0.9698 0.0322 -0.2419
vn -0.9212 -0.3891 0.0045
vn -0.7515 -0.4086 -0.5179
vn -0.9571 0.0256 -0.2887
vn -0.9090 -0.3301 -0.2544
vn -0.9991 0.0371 0.0211
vn -0.8901 -0.3818 0.2491
vn -0.8747 -0.3975 -0.2773
vn -0.9993 0.0321 -0.0200
vn -0.9504 -0.3109 -0.0017
vn -0.9678 -0.0436 0.2481
vn -0.9224 0.3862 -0.0053
vn -0.8099 0.3772 0.4492
vn -0.9624 -0.0451 0.2680
vn -0.9239 0.2930 0.2459
vn -0.9613 0.0416 0.2723
vn -0.8031 -0.3784 0.4603
vn -0.9225 -0.3860 -0.0056
vn -0.9676 0.0423 0.2488
vn -0.9225 -0.2942 0.2500
vn -0.8717 -0.0434 0.4881
vn -0.8945 0.3810 0.2340
vn -0.6677 0.3753 0.6429
vn -0.8617 -0.0470 0.5053
vn -0.8324 0.2860 0.4746
vn -0.8617 0.0470 0.5053
vn -0.6677 -0.3752 0.6429
vn -0.8945 -0.3810 0.2340
vn -0.8717 0.0434 0.4881
vn -0.8324 -0.2860 0.4746
vn -0.5953 0.0438 0.8023
vn -0.3433 -0.3800 0.8589
vn -0.7324 -0.3765 0.5673
vn -0.6175 0.0433 0.7854
vn -0.5811 -0.2877 0.7613
vn -0.3681 0.0400 0.9289
vn -0.1015 -0.3898 0.9153
vn -0.5606 -0.3764 0.7376
vn -0.3926 0.0470 0.9185
vn -0.3634 -0.2977 0.8828
vn -0.2433 0.0435 0.9690
vn 0.0275 -0.3897 0.9205
vn -0.4499 -0.3812 0.8076
vn -0.2688 0.0442 0.9622
vn -0.2410 -0.3027 0.9221
vn -0.0170 -0.0394 0.9991
vn -0.2476 0.3840 0.8895
vn 0.2856 0.4055 0.8683
vn 0.0225 -0.0294 0.9993
vn 0.0035 0.3223 0.9466
vn 0.0174 0.0340 0.9993
vn 0.2697 -0.4036 0.8743
vn -0.2473 -0.3843 0.8895
vn -0.0176 0.0407 0.9990
vn -0.0014 -0.3202 0.9474
vn 0.1044 -0.0316 0.9940
vn -0.1413 0.3913 0.9094
vn 0.4067 0.4050 0.8188
vn 0.1537 -0.0315 0.9876
vn 0.1249 0.3323 0.9349
vn 0.1536 0.0317 0.9876
vn 0.4067 -0.4050 0.8188
vn -0.1413 -0.3913 0.9094
vn 0.1044 0.0316 0.9940
vn 0.1249 -0.3323 0.9349
vn 0.8182 -0.0027 0.5749
vn 0.8665 -0.4430 0.2301
vn 0.4866 -0.4186 0.7668
vn 0.7635 0.0038 0.6458
vn 0.7262 -0.4002 0.5590
vn 0.9968 -0.0188 0.0772
vn 0.8496 -0.4586 -0.2605
vn 0.7864 -0.4401 0.4335
vn 0.9839 -0.0113 0.1785
vn 0.8910 -0.4398 0.1129
vn 0.5102 -0.8330 -0.2141
vn 0.7147 -0.3883 -0.5818
vn 0.8682 -0.3415 0.3599
vn 0.5597 -0.8241 0.0869
vn 0.4106 -0.9109 -0.0411
vn 0.5597 0.8241 0.0869
vn 0.8863 0.2818 0.3674
vn 0.7300 0.3337 -0.5964
vn 0.5114 0.8323 -0.2140
vn 0.4106 0.9109 -0.0411
vn 0.4014 -0.8501 -0.3410
vn 0.5118 -0.3931 -0.7639
vn 0.9269 -0.3578 0.1130
vn 0.5619 -0.8237 -0.0760
vn 0.3728 -0.9153 -0.1526
vn 0.5619 0.8237 -0.0760
vn 0.9269 0.3578 0.1130
vn 0.5118 0.3930 -0.7639
vn 0.4014 0.8501 -0.3410
vn 0.3728 0.9153 -0.1526
vn 0.3930 0.8327 -0.3901
vn 0.8095 0.3887 -0.4400
vn 0.0093 0.3594 -0.9331
vn 0.1507 0.8213 -0.5502
vn 0.1975 0.9148 -0.3524
vn 0.2872 0.8454 -0.4503
vn 0.7091 0.3424 -0.6164
vn -0.2191 0.2762 -0.9358
vn 0.0104 0.8068 -0.5907
vn 0.1012 0.9113 -0.3992
vn -0.2178 -0.7786 -0.5884
vn -0.5257 -0.3006 -0.7958
vn 0.3694 -0.3783 -0.8488
vn 0.0688 -0.8141 -0.5766
vn -0.0706 -0.8998 -0.4305
vn -0.0117 0.8049 -0.5934
vn 0.2494 0.3706 -0.8947
vn -0.6183 0.2863 -0.7320
vn -0.2953 0.7649 -0.5724
vn -0.1300 0.8949 -0.4269
vn -0.1489 0.8067 -0.5719
vn 0.0295 0.3026 -0.9527
vn -0.7911 0.1869 -0.5825
vn -0.4465 0.7368 -0.5077
vn -0.2447 0.8844 -0.3975
vn -0.5797 -0.7238 -0.3743
vn -0.9073 -0.2286 -0.3528
vn -0.2811 -0.3185 -0.9053
vn -0.3586 -0.7531 -0.5516
vn -0.3641 -0.8693 -0.3341
vn -0.5303 0.6228 -0.5752
vn -0.4290 0.1755 -0.8861
vn -0.9512 0.1425 -0.2737
vn -0.6574 0.6689 -0.3469
vn -0.4189 0.8572 -0.2995
vn -0.6997 -0.6642 -0.2631
vn -0.9684 -0.1954 -0.1550
vn -0.5376 -0.2850 -0.7936
vn -0.5281 -0.7157 -0.4570
vn -0.4596 -0.8533 -0.2464
vn -0.5398 0.7028 -0.4634
vn -0.5374 0.2877 -0.7927
vn -0.9768 0.1452 -0.1572
vn -0.7711 0.5555 -0.3111
vn -0.4657 0.8488 -0.2502
vn -0.7704 -0.6318 -0.0858
vn -0.9824 -0.1672 0.0830
vn -0.7286 -0.2586 -0.6343
vn -0.6272 -0.7109 -0.3183
vn -0.5290 -0.8385 -0.1308
vn -0.6272 0.7109 -0.3182
vn -0.7404 0.1935 -0.6438
vn -0.9921 0.0950 0.0824
vn -0.7704 0.6318 -0.0858
vn -0.5290 0.8385 -0.1308
vn -0.7702 -0.6244 0.1300
vn -0.9257 -0.1537 0.3457
vn -0.9063 -0.2066 -0.3687
vn -0.7668 -0.6307 -0.1195
vn -0.5700 -0.8215 0.0158
vn -0.8530 0.5096 -0.1123
vn -0.9249 0.0738 -0.3729
vn -0.9342 0.0843 0.3467
vn -0.7821 0.6095 0.1298
vn -0.5770 0.8165 0.0170
vn -0.9097 0.4150 0.0118
vn -0.9629 0.1332 -0.2345
vn -0.8935 0.0915 0.4396
vn -0.8952 0.3891 0.2172
vn -0.5917 0.8014 0.0876
vn -0.7720 -0.5504 0.3180
vn -0.8324 -0.0618 0.5508
vn -0.9900 -0.1036 -0.0955
vn -0.8111 -0.5763 0.1002
vn -0.5674 -0.8078 0.1599
vn -0.8297 0.5481 0.1055
vn -0.9898 0.1061 -0.0952
vn -0.8345 0.0079 0.5510
vn -0.8459 0.4213 0.3272
vn -0.5750 0.8022 0.1606
vn -0.6917 -0.4998 0.5212
vn -0.6618 -0.0616 0.7471
vn -0.9823 -0.0186 0.1863
vn -0.8339 -0.4118 0.3675
vn -0.5244 -0.7936 0.3086
vn -0.8339 0.4118 0.3675
vn -0.9823 0.0186 0.1863
vn -0.6618 0.0616 0.7471
vn -0.6917 0.4999 0.5212
vn -0.5244 0.7936 0.3086
vn -0.6560 -0.4235 0.6247
vn -0.5543 -0.0801 0.8284
vn -0.9457 -0.1533 0.2867
vn -0.7218 -0.5689 0.3942
vn -0.4844 -0.7947 0.3658
vn -0.7218 0.5689 0.3942
vn -0.9457 0.1533 0.2867
vn -0.5543 0.0801 0.8284
vn -0.6561 0.4235 0.6247
vn -0.4844 0.7947 0.3658
vn -0.3793 -0.5989 0.7054
vn -0.2785 -0.1599 0.9470
vn -0.8227 -0.1312 0.5531
vn -0.5881 -0.5519 0.5913
vn -0.3631 -0.8017 0.4748
vn -0.6239 0.4251 0.6558
vn -0.8284 0.0025 0.5602
vn -0.2829 0.0911 0.9548
vn -0.3881 0.5795 0.7166
vn -0.3662 0.7966 0.4809
vn -0.5480 0.3507 0.7594
vn -0.7460 0.0824 0.6608
vn -0.1750 0.1059 0.9789
vn -0.3744 0.3720 0.8494
vn -0.3114 0.7899 0.5283
vn -0.4425 0.3716 0.8161
vn -0.6548 0.0107 0.7557
vn -0.0368 0.0448 0.9983
vn -0.2548 0.3902 0.8848
vn -0.2392 0.7950 0.5574
vn -0.3225 0.5283 0.7855
vn -0.5527 0.0697 0.8305
vn 0.1066 0.0587 0.9926
vn -0.1251 0.4558 0.8812
vn -0.1632 0.8080 0.5661
vn 0.0137 -0.5905 0.8069
vn 0.2467 -0.2110 0.9458
vn -0.4439 -0.0973 0.8908
vn -0.2162 -0.4480 0.8675
vn -0.0859 -0.8156 0.5721
vn 0.1160 -0.4864 0.8660
vn 0.3860 -0.0971 0.9174
vn -0.3288 -0.0350 0.9437
vn -0.1046 -0.4489 0.8874
vn -0.0131 -0.8172 0.5762
vn -0.1051 0.4821 0.8698
vn -0.3292 0.0326 0.9437
vn 0.3852 0.1619 0.9085
vn 0.1221 0.6224 0.7731
vn -0.0123 0.8235 0.5671
vn 0.2271 -0.5610 0.7960
vn 0.5158 -0.1140 0.8491
vn -0.2350 -0.1052 0.9663
vn -0.0354 -0.6464 0.7622
vn 0.0528 -0.8327 0.5513
vn -0.0354 0.6463 0.7622
vn -0.2350 0.1052 0.9663
vn 0.5158 0.1140 0.8491
vn 0.2272 0.5626 0.7949
vn 0.0528 0.8327 0.5513
vn 0.3869 -0.7461 0.5419
vn 0.7381 -0.2970 0.6059
vn 0.0270 -0.1939 0.9806
vn 0.1686 -0.6663 0.7264
vn 0.1867 -0.8550 0.4839
vn 0.3018 0.5727 0.7622
vn 0.1458 0.1595 0.9764
vn 0.7968 0.3061 0.5209
vn 0.4551 0.7231 0.5197
vn 0.2427 0.8572 0.4541
vn 0.3341 0.6879 0.6444
vn 0.2570 0.2282 0.9391
vn 0.8761 0.2584 0.4070
vn 0.5651 0.6478 0.5108
vn 0.2910 0.8654 0.4079
vn 0.4148 0.7553 0.5074
vn 0.4498 0.1926 0.8721
vn 0.9477 0.2896 0.1341
vn 0.5653 0.7838 0.2571
vn 0.3588 0.8834 0.3013
vn 0.5605 -0.8259 0.0601
vn 0.9101 -0.3787 -0.1680
vn 0.6450 -0.2848 0.7091
vn 0.5270 -0.7665 0.3670
vn 0.4058 -0.8959 0.1806
vn 0.5759 0.7882 0.2172
vn 0.8005 0.2512 0.5442
vn 0.8630 0.3292 -0.3833
vn 0.5662 0.8212 -0.0708
vn 0.4218 0.9041 0.0681
vn 0.9774 -0.1895 0.0938
vn 0.9088 -0.0628 0.4126
vn 0.9768 -0.1360 -0.1653
vn 0.7483 -0.0618 -0.6605
vn 0.9234 -0.1878 -0.3347
vn 0.9651 -0.1885 -0.1820
vn 0.9859 -0.0632 0.1547
vn 0.9002 -0.1352 -0.4140
vn 0.5237 -0.0604 -0.8498
vn 0.7842 -0.1872 -0.5916
vn 0.9859 0.0632 0.1547
vn 0.9651 0.1885 -0.1820
vn 0.9002 0.1352 -0.4140
vn 0.5237 0.0604 -0.8498
vn 0.7842 0.1872 -0.5916
vn 0.8946 0.0619 -0.4426
vn 0.6635 0.1878 -0.7242
vn 0.5184 0.1353 -0.8444
vn -0.0245 0.0632 -0.9977
vn 0.3058 0.1885 -0.9333
vn 0.0739 -0.1888 -0.9792
vn 0.4370 -0.0621 -0.8973
vn -0.0617 -0.1376 -0.9886
vn -0.5762 -0.0652 -0.8147
vn -0.2976 -0.1910 -0.9354
vn 0.3095 0.0623 -0.9489
vn -0.0605 0.1895 -0.9800
vn -0.1854 0.1383 -0.9729
vn -0.6674 0.0655 -0.7418
vn -0.4102 0.1915 -0.8917
vn -0.5651 -0.1918 -0.8024
vn -0.2527 -0.0638 -0.9654
vn -0.6492 -0.1421 -0.7472
vn -0.9404 -0.0662 -0.3335
vn -0.7978 -0.1945 -0.5707
vn -0.7640 -0.1931 -0.6156
vn -0.5219 -0.0648 -0.8505
vn -0.8193 -0.1439 -0.5550
vn -0.9894 -0.0674 -0.1282
vn -0.9049 -0.1948 -0.3785
vn -0.5219 0.0648 -0.8505
vn -0.7647 0.1935 -0.6146
vn -0.8171 0.1442 -0.5582
vn -0.9892 0.0736 -0.1268
vn -0.8992 0.1997 -0.3893
vn -0.8931 -0.1950 -0.4055
vn -0.7238 -0.0647 -0.6869
vn -0.9345 -0.1457 -0.3247
vn -0.9912 -0.0678 0.1136
vn -0.9702 -0.1958 -0.1429
vn -0.9734 -0.1959 -0.1187
vn -0.9077 -0.0666 -0.4142
vn -0.9883 -0.1477 -0.0380
vn -0.9236 -0.0675 0.3774
vn -0.9725 -0.1975 0.1236
vn -0.9575 0.0734 -0.2788
vn -0.9793 0.2008 0.0268
vn -0.9845 0.1490 0.0927
vn -0.8795 0.0738 0.4702
vn -0.9553 0.2012 0.2165
vn -0.8435 -0.1981 0.4992
vn -0.9644 -0.0673 0.2556
vn -0.7950 -0.1501 0.5878
vn -0.5238 -0.0737 0.8486
vn -0.7221 -0.2017 0.6617
vn -0.9644 0.0673 0.2556
vn -0.8435 0.1981 0.4992
vn -0.7950 0.1501 0.5878
vn -0.5238 0.0737 0.8486
vn -0.7221 0.2017 0.6617
vn -0.6694 -0.1973 0.7162
vn -0.8460 -0.0682 0.5288
vn -0.5840 -0.1496 0.7978
vn -0.2466 -0.0671 0.9668
vn -0.4966 -0.1979 0.8451
vn -0.7693 0.0738 0.6346
vn -0.5618 0.2017 0.8023
vn -0.4763 0.1500 0.8664
vn -0.1347 0.0736 0.9881
vn -0.4077 0.2013 0.8907
vn -0.2192 -0.2011 0.9547
vn -0.4738 -0.0738 0.8775
vn -0.0795 -0.1479 0.9858
vn 0.2923 -0.0666 0.9540
vn -0.0088 -0.1957 0.9806
vn 0.2577 -0.1950 0.9463
vn -0.0021 -0.0674 0.9977
vn 0.4544 -0.1437 0.8791
vn 0.7985 -0.0636 0.5986
vn 0.5347 -0.1936 0.8226
vn 0.0983 0.0661 0.9930
vn 0.3553 0.1884 0.9156
vn 0.5540 0.1432 0.8201
vn 0.8593 0.0643 0.5074
vn 0.6223 0.1926 0.7587
vn 0.2339 0.0669 0.9700
vn 0.4829 0.1941 0.8539
vn 0.6678 0.1421 0.7306
vn 0.9346 0.0623 0.3502
vn 0.7389 0.1858 0.6478
vn 0.8305 -0.1916 0.5231
vn 0.6482 -0.0655 0.7586
vn 0.9443 -0.1381 0.2988
vn 0.9730 -0.0608 -0.2228
vn 0.9699 -0.1891 0.1536
vn 0.9872 0.1089 0.1169
vn 0.9848 0.0152 -0.1729
vn 0.9292 0.1076 -0.3536
vn 0.9549 -0.2893 0.0663
vn 0.9139 -0.3706 -0.1654
vn 0.9100 -0.2901 -0.2962
vn 0.9560 -0.2899 -0.0445
vn 0.9261 -0.3738 0.0499
vn 0.9164 -0.2937 0.2719
vn 0.9796 0.1097 -0.1684
vn 0.9069 0.0116 -0.4213
vn 0.7815 0.1030 -0.6154
vn 0.9796 -0.1097 -0.1684
vn 0.9069 -0.0116 -0.4213
vn 0.7815 -0.1030 -0.6154
vn 0.6836 -0.1076 -0.7218
vn 0.5263 -0.0119 -0.8502
vn 0.2940 -0.1095 -0.9495
vn 0.4439 -0.2865 -0.8491
vn 0.3023 -0.3700 -0.8785
vn 0.0894 -0.2923 -0.9521
vn 0.0917 0.1105 -0.9896
vn -0.0527 0.0234 -0.9983
vn -0.3184 0.1168 -0.9407
vn -0.0428 -0.1125 -0.9927
vn -0.1770 -0.0269 -0.9838
vn -0.4317 -0.1187 -0.8942
vn -0.3130 -0.2899 -0.9045
vn -0.3707 -0.3821 -0.8465
vn -0.5826 -0.2966 -0.7567
vn -0.5552 0.1199 -0.8230
vn -0.6467 0.0443 -0.7615
vn -0.8220 0.1235 -0.5560
vn -0.6552 -0.3081 -0.6898
vn -0.6697 -0.3952 -0.6287
vn -0.8185 -0.2978 -0.4913
vn -0.7591 0.1240 -0.6390
vn -0.8206 0.0535 -0.5690
vn -0.9227 0.1300 -0.3629
vn -0.7592 -0.1239 -0.6390
vn -0.8222 -0.0547 -0.5665
vn -0.9285 -0.1445 -0.3422
vn -0.8912 0.1240 -0.4364
vn -0.9394 0.0620 -0.3371
vn -0.9835 0.1329 -0.1224
vn -0.8789 -0.2953 -0.3747
vn -0.8609 -0.4009 -0.3132
vn -0.9410 -0.3002 -0.1564
vn -0.9807 0.1315 -0.1444
vn -0.9965 0.0705 -0.0452
vn -0.9792 0.1323 0.1539
vn -0.9440 -0.3100 -0.1127
vn -0.9110 -0.4093 -0.0495
vn -0.9483 -0.2993 0.1057
vn -0.9886 -0.1468 -0.0322
vn -0.9935 -0.0757 0.0851
vn -0.9506 -0.1500 0.2716
vn -0.9399 0.3002 0.1629
vn -0.8887 0.4110 0.2033
vn -0.8975 0.3014 0.3221
vn -0.9399 -0.3002 0.1629
vn -0.8871 -0.4129 0.2064
vn -0.8892 -0.3116 0.3350
vn -0.8664 0.3111 0.3907
vn -0.7970 0.4152 0.4387
vn -0.7848 0.3015 0.5415
vn -0.8664 -0.3111 0.3907
vn -0.7970 -0.4152 0.4387
vn -0.7848 -0.3015 0.5415
vn -0.8682 0.1338 0.4778
vn -0.7976 0.0813 0.5978
vn -0.6897 0.1510 0.7082
vn -0.8682 -0.1338 0.4778
vn -0.7976 -0.0813 0.5977
vn -0.6897 -0.1510 0.7082
vn -0.6940 0.1368 0.7068
vn -0.5866 0.0795 0.8059
vn -0.4751 0.1331 0.8698
vn -0.6482 -0.3115 0.6949
vn -0.5380 -0.4148 0.7338
vn -0.4971 -0.2992 0.8145
vn -0.6118 -0.1510 0.7765
vn -0.4760 -0.0804 0.8758
vn -0.3584 -0.1492 0.9216
vn -0.4514 -0.3284 0.8297
vn -0.3155 -0.4145 0.8536
vn -0.2673 -0.3106 0.9122
vn -0.3244 -0.3012 0.8967
vn -0.1903 -0.4108 0.8917
vn -0.1334 -0.3267 0.9357
vn -0.2747 0.1492 0.9499
vn -0.0798 0.0714 0.9942
vn 0.0149 0.1310 0.9913
vn -0.1090 0.3278 0.9384
vn 0.0627 0.4084 0.9106
vn 0.1191 0.3096 0.9434
vn -0.1090 -0.3278 0.9384
vn 0.0578 -0.4061 0.9120
vn 0.1014 -0.2984 0.9490
vn 0.0101 0.2985 0.9544
vn 0.1841 0.4035 0.8963
vn 0.2535 0.3248 0.9112
vn 0.0101 -0.2985 0.9544
vn 0.1841 -0.4035 0.8963
vn 0.2535 -0.3248 0.9112
vn 0.2398 0.1294 0.9622
vn 0.4687 0.0528 0.8818
vn 0.5640 0.1196 0.8171
vn 0.3385 -0.1390 0.9307
vn 0.5691 -0.0508 0.8207
vn 0.6457 -0.1211 0.7540
vn 0.4695 -0.1265 0.8738
vn 0.6819 -0.0464 0.7300
vn 0.7591 -0.1312 0.6376
vn 0.6559 -0.2943 0.6951
vn 0.7800 -0.3833 0.4946
vn 0.8400 -0.2930 0.4567
vn 0.8301 0.1187 0.5448
vn 0.9563 0.0262 0.2913
vn 0.9853 0.1076 0.1329
vn 0.6907 -0.7166 -0.0974
vn 0.9063 -0.4210 -0.0367
vn 0.9913 -0.0808 -0.1037
vn 0.6475 0.7159 -0.2614
vn 0.8044 0.4202 -0.4199
vn 0.9108 0.0808 -0.4048
vn 0.6475 -0.7159 -0.2614
vn 0.8044 -0.4202 -0.4199
vn 0.9108 -0.0808 -0.4048
vn 0.5179 0.0809 -0.8516
vn 0.5207 0.4210 -0.7427
vn 0.3510 0.7127 -0.6074
vn 0.3797 0.4192 -0.8247
vn 0.4767 0.0820 -0.8752
vn -0.0908 -0.7150 -0.6932
vn -0.2021 -0.4217 -0.8839
vn -0.0353 -0.4219 -0.9059
vn -0.1600 -0.0808 -0.9838
vn -0.1023 -0.0808 -0.9915
vn -0.2268 0.0808 -0.9706
vn -0.1517 0.4212 -0.8942
vn -0.1807 0.7156 -0.6747
vn -0.3199 0.4210 -0.8488
vn -0.2880 0.0819 -0.9541
vn -0.4849 -0.7219 -0.4938
vn -0.7006 -0.4233 -0.5745
vn -0.7300 -0.0804 -0.6787
vn -0.7614 0.2613 -0.5933
vn -0.8465 0.0381 -0.5310
vn -0.7378 0.4162 -0.5315
vn -0.6005 0.7201 -0.3477
vn -0.8287 0.4234 -0.3661
vn -0.8831 0.0818 -0.4620
vn -0.6006 -0.7204 -0.3469
vn -0.8262 -0.4239 -0.3710
vn -0.7358 -0.4230 -0.5288
vn -0.8824 -0.0804 -0.4636
vn -0.8426 -0.0804 -0.5325
vn -0.6669 -0.7249 -0.1723
vn -0.8463 -0.4239 -0.3226
vn -0.9508 -0.0804 -0.2992
vn -0.6877 -0.7260 -0.0067
vn -0.8996 -0.4247 0.1014
vn -0.9955 -0.0818 0.0472
vn -0.9635 0.2677 -0.0051
vn -0.9948 0.0396 0.0934
vn -0.9077 0.4190 0.0222
vn -0.6849 0.7231 0.0897
vn -0.8823 0.4189 0.2148
vn -0.9853 0.0400 0.1663
vn -0.9283 0.2682 0.2573
vn -0.8383 0.2690 0.4743
vn -0.8149 0.0404 0.5782
vn -0.7761 0.4193 0.4710
vn -0.5408 0.7274 0.4224
vn -0.5408 -0.7274 0.4224
vn -0.7761 -0.4193 0.4710
vn -0.8383 -0.2690 0.4743
vn -0.8149 -0.0404 0.5782
vn -0.4229 -0.7276 0.5402
vn -0.4680 -0.4261 0.7742
vn -0.5659 -0.0808 0.8205
vn -0.5903 0.2699 0.7607
vn -0.5311 0.0401 0.8464
vn -0.5364 0.4201 0.7320
vn -0.3451 0.7240 0.5973
vn -0.3643 0.4183 0.8321
vn -0.4667 0.0405 0.8835
vn -0.3571 0.2675 0.8949
vn -0.0893 -0.7230 0.6851
vn -0.0204 -0.4174 0.9085
vn -0.2151 -0.4258 0.8789
vn 0.0122 -0.2652 0.9641
vn -0.0933 -0.0398 0.9948
vn -0.1771 -0.0808 0.9809
vn 0.2581 -0.7238 0.6399
vn 0.4303 -0.4238 0.7970
vn 0.4199 -0.0808 0.9040
vn 0.4656 0.0809 0.8813
vn 0.3699 0.4255 0.8259
vn 0.3487 0.7194 0.6007
vn 0.5151 0.3750 0.7708
vn 0.4221 0.7185 0.5528
vn 0.5558 0.0763 0.8278
vn 0.6227 0.4219 0.6590
vn 0.6366 0.0819 0.7668
vn 0.6395 -0.7192 0.2717
vn 0.8666 -0.4215 0.2671
vn 0.9327 -0.0808 0.3515
vn 0.9184 0.3873 -0.0811
vn 0.9002 -0.4289 -0.0756
vn 0.9966 0.0360 -0.0747
vn 0.9584 0.2578 -0.1225
vn 0.8372 0.3849 -0.3886
vn 0.8372 -0.3849 -0.3886
vn 0.4928 -0.3822 -0.7817
vn 0.4248 -0.4007 -0.8118
vn 0.2753 -0.4271 -0.8613
vn 0.3109 0.0340 -0.9498
vn 0.2529 0.2576 -0.9326
vn -0.0811 0.3869 -0.9185
vn -0.1614 0.3900 -0.9065
vn -0.1963 -0.3911 -0.8992
vn -0.2772 -0.4066 -0.8705
vn -0.4080 -0.4337 -0.8034
vn -0.4461 0.0369 -0.8942
vn -0.4797 0.2639 -0.8368
vn -0.6769 0.4117 -0.6102
vn -0.6875 -0.4243 -0.5894
vn -0.7520 0.0392 -0.6579
vn -0.7813 -0.3478 -0.5182
vn -0.7619 0.4154 -0.4970
vn -0.8107 0.4168 -0.4110
vn -0.8098 -0.4189 -0.4108
vn -0.8629 0.4176 -0.2846
vn -0.8500 -0.4436 -0.2842
vn -0.9452 0.0404 -0.3240
vn -0.9289 0.2713 -0.2519
vn -0.9056 0.4208 0.0531
vn -0.9293 -0.3637 0.0645
vn -0.9134 -0.3667 0.1767
vn -0.9812 -0.0424 0.1885
vn -0.8764 0.4485 0.1755
vn -0.9288 -0.2740 0.2495
vn -0.9433 -0.0444 0.3289
vn -0.8463 0.4495 0.2860
vn -0.9433 0.0442 0.3289
vn -0.8456 -0.4510 0.2857
vn -0.8998 -0.0443 0.4340
vn -0.7999 0.4517 0.3952
vn -0.7705 0.3677 0.5207
vn -0.7999 -0.4517 0.3952
vn -0.8998 0.0443 0.4340
vn -0.7705 -0.3677 0.5207
vn -0.5106 0.4085 0.7566
vn -0.5130 -0.3684 0.7753
vn -0.4147 -0.3699 0.8314
vn -0.3211 -0.0145 0.9469
vn -0.2531 0.2728 0.9282
vn -0.2951 -0.3895 0.8725
vn -0.1881 0.0440 0.9812
vn -0.1763 -0.4491 0.8759
vn -0.1718 0.4083 0.8966
vn -0.0664 0.3625 0.9296
vn 0.0659 0.0164 0.9977
vn 0.0623 0.3815 0.9222
vn 0.1179 -0.2705 0.9555
vn -0.0551 -0.4479 0.8924
vn -0.0711 0.0437 0.9965
vn 0.0045 0.2711 0.9625
vn 0.0659 -0.0162 0.9977
vn 0.1176 0.2706 0.9555
vn 0.0617 -0.3800 0.9229
vn 0.3962 0.3997 0.8266
vn 0.4185 -0.3981 0.8163
vn 0.5269 -0.3215 0.7868
vn 0.5908 -0.4136 0.6927
vn 0.6843 -0.4341 0.5858
vn 0.7540 0.0375 0.6558
vn 0.7635 0.2641 0.5894
vn 0.8661 0.3907 0.3120
vn 0.8945 -0.4166 0.1624
vn 0.9815 0.0361 0.1880
vn 0.9577 0.2588 0.1257
vn 0.9966 0.0367 0.0733
vn 0.8991 -0.4316 0.0738
vn 0.8299 -0.5471 -0.1098
vn 0.8285 0.5491 -0.1095
vn 0.7685 -0.5569 -0.3149
vn 0.7686 0.5569 -0.3149
vn 0.4282 0.5116 -0.7449
vn 0.2168 0.5223 -0.8247
vn -0.1084 -0.4549 -0.8839
vn -0.2442 0.4424 -0.8629
vn -0.4470 0.4640 -0.7648
vn -0.6387 -0.4154 -0.6476
vn -0.7733 0.4318 -0.4643
vn -0.7471 0.3699 -0.5523
vn -0.8127 -0.3652 -0.4541
vn -0.8912 -0.3876 -0.2356
vn -0.8912 0.3876 -0.2356
vn -0.9434 -0.3316 -0.0065
vn -0.9669 0.2209 0.1276
vn -0.9276 0.3731 0.0196
vn -0.9253 0.3016 0.2298
vn -0.9316 -0.2527 0.2612
vn -0.7684 -0.2794 0.5757
vn -0.8330 -0.2479 0.4946
vn -0.7684 0.2794 0.5757
vn -0.8330 0.2479 0.4946
vn -0.5897 -0.2822 0.7567
vn -0.4801 0.2174 0.8499
vn -0.5603 0.3232 0.7626
vn -0.3701 0.2552 0.8932
vn -0.2672 0.2639 0.9268
vn -0.0098 -0.3372 0.9414
vn -0.1100 -0.2465 0.9629
vn 0.1093 -0.3820 0.9177
vn 0.1096 0.3793 0.9188
vn 0.0163 0.3133 0.9495
vn 0.3456 -0.3783 0.8588
vn 0.5340 0.4402 0.7218
vn 0.4721 0.4026 0.7842
vn 0.7012 0.4675 0.5382
vn 0.8048 -0.4874 0.3387
vn 0.8682 0.4823 0.1163
vn 0.8758 0.4698 -0.1111
vn 0.7209 0.6789 -0.1393
vn 0.5375 0.8429 0.0255
vn 0.7062 0.6822 -0.1895
vn 0.8214 0.4685 -0.3252
vn 0.4492 0.8409 -0.3019
vn 0.6973 0.6766 -0.2365
vn 0.2907 0.9564 0.0274
vn 0.0602 0.9745 0.2162
vn 0.2597 0.9631 -0.0712
vn -0.0548 0.9743 -0.2183
vn 0.2323 0.9568 -0.1751
vn -0.2125 0.9554 0.2049
vn -0.4124 0.8414 0.3493
vn -0.2581 0.9636 0.0693
vn -0.5300 0.8425 -0.0965
vn -0.2853 0.9558 -0.0713
vn -0.6226 0.7077 0.3339
vn -0.7408 0.5188 0.4267
vn -0.6782 0.7120 0.1819
vn -0.8541 0.5201 0.0008
vn -0.7052 0.7087 0.0220
vn -0.7408 -0.5188 0.4267
vn -0.6226 -0.7077 0.3339
vn -0.4124 -0.8414 0.3493
vn -0.6782 -0.7120 0.1819
vn -0.8541 -0.5201 0.0008
vn -0.5300 -0.8425 -0.0965
vn -0.7052 -0.7087 0.0220
vn -0.2125 -0.9554 0.2049
vn 0.0602 -0.9745 0.2162
vn -0.2581 -0.9636 0.0693
vn -0.0542 -0.9746 -0.2175
vn -0.2853 -0.9558 -0.0713
vn 0.2907 -0.9564 0.0274
vn 0.5375 -0.8429 0.0255
vn 0.2602 -0.9630 -0.0697
vn 0.4535 -0.8424 -0.2909
vn 0.2387 -0.9563 -0.1691
vn 0.7209 -0.6789 -0.1393
vn 0.8758 -0.4698 -0.1111
vn 0.7052 -0.6833 -0.1890
vn 0.8141 -0.4696 -0.3417
vn 0.6942 -0.6787 -0.2397
vn 0.6989 0.4688 -0.5402
vn 0.5551 0.6795 -0.4798
vn 0.4863 0.8410 -0.2372
vn 0.5179 0.6809 -0.5179
vn 0.5402 0.4688 -0.6989
vn 0.2373 0.8409 -0.4864
vn 0.4797 0.6792 -0.5555
vn 0.2675 0.9568 -0.1138
vn 0.1611 0.9743 0.1574
vn 0.1905 0.9630 -0.1905
vn -0.1572 0.9743 -0.1612
vn 0.1135 0.9568 -0.2678
vn -0.0815 0.9555 0.2836
vn -0.1823 0.8415 0.5085
vn -0.1892 0.9635 0.1892
vn -0.5084 0.8417 0.1822
vn -0.2834 0.9555 0.0814
vn -0.3724 0.7075 0.6006
vn -0.4282 0.5186 0.7400
vn -0.4970 0.7114 0.4970
vn -0.7399 0.5188 0.4282
vn -0.6005 0.7076 0.3723
vn -0.4282 -0.5186 0.7400
vn -0.3724 -0.7075 0.6006
vn -0.1823 -0.8415 0.5085
vn -0.4970 -0.7114 0.4970
vn -0.7399 -0.5188 0.4282
vn -0.5084 -0.8417 0.1822
vn -0.6005 -0.7077 0.3723
vn -0.0815 -0.9555 0.2836
vn 0.1611 -0.9743 0.1574
vn -0.1892 -0.9635 0.1892
vn -0.1572 -0.9743 -0.1612
vn -0.2834 -0.9555 0.0814
vn 0.2677 -0.9568 -0.1135
vn 0.4863 -0.8410 -0.2372
vn 0.1905 -0.9630 -0.1905
vn 0.2373 -0.8409 -0.4864
vn 0.1135 -0.9568 -0.2678
vn 0.5555 -0.6793 -0.4797
vn 0.6989 -0.4688 -0.5402
vn 0.5179 -0.6809 -0.5179
vn 0.5402 -0.4688 -0.6989
vn 0.4797 -0.6792 -0.5555
vn 0.2256 0.4689 -0.8540
vn 0.1487 0.6794 -0.7185
vn 0.2414 0.8409 -0.4843
vn 0.0970 0.6811 -0.7258
vn 0.0139 0.4687 -0.8832
vn -0.1073 0.8413 -0.5297
vn 0.0483 0.6768 -0.7346
vn 0.1433 0.9568 -0.2532
vn 0.2236 0.9743 0.0258
vn 0.0351 0.9631 -0.2668
vn -0.2232 0.9743 -0.0312
vn -0.0732 0.9569 -0.2809
vn 0.1079 0.9558 0.2736
vn 0.1649 0.8425 0.5129
vn -0.0350 0.9636 0.2649
vn -0.2925 0.8414 0.4544
vn -0.1754 0.9554 0.2374
vn 0.0702 0.7087 0.7021
vn 0.1107 0.5201 0.8469
vn -0.0918 0.7120 0.6962
vn -0.3264 0.5188 0.7902
vn -0.2498 0.7077 0.6609
vn 0.1107 -0.5201 0.8469
vn 0.0702 -0.7087 0.7021
vn 0.1649 -0.8425 0.5129
vn -0.0918 -0.7120 0.6962
vn -0.3264 -0.5188 0.7902
vn -0.2925 -0.8414 0.4544
vn -0.2498 -0.7077 0.6609
vn 0.1079 -0.9558 0.2736
vn 0.2236 -0.9743 0.0258
vn -0.0350 -0.9636 0.2649
vn -0.2232 -0.9743 -0.0312
vn -0.1754 -0.9554 0.2374
vn 0.1429 -0.9568 -0.2533
vn 0.2414 -0.8409 -0.4843
vn 0.0351 -0.9631 -0.2668
vn -0.1081 -0.8414 -0.5295
vn -0.0732 -0.9569 -0.2809
vn 0.1483 -0.6797 -0.7184
vn 0.2256 -0.4689 -0.8540
vn 0.0956 -0.6812 -0.7259
vn 0.0031 -0.4691 -0.8831
vn 0.0423 -0.6796 -0.7324
vn -0.4440 0.4696 -0.7631
vn -0.4025 0.6803 -0.6125
vn -0.1710 0.8415 -0.5125
vn -0.4440 0.6821 -0.5810
vn -0.6145 0.4696 -0.6339
vn -0.4497 0.8423 -0.2972
vn -0.4849 0.6778 -0.5527
vn -0.0772 0.9569 -0.2798
vn 0.1758 0.9744 -0.1403
vn -0.1633 0.9634 -0.2127
vn -0.1796 0.9743 0.1363
vn -0.2498 0.9572 -0.1458
vn 0.2685 0.9563 0.1160
vn 0.4773 0.8441 0.2442
vn 0.1617 0.9640 0.2112
vn 0.1138 0.8423 0.5269
vn 0.0435 0.9557 0.2912
vn 0.5442 0.7113 0.4449
vn 0.6756 0.5233 0.5193
vn 0.4258 0.7143 0.5554
vn 0.3274 0.5210 0.7883
vn 0.2898 0.7097 0.6422
vn 0.6756 -0.5233 0.5193
vn 0.5442 -0.7113 0.4449
vn 0.4773 -0.8441 0.2442
vn 0.4258 -0.7143 0.5554
vn 0.3274 -0.5210 0.7883
vn 0.1138 -0.8423 0.5269
vn 0.2898 -0.7097 0.6422
vn 0.2685 -0.9563 0.1160
vn 0.1749 -0.9746 -0.1400
vn 0.1617 -0.9640 0.2112
vn -0.1796 -0.9743 0.1363
vn 0.0435 -0.9557 0.2912
vn -0.0860 -0.9564 -0.2790
vn -0.1820 -0.8430 -0.5062
vn -0.1646 -0.9634 -0.2118
vn -0.4502 -0.8423 -0.2965
vn -0.2498 -0.9572 -0.1458
vn -0.4035 -0.6798 -0.6124
vn -0.4375 -0.4703 -0.7664
vn -0.4457 -0.6833 -0.5783
vn -0.6221 -0.4700 -0.6262
vn -0.4876 -0.6806 -0.5468
vn -0.8559 0.4702 -0.2153
vn -0.7200 0.6790 -0.1433
vn -0.4821 0.8424 -0.2409
vn -0.7239 0.6833 -0.0954
vn -0.8823 0.4705 -0.0135
vn -0.5268 0.8430 0.1083
vn -0.7326 0.6789 -0.0475
vn -0.2514 0.9572 -0.1430
vn 0.0253 0.9744 -0.2236
vn -0.2646 0.9637 -0.0348
vn -0.0308 0.9743 0.2233
vn -0.2788 0.9575 0.0739
vn 0.2706 0.9566 -0.1078
vn 0.5079 0.8455 -0.1648
vn 0.2622 0.9644 0.0347
vn 0.4505 0.8439 0.2913
vn 0.2351 0.9561 0.1747
vn 0.6968 0.7138 -0.0701
vn 0.8431 0.5263 -0.1104
vn 0.6911 0.7170 0.0912
vn 0.7869 0.5244 0.3252
vn 0.6563 0.7124 0.2484
vn 0.8431 -0.5263 -0.1104
vn 0.6968 -0.7138 -0.0701
vn 0.5079 -0.8455 -0.1648
vn 0.6911 -0.7170 0.0912
vn 0.7869 -0.5244 0.3252
vn 0.4505 -0.8439 0.2913
vn 0.6563 -0.7124 0.2484
vn 0.2706 -0.9566 -0.1079
vn 0.0249 -0.9746 -0.2227
vn 0.2622 -0.9644 0.0347
vn -0.0310 -0.9745 0.2223
vn 0.2351 -0.9561 0.1747
vn -0.2568 -0.9568 -0.1366
vn -0.4849 -0.8439 -0.2294
vn -0.2649 -0.9636 -0.0348
vn -0.5267 -0.8446 0.0964
vn -0.2825 -0.9570 0.0658
vn -0.7170 -0.6811 -0.1483
vn -0.8508 -0.4713 -0.2326
vn -0.7217 -0.6857 -0.0950
vn -0.8818 -0.4716 0.0046
vn -0.7308 -0.6813 -0.0422
vn -0.6916 0.4709 0.5476
vn -0.5517 0.6797 0.4833
vn -0.4838 0.8432 0.2346
vn -0.5152 0.6852 0.5149
vn -0.5329 0.4720 0.7023
vn -0.2438 0.8448 0.4763
vn -0.4776 0.6820 0.5539
vn -0.2659 0.9575 0.1114
vn -0.1612 0.9743 -0.1572
vn -0.1895 0.9639 0.1872
vn 0.1565 0.9745 0.1607
vn -0.1196 0.9571 0.2640
vn 0.0791 0.9566 -0.2803
vn 0.1784 0.8457 -0.5031
vn 0.1865 0.9646 -0.1864
vn 0.5032 0.8455 -0.1785
vn 0.2804 0.9566 -0.0792
vn 0.3681 0.7147 -0.5947
vn 0.4253 0.5273 -0.7355
vn 0.4918 0.7185 -0.4918
vn 0.7356 0.5272 -0.4254
vn 0.5948 0.7146 -0.3681
vn 0.4253 -0.5273 -0.7355
vn 0.3681 -0.7147 -0.5947
vn 0.1784 -0.8456 -0.5031
vn 0.4918 -0.7185 -0.4918
vn 0.7356 -0.5272 -0.4254
vn 0.5032 -0.8455 -0.1785
vn 0.5948 -0.7146 -0.3681
vn 0.0791 -0.9566 -0.2803
vn -0.1608 -0.9745 -0.1563
vn 0.1865 -0.9646 -0.1864
vn 0.1565 -0.9745 0.1607
vn 0.2804 -0.9566 -0.0792
vn -0.2641 -0.9570 0.1197
vn -0.4764 -0.8447 0.2439
vn -0.1884 -0.9638 0.1884
vn -0.2438 -0.8448 0.4763
vn -0.1196 -0.9571 0.2640
vn -0.5539 -0.6819 0.4776
vn -0.7023 -0.4719 0.5330
vn -0.5142 -0.6864 0.5142
vn -0.5329 -0.4720 0.7023
vn -0.4776 -0.6820 0.5539
vn 0.1178 0.4709 0.8743
vn 0.1367 0.6820 0.7185
vn -0.0394 0.8431 0.5364
vn 0.1876 0.6834 0.7055
vn 0.3251 0.4702 0.8205
vn 0.3017 0.8424 0.4465
vn 0.2362 0.6787 0.6954
vn -0.0365 0.9575 0.2861
vn -0.2173 0.9743 0.0597
vn 0.0690 0.9637 0.2578
vn 0.2183 0.9744 -0.0543
vn 0.1749 0.9572 0.2304
vn -0.2039 0.9561 -0.2103
vn -0.3476 0.8439 -0.4086
vn -0.0687 0.9644 -0.2555
vn 0.0971 0.8455 -0.5251
vn 0.0716 0.9566 -0.2824
vn -0.3320 0.7124 -0.6183
vn -0.4251 0.5244 -0.7377
vn -0.1806 0.7170 -0.6733
vn -0.0006 0.5263 -0.8503
vn -0.0215 0.7138 -0.7000
vn -0.4251 -0.5244 -0.7377
vn -0.3320 -0.7124 -0.6183
vn -0.3476 -0.8439 -0.4086
vn -0.1806 -0.7170 -0.6733
vn -0.0006 -0.5263 -0.8503
vn 0.0971 -0.8455 -0.5251
vn -0.0215 -0.7138 -0.7000
vn -0.2039 -0.9561 -0.2103
vn -0.2164 -0.9745 0.0598
vn -0.0687 -0.9644 -0.2555
vn 0.2183 -0.9744 -0.0543
vn 0.0716 -0.9566 -0.2824
vn -0.0284 -0.9570 0.2887
vn -0.0268 -0.8446 0.5348
vn 0.0706 -0.9637 0.2575
vn 0.3017 -0.8424 0.4465
vn 0.1749 -0.9572 0.2304
vn 0.1373 -0.6813 0.7190
vn 0.1105 -0.4716 0.8749
vn 0.1889 -0.6845 0.7041
vn 0.3251 -0.4702 0.8205
vn 0.2362 -0.6787 0.6954
vn 0.7020 0.4700 0.5351
vn 0.6058 0.6806 0.4121
vn 0.3528 0.8423 0.4076
vn 0.6326 0.6821 0.3668
vn 0.8105 0.4693 0.3506
vn 0.5303 0.8414 0.1035
vn 0.6596 0.6776 0.3252
vn 0.1772 0.9572 0.2287
vn -0.1117 0.9743 0.1958
vn 0.2321 0.9634 0.1341
vn 0.1162 0.9744 -0.1926
vn 0.2875 0.9569 0.0400
vn -0.2944 0.9557 -0.0051
vn -0.5372 0.8423 -0.0441
vn -0.2305 0.9640 -0.1328
vn -0.3044 0.8441 -0.4413
vn -0.1500 0.9563 -0.2511
vn -0.6745 0.7097 -0.2035
vn -0.8242 0.5210 -0.2217
vn -0.6062 0.7143 -0.3497
vn -0.6031 0.5233 -0.6021
vn -0.5122 0.7113 -0.4814
vn -0.8242 -0.5210 -0.2217
vn -0.6745 -0.7097 -0.2035
vn -0.5372 -0.8423 -0.0441
vn -0.6062 -0.7143 -0.3497
vn -0.6031 -0.5233 -0.6021
vn -0.3044 -0.8441 -0.4413
vn -0.5122 -0.7113 -0.4814
vn -0.2944 -0.9557 -0.0051
vn -0.1110 -0.9745 0.1952
vn -0.2305 -0.9640 -0.1328
vn 0.1162 -0.9744 -0.1926
vn -0.1500 -0.9563 -0.2511
vn 0.1850 -0.9567 0.2245
vn 0.3605 -0.8438 0.3976
vn 0.2331 -0.9633 0.1328
vn 0.5305 -0.8415 0.1027
vn 0.2875 -0.9569 0.0400
vn 0.6070 -0.6800 0.4113
vn 0.6973 -0.4707 0.5406
vn 0.6331 -0.6833 0.3636
vn 0.8145 -0.4696 0.3406
vn 0.6599 -0.6804 0.3188
vn 0.9371 -0.2621 -0.2306
vn 0.9823 -0.0860 -0.1661
vn 0.9307 -0.2677 -0.2494
vn 0.9338 -0.0860 -0.3473
vn 0.9268 -0.2620 -0.2689
vn 0.9824 0.0860 -0.1661
vn 0.9371 0.2621 -0.2306
vn 0.9317 0.2685 -0.2444
vn 0.9356 0.0882 -0.3419
vn 0.9312 0.2663 -0.2490
vn 0.6880 -0.2679 -0.6745
vn 0.7630 -0.0865 -0.6406
vn 0.6813 -0.2676 -0.6813
vn 0.6406 -0.0865 -0.7630
vn 0.6745 -0.2679 -0.6880
vn 0.7630 0.0865 -0.6406
vn 0.6884 0.2678 -0.6741
vn 0.6813 0.2676 -0.6813
vn 0.6406 0.0865 -0.7630
vn 0.6745 0.2679 -0.6880
vn 0.1357 -0.2679 -0.9538
vn 0.2153 -0.0865 -0.9727
vn 0.1258 -0.2677 -0.9553
vn 0.0438 -0.0865 -0.9953
vn 0.1162 -0.2680 -0.9564
vn 0.2153 0.0865 -0.9727
vn 0.1352 0.2680 -0.9539
vn 0.1281 0.2686 -0.9547
vn 0.0421 0.0882 -0.9952
vn 0.1262 0.2663 -0.9556
vn -0.5702 -0.2624 -0.7784
vn -0.5294 -0.0861 -0.8440
vn -0.5843 -0.2680 -0.7660
vn -0.6728 -0.0866 -0.7347
vn -0.5941 -0.2683 -0.7584
vn -0.5355 0.0865 -0.8401
vn -0.5792 0.2685 -0.7697
vn -0.5845 0.2689 -0.7656
vn -0.6739 0.0883 -0.7335
vn -0.5868 0.2669 -0.7645
vn -0.9533 -0.2628 -0.1486
vn -0.9711 -0.0861 -0.2225
vn -0.9551 -0.2684 -0.1258
vn -0.9956 -0.0862 -0.0364
vn -0.9593 -0.2628 -0.1032
vn -0.9722 0.0883 -0.2169
vn -0.9552 0.2675 -0.1268
vn -0.9546 0.2702 -0.1257
vn -0.9952 0.0884 -0.0421
vn -0.9554 0.2676 -0.1251
vn -0.6987 -0.2631 0.6653
vn -0.7677 -0.0862 0.6350
vn -0.6811 -0.2687 0.6811
vn -0.6350 -0.0862 0.7677
vn -0.6653 -0.2631 0.6987
vn -0.7639 0.0884 0.6392
vn -0.6822 0.2678 0.6804
vn -0.6773 0.2695 0.6845
vn -0.6350 0.0862 0.7677
vn -0.6653 0.2631 0.6987
vn 0.2280 -0.2628 0.9375
vn 0.1661 -0.0862 0.9823
vn 0.2444 -0.2693 0.9315
vn 0.3419 -0.0883 0.9356
vn 0.2496 -0.2676 0.9307
vn 0.1733 0.0866 0.9811
vn 0.2395 0.2686 0.9330
vn 0.2470 0.2693 0.9308
vn 0.3419 0.0883 0.9356
vn 0.2496 0.2676 0.9306
vn 0.8250 -0.2624 0.5005
vn 0.8121 -0.0861 0.5772
vn 0.8330 -0.2680 0.4840
vn 0.9028 -0.0865 0.4213
vn 0.8390 -0.2683 0.4733
vn 0.8163 0.0866 0.5712
vn 0.8294 0.2683 0.4900
vn 0.8330 0.2689 0.4836
vn 0.9033 0.0883 0.4198
vn 0.8346 0.2668 0.4819
vn -0.8745 0.1371 0.4652
vn -0.9029 -0.0648 0.4249
vn -0.8850 -0.0000 0.4656
vn -0.9636 -0.0683 0.2583
vn -0.9898 0.1379 0.0344
vn -0.9992 -0.0000 0.0392
vn -0.9944 -0.0645 0.0835
vn -0.9029 0.0648 0.4249
vn -0.8745 -0.1371 0.4652
vn -0.9636 0.0683 0.2583
vn -0.9898 -0.1379 0.0344
vn -0.9944 0.0645 0.0835
vn -0.5248 0.1369 0.8402
vn -0.5695 -0.0650 0.8194
vn -0.5336 -0.0000 0.8457
vn -0.7054 -0.0687 0.7054
vn -0.8401 0.1370 0.5248
vn -0.8457 -0.0000 0.5336
vn -0.8194 -0.0649 0.5695
vn -0.5695 0.0650 0.8194
vn -0.5248 -0.1369 0.8402
vn -0.7054 0.0687 0.7054
vn -0.8401 -0.1370 0.5248
vn -0.8194 0.0649 0.5695
vn 0.0951 0.1379 0.9859
vn 0.0471 -0.0645 0.9968
vn 0.0915 -0.0000 0.9958
vn -0.1303 -0.0683 0.9891
vn -0.3471 0.1371 0.9278
vn -0.3461 -0.0000 0.9382
vn -0.3034 -0.0648 0.9507
vn 0.0471 0.0645 0.9968
vn 0.0951 -0.1379 0.9859
vn -0.1303 0.0683 0.9891
vn -0.3471 -0.1371 0.9278
vn -0.3034 0.0648 0.9507
vn 0.7641 0.1403 0.6297
vn 0.7382 -0.0631 0.6716
vn 0.7688 -0.0000 0.6394
vn 0.6073 -0.0672 0.7916
vn 0.4105 0.1389 0.9012
vn 0.4186 -0.0000 0.9081
vn 0.4577 -0.0638 0.8868
vn 0.7382 0.0631 0.6716
vn 0.7641 -0.1403 0.6297
vn 0.6073 0.0672 0.7916
vn 0.4105 -0.1389 0.9012
vn 0.4577 0.0638 0.8868
vn 0.9852 0.1427 -0.0950
vn 0.9970 -0.0618 -0.0471
vn 0.9958 -0.0000 -0.0915
vn 0.9893 -0.0658 0.1304
vn 0.9272 0.1414 0.3468
vn 0.9382 -0.0000 0.3461
vn 0.9508 -0.0624 0.3034
vn 0.9970 0.0618 -0.0471
vn 0.9852 -0.1427 -0.0950
vn 0.9893 0.0658 0.1304
vn 0.9272 -0.1414 0.3468
vn 0.9508 0.0624 0.3034
vn 0.5243 0.1435 -0.8393
vn 0.5696 -0.0612 -0.8196
vn 0.5336 -0.0000 -0.8457
vn 0.7056 -0.0649 -0.7056
vn 0.8393 0.1434 -0.5244
vn 0.8457 -0.0000 -0.5336
vn 0.8196 -0.0613 -0.5696
vn 0.5696 0.0612 -0.8196
vn 0.5243 -0.1435 -0.8393
vn 0.7056 0.0649 -0.7056
vn 0.8393 -0.1434 -0.5244
vn 0.8196 0.0613 -0.5696
vn -0.4649 0.1414 -0.8740
vn -0.4249 -0.0624 -0.9031
vn -0.4656 -0.0000 -0.8850
vn -0.2584 -0.0658 -0.9638
vn -0.0344 0.1427 -0.9892
vn -0.0393 -0.0000 -0.9992
vn -0.0835 -0.0618 -0.9946
vn -0.4249 0.0624 -0.9031
vn -0.4649 -0.1414 -0.8740
vn -0.2584 0.0658 -0.9638
vn -0.0344 -0.1427 -0.9892
vn -0.0835 0.0618 -0.9946
vn -0.9471 0.1389 -0.2894
vn -0.9390 -0.0638 -0.3381
vn -0.9550 -0.0000 -0.2965
vn -0.8641 -0.0672 -0.4988
vn -0.7240 0.1403 -0.6753
vn -0.7343 -0.0000 -0.6788
vn -0.7622 -0.0631 -0.6442
vn -0.9390 0.0638 -0.3381
vn -0.9471 -0.1389 -0.2894
vn -0.8641 0.0672 -0.4988
vn -0.7240 -0.1403 -0.6753
vn -0.7622 0.0631 -0.6442
vn -0.8489 0.3377 0.4066
vn -0.9084 0.3398 0.2435
vn -0.9382 0.3385 0.0723
vn -0.8489 -0.3377 0.4066
vn -0.9084 -0.3398 0.2435
vn -0.9382 -0.3385 0.0723
vn -0.5320 0.3374 0.7767
vn -0.6652 0.3391 0.6652
vn -0.7766 0.3375 0.5319
vn -0.5320 -0.3374 0.7767
vn -0.6652 -0.3391 0.6652
vn -0.7766 -0.3375 0.5319
vn 0.0507 0.3385 0.9396
vn -0.1229 0.3398 0.9325
vn -0.2923 0.3377 0.8947
vn 0.0507 -0.3385 0.9396
vn -0.1229 -0.3398 0.9325
vn -0.2923 -0.3377 0.8947
vn 0.6995 0.3414 0.6278
vn 0.5718 0.3424 0.7455
vn 0.4257 0.3399 0.8386
vn 0.6995 -0.3414 0.6278
vn 0.5718 -0.3424 0.7455
vn 0.4257 -0.3399 0.8386
vn 0.9375 0.3443 -0.0506
vn 0.9304 0.3454 0.1226
vn 0.8929 0.3431 0.2916
vn 0.9375 -0.3443 -0.0506
vn 0.9304 -0.3454 0.1226
vn 0.8929 -0.3431 0.2916
vn 0.5304 0.3455 -0.7742
vn 0.6631 0.3472 -0.6631
vn 0.7742 0.3454 -0.5304
vn 0.5304 -0.3455 -0.7742
vn 0.6631 -0.3472 -0.6631
vn 0.7742 -0.3454 -0.5304
vn -0.4057 0.3431 -0.8472
vn -0.2430 0.3454 -0.9064
vn -0.0722 0.3443 -0.9361
vn -0.4057 -0.3431 -0.8472
vn -0.2430 -0.3454 -0.9064
vn -0.0722 -0.3443 -0.9361
vn -0.8870 0.3399 -0.3126
vn -0.8138 0.3424 -0.4696
vn -0.7138 0.3414 -0.6116
vn -0.8870 -0.3399 -0.3126
vn -0.8138 -0.3424 -0.4696
vn -0.7138 -0.3414 -0.6116
vn 0.9825 -0.0000 -0.1862
vn 0.9096 -0.3247 -0.2592
vn 0.8924 -0.4210 -0.1624
vn 0.9087 -0.3391 -0.2435
vn 0.9440 -0.0000 -0.3300
vn 0.8537 -0.4217 -0.3057
vn 0.9172 -0.3251 -0.2303
vn 0.8924 0.4210 -0.1624
vn 0.9096 0.3247 -0.2592
vn 0.9087 0.3391 -0.2435
vn 0.8541 0.4209 -0.3055
vn 0.9172 0.3251 -0.2303
vn 0.7622 -0.0000 -0.6474
vn 0.6645 -0.3405 -0.6653
vn 0.6948 -0.4097 -0.5911
vn 0.6659 -0.3363 -0.6659
vn 0.6474 -0.0000 -0.7622
vn 0.5911 -0.4097 -0.6948
vn 0.6650 -0.3407 -0.6646
vn 0.6948 0.4097 -0.5911
vn 0.6642 0.3421 -0.6647
vn 0.6659 0.3363 -0.6659
vn 0.5911 0.4097 -0.6948
vn 0.6650 0.3407 -0.6646
vn 0.2106 -0.0000 -0.9776
vn 0.1223 -0.3421 -0.9317
vn 0.1914 -0.4097 -0.8919
vn 0.1242 -0.3362 -0.9336
vn 0.0530 0.0201 -0.9984
vn 0.0442 -0.4211 -0.9059
vn 0.1444 -0.3069 -0.9407
vn 0.1914 0.4097 -0.8919
vn 0.1222 0.3405 -0.9323
vn 0.1233 0.3378 -0.9331
vn 0.0460 0.4103 -0.9108
vn 0.1171 0.3563 -0.9270
vn -0.5451 -0.0201 -0.8381
vn -0.5651 -0.3565 -0.7441
vn -0.4952 -0.4103 -0.7658
vn -0.5723 -0.3377 -0.7473
vn -0.6685 0.0201 -0.7435
vn -0.6093 -0.4211 -0.6718
vn -0.5624 -0.3136 -0.7651
vn -0.4917 0.4204 -0.7626
vn -0.5928 0.3169 -0.7404
vn -0.5737 0.3377 -0.7462
vn -0.6115 0.4103 -0.6765
vn -0.5727 0.3563 -0.7383
vn -0.9790 -0.0000 -0.2040
vn -0.9343 -0.3394 -0.1095
vn -0.8863 -0.4217 -0.1917
vn -0.9327 -0.3391 -0.1228
vn -0.9984 -0.0000 -0.0563
vn -0.9057 -0.4217 -0.0442
vn -0.9311 -0.3385 -0.1359
vn -0.8867 0.4209 -0.1915
vn -0.9337 0.3409 -0.1096
vn -0.9327 0.3391 -0.1228
vn -0.9060 0.4209 -0.0446
vn -0.9311 0.3385 -0.1359
vn -0.7578 -0.0000 0.6525
vn -0.6552 -0.3420 0.6737
vn -0.6916 -0.4217 0.5864
vn -0.6525 -0.0000 0.7578
vn -0.5869 -0.4209 0.6916
vn -0.6732 -0.3437 0.6547
vn -0.6916 0.4210 0.5869
vn -0.6549 0.3435 0.6731
vn -0.5869 0.4209 0.6917
vn -0.6732 0.3437 0.6547
vn 0.1829 -0.0201 0.9829
vn 0.2373 -0.3565 0.9037
vn 0.1645 -0.4103 0.8970
vn 0.2422 -0.3392 0.9090
vn 0.3300 -0.0000 0.9440
vn 0.3057 -0.4217 0.8537
vn 0.2302 -0.3392 0.9121
vn 0.1624 0.4204 0.8927
vn 0.2635 0.3210 0.9097
vn 0.2432 0.3376 0.9093
vn 0.3057 0.4217 0.8537
vn 0.2302 0.3392 0.9121
vn 0.8244 -0.0201 0.5657
vn 0.8067 -0.3564 0.4714
vn 0.7506 -0.4103 0.5180
vn 0.8147 -0.3377 0.4714
vn 0.9021 0.0201 0.4311
vn 0.8201 -0.4211 0.3875
vn 0.8127 -0.3121 0.4921
vn 0.7461 0.4204 0.5164
vn 0.8328 0.3111 0.4578
vn 0.8156 0.3377 0.4699
vn 0.8239 0.4103 0.3910
vn 0.8116 0.3563 0.4629
vn 0.9499 0.1846 -0.2521
vn 0.9486 0.1886 -0.2542
vn 0.9487 0.1846 -0.2568
vn 0.9499 -0.1846 -0.2521
vn 0.9486 -0.1885 -0.2540
vn 0.9454 -0.1952 -0.2609
vn 0.6956 0.1824 -0.6949
vn 0.6946 0.1876 -0.6946
vn 0.6949 0.1824 -0.6956
vn 0.6957 -0.1828 -0.6947
vn 0.6946 -0.1876 -0.6946
vn 0.6949 -0.1824 -0.6956
vn 0.1291 0.1828 -0.9746
vn 0.1282 0.1876 -0.9739
vn 0.1279 0.1824 -0.9749
vn 0.1288 -0.1824 -0.9748
vn 0.1267 -0.1880 -0.9740
vn 0.1206 -0.1952 -0.9733
vn -0.5950 0.1850 -0.7821
vn -0.5966 0.1881 -0.7802
vn -0.5989 0.1824 -0.7798
vn -0.5979 -0.1828 -0.7804
vn -0.5991 -0.1880 -0.7783
vn -0.6038 -0.1954 -0.7728
vn -0.9736 0.1853 -0.1336
vn -0.9736 0.1886 -0.1282
vn -0.9749 0.1853 -0.1231
vn -0.9710 -0.1955 -0.1379
vn -0.9737 -0.1884 -0.1282
vn -0.9735 -0.1955 -0.1182
vn -0.6990 0.1854 0.6907
vn -0.6944 0.1886 0.6944
vn -0.6907 0.1854 0.6990
vn -0.7008 -0.1956 0.6860
vn -0.6943 -0.1885 0.6945
vn -0.6907 -0.1854 0.6990
vn 0.2497 0.1852 0.9505
vn 0.2540 0.1885 0.9486
vn 0.2631 0.1955 0.9448
vn 0.2537 -0.1828 0.9498
vn 0.2557 -0.1880 0.9483
vn 0.2631 -0.1955 0.9448
vn 0.8494 0.1848 0.4943
vn 0.8497 0.1881 0.4925
vn 0.8517 0.1824 0.4912
vn 0.8513 -0.1824 0.4920
vn 0.8513 -0.1880 0.4898
vn 0.8535 -0.1953 0.4832
vn 0.9845 0.0340 -0.1722
vn 0.8734 0.4550 -0.1738
vn 0.5111 0.8504 -0.1248
vn 0.9219 0.0815 -0.3787
vn 0.8636 0.4293 -0.2645
vn 0.5116 0.8468 -0.1455
vn -0.0038 0.9996 -0.0292
vn 0.0122 0.9996 0.0268
vn -0.5000 0.8638 0.0615
vn -0.4643 0.8635 0.1970
vn -0.8390 0.5311 0.1180
vn -0.7860 0.5306 0.3175
vn -0.9190 0.1411 0.3682
vn -0.9799 0.1416 0.1406
vn -0.9799 -0.1416 0.1406
vn -0.8390 -0.5311 0.1180
vn -0.5000 -0.8638 0.0615
vn -0.7860 -0.5306 0.3175
vn -0.4643 -0.8635 0.1970
vn -0.9190 -0.1411 0.3682
vn -0.0025 -0.9996 -0.0293
vn 0.0122 -0.9996 0.0268
vn 0.5158 -0.8468 -0.1297
vn 0.5116 -0.8468 -0.1455
vn 0.8800 -0.4292 -0.2034
vn 0.8636 -0.4293 -0.2645
vn 0.9874 -0.0815 -0.1355
vn 0.9219 -0.0815 -0.3787
vn 0.7557 0.0861 -0.6492
vn 0.6657 0.4640 -0.5845
vn 0.3799 0.8507 -0.3633
vn 0.5862 0.4640 -0.6642
vn 0.3612 0.8502 -0.3830
vn 0.6507 0.0857 -0.7545
vn -0.0180 0.9996 -0.0234
vn 0.0233 0.9996 0.0176
vn -0.4029 0.8634 0.3037
vn -0.3038 0.8633 0.4030
vn -0.6681 0.5302 0.5221
vn -0.5221 0.5301 0.6681
vn -0.6118 0.1407 0.7784
vn -0.7784 0.1408 0.6118
vn -0.7784 -0.1408 0.6118
vn -0.6681 -0.5302 0.5221
vn -0.4029 -0.8634 0.3037
vn -0.5221 -0.5301 0.6681
vn -0.3038 -0.8633 0.4030
vn -0.6118 -0.1407 0.7784
vn -0.0180 -0.9996 -0.0234
vn 0.0233 -0.9996 0.0180
vn 0.3799 -0.8507 -0.3633
vn 0.3633 -0.8507 -0.3799
vn 0.6657 -0.4640 -0.5845
vn 0.5845 -0.4640 -0.6657
vn 0.6492 -0.0861 -0.7557
vn 0.7557 -0.0861 -0.6492
vn 0.2175 0.0343 -0.9755
vn 0.1737 0.4550 -0.8734
vn 0.0803 0.8504 -0.5200
vn 0.0584 0.4642 -0.8838
vn 0.0570 0.8509 -0.5222
vn 0.0550 0.0861 -0.9948
vn -0.0285 0.9996 -0.0075
vn 0.0295 0.9996 -0.0001
vn -0.1347 0.8635 0.4860
vn 0.0043 0.8638 0.5038
vn -0.2122 0.5306 0.8207
vn -0.0075 0.5311 0.8472
vn -0.0115 0.1416 0.9899
vn -0.2451 0.1411 0.9592
vn -0.2451 -0.1411 0.9592
vn -0.2122 -0.5306 0.8207
vn -0.1347 -0.8635 0.4860
vn -0.0075 -0.5311 0.8472
vn 0.0043 -0.8638 0.5038
vn -0.0115 -0.1416 0.9899
vn -0.0285 -0.9996 -0.0075
vn 0.0292 -0.9996 -0.0003
vn 0.0801 -0.8509 -0.5192
vn 0.0534 -0.8504 -0.5234
vn 0.1723 -0.4641 -0.8689
vn 0.0607 -0.4642 -0.8836
vn 0.0569 -0.0857 -0.9947
vn 0.2043 -0.0861 -0.9751
vn -0.5427 0.0377 -0.8391
vn -0.4948 0.4559 -0.7398
vn -0.3104 0.8511 -0.4234
vn -0.5863 0.4637 -0.6643
vn -0.3283 0.8516 -0.4088
vn -0.6642 0.0870 -0.7425
vn -0.0254 0.9996 0.0150
vn 0.0207 0.9996 -0.0210
vn 0.2474 0.8647 0.4372
vn 0.3576 0.8652 0.3515
vn 0.4295 0.5331 0.7289
vn 0.5925 0.5341 0.6030
vn 0.6916 0.1439 0.7078
vn 0.5048 0.1431 0.8513
vn 0.5048 -0.1431 0.8513
vn 0.4295 -0.5331 0.7289
vn 0.2474 -0.8647 0.4372
vn 0.5925 -0.5341 0.6030
vn 0.3576 -0.8652 0.3515
vn 0.6916 -0.1439 0.7078
vn -0.0254 -0.9996 0.0150
vn 0.0198 -0.9996 -0.0218
vn -0.3100 -0.8516 -0.4226
vn -0.3289 -0.8477 -0.4161
vn -0.4924 -0.4648 -0.7358
vn -0.5650 -0.4317 -0.7031
vn -0.5450 -0.0861 -0.8340
vn -0.6904 -0.0815 -0.7188
vn -0.9789 0.0415 -0.2003
vn -0.8725 0.4571 -0.1728
vn -0.5175 0.8520 -0.0794
vn -0.8873 0.4572 -0.0611
vn -0.5216 0.8515 -0.0536
vn -0.9972 0.0417 -0.0618
vn -0.0075 0.9996 0.0285
vn -0.0004 0.9996 -0.0292
vn 0.4816 0.8662 0.1335
vn 0.4989 0.8666 -0.0043
vn 0.8171 0.5364 0.2112
vn 0.8434 0.5373 0.0075
vn 0.9892 0.1463 0.0115
vn 0.9585 0.1457 0.2450
vn 0.9585 -0.1457 0.2450
vn 0.8171 -0.5364 0.2112
vn 0.4816 -0.8662 0.1335
vn 0.8434 -0.5373 0.0074
vn 0.4989 -0.8666 -0.0043
vn 0.9892 -0.1463 0.0115
vn -0.0086 -0.9996 0.0281
vn -0.0014 -0.9996 -0.0294
vn -0.5233 -0.8487 -0.0761
vn -0.5252 -0.8487 -0.0619
vn -0.8914 -0.4345 -0.1288
vn -0.8945 -0.4342 -0.1068
vn -0.9694 -0.0815 -0.2315
vn -0.9962 -0.0815 -0.0309
vn -0.6411 0.4355 0.6318
vn -0.3781 0.8493 0.3684
vn -0.5885 0.4577 0.6664
vn -0.3596 0.8520 0.3805
vn -0.6585 0.0432 0.7514
vn -0.7691 0.0815 0.6339
vn 0.0169 0.9996 0.0241
vn -0.0233 0.9996 -0.0176
vn 0.3976 0.8672 -0.2997
vn 0.2996 0.8673 -0.3976
vn 0.6638 0.5387 -0.5188
vn 0.5187 0.5388 -0.6638
vn 0.6112 0.1475 -0.7776
vn 0.7776 0.1475 -0.6112
vn 0.7776 -0.1475 -0.6112
vn 0.6638 -0.5387 -0.5188
vn 0.3976 -0.8672 -0.2997
vn 0.5187 -0.5388 -0.6638
vn 0.2996 -0.8673 -0.3976
vn 0.6112 -0.1475 -0.7776
vn 0.0169 -0.9996 0.0241
vn -0.0241 -0.9996 -0.0169
vn -0.3781 -0.8493 0.3684
vn -0.3684 -0.8493 0.3781
vn -0.6411 -0.4355 0.6318
vn -0.6318 -0.4356 0.6412
vn -0.7691 -0.0815 0.6339
vn -0.6337 -0.0815 0.7693
vn 0.1888 0.0411 0.9812
vn 0.1714 0.4563 0.8731
vn 0.1246 0.8519 0.5086
vn 0.2816 0.4657 0.8389
vn 0.1498 0.8520 0.5017
vn 0.3281 0.0858 0.9407
vn 0.0293 0.9996 -0.0037
vn -0.0270 0.9996 0.0112
vn -0.0608 0.8666 -0.4952
vn -0.1952 0.8662 -0.4600
vn -0.1175 0.5373 -0.8352
vn -0.3161 0.5364 -0.7825
vn -0.3680 0.1457 -0.9184
vn -0.1405 0.1463 -0.9792
vn -0.1405 -0.1463 -0.9792
vn -0.1175 -0.5373 -0.8352
vn -0.0608 -0.8666 -0.4952
vn -0.3161 -0.5364 -0.7825
vn -0.1952 -0.8662 -0.4600
vn -0.3680 -0.1457 -0.9184
vn 0.0293 -0.9996 -0.0037
vn -0.0268 -0.9996 0.0122
vn 0.1246 -0.8519 0.5086
vn 0.1438 -0.8487 0.5090
vn 0.1714 -0.4563 0.8731
vn 0.2468 -0.4340 0.8664
vn 0.1888 -0.0411 0.9812
vn 0.3597 -0.0815 0.9295
vn 0.8222 0.0371 0.5679
vn 0.7402 0.4560 0.4942
vn 0.4488 0.8511 0.2723
vn 0.7938 0.4648 0.3922
vn 0.4595 0.8516 0.2522
vn 0.8980 0.0861 0.4315
vn 0.0181 0.9996 -0.0233
vn -0.0115 0.9996 0.0272
vn -0.3952 0.8652 -0.3087
vn -0.4657 0.8647 -0.1883
vn -0.6752 0.5341 -0.5087
vn -0.7788 0.5331 -0.3307
vn -0.9099 0.1431 -0.3893
vn -0.7920 0.1439 -0.5933
vn -0.7920 -0.1439 -0.5933
vn -0.6752 -0.5341 -0.5087
vn -0.3952 -0.8652 -0.3087
vn -0.7788 -0.5331 -0.3307
vn -0.4657 -0.8647 -0.1883
vn -0.9099 -0.1431 -0.3893
vn 0.0181 -0.9996 -0.0233
vn -0.0103 -0.9996 0.0276
vn 0.4481 -0.8517 0.2718
vn 0.4633 -0.8477 0.2585
vn 0.7365 -0.4649 0.4914
vn 0.7932 -0.4315 0.4297
vn 0.8227 -0.0862 0.5619
vn 0.9166 -0.0815 0.3913
vn 0.9179 0.3705 -0.1419
vn 0.8659 0.3688 -0.3380
vn 0.8659 -0.3688 -0.3380
vn 0.9059 -0.3980 -0.1446
vn 0.6922 0.4104 -0.5936
vn 0.5935 0.4110 -0.6920
vn 0.6922 -0.4104 -0.5936
vn 0.5913 -0.4197 -0.6886
vn 0.1872 0.4110 -0.8922
vn 0.0499 0.4197 -0.9063
vn 0.0495 -0.4110 -0.9103
vn 0.2137 -0.3971 -0.8925
vn -0.4985 0.4110 -0.7633
vn -0.6314 0.3818 -0.6750
vn -0.6047 -0.4209 -0.6761
vn -0.4841 -0.4054 -0.7755
vn -0.8984 0.3892 -0.2036
vn -0.9193 0.3916 -0.0382
vn -0.9068 -0.4194 -0.0419
vn -0.8879 -0.4158 -0.1967
vn -0.7028 0.3965 0.5906
vn -0.5910 0.3948 0.7034
vn -0.5862 -0.4225 0.6913
vn -0.7028 -0.3965 0.5906
vn 0.1580 0.4171 0.8950
vn 0.3223 0.3853 0.8647
vn 0.3002 -0.4202 0.8564
vn 0.1580 -0.4171 0.8950
vn 0.7526 0.4110 0.5144
vn 0.8469 0.3748 0.3772
vn 0.8218 -0.4110 0.3946
vn 0.7443 -0.4053 0.5308
vn -0.9898 -0.0000 0.1426
vn -0.9285 -0.0000 0.3714
vn -0.7859 -0.0000 0.6184
vn -0.6184 -0.0000 0.7859
vn -0.2470 -0.0000 0.9690
vn -0.0122 -0.0000 0.9999
vn 0.5105 -0.0000 0.8599
vn 0.6984 -0.0000 0.7157
vn 0.9690 -0.0000 0.2470
vn 0.9999 -0.0000 0.0122
vn 0.7859 -0.0000 -0.6184
vn 0.6184 -0.0000 -0.7859
vn -0.1426 -0.0000 -0.9898
vn -0.3714 -0.0000 -0.9285
vn -0.8007 -0.0000 -0.5990
vn -0.9191 -0.0000 -0.3939
vn 0.9491 -0.0000 -0.3149
vn 0.9794 -0.0000 -0.2020
vn 0.6501 0.0197 -0.7596
vn 0.7591 -0.0000 -0.6510
vn 0.0533 -0.0197 -0.9984
vn 0.2034 0.0496 -0.9778
vn -0.6662 -0.0183 -0.7455
vn -0.5481 0.0407 -0.8355
vn -0.9973 0.0106 -0.0732
vn -0.9824 -0.0000 -0.1870
vn -0.6653 0.0107 0.7465
vn -0.7470 -0.0000 0.6649
vn 0.3301 -0.0131 0.9439
vn 0.2020 -0.0000 0.9794
vn 0.8998 -0.0441 0.4341
vn 0.8260 0.0425 0.5621
vn 0.7463 0.6638 -0.0482
vn 0.2714 0.9623 -0.0188
vn -0.2606 0.9653 0.0172
vn -0.6963 0.7164 0.0440
vn -0.6963 -0.7164 0.0440
vn -0.2606 -0.9653 0.0172
vn 0.2777 -0.9605 -0.0193
vn 0.2505 0.9604 -0.1223
vn -0.2347 0.9652 0.1156
vn -0.6257 0.7156 0.3104
vn -0.6257 -0.7156 0.3104
vn -0.2347 -0.9652 0.1156
vn 0.2505 -0.9604 -0.1223
vn 0.6182 0.6689 -0.4128
vn 0.2279 0.9618 -0.1515
vn -0.2175 0.9652 0.1455
vn -0.5818 0.7155 0.3868
vn -0.5818 -0.7155 0.3868
vn -0.2175 -0.9652 0.1455
vn 0.2279 -0.9618 -0.1515
vn 0.6182 -0.6689 -0.4128
vn 0.1556 0.9603 -0.2314
vn -0.1455 0.9651 0.2176
vn -0.3868 0.7154 0.5819
vn -0.3868 -0.7154 0.5819
vn -0.1455 -0.9651 0.2176
vn 0.1522 -0.9622 -0.2260
vn 0.4140 -0.6684 -0.6180
vn 0.1233 0.9604 -0.2497
vn -0.1157 0.9652 0.2346
vn -0.3089 0.7157 0.6264
vn -0.3089 -0.7157 0.6264
vn -0.1157 -0.9652 0.2346
vn 0.1204 -0.9623 -0.2441
vn 0.3293 -0.6676 -0.6677
vn 0.2403 0.6650 -0.7071
vn 0.0885 0.9619 -0.2588
vn -0.0840 0.9652 0.2477
vn -0.2261 0.7156 0.6609
vn -0.2261 -0.7156 0.6609
vn -0.0840 -0.9652 0.2477
vn 0.0866 -0.9622 -0.2583
vn 0.2382 -0.6685 -0.7046
vn -0.0487 0.6693 -0.7414
vn -0.0185 0.9619 -0.2726
vn 0.0170 0.9653 0.2606
vn 0.0473 0.7164 0.6961
vn 0.0473 -0.7164 0.6961
vn 0.0170 -0.9653 0.2606
vn -0.0174 -0.9605 -0.2779
vn -0.0543 0.9606 -0.2726
vn 0.0509 0.9654 0.2558
vn 0.1360 0.7170 0.6837
vn 0.1360 -0.7170 0.6837
vn 0.0509 -0.9654 0.2558
vn -0.0540 -0.9606 -0.2726
vn -0.0892 0.9606 -0.2631
vn 0.0838 0.9654 0.2468
vn 0.2240 0.7174 0.6597
vn 0.2240 -0.7174 0.6597
vn 0.0838 -0.9654 0.2468
vn -0.0861 -0.9621 -0.2587
vn -0.2381 -0.6688 -0.7043
vn -0.3298 0.6658 -0.6693
vn -0.1201 0.9621 -0.2449
vn 0.1153 0.9655 0.2336
vn 0.3066 0.7176 0.6254
vn 0.3066 -0.7176 0.6254
vn 0.1153 -0.9655 0.2336
vn -0.1210 -0.9624 -0.2431
vn -0.3295 -0.6692 -0.6660
vn -0.5606 0.6663 -0.4917
vn -0.2050 0.9622 -0.1790
vn 0.1952 0.9657 0.1713
vn 0.5236 0.7190 0.4571
vn 0.5236 -0.7190 0.4571
vn 0.1952 -0.9657 0.1713
vn -0.2097 -0.9604 -0.1832
vn -0.2302 0.9609 -0.1537
vn 0.2157 0.9658 0.1441
vn 0.5774 0.7196 0.3858
vn 0.5774 -0.7196 0.3858
vn 0.2157 -0.9658 0.1441
vn -0.2303 -0.9606 -0.1558
vn -0.2481 0.9610 -0.1225
vn 0.2324 0.9658 0.1146
vn 0.6223 0.7201 0.3069
vn 0.6223 -0.7201 0.3069
vn 0.2324 -0.9658 0.1146
vn -0.2499 -0.9606 -0.1215
vn -0.7056 0.6668 -0.2397
vn -0.2570 0.9624 -0.0879
vn 0.2453 0.9659 0.0831
vn 0.6563 0.7203 0.2245
vn 0.6563 -0.7203 0.2245
vn 0.2453 -0.9659 0.0831
vn -0.2630 -0.9606 -0.0898
vn -0.2758 0.9611 0.0172
vn 0.2578 0.9661 -0.0168
vn 0.6908 0.7215 -0.0469
vn 0.6908 -0.7215 -0.0469
vn 0.2578 -0.9661 -0.0168
vn -0.2758 -0.9611 0.0169
vn -0.2706 0.9612 0.0536
vn 0.2531 0.9661 -0.0504
vn 0.6786 0.7220 -0.1350
vn 0.6786 -0.7220 -0.1350
vn 0.2531 -0.9661 -0.0504
vn -0.2659 -0.9627 0.0512
vn -0.7313 -0.6667 0.1443
vn -0.7063 0.6658 0.2404
vn -0.2568 0.9627 0.0854
vn 0.2442 0.9662 -0.0829
vn 0.6549 0.7222 -0.2223
vn 0.6549 -0.7222 -0.2223
vn 0.2442 -0.9662 -0.0829
vn -0.2551 -0.9630 0.0866
vn -0.7065 -0.6653 0.2415
vn -0.6693 0.6659 0.3295
vn -0.2419 0.9627 0.1212
vn 0.2312 0.9662 -0.1140
vn 0.6201 0.7224 -0.3058
vn 0.6201 -0.7224 -0.3058
vn 0.2312 -0.9662 -0.1140
vn -0.2419 -0.9627 0.1212
vn -0.6693 -0.6659 0.3295
vn -0.2287 0.9612 0.1543
vn 0.2143 0.9662 -0.1434
vn 0.5758 0.7224 -0.3829
vn 0.5758 -0.7224 -0.3829
vn 0.2143 -0.9662 -0.1434
vn -0.2287 -0.9612 0.1543
vn -0.1540 0.9612 0.2289
vn 0.1433 0.9662 -0.2143
vn 0.3828 0.7225 -0.5758
vn 0.3828 -0.7225 -0.5758
vn 0.1433 -0.9662 -0.2143
vn -0.1542 -0.9612 0.2287
vn -0.1221 0.9613 0.2471
vn 0.1140 0.9662 -0.2311
vn 0.3057 0.7226 -0.6200
vn 0.3057 -0.7226 -0.6200
vn 0.1140 -0.9662 -0.2311
vn -0.1211 -0.9627 0.2418
vn -0.3289 -0.6709 0.6646
vn -0.2411 0.6643 0.7075
vn -0.0885 0.9627 0.2556
vn 0.0829 0.9662 -0.2441
vn 0.2223 0.7224 -0.6547
vn 0.2223 -0.7224 -0.6547
vn 0.0829 -0.9662 -0.2441
vn -0.0854 -0.9627 0.2567
vn -0.2375 -0.6708 0.7026
vn -0.1452 0.6646 0.7329
vn -0.0526 0.9630 0.2643
vn 0.0503 0.9662 -0.2530
vn 0.1349 0.7222 -0.6784
vn 0.1349 -0.7222 -0.6784
vn 0.0503 -0.9662 -0.2530
vn -0.0537 -0.9612 0.2705
vn -0.0494 0.6645 0.7456
vn -0.0176 0.9630 0.2690
vn 0.0169 0.9661 -0.2575
vn 0.0453 0.7220 -0.6904
vn 0.0453 -0.7220 -0.6904
vn 0.0169 -0.9661 -0.2575
vn -0.0181 -0.9612 0.2753
vn 0.0498 0.6642 0.7459
vn 0.0187 0.9629 0.2693
vn -0.0170 0.9661 -0.2578
vn -0.0437 0.7215 -0.6911
vn -0.0437 -0.7215 -0.6911
vn -0.0170 -0.9661 -0.2578
vn 0.0172 -0.9625 0.2706
vn 0.0488 -0.6648 0.7454
vn 0.1230 0.9607 0.2488
vn -0.1144 0.9659 -0.2323
vn -0.3082 0.7203 -0.6214
vn -0.3082 -0.7203 -0.6214
vn -0.1144 -0.9659 -0.2323
vn 0.1214 -0.9609 0.2487
vn 0.1559 0.9598 0.2334
vn -0.1439 0.9658 -0.2155
vn -0.3855 0.7201 -0.5770
vn -0.3855 -0.7201 -0.5770
vn -0.1439 -0.9658 -0.2155
vn 0.1495 -0.9624 0.2267
vn 0.4116 -0.6699 0.6179
vn 0.1821 0.9607 0.2095
vn -0.1710 0.9658 -0.1950
vn -0.4578 0.7196 -0.5221
vn -0.4578 -0.7196 -0.5221
vn -0.1710 -0.9658 -0.1950
vn 0.1784 -0.9627 0.2034
vn 0.4900 -0.6692 0.5587
vn 0.5605 0.6663 0.4918
vn 0.2043 0.9622 0.1799
vn -0.1953 0.9657 -0.1712
vn -0.5215 0.7190 -0.4595
vn -0.5215 -0.7190 -0.4595
vn -0.1953 -0.9657 -0.1712
vn 0.2045 -0.9626 0.1779
vn 0.5589 -0.6698 0.4889
vn 0.7045 0.6683 0.2387
vn 0.2568 0.9624 0.0883
vn -0.2466 0.9655 -0.0839
vn -0.6600 0.7176 -0.2223
vn -0.6600 -0.7176 -0.2223
vn -0.2466 -0.9655 -0.0839
vn 0.2628 -0.9606 0.0904
vn 0.7331 0.6643 0.1461
vn 0.2662 0.9625 0.0530
vn -0.2556 0.9654 -0.0509
vn -0.6833 0.7174 -0.1359
vn -0.6833 -0.7174 -0.1359
vn -0.2556 -0.9654 -0.0509
vn 0.2671 -0.9621 0.0548
vn 0.7289 -0.6688 0.1461
vn 0.7469 0.6632 0.0473
vn 0.2710 0.9624 0.0177
vn -0.2603 0.9654 -0.0171
vn -0.6956 0.7170 -0.0456
vn -0.6956 -0.7170 -0.0456
vn -0.2603 -0.9654 -0.0171
vn 0.2723 -0.9621 0.0162
vn 0.7421 -0.6687 0.0476
vn 0.9632 -0.2608 0.0654
vn 0.8023 -0.2611 -0.5367
vn 0.8023 0.2611 -0.5367
vn 0.5347 -0.2618 -0.8034
vn 0.4269 -0.2614 -0.8657
vn 0.3119 -0.2618 -0.9133
vn -0.0626 0.2612 -0.9633
vn -0.3125 -0.2609 -0.9134
vn -0.4253 -0.2621 -0.8663
vn -0.4249 -0.2614 0.8667
vn -0.3124 -0.2614 0.9133
vn 0.5382 -0.2612 0.8014
vn 0.6363 -0.2618 0.7256
vn 0.7244 -0.2622 0.6376
vn 0.9149 0.2627 0.3064
vn 0.9473 -0.2609 0.1861
vn -0.9959 -0.0655 0.0618
vn -0.9959 0.0655 0.0618
vn -0.8934 -0.0659 0.4445
vn -0.8934 0.0659 0.4445
vn -0.8316 -0.0660 0.5514
vn -0.8316 0.0660 0.5514
vn -0.5514 -0.0660 0.8316
vn -0.5514 0.0660 0.8316
vn -0.4413 -0.0660 0.8949
vn -0.4413 0.0660 0.8949
vn -0.3241 -0.0659 0.9437
vn -0.3241 0.0659 0.9437
vn 0.0688 -0.0655 0.9955
vn 0.0688 0.0655 0.9955
vn 0.1947 -0.0653 0.9787
vn 0.1947 0.0653 0.9787
vn 0.3207 -0.0651 0.9449
vn 0.3207 0.0651 0.9449
vn 0.4382 -0.0649 0.8965
vn 0.4382 0.0649 0.8965
vn 0.7526 -0.0641 0.6554
vn 0.7526 0.0641 0.6554
vn 0.8298 -0.0639 0.5545
vn 0.8298 0.0639 0.5545
vn 0.8950 -0.0637 0.4414
vn 0.8950 0.0637 0.4414
vn 0.9439 -0.0634 0.3241
vn 0.9439 0.0634 0.3241
vn 0.9957 -0.0628 -0.0688
vn 0.9957 0.0628 -0.0688
vn 0.9789 -0.0627 -0.1947
vn 0.9789 0.0627 -0.1947
vn 0.9451 -0.0625 -0.3208
vn 0.9451 0.0625 -0.3208
vn 0.8951 -0.0624 -0.4414
vn 0.8951 0.0624 -0.4414
vn 0.8318 -0.0623 -0.5516
vn 0.8318 0.0623 -0.5516
vn 0.5516 -0.0623 -0.8318
vn 0.5516 0.0623 -0.8318
vn 0.4414 -0.0623 -0.8951
vn 0.4414 0.0623 -0.8951
vn 0.3208 -0.0624 -0.9451
vn 0.3208 0.0624 -0.9451
vn 0.1947 -0.0625 -0.9789
vn 0.1947 0.0625 -0.9789
vn 0.0653 -0.0627 -0.9959
vn 0.0653 0.0627 -0.9959
vn -0.0618 -0.0628 -0.9961
vn -0.0618 0.0628 -0.9961
vn -0.4446 -0.0634 -0.8935
vn -0.4446 0.0634 -0.8935
vn -0.5545 -0.0637 -0.8298
vn -0.5545 0.0637 -0.8298
vn -0.6580 -0.0639 -0.7503
vn -0.6580 0.0639 -0.7503
vn -0.7480 -0.0641 -0.6606
vn -0.7480 0.0641 -0.6606
vn -0.9461 -0.0649 -0.3174
vn -0.9461 0.0649 -0.3174
vn -0.9787 -0.0651 -0.1947
vn -0.9787 0.0651 -0.1947
vn -0.9957 0.0653 -0.0652
vn -0.9957 -0.0653 -0.0652
vn -0.9374 0.3429 -0.0614
vn -0.9377 0.3424 0.0583
vn -0.9377 -0.3424 0.0583
vn -0.9374 -0.3429 -0.0614
vn -0.8415 0.3415 0.4186
vn -0.8415 -0.3415 0.4186
vn -0.7833 0.3414 0.5195
vn -0.7833 -0.3414 0.5195
vn -0.5196 0.3413 0.7833
vn -0.5196 -0.3413 0.7833
vn -0.4157 0.3414 0.8430
vn -0.4157 -0.3414 0.8430
vn -0.3051 0.3415 0.8890
vn -0.3051 -0.3415 0.8890
vn 0.0646 0.3424 0.9373
vn 0.0646 -0.3424 0.9373
vn 0.1833 0.3429 0.9213
vn 0.1833 -0.3429 0.9213
vn 0.3019 0.3434 0.8894
vn 0.3019 -0.3434 0.8894
vn 0.4125 0.3438 0.8436
vn 0.4125 -0.3438 0.8436
vn 0.7077 0.3454 0.6164
vn 0.7077 -0.3454 0.6164
vn 0.7801 0.3460 0.5213
vn 0.7801 -0.3460 0.5213
vn 0.8413 0.3465 0.4149
vn 0.8413 -0.3465 0.4149
vn 0.8871 0.3469 0.3045
vn 0.8871 -0.3469 0.3045
vn 0.9352 0.3483 -0.0645
vn 0.9352 -0.3483 -0.0645
vn 0.9192 0.3487 -0.1828
vn 0.9192 -0.3487 -0.1828
vn 0.8874 0.3490 -0.3012
vn 0.8874 -0.3490 -0.3012
vn 0.8404 0.3492 -0.4144
vn 0.8404 -0.3492 -0.4144
vn 0.7809 0.3493 -0.5179
vn 0.7809 -0.3493 -0.5179
vn 0.5179 0.3494 -0.7808
vn 0.5179 -0.3494 -0.7808
vn 0.4144 0.3494 -0.8403
vn 0.4144 -0.3494 -0.8403
vn 0.3012 0.3492 -0.8873
vn 0.3012 -0.3492 -0.8873
vn 0.1828 0.3490 -0.9191
vn 0.1828 -0.3490 -0.9191
vn 0.0613 0.3487 -0.9352
vn 0.0613 -0.3487 -0.9352
vn -0.0581 0.3483 -0.9356
vn -0.0581 -0.3483 -0.9356
vn -0.4177 0.3469 -0.8398
vn -0.4177 -0.3469 -0.8398
vn -0.5212 0.3465 -0.7800
vn -0.5212 -0.3465 -0.7800
vn -0.6186 0.3460 -0.7054
vn -0.6186 -0.3460 -0.7054
vn -0.7035 0.3454 -0.6212
vn -0.7035 -0.3454 -0.6212
vn -0.8903 0.3438 -0.2988
vn -0.8903 -0.3438 -0.2988
vn -0.9212 0.3434 -0.1832
vn -0.9212 -0.3434 -0.1832
vn 0.7818 -0.3482 -0.5173
vn 0.7818 0.3482 -0.5173
vn 0.5248 0.3523 -0.7749
vn 0.4039 0.3680 -0.8375
vn 0.3081 0.3693 -0.8768
vn -0.0571 -0.3539 -0.9335
vn -0.3047 0.3693 -0.8779
vn -0.4021 0.3693 -0.8378
vn -0.4137 0.3683 0.8326
vn -0.2972 0.3561 0.8859
vn 0.5189 0.3462 0.7816
vn 0.6175 0.3746 0.6916
vn 0.6921 0.3693 0.6201
vn 0.8910 -0.3498 0.2895
vn 0.9172 0.3484 0.1933
vn 0.9303 0.3632 0.0503
vn 0.9804 0.1855 0.0656
vn 0.8175 0.1855 -0.5453
vn 0.8175 -0.1855 -0.5453
vn 0.5445 0.1828 -0.8186
vn 0.4348 0.1827 -0.8818
vn 0.3180 0.1828 -0.9303
vn -0.0650 -0.1855 -0.9805
vn -0.3171 0.1855 -0.9301
vn -0.4330 0.1828 -0.8827
vn -0.4334 0.1855 0.8819
vn -0.3171 0.1855 0.9301
vn 0.5470 0.1855 0.8163
vn 0.6482 0.1827 0.7392
vn 0.7378 0.1828 0.6498
vn 0.9306 -0.1862 0.3152
vn 0.9640 0.1855 0.1904
vn 0.9716 -0.1965 0.1318
vn 0.9007 -0.1825 -0.3942
vn 0.7570 0.1744 -0.6298
vn 0.9738 0.1908 -0.1238
vn 0.9738 -0.1908 -0.1238
vn 0.7570 -0.1744 -0.6298
vn 0.2521 0.1878 -0.9493
vn 0.7097 0.1769 -0.6820
vn 0.1318 -0.1911 -0.9727
vn -0.3388 -0.2168 -0.9155
vn -0.4466 0.2237 -0.8663
vn -0.0037 0.1968 -0.9804
vn -0.5220 -0.2280 -0.8219
vn -0.7985 -0.2514 -0.5471
vn -0.8992 0.2631 -0.3496
vn -0.7310 0.2418 -0.6380
vn -0.7310 -0.2418 -0.6380
vn -0.9004 -0.2644 -0.3456
vn -0.8736 -0.2558 -0.4141
vn -0.9539 -0.2774 -0.1142
vn -0.9512 -0.2723 -0.1453
vn -0.9503 -0.2838 0.1284
vn -0.9284 0.2861 0.2374
vn -0.9613 0.2753 -0.0053
vn -0.6875 0.2921 0.6649
vn -0.8256 0.2899 0.4842
vn -0.8256 -0.2899 0.4842
vn -0.6874 -0.2921 0.6649
vn -0.6673 -0.2933 0.6846
vn -0.4815 -0.2877 0.8279
vn -0.3743 0.2843 0.8827
vn -0.5694 0.2900 0.7692
vn -0.2422 -0.2828 0.9281
vn 0.0184 -0.2706 0.9625
vn 0.2236 -0.2668 0.9375
vn 0.5473 -0.2402 0.8017
vn 0.6445 0.2298 0.7293
vn 0.3285 0.2575 0.9087
vn 0.7530 0.2250 0.6183
vn 0.4508 0.2467 0.8579
vn 0.7991 -0.2266 0.5569
vn 0.9743 -0.1942 0.1139
vn 0.8580 -0.3683 -0.3580
vn 0.9292 -0.3489 0.1221
vn 0.0196 -0.3433 -0.9390
vn 0.4842 -0.3752 -0.7904
vn -0.6316 -0.2929 -0.7178
vn -0.2471 -0.3432 -0.9062
vn -0.8556 -0.2661 -0.4439
vn -0.6052 -0.3131 -0.7319
vn -0.9649 -0.2424 -0.1010
vn -0.8576 -0.2831 -0.4294
vn -0.9591 -0.2350 0.1576
vn -0.9495 -0.2608 -0.1743
vn -0.9650 0.2411 0.1032
vn -0.8961 0.2242 0.3831
vn -0.8913 -0.2274 0.3923
vn -0.9652 -0.2405 0.1029
vn -0.9079 0.2332 0.3484
vn -0.7677 0.2215 0.6013
vn -0.7677 -0.2215 0.6013
vn -0.9079 -0.2332 0.3484
vn -0.4602 -0.2339 0.8565
vn -0.7031 -0.2247 0.6747
vn -0.2211 -0.2508 0.9425
vn -0.5017 -0.2196 0.8367
vn -0.0919 -0.2449 0.9652
vn -0.3809 -0.2330 0.8948
vn -0.1525 0.2319 0.9607
vn 0.1755 0.2774 0.9446
vn 0.1635 -0.2729 0.9481
vn -0.1522 -0.2326 0.9606
vn -0.0354 0.2539 0.9666
vn 0.3041 0.2716 0.9131
vn 0.3041 -0.2716 0.9131
vn -0.0354 -0.2539 0.9666
vn 0.8605 -0.3358 0.3832
vn 0.6156 -0.2980 0.7295
vn 0.9241 -0.3635 -0.1177
vn 0.8842 -0.3300 0.3307
vn 0.3705 -0.8929 -0.2560
vn 0.4610 -0.8735 0.1564
vn 0.4610 0.8735 0.1564
vn 0.3705 0.8929 -0.2559
vn 0.2764 -0.8945 -0.3514
vn 0.4741 -0.8802 0.0236
vn 0.4741 0.8802 0.0235
vn 0.2764 0.8945 -0.3514
vn 0.3763 0.8938 -0.2441
vn 0.0384 0.8818 -0.4700
vn 0.3118 0.8954 -0.3179
vn -0.0788 0.8712 -0.4846
vn -0.2577 -0.8553 -0.4496
vn 0.1484 -0.8904 -0.4302
vn 0.0889 0.8877 -0.4518
vn -0.3161 0.8483 -0.4249
vn -0.0220 0.8821 -0.4706
vn -0.4286 0.8306 -0.3555
vn -0.5243 -0.8179 -0.2369
vn -0.1813 -0.8663 -0.4654
vn -0.2861 0.8334 -0.4728
vn -0.5538 0.8104 -0.1914
vn -0.5881 -0.7989 -0.1261
vn -0.3207 -0.8528 -0.4121
vn -0.3187 0.8552 -0.4088
vn -0.6308 0.7615 -0.1491
vn -0.6250 -0.7803 0.0213
vn -0.4326 -0.8388 -0.3307
vn -0.4326 0.8388 -0.3307
vn -0.6250 0.7803 0.0213
vn -0.6026 -0.7744 0.1928
vn -0.5530 -0.8112 -0.1899
vn -0.5992 0.7778 -0.1895
vn -0.5987 0.7779 0.1912
vn -0.6274 0.7718 -0.1034
vn -0.6323 0.7298 0.2600
vn -0.5549 -0.7628 0.3319
vn -0.6082 -0.7933 -0.0277
vn -0.6045 0.7962 -0.0272
vn -0.5994 0.7237 0.3421
vn -0.4480 -0.7656 0.4616
vn -0.6518 -0.7390 0.1701
vn -0.6518 0.7390 0.1701
vn -0.4480 0.7656 0.4616
vn -0.4215 -0.7239 0.5461
vn -0.5903 -0.7790 0.2116
vn -0.5902 0.7790 0.2116
vn -0.4215 0.7239 0.5461
vn -0.2059 -0.7822 0.5880
vn -0.5220 -0.7597 0.3878
vn -0.5477 0.7208 0.4248
vn -0.2049 0.7855 0.5840
vn -0.4834 0.7258 0.4894
vn -0.1622 0.7509 0.6401
vn -0.4153 0.7269 0.5470
vn -0.0703 0.7610 0.6449
vn -0.3293 0.7690 0.5479
vn 0.0211 0.7690 0.6389
vn 0.1141 -0.8164 0.5660
vn -0.2621 -0.7313 0.6297
vn 0.1897 -0.7950 0.5762
vn -0.1784 -0.7406 0.6478
vn -0.1794 0.7374 0.6512
vn 0.1891 0.8268 0.5298
vn 0.2673 -0.8011 0.5355
vn -0.1165 -0.7898 0.6022
vn -0.1165 0.7898 0.6022
vn 0.2673 0.8011 0.5355
vn 0.3752 -0.8567 0.3539
vn 0.0484 -0.7964 0.6028
vn 0.1407 0.7708 0.6213
vn 0.4024 0.8633 0.3046
vn 0.1817 0.8190 0.5443
vn 0.4657 0.8416 0.2736
vn 0.2794 0.8343 0.4753
vn 0.4673 0.8781 0.1028
vn 0.4545 -0.8895 -0.0475
vn 0.3821 -0.8463 0.3712
vn 0.4371 0.8618 0.2573
vn 0.4257 0.8925 -0.1493
vn 0.9126 -0.1326 0.3867
vn 0.7604 -0.1267 -0.6370
vn 0.9827 -0.1318 0.1302
vn 0.5431 -0.1241 -0.8305
vn 0.9827 0.1318 0.1302
vn 0.5431 0.1241 -0.8305
vn 0.8777 0.1271 -0.4620
vn -0.0007 0.1318 -0.9913
vn 0.4098 -0.1280 -0.9031
vn -0.5526 -0.1395 -0.8217
vn 0.2813 0.1290 -0.9509
vn -0.6446 0.1411 -0.7514
vn -0.2788 -0.1353 -0.9508
vn -0.9235 -0.1458 -0.3548
vn -0.5428 -0.1393 -0.8282
vn -0.9772 -0.1496 -0.1510
vn -0.5428 0.1393 -0.8282
vn -0.9748 0.1526 -0.1625
vn -0.7400 -0.1412 -0.6577
vn -0.9845 -0.1516 0.0879
vn -0.9117 -0.1470 -0.3837
vn -0.9250 -0.1521 0.3481
vn -0.9605 0.1520 -0.2331
vn -0.8885 0.1563 0.4314
vn -0.9472 -0.1518 0.2825
vn -0.5531 -0.1564 0.8183
vn -0.9472 0.1518 0.2825
vn -0.5531 0.1564 0.8183
vn -0.8233 -0.1538 0.5464
vn -0.2742 -0.1509 0.9497
vn -0.7362 0.1567 0.6584
vn -0.1761 0.1544 0.9722
vn -0.4355 -0.1559 0.8866
vn 0.2616 -0.1470 0.9539
vn 0.0221 -0.1496 0.9885
vn 0.7729 -0.1368 0.6196
vn 0.1233 0.1480 0.9813
vn 0.8377 0.1373 0.5286
vn 0.2549 0.1470 0.9557
vn 0.9159 0.1345 0.3782
vn 0.6607 -0.1411 0.7373
vn 0.9732 -0.1258 -0.1926
vn 0.9123 0.0428 0.4074
vn 0.7560 0.0271 -0.6541
vn 0.8692 -0.3409 0.3581
vn 0.7335 -0.3313 -0.5935
vn 0.8638 -0.3326 -0.3784
vn 0.7750 -0.3523 0.5246
vn 0.9883 0.0382 0.1476
vn 0.5317 0.0251 -0.8466
vn 0.9883 -0.0382 0.1476
vn 0.5317 -0.0251 -0.8466
vn 0.8918 -0.0280 -0.4515
vn -0.0173 -0.0382 -0.9991
vn 0.7113 -0.3232 -0.6241
vn -0.2116 -0.3465 -0.9139
vn 0.4278 0.0301 -0.9034
vn -0.5717 0.0554 -0.8186
vn 0.2993 -0.0323 -0.9536
vn -0.6634 -0.0591 -0.7459
vn 0.0233 -0.3332 -0.9426
vn -0.7487 -0.3637 -0.5542
vn -0.2637 0.0460 -0.9635
vn -0.9385 0.0722 -0.3377
vn -0.3899 -0.3654 -0.8452
vn -0.8919 -0.3709 -0.2588
vn -0.5313 0.0549 -0.8454
vn -0.9879 0.0797 -0.1330
vn -0.5313 -0.0549 -0.8454
vn -0.9886 -0.0871 -0.1224
vn -0.7303 0.0608 -0.6804
vn -0.9905 0.0847 0.1086
vn -0.7090 -0.3558 -0.6089
vn -0.9237 -0.3761 0.0735
vn -0.9110 0.0729 -0.4059
vn -0.9239 0.0870 0.3726
vn -0.8527 -0.3798 -0.3586
vn -0.8703 -0.3754 0.3189
vn -0.9559 -0.0840 -0.2813
vn -0.8760 -0.0964 0.4726
vn -0.9241 0.3726 -0.0852
vn -0.7736 0.3792 0.5076
vn -0.9241 -0.3726 -0.0852
vn -0.7632 -0.3898 0.5153
vn -0.9079 0.3871 0.1609
vn -0.6162 0.3790 0.6904
vn -0.9079 -0.3871 0.1609
vn -0.6162 -0.3790 0.6904
vn -0.9615 0.0858 0.2610
vn -0.5199 0.0960 0.8488
vn -0.9615 -0.0858 0.2610
vn -0.5199 -0.0960 0.8488
vn -0.8415 0.0901 0.5327
vn -0.2525 0.0836 0.9640
vn -0.7683 -0.3895 0.5080
vn -0.2684 -0.3727 0.8883
vn -0.7701 -0.0972 0.6305
vn -0.1315 -0.0903 0.9872
vn -0.6104 -0.3885 0.6903
vn -0.0212 -0.3840 0.9231
vn -0.5101 -0.3789 0.7722
vn 0.1108 -0.3800 0.9183
vn -0.4764 0.0953 0.8740
vn 0.2837 0.0728 0.9561
vn -0.3124 0.3866 0.8677
vn 0.3731 0.3772 0.8477
vn -0.3124 -0.3866 0.8677
vn 0.3598 -0.3647 0.8588
vn -0.2161 0.3731 0.9023
vn 0.4937 0.3716 0.7862
vn -0.2161 -0.3731 0.9023
vn 0.4937 -0.3716 0.7862
vn 0.0027 0.0796 0.9968
vn 0.7930 0.0512 0.6071
vn 0.1072 -0.0881 0.9903
vn 0.8544 -0.0503 0.5172
vn 0.2387 -0.0734 0.9683
vn 0.9285 -0.0597 0.3665
vn 0.4297 -0.3598 0.8282
vn 0.9300 -0.3411 0.1370
vn 0.6528 0.0591 0.7552
vn 0.9766 0.0284 -0.2131
vn 0.7532 -0.6571 -0.0295
vn 0.9683 -0.2355 -0.0830
vn 0.6682 0.6561 -0.3508
vn 0.8807 0.2353 -0.4110
vn 0.6682 -0.6561 -0.3508
vn 0.8807 -0.2353 -0.4110
vn 0.5206 0.2357 -0.8206
vn 0.4363 0.6562 -0.6157
vn 0.3149 0.6552 -0.6867
vn 0.4462 0.2362 -0.8632
vn -0.1682 -0.6578 -0.7342
vn -0.0271 -0.6575 -0.7530
vn -0.1739 -0.2357 -0.9561
vn -0.0816 -0.2361 -0.9683
vn -0.2039 0.2358 -0.9502
vn -0.1256 0.6573 -0.7431
vn -0.2644 0.6576 -0.7054
vn -0.3009 0.2368 -0.9238
vn -0.5795 -0.6614 -0.4762
vn -0.7236 -0.2355 -0.6488
vn -0.8123 0.2188 -0.5406
vn -0.6116 0.6575 -0.4401
vn -0.6845 0.6609 -0.3077
vn -0.8702 0.2376 -0.4316
vn -0.6832 -0.6621 -0.3080
vn -0.6096 -0.6609 -0.4377
vn -0.8683 -0.2357 -0.4364
vn -0.8124 -0.2356 -0.5334
vn -0.7009 -0.6623 -0.2647
vn -0.9218 -0.2359 -0.3077
vn -0.7447 -0.6630 0.0764
vn -0.9689 -0.2381 0.0667
vn -0.9731 0.2215 0.0638
vn -0.7505 0.6606 0.0199
vn -0.7301 0.6607 0.1744
vn -0.9560 0.2224 0.1911
vn -0.8116 0.2232 0.5399
vn -0.6389 0.6614 0.3928
vn -0.6389 -0.6614 0.3928
vn -0.8116 -0.2232 0.5399
vn -0.3927 -0.6643 0.6360
vn -0.5369 -0.2375 0.8095
vn -0.5421 0.2226 0.8103
vn -0.4412 0.6618 0.6061
vn -0.3053 0.6603 0.6862
vn -0.4275 0.2237 0.8759
vn -0.0203 -0.6593 0.7516
vn -0.1724 -0.6635 0.7280
vn -0.0609 -0.2225 0.9730
vn -0.1903 -0.2373 0.9526
vn 0.3531 -0.6612 0.6619
vn 0.4251 -0.2368 0.8736
vn 0.4371 0.2371 0.8676
vn 0.3095 0.6629 0.6817
vn 0.4221 0.6500 0.6319
vn 0.5446 0.2094 0.8121
vn 0.5126 0.6598 0.5494
vn 0.6361 0.2373 0.7343
vn 0.7195 -0.6580 0.2221
vn 0.9154 -0.2359 0.3262
vn 0.9808 0.1694 -0.0968
vn 0.9701 -0.2290 -0.0801
vn 0.9700 0.2331 -0.0687
vn 0.8983 0.1691 -0.4056
vn 0.8983 -0.1691 -0.4056
vn 0.5170 -0.1686 -0.8392
vn 0.4675 -0.1728 -0.8669
vn 0.2976 -0.2278 -0.9271
vn 0.3042 0.2313 -0.9241
vn -0.0961 0.1700 -0.9808
vn -0.1634 0.1704 -0.9717
vn -0.2192 -0.1708 -0.9606
vn -0.2879 -0.1746 -0.9416
vn -0.4391 -0.2286 -0.8688
vn -0.4355 0.2349 -0.8690
vn -0.7242 0.1756 -0.6668
vn -0.7367 -0.2255 -0.6375
vn -0.7327 0.2371 -0.6379
vn -0.8220 -0.2167 -0.5267
vn -0.8297 0.1765 -0.5296
vn -0.8734 0.1765 -0.4538
vn -0.8732 -0.1773 -0.4539
vn -0.9375 0.1773 -0.2993
vn -0.9222 -0.2294 -0.3112
vn -0.9204 0.2393 -0.3094
vn -0.9827 0.1788 0.0486
vn -0.9723 -0.2186 0.0825
vn -0.9608 -0.2187 0.1705
vn -0.9549 0.2298 0.1880
vn -0.9512 -0.2418 0.1916
vn -0.9207 0.2311 0.3145
vn -0.9179 -0.2436 0.3131
vn -0.9177 0.2423 0.3148
vn -0.9207 -0.2311 0.3145
vn -0.8737 0.2313 0.4280
vn -0.8716 -0.2426 0.4261
vn -0.8005 0.2192 0.5578
vn -0.8737 -0.2313 0.4280
vn -0.8716 0.2426 0.4261
vn -0.8005 -0.2192 0.5578
vn -0.5562 0.1758 0.8122
vn -0.5256 -0.2191 0.8220
vn -0.4484 -0.2190 0.8666
vn -0.3117 0.2263 0.9228
vn -0.3073 -0.2878 0.9070
vn -0.1903 0.2438 0.9510
vn -0.1890 -0.2311 0.9544
vn -0.1785 0.1750 0.9683
vn -0.0824 0.2183 0.9724
vn 0.0636 0.2874 0.9557
vn 0.0644 -0.2236 0.9725
vn -0.0631 -0.2308 0.9710
vn 0.0631 0.2248 0.9724
vn -0.0618 0.2432 0.9680
vn 0.0636 -0.2874 0.9557
vn 0.4186 0.1735 0.8915
vn 0.4564 -0.1726 0.8729
vn 0.5498 -0.1631 0.8192
vn 0.6309 -0.1764 0.7555
vn 0.7381 -0.2284 0.6348
vn 0.7346 0.2355 0.6363
vn 0.9238 0.1708 0.3427
vn 0.9581 -0.2245 0.1778
vn 0.9697 0.2342 0.0691
vn 0.9549 0.2338 0.1828
vn 0.9702 -0.2293 0.0783
vn 0.9897 0.0701 -0.1247
vn 0.9901 -0.0650 -0.1241
vn 0.9208 0.0536 -0.3863
vn 0.9208 -0.0536 -0.3863
vn 0.4950 -0.0934 -0.8639
vn 0.4993 -0.0894 -0.8618
vn 0.2639 -0.0868 -0.9606
vn -0.1354 0.1548 -0.9786
vn -0.1239 0.1472 -0.9813
vn -0.2632 -0.1606 -0.9513
vn -0.2474 -0.1651 -0.9547
vn -0.4839 -0.1407 -0.8638
vn -0.7042 0.1950 -0.6827
vn -0.8042 -0.2252 -0.5501
vn -0.7663 -0.2230 -0.6025
vn -0.8537 0.2161 -0.4738
vn -0.8378 0.2129 -0.5027
vn -0.8616 -0.1660 -0.4796
vn -0.9417 0.1955 -0.2739
vn -0.9417 -0.1955 -0.2738
vn -0.9704 0.2406 0.0223
vn -0.9677 -0.2404 0.0753
vn -0.9513 -0.2527 0.1768
vn -0.9253 0.2652 0.2710
vn -0.9360 0.2684 0.2278
vn -0.9372 -0.2169 0.2732
vn -0.8079 0.2374 0.5394
vn -0.8496 0.2482 0.4654
vn -0.8079 -0.2374 0.5394
vn -0.8496 -0.2482 0.4654
vn -0.5689 0.2585 0.7807
vn -0.5301 -0.2297 0.8162
vn -0.4303 -0.2232 0.8746
vn -0.3152 -0.2310 0.9205
vn -0.2307 -0.2572 0.9384
vn -0.0701 0.2688 0.9607
vn -0.1435 0.2760 0.9504
vn 0.0621 0.1862 0.9806
vn 0.0646 -0.2199 0.9734
vn -0.0179 -0.2472 0.9688
vn 0.3898 0.2138 0.8957
vn 0.5468 -0.1881 0.8159
vn 0.4800 -0.1982 0.8546
vn 0.6109 -0.1588 0.7756
vn 0.7778 -0.1408 0.6125
vn 0.9205 0.1236 0.3707
vn 0.9846 -0.1242 0.1228
vn 0.9834 -0.1215 0.1351
vn 0.7321 0.6790 -0.0549
vn 0.6644 0.6756 -0.3195
vn 0.3073 0.9435 0.1243
vn 0.2019 0.9423 -0.2671
vn -0.1867 0.9384 0.2909
vn -0.3052 0.9389 -0.1588
vn -0.5992 0.6974 0.3932
vn -0.7142 0.6987 -0.0411
vn -0.5992 -0.6974 0.3932
vn -0.7142 -0.6987 -0.0411
vn -0.1867 -0.9384 0.2909
vn -0.3052 -0.9389 -0.1588
vn 0.3073 -0.9435 0.1243
vn 0.2053 -0.9431 -0.2614
vn 0.7321 -0.6790 -0.0549
vn 0.6618 -0.6786 -0.3185
vn 0.6116 0.6761 -0.4110
vn 0.4110 0.6760 -0.6116
vn 0.3320 0.9424 -0.0408
vn 0.0410 0.9424 -0.3321
vn -0.0159 0.9385 0.3449
vn -0.3447 0.9386 0.0158
vn -0.3223 0.6974 0.6402
vn -0.6400 0.6975 0.3222
vn -0.3223 -0.6974 0.6402
vn -0.6400 -0.6975 0.3222
vn -0.0159 -0.9385 0.3449
vn -0.3447 -0.9386 0.0158
vn 0.3320 -0.9424 -0.0408
vn 0.0410 -0.9424 -0.3321
vn 0.6116 -0.6761 -0.4110
vn 0.4110 -0.6760 -0.6116
vn 0.2350 0.6761 -0.6983
vn -0.0411 0.6760 -0.7358
vn 0.2385 0.9423 -0.2350
vn -0.1700 0.9426 -0.2874
vn 0.1973 0.9389 0.2819
vn -0.2641 0.9384 0.2231
vn 0.1340 0.6987 0.7027
vn -0.3117 0.6974 0.6454
vn 0.1340 -0.6987 0.7027
vn -0.3117 -0.6974 0.6454
vn 0.1973 -0.9389 0.2819
vn -0.2640 -0.9384 0.2231
vn 0.2385 -0.9423 -0.2350
vn -0.1700 -0.9426 -0.2874
vn 0.2350 -0.6761 -0.6983
vn -0.0464 -0.6765 -0.7350
vn -0.3269 0.6770 -0.6594
vn -0.5488 0.6771 -0.4902
vn 0.0028 0.9424 -0.3345
vn -0.3227 0.9430 -0.0817
vn 0.3374 0.9395 0.0585
vn -0.0292 0.9385 0.3440
vn 0.5896 0.7015 0.4003
vn 0.2352 0.6992 0.6752
vn 0.5896 -0.7015 0.4003
vn 0.2352 -0.6992 0.6752
vn 0.3374 -0.9395 0.0585
vn -0.0292 -0.9385 0.3440
vn -0.0034 -0.9433 -0.3320
vn -0.3227 -0.9430 -0.0817
vn -0.3305 -0.6795 -0.6550
vn -0.5521 -0.6776 -0.4858
vn -0.6983 0.6777 -0.2303
vn -0.7336 0.6783 0.0419
vn -0.2332 0.9427 -0.2386
vn -0.2851 0.9432 0.1707
vn 0.2788 0.9399 -0.1972
vn 0.2210 0.9390 0.2634
vn 0.6975 0.7040 -0.1338
vn 0.6410 0.7020 0.3103
vn 0.6975 -0.7040 -0.1338
vn 0.6410 -0.7020 0.3103
vn 0.2788 -0.9399 -0.1972
vn 0.2210 -0.9390 0.2634
vn -0.2358 -0.9436 -0.2324
vn -0.2861 -0.9441 0.1641
vn -0.6956 -0.6808 -0.2295
vn -0.7308 -0.6813 0.0419
vn -0.6073 0.6787 0.4131
vn -0.4113 0.6817 0.6051
vn -0.3303 0.9431 0.0385
vn -0.0442 0.9440 0.3270
vn 0.0136 0.9397 -0.3416
vn 0.3418 0.9397 -0.0137
vn 0.3181 0.7046 -0.6343
vn 0.6344 0.7045 -0.3182
vn 0.3182 -0.7046 -0.6343
vn 0.6344 -0.7045 -0.3182
vn 0.0136 -0.9397 -0.3416
vn 0.3418 -0.9397 -0.0137
vn -0.3271 -0.9440 0.0443
vn -0.0442 -0.9440 0.3270
vn -0.6051 -0.6817 0.4113
vn -0.4113 -0.6817 0.6051
vn 0.0488 0.6788 0.7327
vn 0.3194 0.6777 0.6623
vn -0.1320 0.9432 0.3049
vn 0.2670 0.9427 0.2001
vn -0.2900 0.9390 -0.1847
vn 0.1591 0.9399 -0.3021
vn -0.3913 0.7020 -0.5950
vn 0.0416 0.7040 -0.7090
vn -0.3913 -0.7020 -0.5950
vn 0.0416 -0.7040 -0.7090
vn -0.2900 -0.9390 -0.1847
vn 0.1591 -0.9399 -0.3021
vn -0.1253 -0.9441 0.3050
vn 0.2670 -0.9427 0.2001
vn 0.0539 -0.6813 0.7300
vn 0.3194 -0.6777 0.6623
vn 0.5537 0.6776 0.4839
vn 0.6951 0.6765 0.2433
vn 0.1231 0.9430 0.3093
vn 0.3313 0.9424 -0.0464
vn -0.3373 0.9385 0.0738
vn -0.1020 0.9395 -0.3269
vn -0.7001 0.6992 -0.1450
vn -0.4739 0.7015 -0.5323
vn -0.7001 -0.6992 -0.1450
vn -0.4739 -0.7015 -0.5323
vn -0.3373 -0.9385 0.0738
vn -0.1020 -0.9395 -0.3269
vn 0.1280 -0.9438 0.3046
vn 0.3313 -0.9424 -0.0464
vn 0.5554 -0.6801 0.4785
vn 0.6964 -0.6770 0.2381
vn 0.9522 -0.2670 -0.1481
vn 0.8987 -0.2670 -0.3479
vn 0.9522 0.2670 -0.1481
vn 0.9041 0.2696 -0.3314
vn 0.7445 -0.2678 -0.6116
vn 0.6116 -0.2678 -0.7445
vn 0.7445 0.2678 -0.6116
vn 0.6116 0.2678 -0.7445
vn 0.2183 -0.2678 -0.9384
vn 0.0320 -0.2679 -0.9629
vn 0.2183 0.2678 -0.9384
vn 0.0398 0.2697 -0.9621
vn -0.5012 -0.2673 -0.8230
vn -0.6583 -0.2682 -0.7034
vn -0.5091 0.2681 -0.8179
vn -0.6521 0.2701 -0.7084
vn -0.9362 -0.2677 -0.2276
vn -0.9632 -0.2678 -0.0224
vn -0.9394 0.2704 -0.2105
vn -0.9619 0.2705 -0.0397
vn -0.7505 -0.2679 0.6041
vn -0.6041 -0.2680 0.7505
vn -0.7389 0.2707 0.6171
vn -0.6041 0.2680 0.7505
vn 0.1479 -0.2678 0.9521
vn 0.3314 -0.2704 0.9039
vn 0.1572 0.2686 0.9503
vn 0.3314 0.2704 0.9039
vn 0.7779 -0.2674 0.5686
vn 0.8773 -0.2681 0.3980
vn 0.7833 0.2682 0.5608
vn 0.8736 0.2700 0.4049
vn -0.8826 -0.0651 0.4657
vn -0.9972 -0.0647 0.0380
vn -0.8826 0.0651 0.4657
vn -0.9972 0.0647 0.0380
vn -0.5315 -0.0652 0.8446
vn -0.8446 -0.0652 0.5315
vn -0.5315 0.0652 0.8446
vn -0.8446 0.0652 0.5315
vn 0.0925 -0.0647 0.9936
vn -0.3465 -0.0651 0.9358
vn 0.0925 0.0647 0.9936
vn -0.3465 0.0651 0.9358
vn 0.7680 -0.0633 0.6373
vn 0.4167 -0.0641 0.9068
vn 0.7680 0.0633 0.6373
vn 0.4167 0.0641 0.9068
vn 0.9938 -0.0620 -0.0925
vn 0.9359 -0.0627 0.3465
vn 0.9938 0.0620 -0.0925
vn 0.9359 0.0627 0.3465
vn 0.5316 -0.0615 -0.8447
vn 0.8447 -0.0616 -0.5316
vn 0.5316 0.0615 -0.8447
vn 0.8447 0.0616 -0.5316
vn -0.4657 -0.0627 -0.8827
vn -0.0380 -0.0620 -0.9974
vn -0.4657 0.0627 -0.8827
vn -0.0380 0.0620 -0.9974
vn -0.9534 -0.0641 -0.2948
vn -0.7321 -0.0633 -0.6783
vn -0.9534 0.0641 -0.2948
vn -0.7321 0.0633 -0.6783
vn -0.8286 0.3331 0.4499
vn -0.9422 0.3342 0.0246
vn -0.8286 -0.3331 0.4499
vn -0.9422 -0.3342 0.0246
vn -0.4926 0.3329 0.8040
vn -0.8040 0.3331 0.4926
vn -0.4926 -0.3329 0.8040
vn -0.8040 -0.3331 0.4926
vn 0.0986 0.3342 0.9373
vn -0.3379 0.3331 0.8802
vn 0.0986 -0.3342 0.9373
vn -0.3379 -0.3331 0.8802
vn 0.7316 0.3372 0.5925
vn 0.3832 0.3353 0.8607
vn 0.7316 -0.3372 0.5925
vn 0.3832 -0.3353 0.8607
vn 0.9353 0.3400 -0.0983
vn 0.8785 0.3384 0.3372
vn 0.9353 -0.3400 -0.0983
vn 0.8785 -0.3384 0.3372
vn 0.4912 0.3410 -0.8015
vn 0.8015 0.3409 -0.4912
vn 0.4912 -0.3410 -0.8015
vn 0.8015 -0.3409 -0.4912
vn -0.4490 0.3384 -0.8270
vn -0.0246 0.3400 -0.9401
vn -0.4490 -0.3384 -0.8270
vn -0.0246 -0.3400 -0.9401
vn -0.9033 0.3353 -0.2676
vn -0.6829 0.3372 -0.6480
vn -0.9033 -0.3353 -0.2676
vn -0.6829 -0.3372 -0.6480
vn 0.9209 -0.3488 -0.1740
vn 0.8845 -0.3488 -0.3098
vn 0.9209 0.3488 -0.1740
vn 0.8845 0.3487 -0.3098
vn 0.7167 -0.3394 -0.6092
vn 0.6092 -0.3394 -0.7167
vn 0.7167 0.3394 -0.6092
vn 0.6092 0.3394 -0.7167
vn 0.1977 -0.3394 -0.9196
vn 0.0522 -0.3385 -0.9395
vn 0.1977 0.3394 -0.9196
vn 0.0473 0.3492 -0.9358
vn -0.5089 -0.3492 -0.7868
vn -0.6274 -0.3385 -0.7012
vn -0.5149 0.3385 -0.7876
vn -0.6283 0.3492 -0.6952
vn -0.9174 -0.3488 -0.1917
vn -0.9358 -0.3488 -0.0523
vn -0.9174 0.3487 -0.1917
vn -0.9358 0.3488 -0.0523
vn -0.7105 -0.3488 0.6111
vn -0.6111 -0.3488 0.7105
vn -0.7105 0.3488 0.6111
vn -0.6111 0.3488 0.7105
vn 0.1691 -0.3492 0.9217
vn 0.3098 -0.3488 0.8845
vn 0.1744 0.3385 0.9247
vn 0.3098 0.3488 0.8845
vn 0.7713 -0.3493 0.5322
vn 0.8480 -0.3385 0.4077
vn 0.7771 0.3385 0.5305
vn 0.8465 0.3492 0.4019
vn 0.9678 0.1854 -0.1703
vn 0.9233 0.1854 -0.3364
vn 0.9678 -0.1854 -0.1703
vn 0.9232 -0.1858 -0.3365
vn 0.7501 0.1823 -0.6357
vn 0.6357 0.1823 -0.7501
vn 0.7501 -0.1823 -0.6357
vn 0.6357 -0.1823 -0.7501
vn 0.2081 0.1823 -0.9610
vn 0.0478 0.1823 -0.9821
vn 0.2080 -0.1823 -0.9610
vn 0.0424 -0.1858 -0.9817
vn -0.5277 0.1854 -0.8290
vn -0.6607 0.1823 -0.7282
vn -0.5324 -0.1823 -0.8266
vn -0.6641 -0.1858 -0.7241
vn -0.9593 0.1854 -0.2130
vn -0.9817 0.1854 -0.0425
vn -0.9592 -0.1858 -0.2131
vn -0.9817 -0.1858 -0.0424
vn -0.7530 0.1854 0.6314
vn -0.6314 0.1854 0.7530
vn -0.7530 -0.1858 0.6313
vn -0.6314 -0.1854 0.7530
vn 0.1703 0.1854 0.9678
vn 0.3365 0.1858 0.9232
vn 0.1755 -0.1823 0.9674
vn 0.3365 -0.1858 0.9232
vn 0.8048 0.1854 0.5639
vn 0.8890 0.1823 0.4199
vn 0.8082 -0.1823 0.5600
vn 0.8907 -0.1858 0.4149
vn 0.9566 0.2338 -0.1740
vn 0.7243 0.6715 -0.1565
vn 0.9079 0.2387 -0.3446
vn 0.7193 0.6632 -0.2068
vn 0.2601 0.9623 -0.0798
vn 0.2710 0.9605 -0.0638
vn -0.2644 0.9642 0.0197
vn -0.2392 0.9641 0.1153
vn -0.6932 0.7146 0.0940
vn -0.6478 0.7141 0.2654
vn -0.8724 0.3410 0.3503
vn -0.9305 0.3415 0.1328
vn -0.9305 -0.3415 0.1328
vn -0.6932 -0.7146 0.0940
vn -0.6478 -0.7141 0.2654
vn -0.8724 -0.3410 0.3503
vn -0.2644 -0.9642 0.0197
vn -0.2392 -0.9641 0.1153
vn 0.2667 -0.9604 -0.0803
vn 0.2710 -0.9605 -0.0638
vn 0.7263 -0.6632 -0.1807
vn 0.7193 -0.6632 -0.2068
vn 0.9582 -0.2388 -0.1575
vn 0.9079 -0.2387 -0.3446
vn 0.7297 0.2653 -0.6302
vn 0.5462 0.6753 -0.4957
vn 0.4943 0.6758 -0.5468
vn 0.6323 0.2645 -0.7282
vn 0.1855 0.9622 -0.1993
vn 0.1986 0.9619 -0.1877
vn -0.2195 0.9641 0.1496
vn -0.1496 0.9641 0.2196
vn -0.5540 0.7138 0.4285
vn -0.4286 0.7137 0.5540
vn -0.5804 0.3405 0.7397
vn -0.7397 0.3406 0.5804
vn -0.7397 -0.3406 0.5804
vn -0.5540 -0.7138 0.4285
vn -0.4286 -0.7137 0.5540
vn -0.5804 -0.3405 0.7397
vn -0.2195 -0.9641 0.1496
vn -0.1496 -0.9641 0.2196
vn 0.1855 -0.9622 -0.1993
vn 0.1993 -0.9622 -0.1855
vn 0.5462 -0.6753 -0.4957
vn 0.4957 -0.6752 -0.5462
vn 0.6302 -0.2652 -0.7297
vn 0.7297 -0.2653 -0.6302
vn 0.2052 0.2340 -0.9503
vn 0.1326 0.6714 -0.7291
vn 0.0607 0.6755 -0.7348
vn 0.0557 0.2653 -0.9625
vn 0.0258 0.9623 -0.2708
vn 0.0452 0.9623 -0.2683
vn -0.0831 0.9641 0.2522
vn 0.0150 0.9642 0.2647
vn -0.1785 0.7141 0.6769
vn -0.0027 0.7146 0.6995
vn -0.0102 0.3415 0.9398
vn -0.2335 0.3410 0.9106
vn -0.2335 -0.3410 0.9106
vn -0.1785 -0.7141 0.6769
vn -0.0027 -0.7146 0.6995
vn -0.0102 -0.3415 0.9398
vn -0.0831 -0.9641 0.2522
vn 0.0150 -0.9642 0.2647
vn 0.0258 -0.9623 -0.2708
vn 0.0433 -0.9620 -0.2696
vn 0.1315 -0.6755 -0.7256
vn 0.0593 -0.6761 -0.7344
vn 0.0584 -0.2646 -0.9626
vn 0.1953 -0.2653 -0.9442
vn -0.5291 0.2380 -0.8145
vn -0.4215 0.6723 -0.6086
vn -0.4777 0.6756 -0.5615
vn -0.6429 0.2663 -0.7181
vn -0.1728 0.9626 -0.2088
vn -0.1571 0.9625 -0.2211
vn 0.1191 0.9644 0.2361
vn 0.1968 0.9646 0.1756
vn 0.3513 0.7162 0.6030
vn 0.4909 0.7171 0.4948
vn 0.6566 0.3443 0.6710
vn 0.4784 0.3434 0.8082
vn 0.4784 -0.3434 0.8082
vn 0.3513 -0.7162 0.6030
vn 0.4909 -0.7171 0.4948
vn 0.6566 -0.3443 0.6710
vn 0.1191 -0.9644 0.2361
vn 0.1968 -0.9646 0.1756
vn -0.1728 -0.9626 -0.2088
vn -0.1620 -0.9607 -0.2254
vn -0.4197 -0.6764 -0.6052
vn -0.4611 -0.6665 -0.5858
vn -0.5295 -0.2656 -0.8056
vn -0.6539 -0.2399 -0.7175
vn -0.9497 0.2427 -0.1978
vn -0.7274 0.6734 -0.1319
vn -0.7362 0.6741 -0.0594
vn -0.9686 0.2421 -0.0573
vn -0.2688 0.9629 -0.0251
vn -0.2676 0.9626 -0.0434
vn 0.2497 0.9648 0.0824
vn 0.2619 0.9650 -0.0149
vn 0.6721 0.7189 0.1773
vn 0.6943 0.7197 0.0027
vn 0.9377 0.3473 0.0102
vn 0.9087 0.3465 0.2329
vn 0.9087 -0.3465 0.2329
vn 0.6721 -0.7189 0.1773
vn 0.6943 -0.7197 0.0027
vn 0.9377 -0.3473 0.0102
vn 0.2497 -0.9648 0.0824
vn 0.2619 -0.9650 -0.0149
vn -0.2751 -0.9610 -0.0272
vn -0.2728 -0.9610 -0.0449
vn -0.7352 -0.6700 -0.1025
vn -0.7369 -0.6698 -0.0915
vn -0.9499 -0.2407 -0.1996
vn -0.9690 -0.2408 -0.0556
vn -0.5267 0.6715 0.5212
vn -0.4950 0.6748 0.5474
vn -0.6358 0.2438 0.7323
vn -0.7321 0.2412 0.6371
vn -0.1885 0.9612 0.2013
vn -0.1969 0.9627 0.1853
vn 0.2164 0.9651 -0.1473
vn 0.1472 0.9651 -0.2164
vn 0.5483 0.7208 -0.4241
vn 0.4240 0.7209 -0.5482
vn 0.5786 0.3487 -0.7373
vn 0.7373 0.3487 -0.5786
vn 0.7373 -0.3487 -0.5786
vn 0.5483 -0.7208 -0.4241
vn 0.4240 -0.7209 -0.5482
vn 0.5786 -0.3487 -0.7373
vn 0.2164 -0.9651 -0.1473
vn 0.1472 -0.9651 -0.2164
vn -0.1885 -0.9612 0.2013
vn -0.2013 -0.9612 0.1885
vn -0.5267 -0.6715 0.5212
vn -0.5212 -0.6715 0.5266
vn -0.7321 -0.2412 0.6371
vn -0.6369 -0.2412 0.7322
vn 0.1780 0.2432 0.9535
vn 0.1554 0.6729 0.7232
vn 0.2253 0.6781 0.6996
vn 0.3143 0.2652 0.9115
vn 0.0797 0.9628 0.2581
vn 0.0623 0.9626 0.2638
vn -0.0194 0.9650 -0.2616
vn -0.1142 0.9648 -0.2368
vn -0.0933 0.7197 -0.6880
vn -0.2635 0.7189 -0.6432
vn -0.3495 0.3465 -0.8705
vn -0.1325 0.3473 -0.9283
vn -0.1325 -0.3473 -0.9283
vn -0.0933 -0.7197 -0.6880
vn -0.2635 -0.7189 -0.6432
vn -0.3495 -0.3465 -0.8705
vn -0.0194 -0.9650 -0.2616
vn -0.1142 -0.9648 -0.2368
vn 0.0797 -0.9628 0.2581
vn 0.0628 -0.9610 0.2692
vn 0.1554 -0.6729 0.7232
vn 0.1987 -0.6694 0.7158
vn 0.1780 -0.2432 0.9535
vn 0.3254 -0.2405 0.9145
vn 0.8005 0.2376 0.5503
vn 0.6222 0.6724 0.4009
vn 0.6549 0.6764 0.3371
vn 0.8679 0.2656 0.4199
vn 0.2397 0.9625 0.1269
vn 0.2296 0.9626 0.1441
vn -0.1998 0.9646 -0.1722
vn -0.2496 0.9644 -0.0872
vn -0.5546 0.7171 -0.4222
vn -0.6437 0.7162 -0.2696
vn -0.8638 0.3434 -0.3688
vn -0.7510 0.3443 -0.5634
vn -0.7510 -0.3443 -0.5634
vn -0.5546 -0.7171 -0.4222
vn -0.6437 -0.7162 -0.2696
vn -0.8638 -0.3434 -0.3688
vn -0.1998 -0.9646 -0.1722
vn -0.2496 -0.9644 -0.0872
vn 0.2397 -0.9625 0.1269
vn 0.2358 -0.9607 0.1463
vn 0.6193 -0.6765 0.3985
vn 0.6513 -0.6660 0.3637
vn 0.7975 -0.2657 0.5417
vn 0.8822 -0.2395 0.4054
vn 0.9763 0.1662 -0.1385
vn 0.9140 0.1656 -0.3704
vn 0.9140 -0.1656 -0.3704
vn 0.9619 -0.2233 -0.1579
vn 0.7462 0.1828 -0.6402
vn 0.6402 0.1828 -0.7462
vn 0.7462 -0.1828 -0.6402
vn 0.6409 -0.1854 -0.7449
vn 0.2023 0.1828 -0.9621
vn 0.0551 0.1854 -0.9811
vn 0.0536 -0.1828 -0.9817
vn 0.2224 -0.2231 -0.9491
vn -0.5373 0.1828 -0.8233
vn -0.6805 0.1697 -0.7129
vn -0.6546 -0.1862 -0.7327
vn -0.5209 -0.2240 -0.8237
vn -0.9588 0.1715 -0.2264
vn -0.9845 0.1723 -0.0326
vn -0.9729 -0.2256 -0.0515
vn -0.9527 -0.2251 -0.2043
vn -0.7589 0.1732 0.6278
vn -0.6276 0.1731 0.7591
vn -0.6355 -0.2258 0.7383
vn -0.7589 -0.1732 0.6278
vn 0.1755 0.2253 0.9583
vn 0.3530 0.1705 0.9200
vn 0.3246 -0.1854 0.9275
vn 0.1755 -0.2253 0.9583
vn 0.8115 0.1828 0.5551
vn 0.9051 0.1675 0.3907
vn 0.8864 -0.1828 0.4252
vn 0.7964 -0.2243 0.5616
vn -0.9877 -0.0653 0.1422
vn -0.9264 -0.0656 0.3707
vn -0.9264 0.0656 0.3707
vn -0.9877 0.0653 0.1422
vn -0.7843 -0.0658 0.6169
vn -0.6169 -0.0658 0.7843
vn -0.6169 0.0658 0.7843
vn -0.7843 0.0658 0.6169
vn -0.2466 -0.0656 0.9669
vn -0.0120 -0.0653 0.9978
vn -0.0120 0.0653 0.9978
vn -0.2466 0.0656 0.9669
vn 0.5093 -0.0645 0.8581
vn 0.6971 -0.0640 0.7141
vn 0.6971 0.0640 0.7141
vn 0.5093 0.0645 0.8581
vn 0.9671 -0.0630 0.2467
vn 0.9980 -0.0627 0.0120
vn 0.9980 0.0627 0.0120
vn 0.9671 0.0630 0.2467
vn 0.7844 -0.0620 -0.6171
vn 0.6171 -0.0620 -0.7844
vn 0.6171 0.0620 -0.7844
vn 0.7844 0.0620 -0.6171
vn -0.1422 -0.0627 -0.9879
vn -0.3708 -0.0630 -0.9266
vn -0.3708 0.0630 -0.9266
vn -0.1422 0.0627 -0.9879
vn -0.7990 -0.0640 -0.5979
vn -0.9173 -0.0645 -0.3930
vn -0.9173 0.0645 -0.3930
vn -0.7990 0.0640 -0.5979
vn 0.9184 0.0338 -0.3942
vn 0.9917 0.0469 -0.1198
vn 0.9184 -0.0338 -0.3942
vn 0.9917 -0.0469 -0.1198
vn 0.6102 0.3490 -0.7112
vn 0.7139 0.3399 -0.6122
vn 0.6106 -0.3380 -0.7162
vn 0.7139 -0.3398 -0.6122
vn 0.0485 0.3380 -0.9399
vn 0.1866 0.3475 -0.9189
vn 0.2696 -0.0685 -0.9605
vn 0.0512 -0.3490 -0.9357
vn -0.6967 0.1724 -0.6964
vn -0.5179 0.3474 -0.7817
vn -0.4926 -0.1251 -0.8612
vn -0.6223 -0.3484 -0.7010
vn -0.9765 0.2155 -0.0085
vn -0.9526 0.1750 -0.2489
vn -0.9854 -0.1702 -0.0073
vn -0.9526 -0.1750 -0.2489
vn -0.6005 0.2355 0.7642
vn -0.7688 0.2148 0.6024
vn -0.6054 -0.1909 0.7727
vn -0.7688 -0.2147 0.6024
vn 0.3735 0.1922 0.9075
vn 0.1331 0.1749 0.9755
vn 0.1331 -0.1748 0.9756
vn 0.3067 -0.3483 0.8858
vn 0.9217 0.1029 0.3740
vn 0.7776 0.3474 0.5241
vn 0.7850 -0.1281 0.6061
vn 0.8426 -0.3474 0.4114
vt 0.500000 0.584046
vt 0.510749 0.583878
vt 0.510411 0.625068
vt 0.500000 0.625089
vt 0.520443 0.584560
vt 0.520405 0.625153
vt 0.520382 0.666667
vt 0.510360 0.666667
vt 0.500000 0.666667
vt 0.510360 0.666667
vt 0.510357 0.708333
vt 0.500000 0.708333
vt 0.520382 0.666667
vt 0.520357 0.708333
vt 0.520327 0.750000
vt 0.510353 0.750000
vt 0.500000 0.750000
vt 0.510349 0.791667
vt 0.500000 0.791667
vt 0.520293 0.791667
vt 0.520258 0.833333
vt 0.510345 0.833333
vt 0.500000 0.833333
vt 0.510341 0.874762
vt 0.500000 0.874762
vt 0.520225 0.874762
vt 0.520198 0.914764
vt 0.510337 0.914764
vt 0.500000 0.914764
vt 0.500000 0.085236
vt 0.510337 0.085236
vt 0.510341 0.125238
vt 0.500000 0.125238
vt 0.520198 0.085236
vt 0.520225 0.125238
vt 0.520258 0.166667
vt 0.510345 0.166667
vt 0.500000 0.166667
vt 0.510349 0.208333
vt 0.500000 0.208333
vt 0.520293 0.208333
vt 0.520327 0.250000
vt 0.510353 0.250000
vt 0.500000 0.250000
vt 0.500000 0.250000
vt 0.510408 0.291864
vt 0.500024 0.291757
vt 0.520360 0.291782
vt 0.520411 0.334260
vt 0.510767 0.334915
vt 0.500190 0.334054
vt 0.562923 0.665740
vt 0.572567 0.665085
vt 0.572925 0.708136
vt 0.562973 0.708218
vt 0.583144 0.665946
vt 0.583310 0.708243
vt 0.583333 0.750000
vt 0.572980 0.750000
vt 0.563006 0.750000
vt 0.563006 0.750000
vt 0.572980 0.750000
vt 0.572984 0.791667
vt 0.563040 0.791667
vt 0.583333 0.750000
vt 0.583333 0.791667
vt 0.583333 0.833333
vt 0.572989 0.833333
vt 0.563075 0.833333
vt 0.572993 0.874762
vt 0.563108 0.874762
vt 0.583333 0.874762
vt 0.583333 0.914764
vt 0.572996 0.914764
vt 0.563136 0.914764
vt 0.563136 0.085236
vt 0.572996 0.085236
vt 0.572993 0.125238
vt 0.563108 0.125238
vt 0.583333 0.085236
vt 0.583333 0.125238
vt 0.583333 0.166667
vt 0.572989 0.166667
vt 0.563075 0.166667
vt 0.572984 0.208333
vt 0.563040 0.208333
vt 0.583333 0.208333
vt 0.583333 0.250000
vt 0.572980 0.250000
vt 0.563006 0.250000
vt 0.563006 0.250000
vt 0.572925 0.291864
vt 0.562973 0.291782
vt 0.583333 0.250000
vt 0.583310 0.291757
vt 0.583144 0.334054
vt 0.572567 0.334915
vt 0.562923 0.334260
vt 0.583352 0.584513
vt 0.593700 0.585143
vt 0.593648 0.625035
vt 0.582946 0.623617
vt 0.603749 0.585233
vt 0.603735 0.625238
vt 0.603715 0.666667
vt 0.593670 0.666577
vt 0.593687 0.708322
vt 0.603690 0.708333
vt 0.603660 0.750000
vt 0.593687 0.750000
vt 0.593687 0.750000
vt 0.593683 0.791667
vt 0.603660 0.750000
vt 0.603627 0.791667
vt 0.603592 0.833333
vt 0.593678 0.833333
vt 0.593674 0.874762
vt 0.603558 0.874762
vt 0.603531 0.914764
vt 0.593671 0.914764
vt 0.593671 0.085236
vt 0.593674 0.125238
vt 0.603531 0.085236
vt 0.603558 0.125238
vt 0.603592 0.166667
vt 0.593678 0.166667
vt 0.593683 0.208333
vt 0.603627 0.208333
vt 0.603660 0.250000
vt 0.593687 0.250000
vt 0.593687 0.250000
vt 0.593687 0.291678
vt 0.603660 0.250000
vt 0.603690 0.291667
vt 0.603715 0.333333
vt 0.593670 0.333423
vt 0.593648 0.374965
vt 0.582946 0.376383
vt 0.603735 0.374763
vt 0.603749 0.414767
vt 0.593700 0.414857
vt 0.583352 0.415487
vt 0.646474 0.665946
vt 0.656709 0.665085
vt 0.656360 0.708136
vt 0.646334 0.708243
vt 0.666667 0.665740
vt 0.666667 0.708218
vt 0.666667 0.750000
vt 0.656313 0.750000
vt 0.646340 0.750000
vt 0.646340 0.750000
vt 0.656313 0.750000
vt 0.656318 0.791667
vt 0.646373 0.791667
vt 0.666667 0.750000
vt 0.666667 0.791667
vt 0.666667 0.833333
vt 0.656322 0.833333
vt 0.646408 0.833333
vt 0.656326 0.874762
vt 0.646442 0.874762
vt 0.666667 0.874762
vt 0.666667 0.914764
vt 0.656330 0.914764
vt 0.646469 0.914764
vt 0.646469 0.085236
vt 0.656330 0.085236
vt 0.656326 0.125238
vt 0.646442 0.125238
vt 0.666667 0.085236
vt 0.666667 0.125238
vt 0.666667 0.166667
vt 0.656322 0.166667
vt 0.646408 0.166667
vt 0.656318 0.208333
vt 0.646373 0.208333
vt 0.666667 0.208333
vt 0.666667 0.250000
vt 0.656313 0.250000
vt 0.646340 0.250000
vt 0.656310 0.291667
vt 0.646310 0.291667
vt 0.666667 0.291667
vt 0.666667 0.333333
vt 0.656307 0.333333
vt 0.646285 0.333333
vt 0.656304 0.374763
vt 0.646265 0.374763
vt 0.666667 0.374763
vt 0.666667 0.414767
vt 0.656302 0.414767
vt 0.646251 0.414767
vt 0.676680 0.665085
vt 0.677033 0.708136
vt 0.687310 0.665946
vt 0.687476 0.708243
vt 0.687500 0.750000
vt 0.677083 0.750000
vt 0.677083 0.750000
vt 0.677083 0.791667
vt 0.687500 0.750000
vt 0.687500 0.791667
vt 0.687500 0.833333
vt 0.677083 0.833333
vt 0.677083 0.874762
vt 0.687500 0.874762
vt 0.687500 0.914764
vt 0.677083 0.914764
vt 0.677083 0.085236
vt 0.677083 0.125238
vt 0.687500 0.085236
vt 0.687500 0.125238
vt 0.687500 0.166667
vt 0.677083 0.166667
vt 0.677083 0.208333
vt 0.687500 0.208333
vt 0.687500 0.250000
vt 0.677083 0.250000
vt 0.677083 0.291667
vt 0.687500 0.291667
vt 0.687500 0.333333
vt 0.677083 0.333333
vt 0.677083 0.374763
vt 0.687500 0.374763
vt 0.687500 0.414767
vt 0.677083 0.414767
vt 0.687709 0.583919
vt 0.698275 0.583862
vt 0.697865 0.624875
vt 0.687136 0.623543
vt 0.707943 0.584560
vt 0.707905 0.625153
vt 0.707882 0.666667
vt 0.697837 0.666577
vt 0.697854 0.708322
vt 0.707857 0.708333
vt 0.707827 0.750000
vt 0.697853 0.750000
vt 0.697853 0.750000
vt 0.697849 0.791667
vt 0.707827 0.750000
vt 0.707793 0.791667
vt 0.707758 0.833333
vt 0.697845 0.833333
vt 0.697841 0.874762
vt 0.707725 0.874762
vt 0.707698 0.914764
vt 0.697837 0.914764
vt 0.697837 0.085236
vt 0.697841 0.125238
vt 0.707698 0.085236
vt 0.707725 0.125238
vt 0.707758 0.166667
vt 0.697845 0.166667
vt 0.697849 0.208333
vt 0.707793 0.208333
vt 0.707827 0.250000
vt 0.697853 0.250000
vt 0.697857 0.291667
vt 0.707857 0.291667
vt 0.707882 0.333333
vt 0.697860 0.333333
vt 0.697863 0.374763
vt 0.707902 0.374763
vt 0.707915 0.414767
vt 0.697864 0.414767
vt 0.750418 0.585233
vt 0.760467 0.585143
vt 0.760519 0.625035
vt 0.750432 0.625238
vt 0.770815 0.584513
vt 0.771221 0.623617
vt 0.771023 0.665946
vt 0.760497 0.666577
vt 0.750452 0.666667
vt 0.760479 0.708322
vt 0.750477 0.708333
vt 0.770857 0.708243
vt 0.770833 0.750000
vt 0.760480 0.750000
vt 0.750506 0.750000
vt 0.750507 0.750000
vt 0.760480 0.750000
vt 0.760484 0.791667
vt 0.750540 0.791667
vt 0.770833 0.750000
vt 0.770833 0.791667
vt 0.770833 0.833333
vt 0.760489 0.833333
vt 0.750575 0.833333
vt 0.760493 0.874762
vt 0.750608 0.874762
vt 0.770833 0.874762
vt 0.770833 0.914764
vt 0.760496 0.914764
vt 0.750636 0.914764
vt 0.750636 0.085236
vt 0.760496 0.085236
vt 0.760493 0.125238
vt 0.750608 0.125238
vt 0.770833 0.085236
vt 0.770833 0.125238
vt 0.770833 0.166667
vt 0.760489 0.166667
vt 0.750575 0.166667
vt 0.760484 0.208333
vt 0.750540 0.208333
vt 0.770833 0.208333
vt 0.770833 0.250000
vt 0.760480 0.250000
vt 0.750507 0.250000
vt 0.750506 0.250000
vt 0.760527 0.291864
vt 0.750500 0.291757
vt 0.770833 0.250000
vt 0.770833 0.291782
vt 0.770833 0.334260
vt 0.760876 0.334915
vt 0.750641 0.334054
vt 0.781653 0.665085
vt 0.781300 0.708136
vt 0.791667 0.665740
vt 0.791667 0.708218
vt 0.791667 0.750000
vt 0.781250 0.750000
vt 0.781250 0.750000
vt 0.781250 0.791667
vt 0.791667 0.750000
vt 0.791667 0.791667
vt 0.791667 0.833333
vt 0.781250 0.833333
vt 0.781250 0.874762
vt 0.791667 0.874762
vt 0.791667 0.914764
vt 0.781250 0.914764
vt 0.781250 0.085236
vt 0.781250 0.125238
vt 0.791667 0.085236
vt 0.791667 0.125238
vt 0.791667 0.166667
vt 0.781250 0.166667
vt 0.781250 0.208333
vt 0.791667 0.208333
vt 0.791667 0.250000
vt 0.781250 0.250000
vt 0.781250 0.250000
vt 0.781200 0.291864
vt 0.791643 0.291757
vt 0.791477 0.334054
vt 0.780847 0.334915
vt 0.801680 0.665085
vt 0.802033 0.708136
vt 0.812310 0.665946
vt 0.812476 0.708243
vt 0.812500 0.750000
vt 0.802083 0.750000
vt 0.802083 0.750000
vt 0.802083 0.791667
vt 0.812500 0.750000
vt 0.812500 0.791667
vt 0.812500 0.833333
vt 0.802083 0.833333
vt 0.802083 0.874762
vt 0.812500 0.874762
vt 0.812500 0.914764
vt 0.802083 0.914764
vt 0.802083 0.085236
vt 0.802083 0.125238
vt 0.812500 0.085236
vt 0.812500 0.125238
vt 0.812500 0.166667
vt 0.802083 0.166667
vt 0.802083 0.208333
vt 0.812500 0.208333
vt 0.812500 0.250000
vt 0.802083 0.250000
vt 0.802080 0.291678
vt 0.812500 0.250000
vt 0.812500 0.291667
vt 0.812500 0.333333
vt 0.802060 0.333423
vt 0.802035 0.374965
vt 0.791279 0.376383
vt 0.812500 0.374763
vt 0.812500 0.414767
vt 0.802086 0.414857
vt 0.791685 0.415487
vt 0.812709 0.583919
vt 0.823275 0.583862
vt 0.822865 0.624875
vt 0.812136 0.623543
vt 0.832943 0.584560
vt 0.832905 0.625153
vt 0.832882 0.666667
vt 0.822837 0.666577
vt 0.822854 0.708322
vt 0.832857 0.708333
vt 0.832827 0.750000
vt 0.822853 0.750000
vt 0.822853 0.750000
vt 0.822849 0.791667
vt 0.832827 0.750000
vt 0.832794 0.791667
vt 0.832758 0.833333
vt 0.822845 0.833333
vt 0.822841 0.874762
vt 0.832725 0.874762
vt 0.832698 0.914764
vt 0.822837 0.914764
vt 0.822837 0.085236
vt 0.822841 0.125238
vt 0.832698 0.085236
vt 0.832725 0.125238
vt 0.832758 0.166667
vt 0.822845 0.166667
vt 0.822849 0.208333
vt 0.832793 0.208333
vt 0.832827 0.250000
vt 0.822853 0.250000
vt 0.822857 0.291667
vt 0.812500 0.291667
vt 0.832857 0.291667
vt 0.832882 0.333333
vt 0.822860 0.333333
vt 0.812500 0.333333
vt 0.822863 0.374763
vt 0.812500 0.374763
vt 0.832902 0.374763
vt 0.832915 0.414767
vt 0.822864 0.414767
vt 0.812500 0.414767
vt 0.875609 0.584640
vt 0.885874 0.583862
vt 0.885570 0.624875
vt 0.875456 0.625163
vt 0.895836 0.583840
vt 0.896224 0.623533
vt 0.896023 0.665946
vt 0.885497 0.666577
vt 0.875451 0.666667
vt 0.885479 0.708322
vt 0.875477 0.708333
vt 0.895857 0.708243
vt 0.895833 0.750000
vt 0.885480 0.750000
vt 0.875506 0.750000
vt 0.875506 0.750000
vt 0.885480 0.750000
vt 0.885484 0.791667
vt 0.875540 0.791667
vt 0.895833 0.750000
vt 0.895833 0.791667
vt 0.895833 0.833333
vt 0.885489 0.833333
vt 0.875575 0.833333
vt 0.885493 0.874762
vt 0.875608 0.874762
vt 0.895833 0.874762
vt 0.895833 0.914764
vt 0.885496 0.914764
vt 0.875636 0.914764
vt 0.875636 0.085236
vt 0.885496 0.085236
vt 0.885493 0.125238
vt 0.875608 0.125238
vt 0.895833 0.085236
vt 0.895833 0.125238
vt 0.895833 0.166667
vt 0.885489 0.166667
vt 0.875575 0.166667
vt 0.885484 0.208333
vt 0.875540 0.208333
vt 0.895833 0.208333
vt 0.895833 0.250000
vt 0.885480 0.250000
vt 0.875507 0.250000
vt 0.875506 0.250000
vt 0.885428 0.291876
vt 0.875473 0.291782
vt 0.895833 0.291847
vt 0.895833 0.334774
vt 0.885090 0.335006
vt 0.875423 0.334260
vt 0.906653 0.665085
vt 0.906301 0.708136
vt 0.916667 0.665740
vt 0.916667 0.708218
vt 0.916667 0.750000
vt 0.906250 0.750000
vt 0.906250 0.750000
vt 0.906250 0.791667
vt 0.916667 0.750000
vt 0.916667 0.791667
vt 0.916667 0.833333
vt 0.906250 0.833333
vt 0.906250 0.874762
vt 0.916667 0.874762
vt 0.916667 0.914764
vt 0.906250 0.914764
vt 0.906250 0.085236
vt 0.906250 0.125238
vt 0.916667 0.085236
vt 0.916667 0.125238
vt 0.916667 0.166667
vt 0.906250 0.166667
vt 0.906250 0.208333
vt 0.916667 0.208333
vt 0.916667 0.250000
vt 0.906250 0.250000
vt 0.906250 0.250000
vt 0.906298 0.291876
vt 0.916667 0.250000
vt 0.916667 0.291782
vt 0.916667 0.334260
vt 0.906629 0.335005
vt 0.926681 0.665085
vt 0.927033 0.708136
vt 0.937310 0.665946
vt 0.937476 0.708243
vt 0.937500 0.750000
vt 0.927083 0.750000
vt 0.927083 0.750000
vt 0.927083 0.791667
vt 0.937500 0.750000
vt 0.937500 0.791667
vt 0.937500 0.833333
vt 0.927083 0.833333
vt 0.927083 0.874762
vt 0.937500 0.874762
vt 0.937500 0.914764
vt 0.927083 0.914764
vt 0.927083 0.085236
vt 0.927083 0.125238
vt 0.937500 0.085236
vt 0.937500 0.125238
vt 0.937500 0.166667
vt 0.927083 0.166667
vt 0.927083 0.208333
vt 0.937500 0.208333
vt 0.937500 0.250000
vt 0.927083 0.250000
vt 0.927083 0.250000
vt 0.927036 0.291876
vt 0.937500 0.250000
vt 0.937500 0.291847
vt 0.937500 0.334774
vt 0.926704 0.335006
vt 0.937709 0.583919
vt 0.948275 0.583862
vt 0.947865 0.624875
vt 0.937136 0.623543
vt 0.957943 0.584560
vt 0.957905 0.625153
vt 0.957882 0.666667
vt 0.947837 0.666577
vt 0.947854 0.708322
vt 0.957857 0.708333
vt 0.957827 0.750000
vt 0.947853 0.750000
vt 0.947853 0.750000
vt 0.947849 0.791667
vt 0.957827 0.750000
vt 0.957793 0.791667
vt 0.957758 0.833333
vt 0.947845 0.833333
vt 0.947841 0.874762
vt 0.957725 0.874762
vt 0.957698 0.914764
vt 0.947837 0.914764
vt 0.947837 0.085236
vt 0.947841 0.125238
vt 0.957698 0.085236
vt 0.957725 0.125238
vt 0.957758 0.166667
vt 0.947845 0.166667
vt 0.947849 0.208333
vt 0.957793 0.208333
vt 0.957827 0.250000
vt 0.947853 0.250000
vt 0.947853 0.250000
vt 0.947905 0.291876
vt 0.957860 0.291782
vt 0.957911 0.334260
vt 0.948243 0.335006
vt 0.000000 0.666667
vt 0.010796 0.665175
vt 0.010464 0.708147
vt 0.000000 0.708333
vt 0.020833 0.665740
vt 0.020833 0.708218
vt 0.020833 0.750000
vt 0.010417 0.750000
vt 0.000000 0.750000
vt 0.010417 0.791667
vt 0.000000 0.791667
vt 0.020833 0.791667
vt 0.020833 0.833333
vt 0.010417 0.833333
vt 0.000000 0.833333
vt 0.010417 0.874802
vt 0.000000 0.875000
vt 0.020833 0.874762
vt 0.020833 0.914764
vt 0.010417 0.914923
vt 0.000000 0.916667
vt 0.000000 0.083333
vt 0.010417 0.085078
vt 0.010417 0.125198
vt 0.000000 0.125000
vt 0.020833 0.085236
vt 0.020833 0.125238
vt 0.020833 0.166667
vt 0.010417 0.166667
vt 0.000000 0.166667
vt 0.010417 0.208333
vt 0.000000 0.208333
vt 0.020833 0.208333
vt 0.020833 0.250000
vt 0.010417 0.250000
vt 0.000000 0.250000
vt 0.010367 0.291885
vt 0.000000 0.291667
vt 0.020810 0.291770
vt 0.020645 0.334156
vt 0.010016 0.335018
vt 0.000000 0.333333
vt 0.030847 0.665085
vt 0.031200 0.708136
vt 0.041477 0.665946
vt 0.041643 0.708243
vt 0.041667 0.750000
vt 0.031250 0.750000
vt 0.020833 0.750000
vt 0.031250 0.750000
vt 0.031250 0.791667
vt 0.041667 0.750000
vt 0.041667 0.791667
vt 0.041667 0.833333
vt 0.031250 0.833333
vt 0.031250 0.874762
vt 0.020833 0.874762
vt 0.041667 0.874762
vt 0.041667 0.914764
vt 0.031250 0.914764
vt 0.020833 0.085236
vt 0.031250 0.085236
vt 0.031250 0.125238
vt 0.041667 0.085236
vt 0.041667 0.125238
vt 0.041667 0.166667
vt 0.031250 0.166667
vt 0.031250 0.208333
vt 0.020833 0.208333
vt 0.041667 0.208333
vt 0.041667 0.250000
vt 0.031250 0.250000
vt 0.031247 0.291680
vt 0.041667 0.291667
vt 0.041667 0.333333
vt 0.031226 0.333436
vt 0.031252 0.375154
vt 0.020472 0.376689
vt 0.041667 0.374847
vt 0.041667 0.415440
vt 0.031657 0.416151
vt 0.021043 0.416184
vt 0.041664 0.583840
vt 0.051702 0.583788
vt 0.051987 0.624865
vt 0.041276 0.623533
vt 0.062500 0.584046
vt 0.062500 0.625089
vt 0.062500 0.666667
vt 0.052060 0.666577
vt 0.052080 0.708322
vt 0.062500 0.708333
vt 0.062500 0.750000
vt 0.052083 0.750000
vt 0.052083 0.750000
vt 0.052083 0.791667
vt 0.062500 0.750000
vt 0.062500 0.791667
vt 0.062500 0.833333
vt 0.052083 0.833333
vt 0.052083 0.874762
vt 0.062500 0.874762
vt 0.062500 0.914764
vt 0.052083 0.914764
vt 0.052083 0.085236
vt 0.052083 0.125238
vt 0.062500 0.085236
vt 0.062500 0.125238
vt 0.062500 0.166667
vt 0.052083 0.166667
vt 0.052083 0.208333
vt 0.062500 0.208333
vt 0.062500 0.250000
vt 0.052083 0.250000
vt 0.052083 0.291667
vt 0.041667 0.291667
vt 0.062500 0.291667
vt 0.062500 0.333333
vt 0.052083 0.333333
vt 0.041667 0.333333
vt 0.052083 0.333333
vt 0.052036 0.374932
vt 0.062500 0.333333
vt 0.062500 0.374911
vt 0.062500 0.415954
vt 0.051702 0.416122
vt 0.073298 0.583788
vt 0.073013 0.624865
vt 0.083336 0.583840
vt 0.083724 0.623533
vt 0.083523 0.665946
vt 0.072940 0.666577
vt 0.072920 0.708322
vt 0.083357 0.708243
vt 0.083333 0.750000
vt 0.072917 0.750000
vt 0.072917 0.750000
vt 0.072917 0.791667
vt 0.083333 0.750000
vt 0.083333 0.791667
vt 0.083333 0.833333
vt 0.072917 0.833333
vt 0.072917 0.874762
vt 0.083333 0.874762
vt 0.083333 0.914764
vt 0.072917 0.914764
vt 0.072917 0.085236
vt 0.072917 0.125238
vt 0.083333 0.085236
vt 0.083333 0.125238
vt 0.083333 0.166667
vt 0.072917 0.166667
vt 0.072917 0.208333
vt 0.083333 0.208333
vt 0.083333 0.250000
vt 0.072917 0.250000
vt 0.072917 0.250000
vt 0.072920 0.291678
vt 0.062500 0.291667
vt 0.083333 0.250000
vt 0.083357 0.291757
vt 0.083523 0.334054
vt 0.072940 0.333423
vt 0.073013 0.375135
vt 0.083724 0.376467
vt 0.083336 0.416160
vt 0.073298 0.416212
vt 0.094100 0.665085
vt 0.093741 0.708136
vt 0.103744 0.665740
vt 0.103694 0.708218
vt 0.103660 0.750000
vt 0.093687 0.750000
vt 0.093687 0.750000
vt 0.093683 0.791667
vt 0.103660 0.750000
vt 0.103627 0.791667
vt 0.103592 0.833333
vt 0.093678 0.833333
vt 0.093674 0.874762
vt 0.103558 0.874762
vt 0.103531 0.914764
vt 0.093671 0.914764
vt 0.093671 0.085236
vt 0.093674 0.125238
vt 0.103531 0.085236
vt 0.103558 0.125238
vt 0.103592 0.166667
vt 0.093678 0.166667
vt 0.093683 0.208333
vt 0.103627 0.208333
vt 0.103660 0.250000
vt 0.093687 0.250000
vt 0.093741 0.291864
vt 0.103660 0.250000
vt 0.103694 0.291782
vt 0.103744 0.334260
vt 0.094100 0.334915
vt 0.146474 0.665946
vt 0.156709 0.665085
vt 0.156360 0.708136
vt 0.146334 0.708243
vt 0.166667 0.665740
vt 0.166667 0.708218
vt 0.166667 0.750000
vt 0.156313 0.750000
vt 0.146340 0.750000
vt 0.146340 0.750000
vt 0.156313 0.750000
vt 0.156318 0.791667
vt 0.146373 0.791667
vt 0.166667 0.750000
vt 0.166667 0.791667
vt 0.166667 0.833333
vt 0.156322 0.833333
vt 0.146408 0.833333
vt 0.156326 0.874762
vt 0.146442 0.874762
vt 0.166667 0.874762
vt 0.166667 0.914764
vt 0.156329 0.914764
vt 0.146469 0.914764
vt 0.146469 0.085236
vt 0.156329 0.085236
vt 0.156326 0.125238
vt 0.146442 0.125238
vt 0.166667 0.085236
vt 0.166667 0.125238
vt 0.166667 0.166667
vt 0.156322 0.166667
vt 0.146408 0.166667
vt 0.156318 0.208333
vt 0.146373 0.208333
vt 0.166667 0.208333
vt 0.166667 0.250000
vt 0.156313 0.250000
vt 0.146340 0.250000
vt 0.146340 0.250000
vt 0.156313 0.250000
vt 0.156259 0.291864
vt 0.146306 0.291782
vt 0.166643 0.291757
vt 0.166477 0.334054
vt 0.155900 0.334915
vt 0.146256 0.334260
vt 0.176680 0.665085
vt 0.177033 0.708136
vt 0.187310 0.665946
vt 0.187476 0.708243
vt 0.187500 0.750000
vt 0.177083 0.750000
vt 0.177083 0.750000
vt 0.177083 0.791667
vt 0.187500 0.750000
vt 0.187500 0.791667
vt 0.187500 0.833333
vt 0.177083 0.833333
vt 0.177083 0.874762
vt 0.187500 0.874762
vt 0.187500 0.914764
vt 0.177083 0.914764
vt 0.177083 0.085236
vt 0.177083 0.125238
vt 0.187500 0.085236
vt 0.187500 0.125238
vt 0.187500 0.166667
vt 0.177083 0.166667
vt 0.177083 0.208333
vt 0.187500 0.208333
vt 0.187500 0.250000
vt 0.177083 0.250000
vt 0.177083 0.250000
vt 0.177080 0.291678
vt 0.187500 0.250000
vt 0.187500 0.291667
vt 0.187500 0.333333
vt 0.177060 0.333423
vt 0.177035 0.374965
vt 0.166279 0.376383
vt 0.187500 0.374763
vt 0.187500 0.414767
vt 0.177086 0.414857
vt 0.166685 0.415487
vt 0.187688 0.583444
vt 0.197916 0.583026
vt 0.197868 0.624770
vt 0.187134 0.623483
vt 0.208143 0.584164
vt 0.208310 0.625104
vt 0.208333 0.666667
vt 0.197893 0.666577
vt 0.197914 0.708322
vt 0.208333 0.708333
vt 0.208333 0.750000
vt 0.197917 0.750000
vt 0.197917 0.750000
vt 0.197917 0.791667
vt 0.208333 0.750000
vt 0.208333 0.791667
vt 0.208333 0.833333
vt 0.197917 0.833333
vt 0.197917 0.874762
vt 0.208333 0.874762
vt 0.208333 0.914764
vt 0.197917 0.914764
vt 0.197917 0.085236
vt 0.197917 0.125238
vt 0.208333 0.085236
vt 0.208333 0.125238
vt 0.208333 0.166667
vt 0.197917 0.166667
vt 0.197917 0.208333
vt 0.208333 0.208333
vt 0.208333 0.250000
vt 0.197917 0.250000
vt 0.197920 0.291678
vt 0.208357 0.291757
vt 0.208523 0.334054
vt 0.197940 0.333423
vt 0.197965 0.374965
vt 0.208721 0.376383
vt 0.208315 0.415487
vt 0.197914 0.414857
vt 0.218345 0.583828
vt 0.218699 0.625062
vt 0.229167 0.584046
vt 0.229167 0.625089
vt 0.229167 0.666667
vt 0.218750 0.666667
vt 0.218750 0.666667
vt 0.218750 0.708333
vt 0.208333 0.708333
vt 0.229167 0.666667
vt 0.229167 0.708333
vt 0.229167 0.750000
vt 0.218750 0.750000
vt 0.218750 0.791667
vt 0.229167 0.791667
vt 0.229167 0.833333
vt 0.218750 0.833333
vt 0.218750 0.874762
vt 0.229167 0.874762
vt 0.229167 0.914764
vt 0.218750 0.914764
vt 0.218750 0.085236
vt 0.218750 0.125238
vt 0.229167 0.085236
vt 0.229167 0.125238
vt 0.229167 0.166667
vt 0.218750 0.166667
vt 0.218750 0.208333
vt 0.229167 0.208333
vt 0.229167 0.250000
vt 0.218750 0.250000
vt 0.218800 0.291864
vt 0.229167 0.250000
vt 0.229167 0.291782
vt 0.229167 0.334260
vt 0.219153 0.334915
vt 0.239988 0.583828
vt 0.239634 0.625062
vt 0.250191 0.584164
vt 0.250024 0.625104
vt 0.250000 0.666667
vt 0.239583 0.666667
vt 0.239583 0.666667
vt 0.239583 0.708333
vt 0.250000 0.708333
vt 0.250000 0.750000
vt 0.239583 0.750000
vt 0.239583 0.791667
vt 0.250000 0.791667
vt 0.250000 0.833333
vt 0.239583 0.833333
vt 0.239583 0.874762
vt 0.250000 0.874762
vt 0.250000 0.914764
vt 0.239583 0.914764
vt 0.239583 0.085236
vt 0.239583 0.125238
vt 0.250000 0.085236
vt 0.250000 0.125238
vt 0.250000 0.166667
vt 0.239583 0.166667
vt 0.239583 0.208333
vt 0.250000 0.208333
vt 0.250000 0.250000
vt 0.239583 0.250000
vt 0.239533 0.291864
vt 0.249976 0.291757
vt 0.249810 0.334054
vt 0.239180 0.334915
vt 0.260368 0.583116
vt 0.260363 0.624973
vt 0.270252 0.584164
vt 0.270381 0.625104
vt 0.270382 0.666667
vt 0.260360 0.666667
vt 0.260360 0.666667
vt 0.260357 0.708333
vt 0.270357 0.708333
vt 0.270327 0.750000
vt 0.260353 0.750000
vt 0.260349 0.791667
vt 0.270293 0.791667
vt 0.270258 0.833333
vt 0.260345 0.833333
vt 0.260341 0.874762
vt 0.270225 0.874762
vt 0.270198 0.914764
vt 0.260337 0.914764
vt 0.260337 0.085236
vt 0.260341 0.125238
vt 0.270198 0.085236
vt 0.270225 0.125238
vt 0.270258 0.166667
vt 0.260345 0.166667
vt 0.260349 0.208333
vt 0.270293 0.208333
vt 0.270327 0.250000
vt 0.260353 0.250000
vt 0.260353 0.250000
vt 0.260354 0.291678
vt 0.270357 0.291667
vt 0.270382 0.333333
vt 0.260337 0.333423
vt 0.260314 0.375230
vt 0.249634 0.376517
vt 0.270381 0.374896
vt 0.270252 0.415836
vt 0.260368 0.416974
vt 0.250188 0.416556
vt 0.313141 0.665946
vt 0.323400 0.665025
vt 0.323030 0.708128
vt 0.313000 0.708243
vt 0.333523 0.665260
vt 0.333357 0.708158
vt 0.333333 0.750000
vt 0.322980 0.750000
vt 0.313006 0.750000
vt 0.313006 0.750000
vt 0.322980 0.750000
vt 0.322984 0.791667
vt 0.313040 0.791667
vt 0.333333 0.750000
vt 0.333333 0.791667
vt 0.333333 0.833333
vt 0.322989 0.833333
vt 0.313075 0.833333
vt 0.322993 0.874762
vt 0.313108 0.874762
vt 0.333333 0.874762
vt 0.333333 0.914764
vt 0.322996 0.914764
vt 0.313136 0.914764
vt 0.313136 0.085236
vt 0.322996 0.085236
vt 0.322993 0.125238
vt 0.313108 0.125238
vt 0.333333 0.085236
vt 0.333333 0.125238
vt 0.333333 0.166667
vt 0.322989 0.166667
vt 0.313075 0.166667
vt 0.322984 0.208333
vt 0.313040 0.208333
vt 0.333333 0.208333
vt 0.333333 0.250000
vt 0.322980 0.250000
vt 0.313006 0.250000
vt 0.313006 0.250000
vt 0.322925 0.291864
vt 0.312973 0.291782
vt 0.333310 0.291757
vt 0.333144 0.334054
vt 0.322567 0.334915
vt 0.312923 0.334260
vt 0.343750 0.664043
vt 0.343750 0.708005
vt 0.353977 0.665260
vt 0.354143 0.708158
vt 0.354167 0.750000
vt 0.343750 0.750000
vt 0.343750 0.750000
vt 0.343750 0.791667
vt 0.354167 0.750000
vt 0.354167 0.791667
vt 0.354167 0.833333
vt 0.343750 0.833333
vt 0.343750 0.874762
vt 0.354167 0.874762
vt 0.354167 0.914764
vt 0.343750 0.914764
vt 0.343750 0.085236
vt 0.343750 0.125238
vt 0.354167 0.085236
vt 0.354167 0.125238
vt 0.354167 0.166667
vt 0.343750 0.166667
vt 0.343750 0.208333
vt 0.354167 0.208333
vt 0.354167 0.250000
vt 0.343750 0.250000
vt 0.343750 0.250000
vt 0.343747 0.291678
vt 0.354167 0.291667
vt 0.354167 0.333333
vt 0.343726 0.333423
vt 0.343702 0.374965
vt 0.332946 0.376383
vt 0.354167 0.374763
vt 0.354167 0.414767
vt 0.343752 0.414857
vt 0.333352 0.415487
vt 0.364157 0.665025
vt 0.364530 0.708128
vt 0.374810 0.665946
vt 0.374976 0.708243
vt 0.375000 0.750000
vt 0.364583 0.750000
vt 0.364583 0.750000
vt 0.364583 0.791667
vt 0.375000 0.750000
vt 0.375000 0.791667
vt 0.375000 0.833333
vt 0.364583 0.833333
vt 0.364583 0.874762
vt 0.375000 0.874762
vt 0.375000 0.914764
vt 0.364583 0.914764
vt 0.364583 0.085236
vt 0.364583 0.125238
vt 0.375000 0.085236
vt 0.375000 0.125238
vt 0.375000 0.166667
vt 0.364583 0.166667
vt 0.364583 0.208333
vt 0.375000 0.208333
vt 0.375000 0.250000
vt 0.364583 0.250000
vt 0.364583 0.291667
vt 0.354167 0.291667
vt 0.375000 0.291667
vt 0.375000 0.333333
vt 0.364583 0.333333
vt 0.354167 0.333333
vt 0.364583 0.374763
vt 0.354167 0.374763
vt 0.375000 0.374763
vt 0.375000 0.414767
vt 0.364583 0.414767
vt 0.354167 0.414767
vt 0.375209 0.583919
vt 0.385775 0.583862
vt 0.385365 0.624875
vt 0.374636 0.623543
vt 0.395443 0.584560
vt 0.395405 0.625153
vt 0.395382 0.666667
vt 0.385337 0.666577
vt 0.385354 0.708322
vt 0.395357 0.708333
vt 0.395327 0.750000
vt 0.385353 0.750000
vt 0.385353 0.750000
vt 0.385349 0.791667
vt 0.395327 0.750000
vt 0.395293 0.791667
vt 0.395258 0.833333
vt 0.385345 0.833333
vt 0.385341 0.874762
vt 0.395225 0.874762
vt 0.395198 0.914764
vt 0.385337 0.914764
vt 0.385337 0.085236
vt 0.385341 0.125238
vt 0.395198 0.085236
vt 0.395225 0.125238
vt 0.395258 0.166667
vt 0.385345 0.166667
vt 0.385349 0.208333
vt 0.395293 0.208333
vt 0.395327 0.250000
vt 0.385353 0.250000
vt 0.385357 0.291667
vt 0.395357 0.291667
vt 0.395382 0.333333
vt 0.385360 0.333333
vt 0.385363 0.374763
vt 0.395402 0.374763
vt 0.395415 0.414767
vt 0.385364 0.414767
vt 0.437918 0.585233
vt 0.447993 0.585159
vt 0.447974 0.625228
vt 0.437932 0.625238
vt 0.458524 0.584639
vt 0.458357 0.625163
vt 0.458333 0.666667
vt 0.447973 0.666667
vt 0.437952 0.666667
vt 0.437952 0.666667
vt 0.447973 0.666667
vt 0.447976 0.708333
vt 0.437977 0.708333
vt 0.458333 0.708333
vt 0.458333 0.750000
vt 0.447980 0.750000
vt 0.438006 0.750000
vt 0.447984 0.791667
vt 0.438040 0.791667
vt 0.458333 0.791667
vt 0.458333 0.833333
vt 0.447989 0.833333
vt 0.438075 0.833333
vt 0.447993 0.874762
vt 0.438108 0.874762
vt 0.458333 0.874762
vt 0.458333 0.914764
vt 0.447996 0.914764
vt 0.438136 0.914764
vt 0.438136 0.085236
vt 0.447996 0.085236
vt 0.447993 0.125238
vt 0.438108 0.125238
vt 0.458333 0.085236
vt 0.458333 0.125238
vt 0.458333 0.166667
vt 0.447989 0.166667
vt 0.438075 0.166667
vt 0.447984 0.208333
vt 0.438040 0.208333
vt 0.458333 0.208333
vt 0.458333 0.250000
vt 0.447980 0.250000
vt 0.438006 0.250000
vt 0.438006 0.250000
vt 0.447980 0.250000
vt 0.447925 0.291864
vt 0.437973 0.291782
vt 0.458310 0.291757
vt 0.458144 0.334054
vt 0.447567 0.334915
vt 0.437923 0.334260
vt 0.469155 0.583952
vt 0.468801 0.625077
vt 0.479167 0.584560
vt 0.479167 0.625153
vt 0.479167 0.666667
vt 0.468750 0.666667
vt 0.468750 0.666667
vt 0.468750 0.708333
vt 0.479167 0.666667
vt 0.479167 0.708333
vt 0.479167 0.750000
vt 0.468750 0.750000
vt 0.468750 0.791667
vt 0.479167 0.791667
vt 0.479167 0.833333
vt 0.468750 0.833333
vt 0.468750 0.874762
vt 0.479167 0.874762
vt 0.479167 0.914764
vt 0.468750 0.914764
vt 0.468750 0.085236
vt 0.468750 0.125238
vt 0.479167 0.085236
vt 0.479167 0.125238
vt 0.479167 0.166667
vt 0.468750 0.166667
vt 0.468750 0.208333
vt 0.479167 0.208333
vt 0.479167 0.250000
vt 0.468750 0.250000
vt 0.468750 0.250000
vt 0.468747 0.291678
vt 0.479167 0.250000
vt 0.479167 0.291667
vt 0.479167 0.333333
vt 0.468726 0.333423
vt 0.468702 0.374965
vt 0.457946 0.376383
vt 0.479167 0.374763
vt 0.479167 0.414767
vt 0.468752 0.414857
vt 0.458352 0.415487
vt 0.489202 0.583878
vt 0.489536 0.625068
vt 0.489583 0.666667
vt 0.489583 0.666667
vt 0.489583 0.708333
vt 0.489583 0.750000
vt 0.489583 0.791667
vt 0.489583 0.833333
vt 0.489583 0.874762
vt 0.489583 0.914764
vt 0.489583 0.085236
vt 0.489583 0.125238
vt 0.489583 0.166667
vt 0.489583 0.208333
vt 0.489583 0.250000
vt 0.489586 0.291678
vt 0.489607 0.333423
vt 0.489632 0.374965
vt 0.500388 0.376383
vt 0.499982 0.415487
vt 0.489581 0.414857
vt 0.489549 0.451109
vt 0.479167 0.451098
vt 0.499727 0.451188
vt 0.499692 0.478215
vt 0.489545 0.478215
vt 0.479167 0.478215
vt 0.593733 0.451109
vt 0.583607 0.451188
vt 0.603757 0.451098
vt 0.603760 0.478215
vt 0.593738 0.478215
vt 0.583642 0.478215
vt 0.583642 0.521785
vt 0.593738 0.521785
vt 0.593733 0.548891
vt 0.583607 0.548812
vt 0.603760 0.521785
vt 0.603757 0.548902
vt 0.656301 0.451098
vt 0.646243 0.451098
vt 0.666667 0.451098
vt 0.666667 0.478215
vt 0.656301 0.478215
vt 0.646240 0.478215
vt 0.677083 0.451098
vt 0.687500 0.451098
vt 0.687500 0.478215
vt 0.677083 0.478215
vt 0.697865 0.451098
vt 0.707923 0.451098
vt 0.707927 0.478215
vt 0.697866 0.478215
vt 0.750407 0.521785
vt 0.760429 0.521785
vt 0.760434 0.548891
vt 0.750410 0.548902
vt 0.770525 0.521785
vt 0.770560 0.548812
vt 0.802118 0.451109
vt 0.791940 0.451188
vt 0.812500 0.451098
vt 0.812500 0.478215
vt 0.802122 0.478215
vt 0.791975 0.478215
vt 0.822865 0.451098
vt 0.812500 0.451098
vt 0.832923 0.451098
vt 0.832927 0.478215
vt 0.822866 0.478215
vt 0.812500 0.478215
vt 0.177118 0.451109
vt 0.166940 0.451188
vt 0.187500 0.451098
vt 0.187500 0.478215
vt 0.177122 0.478215
vt 0.166975 0.478215
vt 0.197883 0.451109
vt 0.208060 0.451188
vt 0.208025 0.478215
vt 0.197878 0.478215
vt 0.343784 0.451109
vt 0.333607 0.451188
vt 0.354167 0.451098
vt 0.354167 0.478215
vt 0.343789 0.478215
vt 0.333642 0.478215
vt 0.364583 0.451098
vt 0.354167 0.451098
vt 0.375000 0.451098
vt 0.375000 0.478215
vt 0.364583 0.478215
vt 0.354167 0.478215
vt 0.385365 0.451098
vt 0.395423 0.451098
vt 0.395427 0.478215
vt 0.385366 0.478215
vt 0.437907 0.521785
vt 0.447966 0.521711
vt 0.448017 0.548735
vt 0.437910 0.548902
vt 0.458319 0.521192
vt 0.458724 0.547566
vt 0.468784 0.451109
vt 0.458607 0.451188
vt 0.468789 0.478215
vt 0.458642 0.478215
vt 0.500000 0.978500
vt 0.510334 0.978500
vt 0.510348 0.993031
vt 0.500000 0.993031
vt 0.520173 0.978500
vt 0.520230 0.993031
vt 0.520833 1.000000
vt 0.510417 1.000000
vt 0.500000 1.000000
vt 0.500000 0.000000
vt 0.510417 0.000000
vt 0.510348 0.006969
vt 0.500000 0.006969
vt 0.520833 0.000000
vt 0.520230 0.006969
vt 0.520173 0.021500
vt 0.510334 0.021500
vt 0.500000 0.021500
vt 0.563160 0.978500
vt 0.572999 0.978500
vt 0.572985 0.993031
vt 0.563103 0.993031
vt 0.583333 0.978500
vt 0.583333 0.993031
vt 0.583333 1.000000
vt 0.572917 1.000000
vt 0.562500 1.000000
vt 0.562500 0.000000
vt 0.572917 0.000000
vt 0.572985 0.006969
vt 0.563103 0.006969
vt 0.583333 0.000000
vt 0.583333 0.006969
vt 0.583333 0.021500
vt 0.572999 0.021500
vt 0.563160 0.021500
vt 0.593668 0.978500
vt 0.593681 0.993031
vt 0.603507 0.978500
vt 0.603564 0.993031
vt 0.604167 1.000000
vt 0.593750 1.000000
vt 0.593750 0.000000
vt 0.593681 0.006969
vt 0.604167 0.000000
vt 0.603564 0.006969
vt 0.603507 0.021500
vt 0.593667 0.021500
vt 0.646494 0.978500
vt 0.656333 0.978500
vt 0.656319 0.993031
vt 0.646436 0.993031
vt 0.666667 0.978500
vt 0.666667 0.993031
vt 0.666667 1.000000
vt 0.656250 1.000000
vt 0.645833 1.000000
vt 0.645833 0.000000
vt 0.656250 0.000000
vt 0.656319 0.006969
vt 0.646436 0.006969
vt 0.666667 0.000000
vt 0.666667 0.006969
vt 0.666667 0.021500
vt 0.656333 0.021500
vt 0.646494 0.021500
vt 0.677083 0.978500
vt 0.677083 0.993031
vt 0.687500 0.978500
vt 0.687500 0.993031
vt 0.687500 1.000000
vt 0.677083 1.000000
vt 0.677083 0.000000
vt 0.677083 0.006969
vt 0.687500 0.000000
vt 0.687500 0.006969
vt 0.687500 0.021500
vt 0.677083 0.021500
vt 0.697834 0.978500
vt 0.697848 0.993031
vt 0.707673 0.978500
vt 0.707730 0.993031
vt 0.708333 1.000000
vt 0.697917 1.000000
vt 0.697917 0.000000
vt 0.697848 0.006969
vt 0.708333 0.000000
vt 0.707730 0.006969
vt 0.707673 0.021500
vt 0.697834 0.021500
vt 0.750660 0.978500
vt 0.760499 0.978500
vt 0.760485 0.993031
vt 0.750603 0.993031
vt 0.770833 0.978500
vt 0.770833 0.993031
vt 0.770833 1.000000
vt 0.760417 1.000000
vt 0.750000 1.000000
vt 0.750000 0.000000
vt 0.760417 0.000000
vt 0.760485 0.006969
vt 0.750603 0.006969
vt 0.770833 0.000000
vt 0.770833 0.006969
vt 0.770833 0.021500
vt 0.760499 0.021500
vt 0.750660 0.021500
vt 0.781250 0.978500
vt 0.781250 0.993031
vt 0.791667 0.978500
vt 0.791667 0.993031
vt 0.791667 1.000000
vt 0.781250 1.000000
vt 0.781250 0.000000
vt 0.781250 0.006969
vt 0.791667 0.000000
vt 0.791667 0.006969
vt 0.791667 0.021500
vt 0.781250 0.021500
vt 0.802083 0.978500
vt 0.802083 0.993031
vt 0.812500 0.978500
vt 0.812500 0.993031
vt 0.812500 1.000000
vt 0.802083 1.000000
vt 0.802083 0.000000
vt 0.802083 0.006969
vt 0.812500 0.000000
vt 0.812500 0.006969
vt 0.812500 0.021500
vt 0.802083 0.021500
vt 0.822834 0.978500
vt 0.822848 0.993031
vt 0.832673 0.978500
vt 0.832730 0.993031
vt 0.833333 1.000000
vt 0.822917 1.000000
vt 0.822917 0.000000
vt 0.822848 0.006969
vt 0.833333 0.000000
vt 0.832730 0.006969
vt 0.832673 0.021500
vt 0.822834 0.021500
vt 0.875660 0.978500
vt 0.885499 0.978500
vt 0.885485 0.993031
vt 0.875603 0.993031
vt 0.895833 0.978500
vt 0.895833 0.993031
vt 0.895833 1.000000
vt 0.885417 1.000000
vt 0.875000 1.000000
vt 0.875000 0.000000
vt 0.885417 0.000000
vt 0.885485 0.006969
vt 0.875603 0.006969
vt 0.895833 0.000000
vt 0.895833 0.006969
vt 0.895833 0.021500
vt 0.885499 0.021500
vt 0.875660 0.021500
vt 0.906250 0.978500
vt 0.906250 0.993031
vt 0.916667 0.978500
vt 0.916667 0.993031
vt 0.916667 1.000000
vt 0.906250 1.000000
vt 0.906250 0.000000
vt 0.906250 0.006969
vt 0.916667 0.000000
vt 0.916667 0.006969
vt 0.916667 0.021500
vt 0.906250 0.021500
vt 0.927083 0.978500
vt 0.927083 0.993031
vt 0.937500 0.978500
vt 0.937500 0.993031
vt 0.937500 1.000000
vt 0.927083 1.000000
vt 0.927083 0.000000
vt 0.927083 0.006969
vt 0.937500 0.000000
vt 0.937500 0.006969
vt 0.937500 0.021500
vt 0.927083 0.021500
vt 0.947834 0.978500
vt 0.947848 0.993031
vt 0.957673 0.978500
vt 0.957730 0.993031
vt 0.958333 1.000000
vt 0.947917 1.000000
vt 0.947917 0.000000
vt 0.947848 0.006969
vt 0.958333 0.000000
vt 0.957730 0.006969
vt 0.957673 0.021500
vt 0.947834 0.021500
vt 0.000000 0.988583
vt 0.010417 0.979340
vt 0.010417 0.993242
vt 0.000000 0.994292
vt 0.020833 0.978500
vt 0.020833 0.993031
vt 0.020833 1.000000
vt 0.010417 1.000000
vt 0.000000 1.000000
vt 0.000000 0.000000
vt 0.010417 0.000000
vt 0.010417 0.006759
vt 0.000000 0.005708
vt 0.020833 0.000000
vt 0.020833 0.006969
vt 0.020833 0.021500
vt 0.010417 0.020660
vt 0.000000 0.011417
vt 0.031250 0.978500
vt 0.031250 0.993031
vt 0.041667 0.978500
vt 0.041667 0.993031
vt 0.041667 1.000000
vt 0.031250 1.000000
vt 0.031250 0.000000
vt 0.031250 0.006969
vt 0.041667 0.000000
vt 0.041667 0.006969
vt 0.041667 0.021500
vt 0.031250 0.021500
vt 0.052083 0.978500
vt 0.052083 0.993031
vt 0.062500 0.978500
vt 0.062500 0.993031
vt 0.062500 1.000000
vt 0.052083 1.000000
vt 0.052083 0.000000
vt 0.052083 0.006969
vt 0.062500 0.000000
vt 0.062500 0.006969
vt 0.062500 0.021500
vt 0.052083 0.021500
vt 0.072917 0.978500
vt 0.072917 0.993031
vt 0.083333 0.978500
vt 0.083333 0.993031
vt 0.083333 1.000000
vt 0.072917 1.000000
vt 0.072917 0.000000
vt 0.072917 0.006969
vt 0.083333 0.000000
vt 0.083333 0.006969
vt 0.083333 0.021500
vt 0.072917 0.021500
vt 0.093667 0.978500
vt 0.093681 0.993031
vt 0.103506 0.978500
vt 0.103564 0.993031
vt 0.104167 1.000000
vt 0.093750 1.000000
vt 0.093750 0.000000
vt 0.093681 0.006969
vt 0.104167 0.000000
vt 0.103564 0.006969
vt 0.103506 0.021500
vt 0.093667 0.021500
vt 0.146494 0.978500
vt 0.156333 0.978500
vt 0.156319 0.993031
vt 0.146436 0.993031
vt 0.166667 0.978500
vt 0.166667 0.993031
vt 0.166667 1.000000
vt 0.156250 1.000000
vt 0.145833 1.000000
vt 0.145833 0.000000
vt 0.156250 0.000000
vt 0.156319 0.006969
vt 0.146436 0.006969
vt 0.166667 0.000000
vt 0.166667 0.006969
vt 0.166667 0.021500
vt 0.156333 0.021500
vt 0.146494 0.021500
vt 0.177083 0.978500
vt 0.177083 0.993031
vt 0.187500 0.978500
vt 0.187500 0.993031
vt 0.187500 1.000000
vt 0.177083 1.000000
vt 0.177083 0.000000
vt 0.177083 0.006969
vt 0.187500 0.000000
vt 0.187500 0.006969
vt 0.187500 0.021500
vt 0.177083 0.021500
vt 0.197917 0.978500
vt 0.197917 0.993031
vt 0.208333 0.978500
vt 0.208333 0.993031
vt 0.208333 1.000000
vt 0.197917 1.000000
vt 0.197917 0.000000
vt 0.197917 0.006969
vt 0.208333 0.000000
vt 0.208333 0.006969
vt 0.208333 0.021500
vt 0.197917 0.021500
vt 0.218750 0.978500
vt 0.218750 0.993031
vt 0.229167 0.978500
vt 0.229167 0.993031
vt 0.229167 1.000000
vt 0.218750 1.000000
vt 0.218750 0.000000
vt 0.218750 0.006969
vt 0.229167 0.000000
vt 0.229167 0.006969
vt 0.229167 0.021500
vt 0.218750 0.021500
vt 0.239583 0.978500
vt 0.239583 0.993031
vt 0.250000 0.978500
vt 0.250000 0.993031
vt 0.250000 1.000000
vt 0.239583 1.000000
vt 0.239583 0.000000
vt 0.239583 0.006969
vt 0.250000 0.000000
vt 0.250000 0.006969
vt 0.250000 0.021500
vt 0.239583 0.021500
vt 0.260334 0.978500
vt 0.260348 0.993031
vt 0.270173 0.978500
vt 0.270230 0.993031
vt 0.270833 1.000000
vt 0.260417 1.000000
vt 0.260417 0.000000
vt 0.260348 0.006969
vt 0.270833 0.000000
vt 0.270230 0.006969
vt 0.270173 0.021500
vt 0.260334 0.021500
vt 0.313160 0.978500
vt 0.322999 0.978500
vt 0.322985 0.993031
vt 0.313103 0.993031
vt 0.333333 0.978500
vt 0.333333 0.993031
vt 0.333333 1.000000
vt 0.322917 1.000000
vt 0.312500 1.000000
vt 0.312500 0.000000
vt 0.322917 0.000000
vt 0.322985 0.006969
vt 0.313103 0.006969
vt 0.333333 0.000000
vt 0.333333 0.006969
vt 0.333333 0.021500
vt 0.322999 0.021500
vt 0.313160 0.021500
vt 0.343750 0.978500
vt 0.343750 0.993031
vt 0.354167 0.978500
vt 0.354167 0.993031
vt 0.354167 1.000000
vt 0.343750 1.000000
vt 0.343750 0.000000
vt 0.343750 0.006969
vt 0.354167 0.000000
vt 0.354167 0.006969
vt 0.354167 0.021500
vt 0.343750 0.021500
vt 0.364583 0.978500
vt 0.364583 0.993031
vt 0.375000 0.978500
vt 0.375000 0.993031
vt 0.375000 1.000000
vt 0.364583 1.000000
vt 0.364583 0.000000
vt 0.364583 0.006969
vt 0.375000 0.000000
vt 0.375000 0.006969
vt 0.375000 0.021500
vt 0.364583 0.021500
vt 0.385334 0.978500
vt 0.385348 0.993031
vt 0.395173 0.978500
vt 0.395230 0.993031
vt 0.395833 1.000000
vt 0.385417 1.000000
vt 0.385417 0.000000
vt 0.385348 0.006969
vt 0.395833 0.000000
vt 0.395230 0.006969
vt 0.395173 0.021500
vt 0.385334 0.021500
vt 0.438160 0.978500
vt 0.447999 0.978500
vt 0.447985 0.993031
vt 0.438103 0.993031
vt 0.458333 0.978500
vt 0.458333 0.993031
vt 0.458333 1.000000
vt 0.447917 1.000000
vt 0.437500 1.000000
vt 0.437500 0.000000
vt 0.447917 0.000000
vt 0.447985 0.006969
vt 0.438103 0.006969
vt 0.458333 0.000000
vt 0.458333 0.006969
vt 0.458333 0.021500
vt 0.447999 0.021500
vt 0.438160 0.021500
vt 0.468750 0.978500
vt 0.468750 0.993031
vt 0.479167 0.978500
vt 0.479167 0.993031
vt 0.479167 1.000000
vt 0.468750 1.000000
vt 0.468750 0.000000
vt 0.468750 0.006969
vt 0.479167 0.000000
vt 0.479167 0.006969
vt 0.479167 0.021500
vt 0.468750 0.021500
vt 0.489583 0.021500
vt 0.489583 0.006969
vt 0.500000 0.006969
vt 0.479167 0.021500
vt 0.479167 0.006969
vt 0.489583 0.000000
vt 0.489583 1.000000
vt 0.489583 0.993031
vt 0.500000 0.993031
vt 0.479167 0.993031
vt 0.479167 0.978500
vt 0.489583 0.978500
vt 0.500000 0.978500
vt 0.489583 0.951127
vt 0.479167 0.951127
vt 0.500000 0.951127
vt 0.489583 0.978500
vt 0.479167 0.978500
vt 0.510335 0.951127
vt 0.520180 0.951127
vt 0.520173 0.978500
vt 0.510334 0.978500
vt 0.510334 0.021500
vt 0.510335 0.048873
vt 0.500000 0.048873
vt 0.520173 0.021500
vt 0.520180 0.048873
vt 0.479167 0.021500
vt 0.489583 0.021500
vt 0.489583 0.048873
vt 0.479167 0.048873
vt 0.572998 0.951127
vt 0.563154 0.951127
vt 0.583333 0.951127
vt 0.583333 0.978500
vt 0.572999 0.978500
vt 0.563160 0.978500
vt 0.563160 0.021500
vt 0.572999 0.021500
vt 0.572998 0.048873
vt 0.563154 0.048873
vt 0.583333 0.021500
vt 0.583333 0.048873
vt 0.593668 0.951127
vt 0.603513 0.951127
vt 0.603507 0.978500
vt 0.593668 0.978500
vt 0.593668 0.021500
vt 0.593668 0.048873
vt 0.603506 0.021500
vt 0.603513 0.048873
vt 0.656332 0.951127
vt 0.646487 0.951127
vt 0.666667 0.951127
vt 0.666667 0.978500
vt 0.656333 0.978500
vt 0.646494 0.978500
vt 0.646494 0.021500
vt 0.656333 0.021500
vt 0.656332 0.048873
vt 0.646487 0.048873
vt 0.666667 0.021500
vt 0.666667 0.048873
vt 0.677083 0.951127
vt 0.687500 0.951127
vt 0.687500 0.978500
vt 0.677083 0.978500
vt 0.677083 0.048873
vt 0.687500 0.021500
vt 0.687500 0.048873
vt 0.697835 0.951127
vt 0.707680 0.951127
vt 0.707673 0.978500
vt 0.697834 0.978500
vt 0.697835 0.048873
vt 0.707680 0.048873
vt 0.760498 0.951127
vt 0.750654 0.951127
vt 0.770833 0.951127
vt 0.770833 0.978500
vt 0.760499 0.978500
vt 0.750660 0.978500
vt 0.760499 0.021500
vt 0.760498 0.048873
vt 0.750653 0.048873
vt 0.770833 0.021500
vt 0.770833 0.048873
vt 0.781250 0.951127
vt 0.791667 0.951127
vt 0.791667 0.978500
vt 0.781250 0.978500
vt 0.781250 0.048873
vt 0.791667 0.021500
vt 0.791667 0.048873
vt 0.802083 0.951127
vt 0.812500 0.951127
vt 0.812500 0.978500
vt 0.802083 0.978500
vt 0.802083 0.021500
vt 0.802083 0.048873
vt 0.812500 0.021500
vt 0.812500 0.048873
vt 0.822835 0.951127
vt 0.832680 0.951127
vt 0.832673 0.978500
vt 0.822834 0.978500
vt 0.822834 0.021500
vt 0.822835 0.048873
vt 0.832673 0.021500
vt 0.832680 0.048873
vt 0.885498 0.951127
vt 0.875653 0.951127
vt 0.895833 0.951127
vt 0.895833 0.978500
vt 0.885499 0.978500
vt 0.875660 0.978500
vt 0.875660 0.021500
vt 0.885499 0.021500
vt 0.885498 0.048873
vt 0.875654 0.048873
vt 0.895833 0.021500
vt 0.895833 0.048873
vt 0.906250 0.951127
vt 0.916667 0.951127
vt 0.916667 0.978500
vt 0.906250 0.978500
vt 0.906250 0.021500
vt 0.906250 0.048873
vt 0.916667 0.021500
vt 0.916667 0.048873
vt 0.927083 0.951127
vt 0.937500 0.951127
vt 0.937500 0.978500
vt 0.927083 0.978500
vt 0.927083 0.021500
vt 0.927083 0.048873
vt 0.937500 0.021500
vt 0.937500 0.048873
vt 0.947835 0.951127
vt 0.957680 0.951127
vt 0.957673 0.978500
vt 0.947834 0.978500
vt 0.947834 0.021500
vt 0.947835 0.048873
vt 0.957673 0.021500
vt 0.957680 0.048873
vt 0.010417 0.951377
vt 0.000000 0.952625
vt 0.020833 0.951127
vt 0.010417 0.048624
vt 0.000000 0.047375
vt 0.020833 0.048873
vt 0.031250 0.951127
vt 0.041667 0.951127
vt 0.041667 0.978500
vt 0.031250 0.978500
vt 0.020833 0.978500
vt 0.020833 0.021500
vt 0.031250 0.021500
vt 0.031250 0.048873
vt 0.020833 0.048873
vt 0.041667 0.021500
vt 0.041667 0.048873
vt 0.052083 0.951127
vt 0.062500 0.951127
vt 0.062500 0.978500
vt 0.052083 0.978500
vt 0.052083 0.021500
vt 0.052083 0.048873
vt 0.062500 0.021500
vt 0.062500 0.048873
vt 0.072917 0.951127
vt 0.083333 0.951127
vt 0.083333 0.978500
vt 0.072917 0.978500
vt 0.072917 0.021500
vt 0.072917 0.048873
vt 0.083333 0.021500
vt 0.083333 0.048873
vt 0.093668 0.951127
vt 0.103513 0.951127
vt 0.103506 0.978500
vt 0.093667 0.978500
vt 0.093667 0.021500
vt 0.093668 0.048873
vt 0.103506 0.021500
vt 0.103513 0.048873
vt 0.156332 0.951127
vt 0.146487 0.951127
vt 0.166667 0.951127
vt 0.166667 0.978500
vt 0.156333 0.978500
vt 0.146494 0.978500
vt 0.146494 0.021500
vt 0.156333 0.021500
vt 0.156332 0.048873
vt 0.146487 0.048873
vt 0.166667 0.021500
vt 0.166667 0.048873
vt 0.177083 0.951127
vt 0.187500 0.951127
vt 0.187500 0.978500
vt 0.177083 0.978500
vt 0.177083 0.021500
vt 0.177083 0.048873
vt 0.187500 0.021500
vt 0.187500 0.048873
vt 0.197917 0.951127
vt 0.208333 0.951127
vt 0.208333 0.978500
vt 0.197917 0.978500
vt 0.197917 0.021500
vt 0.197917 0.048873
vt 0.208333 0.021500
vt 0.208333 0.048873
vt 0.218750 0.951127
vt 0.229167 0.951127
vt 0.229167 0.978500
vt 0.218750 0.978500
vt 0.218750 0.021500
vt 0.218750 0.048873
vt 0.229167 0.021500
vt 0.229167 0.048873
vt 0.239583 0.951127
vt 0.250000 0.951127
vt 0.250000 0.978500
vt 0.239583 0.978500
vt 0.239583 0.021500
vt 0.239583 0.048873
vt 0.250000 0.021500
vt 0.250000 0.048873
vt 0.260335 0.951127
vt 0.270180 0.951127
vt 0.270173 0.978500
vt 0.260334 0.978500
vt 0.260334 0.021500
vt 0.260335 0.048873
vt 0.270173 0.021500
vt 0.270180 0.048873
vt 0.322998 0.951127
vt 0.313153 0.951127
vt 0.333333 0.951127
vt 0.333333 0.978500
vt 0.322999 0.978500
vt 0.313160 0.978500
vt 0.313160 0.021500
vt 0.322999 0.021500
vt 0.322998 0.048873
vt 0.313153 0.048873
vt 0.333333 0.048873
vt 0.343750 0.951127
vt 0.354167 0.951127
vt 0.354167 0.978500
vt 0.343750 0.978500
vt 0.343750 0.021500
vt 0.343750 0.048873
vt 0.354167 0.021500
vt 0.354167 0.048873
vt 0.364583 0.951127
vt 0.375000 0.951127
vt 0.375000 0.978500
vt 0.364583 0.978500
vt 0.364583 0.048873
vt 0.375000 0.021500
vt 0.375000 0.048873
vt 0.385335 0.951127
vt 0.395180 0.951127
vt 0.395173 0.978500
vt 0.385334 0.978500
vt 0.385334 0.021500
vt 0.385335 0.048873
vt 0.395173 0.021500
vt 0.395180 0.048873
vt 0.447998 0.951127
vt 0.438153 0.951127
vt 0.458333 0.951127
vt 0.458333 0.978500
vt 0.447999 0.978500
vt 0.438160 0.978500
vt 0.438160 0.021500
vt 0.447999 0.021500
vt 0.447998 0.048873
vt 0.438153 0.048873
vt 0.458333 0.021500
vt 0.458333 0.048873
vt 0.468750 0.951127
vt 0.468750 0.978500
vt 0.468750 0.021500
vt 0.468750 0.048873
vt 0.603759 0.503089
vt 0.593701 0.503087
vt 0.593647 0.501050
vt 0.603758 0.501055
vt 0.583349 0.503070
vt 0.582920 0.501014
vt 0.582953 0.500000
vt 0.593651 0.500000
vt 0.603758 0.500000
vt 0.593647 0.498950
vt 0.603758 0.498945
vt 0.582920 0.498986
vt 0.583349 0.496930
vt 0.593701 0.496913
vt 0.603759 0.496911
vt 0.666667 0.499864
vt 0.656705 0.499930
vt 0.656352 0.498936
vt 0.666667 0.498928
vt 0.646432 0.499981
vt 0.646266 0.498943
vt 0.646241 0.496911
vt 0.656301 0.496911
vt 0.666667 0.496911
vt 0.687500 0.499962
vt 0.676703 0.499928
vt 0.677036 0.498936
vt 0.687500 0.498940
vt 0.677083 0.496911
vt 0.687500 0.496911
vt 0.707952 0.499864
vt 0.698249 0.499928
vt 0.697914 0.498936
vt 0.707928 0.498928
vt 0.697866 0.496911
vt 0.707925 0.496911
vt 0.770818 0.503070
vt 0.760466 0.503087
vt 0.760567 0.501058
vt 0.771223 0.501029
vt 0.750408 0.503089
vt 0.750433 0.501058
vt 0.750599 0.500019
vt 0.760896 0.500067
vt 0.771024 0.500117
vt 0.812500 0.499962
vt 0.801679 0.499930
vt 0.801987 0.498941
vt 0.812500 0.498940
vt 0.791477 0.499884
vt 0.791278 0.498971
vt 0.791683 0.496930
vt 0.802085 0.496913
vt 0.812500 0.496911
vt 0.832952 0.499864
vt 0.823249 0.499928
vt 0.822914 0.498936
vt 0.832928 0.498928
vt 0.822866 0.496911
vt 0.832925 0.496911
vt 0.187500 0.499839
vt 0.177060 0.499874
vt 0.177035 0.498934
vt 0.187500 0.498925
vt 0.166477 0.499858
vt 0.166277 0.498968
vt 0.166682 0.496930
vt 0.177085 0.496913
vt 0.187500 0.496911
vt 0.208333 0.499871
vt 0.197917 0.499876
vt 0.197962 0.498935
vt 0.208699 0.498969
vt 0.197915 0.496913
vt 0.208318 0.496930
vt 0.353976 0.499852
vt 0.343726 0.499877
vt 0.343701 0.498935
vt 0.354143 0.498926
vt 0.333333 0.499871
vt 0.332968 0.498969
vt 0.333349 0.496930
vt 0.343752 0.496913
vt 0.354167 0.496911
vt 0.375000 0.499962
vt 0.364179 0.499926
vt 0.364533 0.498936
vt 0.375000 0.498940
vt 0.364583 0.496911
vt 0.375000 0.496911
vt 0.395452 0.499864
vt 0.385749 0.499928
vt 0.385414 0.498936
vt 0.395428 0.498928
vt 0.385366 0.496911
vt 0.395425 0.496911
vt 0.458318 0.503070
vt 0.447966 0.503087
vt 0.447966 0.501058
vt 0.458699 0.501014
vt 0.437908 0.503089
vt 0.437905 0.501072
vt 0.437882 0.500136
vt 0.447584 0.500067
vt 0.458333 0.500000
vt 0.479167 0.499864
vt 0.469130 0.499933
vt 0.468752 0.498942
vt 0.479167 0.498928
vt 0.457968 0.498986
vt 0.458349 0.496930
vt 0.468752 0.496913
vt 0.479167 0.496911
vt 0.489581 0.496913
vt 0.489584 0.498941
vt 0.479167 0.498928
vt 0.499984 0.496930
vt 0.500389 0.498983
vt 0.500190 0.499981
vt 0.489227 0.499930
vt 0.479167 0.499864
vt 0.499984 0.496930
vt 0.489581 0.496913
vt 0.489549 0.491948
vt 0.499728 0.491950
vt 0.479167 0.491947
vt 0.489545 0.478215
vt 0.499692 0.478215
vt 0.593733 0.491948
vt 0.583605 0.491950
vt 0.603760 0.491947
vt 0.603759 0.496911
vt 0.583349 0.496930
vt 0.593701 0.503087
vt 0.593733 0.508053
vt 0.583605 0.508050
vt 0.603760 0.508053
vt 0.656301 0.491947
vt 0.646240 0.491947
vt 0.666667 0.491947
vt 0.666667 0.496911
vt 0.656301 0.496911
vt 0.646241 0.496911
vt 0.677083 0.491947
vt 0.687500 0.491947
vt 0.687500 0.496911
vt 0.677083 0.496911
vt 0.697866 0.491947
vt 0.707927 0.491947
vt 0.707925 0.496911
vt 0.697866 0.496911
vt 0.750408 0.503089
vt 0.760466 0.503087
vt 0.760434 0.508053
vt 0.750407 0.508053
vt 0.770818 0.503070
vt 0.770562 0.508050
vt 0.802117 0.491948
vt 0.791938 0.491950
vt 0.812500 0.491947
vt 0.802085 0.496913
vt 0.791683 0.496930
vt 0.822866 0.491947
vt 0.812500 0.491947
vt 0.832927 0.491947
vt 0.832925 0.496911
vt 0.822866 0.496911
vt 0.812500 0.496911
vt 0.177117 0.491948
vt 0.166938 0.491950
vt 0.187500 0.491947
vt 0.187500 0.496911
vt 0.177085 0.496913
vt 0.166682 0.496930
vt 0.197883 0.491948
vt 0.208062 0.491950
vt 0.208318 0.496930
vt 0.197915 0.496913
vt 0.343784 0.491948
vt 0.333605 0.491950
vt 0.354167 0.491947
vt 0.354167 0.496911
vt 0.364583 0.491947
vt 0.354167 0.491947
vt 0.375000 0.491947
vt 0.375000 0.496911
vt 0.364583 0.496911
vt 0.354167 0.496911
vt 0.385366 0.491947
vt 0.395427 0.491947
vt 0.395425 0.496911
vt 0.385366 0.496911
vt 0.437908 0.503089
vt 0.447966 0.503087
vt 0.447938 0.508043
vt 0.437907 0.508053
vt 0.458098 0.507976
vt 0.468784 0.491948
vt 0.458605 0.491950
vt 0.479167 0.491947
vt 0.468752 0.496913
vt 0.458349 0.496930
vt 0.524733 0.423891
vt 0.521941 0.426206
vt 0.521779 0.414118
vt 0.523548 0.405769
vt 0.520833 0.416667
vt 0.520880 0.412977
vt 0.521941 0.426206
vt 0.520833 0.407412
vt 0.523548 0.405769
vt 0.519915 0.416511
vt 0.520222 0.413602
vt 0.520880 0.412977
vt 0.518996 0.416355
vt 0.519915 0.411883
vt 0.519915 0.411883
vt 0.558601 0.576109
vt 0.561392 0.573794
vt 0.561554 0.585881
vt 0.559786 0.594231
vt 0.562500 0.583333
vt 0.562453 0.587023
vt 0.561392 0.573794
vt 0.562500 0.592588
vt 0.562453 0.587023
vt 0.563419 0.583489
vt 0.563112 0.586398
vt 0.562453 0.587023
vt 0.564337 0.583646
vt 0.563419 0.588117
vt 0.562453 0.587023
vt 0.563419 0.588117
vt 0.566789 0.423891
vt 0.563657 0.426206
vt 0.563501 0.414119
vt 0.565524 0.405769
vt 0.562500 0.416667
vt 0.562554 0.412977
vt 0.563657 0.426206
vt 0.562500 0.407412
vt 0.565525 0.405769
vt 0.562554 0.412977
vt 0.561582 0.416511
vt 0.561888 0.413602
vt 0.562554 0.412977
vt 0.560663 0.416354
vt 0.561582 0.411883
vt 0.662378 0.576109
vt 0.665510 0.573794
vt 0.665665 0.585881
vt 0.663649 0.594231
vt 0.666667 0.583333
vt 0.666613 0.587023
vt 0.665510 0.573794
vt 0.666667 0.592588
vt 0.663649 0.594231
vt 0.666613 0.587023
vt 0.667585 0.583489
vt 0.667278 0.586398
vt 0.666613 0.587023
vt 0.668504 0.583646
vt 0.667585 0.588117
vt 0.667585 0.583489
vt 0.666613 0.587023
vt 0.667585 0.588117
vt 0.775122 0.423891
vt 0.771990 0.426206
vt 0.771835 0.414118
vt 0.773851 0.405769
vt 0.770833 0.416667
vt 0.770888 0.412977
vt 0.771990 0.426206
vt 0.770833 0.407412
vt 0.773851 0.405769
vt 0.769915 0.416511
vt 0.770222 0.413602
vt 0.770888 0.412977
vt 0.768996 0.416355
vt 0.769915 0.411883
vt 0.770887 0.412977
vt 0.769915 0.411883
vt 0.787378 0.576109
vt 0.790510 0.573794
vt 0.790665 0.585881
vt 0.788649 0.594231
vt 0.791667 0.583333
vt 0.791613 0.587023
vt 0.790510 0.573794
vt 0.791667 0.592588
vt 0.791613 0.587023
vt 0.792585 0.583489
vt 0.792278 0.586398
vt 0.791613 0.587023
vt 0.793504 0.583646
vt 0.792585 0.588117
vt 0.792585 0.583489
vt 0.792585 0.588117
vt 0.879289 0.423891
vt 0.876157 0.426206
vt 0.876001 0.414118
vt 0.878025 0.405769
vt 0.875000 0.416667
vt 0.875054 0.412977
vt 0.876157 0.426206
vt 0.875000 0.407412
vt 0.878025 0.405769
vt 0.875054 0.412977
vt 0.874081 0.416511
vt 0.874388 0.413602
vt 0.873163 0.416354
vt 0.874081 0.411883
vt 0.874081 0.416511
vt 0.875054 0.412977
vt 0.912208 0.575516
vt 0.915489 0.573719
vt 0.915661 0.585868
vt 0.913628 0.594157
vt 0.916667 0.583333
vt 0.916613 0.587023
vt 0.916667 0.592588
vt 0.916613 0.587023
vt 0.917585 0.583489
vt 0.917278 0.586398
vt 0.916613 0.587023
vt 0.918504 0.583646
vt 0.917585 0.588117
vt 0.916613 0.587023
vt 0.917585 0.588117
vt 0.920956 0.423891
vt 0.917823 0.426206
vt 0.917668 0.414118
vt 0.919684 0.405769
vt 0.916667 0.416667
vt 0.916721 0.412977
vt 0.917823 0.426206
vt 0.916667 0.407412
vt 0.919684 0.405769
vt 0.915748 0.416511
vt 0.916055 0.413602
vt 0.916721 0.412977
vt 0.914830 0.416354
vt 0.915748 0.411883
vt 0.916721 0.412977
vt 0.962233 0.423891
vt 0.959441 0.426206
vt 0.959279 0.414118
vt 0.961048 0.405769
vt 0.958333 0.416667
vt 0.958380 0.412977
vt 0.959441 0.426206
vt 0.958333 0.407412
vt 0.961048 0.405769
vt 0.958380 0.412977
vt 0.957415 0.416511
vt 0.957722 0.413602
vt 0.958380 0.412977
vt 0.956496 0.416354
vt 0.957415 0.411883
vt 0.957415 0.416511
vt 0.004294 0.424422
vt 0.001161 0.426691
vt 0.001015 0.415530
vt 0.003034 0.407366
vt 0.000000 0.416667
vt 0.000022 0.414353
vt 0.001161 0.426691
vt 0.000044 0.412039
vt 0.003034 0.407366
vt 0.000000 0.416667
vt 0.000000 0.416667
vt 0.000029 0.416667
vt 0.000044 0.416667
vt 0.000087 0.416667
vt 0.016375 0.575516
vt 0.019655 0.573719
vt 0.019828 0.585868
vt 0.017795 0.594157
vt 0.020833 0.583333
vt 0.020779 0.587023
vt 0.020833 0.592588
vt 0.017795 0.594157
vt 0.020779 0.587023
vt 0.021752 0.583489
vt 0.021445 0.586398
vt 0.022670 0.583646
vt 0.021752 0.588117
vt 0.021752 0.583490
vt 0.021752 0.588117
vt 0.099708 0.575516
vt 0.102989 0.573719
vt 0.103161 0.585868
vt 0.101121 0.594157
vt 0.104167 0.583333
vt 0.104113 0.587023
vt 0.102989 0.573719
vt 0.104167 0.592588
vt 0.101121 0.594157
vt 0.105085 0.583489
vt 0.104778 0.586398
vt 0.104113 0.587023
vt 0.106004 0.583646
vt 0.105085 0.588117
vt 0.105085 0.588117
vt 0.108066 0.423891
vt 0.105275 0.426206
vt 0.105113 0.414118
vt 0.106881 0.405769
vt 0.104167 0.416667
vt 0.104214 0.412977
vt 0.105275 0.426206
vt 0.104167 0.407412
vt 0.106881 0.405769
vt 0.103248 0.416511
vt 0.103555 0.413602
vt 0.104214 0.412977
vt 0.102330 0.416354
vt 0.103248 0.411883
vt 0.104214 0.412977
vt 0.103248 0.411883
vt 0.150122 0.423891
vt 0.146990 0.426206
vt 0.146835 0.414118
vt 0.148858 0.405769
vt 0.145833 0.416667
vt 0.145888 0.412977
vt 0.146990 0.426206
vt 0.145833 0.407412
vt 0.148858 0.405769
vt 0.145887 0.412977
vt 0.144915 0.416511
vt 0.145222 0.413602
vt 0.145887 0.412977
vt 0.143996 0.416354
vt 0.144915 0.411883
vt 0.145887 0.412977
vt 0.162208 0.575516
vt 0.165489 0.573719
vt 0.165661 0.585868
vt 0.163628 0.594157
vt 0.166667 0.583333
vt 0.166613 0.587023
vt 0.166667 0.592588
vt 0.163628 0.594157
vt 0.166613 0.587023
vt 0.167585 0.583489
vt 0.167278 0.586398
vt 0.168504 0.583646
vt 0.167585 0.588117
vt 0.167585 0.583490
vt 0.167585 0.588117
vt 0.233625 0.424484
vt 0.230345 0.426281
vt 0.230172 0.414132
vt 0.232205 0.405844
vt 0.229167 0.416667
vt 0.229221 0.412977
vt 0.230345 0.426281
vt 0.229167 0.407412
vt 0.232205 0.405844
vt 0.229221 0.412977
vt 0.228248 0.416511
vt 0.228555 0.413602
vt 0.229221 0.412977
vt 0.227330 0.416354
vt 0.228248 0.411883
vt 0.228248 0.416511
vt 0.229221 0.412977
vt 0.316789 0.423891
vt 0.313657 0.426206
vt 0.313501 0.414118
vt 0.315525 0.405769
vt 0.312500 0.416667
vt 0.312554 0.412977
vt 0.313657 0.426206
vt 0.312500 0.407412
vt 0.315525 0.405769
vt 0.312554 0.412977
vt 0.311582 0.416511
vt 0.311888 0.413602
vt 0.310663 0.416355
vt 0.311582 0.411883
vt 0.311582 0.411883
vt 0.329045 0.576109
vt 0.332177 0.573794
vt 0.332332 0.585881
vt 0.330328 0.594201
vt 0.333333 0.583333
vt 0.333279 0.587023
vt 0.332177 0.573794
vt 0.333333 0.592588
vt 0.330328 0.594201
vt 0.334252 0.583489
vt 0.333945 0.586398
vt 0.333279 0.587023
vt 0.335170 0.583646
vt 0.334252 0.588117
vt 0.334252 0.583490
vt 0.349896 0.575629
vt 0.353012 0.573734
vt 0.353097 0.585690
vt 0.350774 0.593180
vt 0.354167 0.583333
vt 0.354101 0.586993
vt 0.353012 0.573734
vt 0.354167 0.592588
vt 0.350774 0.593180
vt 0.354101 0.586993
vt 0.355085 0.583489
vt 0.354778 0.586398
vt 0.354101 0.586993
vt 0.356004 0.583646
vt 0.355085 0.588117
vt 0.355085 0.583490
vt 0.355085 0.588117
vt 0.441789 0.423891
vt 0.438657 0.426206
vt 0.438501 0.414118
vt 0.440525 0.405769
vt 0.437500 0.416667
vt 0.437554 0.412977
vt 0.438657 0.426206
vt 0.437500 0.407412
vt 0.440525 0.405769
vt 0.437554 0.412977
vt 0.436582 0.416511
vt 0.436888 0.413602
vt 0.437554 0.412977
vt 0.435663 0.416355
vt 0.436582 0.411883
vt 0.436582 0.416511
vt 0.437554 0.412977
vt 0.436582 0.411883
vt 0.516562 0.514034
vt 0.519689 0.511247
vt 0.519844 0.515297
vt 0.517823 0.522354
vt 0.520833 0.511216
vt 0.520784 0.515105
vt 0.519689 0.511247
vt 0.520833 0.520654
vt 0.517823 0.522354
vt 0.520784 0.515105
vt 0.521757 0.510996
vt 0.521449 0.514080
vt 0.520784 0.515105
vt 0.522681 0.510776
vt 0.521757 0.515715
vt 0.704062 0.514034
vt 0.707189 0.511247
vt 0.707344 0.515297
vt 0.705322 0.522354
vt 0.708333 0.511216
vt 0.708284 0.515105
vt 0.708333 0.520654
vt 0.705322 0.522354
vt 0.708284 0.515105
vt 0.709257 0.510996
vt 0.708949 0.514080
vt 0.710181 0.510776
vt 0.709257 0.515715
vt 0.708284 0.515105
vt 0.829062 0.514034
vt 0.832189 0.511247
vt 0.832344 0.515297
vt 0.830323 0.522354
vt 0.833333 0.511216
vt 0.833284 0.515105
vt 0.832189 0.511247
vt 0.833333 0.520654
vt 0.830323 0.522354
vt 0.833284 0.515105
vt 0.834257 0.510996
vt 0.833949 0.514080
vt 0.835181 0.510776
vt 0.834257 0.515715
vt 0.834257 0.510996
vt 0.833284 0.515105
vt 0.891562 0.514034
vt 0.894689 0.511247
vt 0.894844 0.515297
vt 0.892824 0.522354
vt 0.895833 0.511216
vt 0.895784 0.515105
vt 0.895833 0.520654
vt 0.892824 0.522354
vt 0.895784 0.515105
vt 0.896757 0.510996
vt 0.896449 0.514080
vt 0.895784 0.515105
vt 0.897681 0.510776
vt 0.896757 0.515715
vt 0.954062 0.514034
vt 0.957189 0.511247
vt 0.957344 0.515297
vt 0.955323 0.522354
vt 0.958333 0.511216
vt 0.958284 0.515105
vt 0.957189 0.511247
vt 0.958333 0.520654
vt 0.955322 0.522354
vt 0.958284 0.515105
vt 0.959257 0.510996
vt 0.958949 0.514080
vt 0.958284 0.515105
vt 0.960181 0.510776
vt 0.959257 0.515715
vt 0.958284 0.515105
vt 0.000000 0.511556
vt 0.000000 0.511523
vt 0.000026 0.514439
vt 0.000000 0.516105
vt 0.000000 0.511491
vt 0.000234 0.515306
vt 0.000000 0.520654
vt 0.000234 0.515306
vt 0.000920 0.511445
vt 0.000919 0.515407
vt 0.000234 0.515306
vt 0.001840 0.511399
vt 0.002615 0.522370
vt 0.000920 0.511445
vt 0.000234 0.515306
vt 0.045938 0.485966
vt 0.042811 0.488753
vt 0.042656 0.484703
vt 0.044671 0.477646
vt 0.041667 0.488784
vt 0.041716 0.484895
vt 0.041667 0.479346
vt 0.044671 0.477646
vt 0.040743 0.489004
vt 0.041051 0.485920
vt 0.041716 0.484895
vt 0.039819 0.489224
vt 0.040743 0.484285
vt 0.041716 0.484895
vt 0.037682 0.514034
vt 0.040558 0.511247
vt 0.040718 0.515297
vt 0.038882 0.522354
vt 0.041667 0.511216
vt 0.041623 0.515105
vt 0.040558 0.511247
vt 0.041667 0.520654
vt 0.038882 0.522354
vt 0.041623 0.515105
vt 0.042590 0.510996
vt 0.042283 0.514080
vt 0.043514 0.510776
vt 0.042590 0.515715
vt 0.041623 0.515105
vt 0.087318 0.485966
vt 0.084442 0.488753
vt 0.084282 0.484703
vt 0.086118 0.477646
vt 0.083333 0.488784
vt 0.083377 0.484895
vt 0.084442 0.488753
vt 0.083333 0.479346
vt 0.086118 0.477646
vt 0.083377 0.484895
vt 0.082410 0.489004
vt 0.082717 0.485920
vt 0.083377 0.484895
vt 0.081486 0.489224
vt 0.082410 0.484285
vt 0.082410 0.489004
vt 0.082410 0.484285
vt 0.079062 0.514034
vt 0.082189 0.511247
vt 0.082344 0.515297
vt 0.080324 0.522354
vt 0.083333 0.511216
vt 0.083284 0.515105
vt 0.082189 0.511247
vt 0.083333 0.520654
vt 0.080324 0.522354
vt 0.083284 0.515105
vt 0.084257 0.510996
vt 0.083949 0.514080
vt 0.085181 0.510776
vt 0.084257 0.515715
vt 0.141941 0.514034
vt 0.144737 0.511247
vt 0.144897 0.515297
vt 0.143113 0.522354
vt 0.145833 0.511216
vt 0.145791 0.515105
vt 0.144737 0.511247
vt 0.145833 0.520653
vt 0.143113 0.522354
vt 0.145791 0.515105
vt 0.146757 0.510996
vt 0.146449 0.514080
vt 0.147681 0.510776
vt 0.146757 0.515715
vt 0.145791 0.515105
vt 0.183516 0.514034
vt 0.186392 0.511247
vt 0.186551 0.515297
vt 0.184727 0.522329
vt 0.187500 0.511216
vt 0.187456 0.515105
vt 0.186392 0.511247
vt 0.187500 0.520654
vt 0.184727 0.522329
vt 0.188424 0.510996
vt 0.188116 0.514080
vt 0.187456 0.515105
vt 0.189347 0.510776
vt 0.188424 0.515715
vt 0.204076 0.513638
vt 0.207191 0.511197
vt 0.207276 0.515139
vt 0.204951 0.521488
vt 0.208333 0.511216
vt 0.208272 0.515081
vt 0.207191 0.511197
vt 0.208333 0.520654
vt 0.204951 0.521488
vt 0.208272 0.515081
vt 0.209257 0.510996
vt 0.208949 0.514080
vt 0.210181 0.510776
vt 0.209257 0.515715
vt 0.209257 0.510996
vt 0.208272 0.515081
vt 0.209257 0.515715
vt 0.254257 0.486362
vt 0.251142 0.488803
vt 0.251058 0.484861
vt 0.253388 0.478512
vt 0.250000 0.488784
vt 0.250061 0.484920
vt 0.251142 0.488803
vt 0.250000 0.479346
vt 0.253388 0.478512
vt 0.250061 0.484920
vt 0.249076 0.489004
vt 0.249384 0.485920
vt 0.250061 0.484920
vt 0.248153 0.489224
vt 0.249076 0.484285
vt 0.245728 0.514034
vt 0.248856 0.511247
vt 0.249011 0.515297
vt 0.247008 0.522329
vt 0.250000 0.511216
vt 0.249951 0.515105
vt 0.248856 0.511247
vt 0.250000 0.520654
vt 0.247008 0.522329
vt 0.249951 0.515105
vt 0.250924 0.510996
vt 0.250616 0.514080
vt 0.251847 0.510776
vt 0.250924 0.515715
vt 0.249951 0.515105
vt 0.274726 0.485966
vt 0.271930 0.488753
vt 0.271769 0.484703
vt 0.273536 0.477671
vt 0.270833 0.488784
vt 0.270876 0.484895
vt 0.271930 0.488753
vt 0.270833 0.479346
vt 0.273536 0.477671
vt 0.270876 0.484895
vt 0.269910 0.489004
vt 0.270217 0.485920
vt 0.270876 0.484895
vt 0.268986 0.489224
vt 0.269910 0.484285
vt 0.270876 0.484895
vt 0.266576 0.513638
vt 0.269691 0.511197
vt 0.269776 0.515139
vt 0.267444 0.521488
vt 0.270833 0.511216
vt 0.270772 0.515081
vt 0.269691 0.511197
vt 0.270833 0.520654
vt 0.267444 0.521488
vt 0.271757 0.510996
vt 0.271449 0.514080
vt 0.272681 0.510776
vt 0.271757 0.515715
vt 0.270772 0.515081
vt 0.391562 0.514034
vt 0.394689 0.511247
vt 0.394844 0.515297
vt 0.392823 0.522354
vt 0.395833 0.511216
vt 0.395784 0.515105
vt 0.394689 0.511247
vt 0.395833 0.520654
vt 0.392823 0.522354
vt 0.395784 0.515105
vt 0.396757 0.510996
vt 0.396449 0.514080
vt 0.397681 0.510776
vt 0.396757 0.515715
vt 0.396757 0.510996
vt 0.395784 0.515105
vt 0.396757 0.515715
vt 0.474895 0.514034
vt 0.478022 0.511247
vt 0.478177 0.515297
vt 0.476162 0.522354
vt 0.479164 0.511216
vt 0.479117 0.515105
vt 0.479167 0.520654
vt 0.476162 0.522354
vt 0.479117 0.515105
vt 0.480089 0.510996
vt 0.479782 0.514081
vt 0.481014 0.510776
vt 0.480090 0.515715
vt 0.479117 0.515105
vt 0.518975 0.498216
vt 0.519903 0.498307
vt 0.519901 0.498841
vt 0.518018 0.499025
vt 0.520830 0.498399
vt 0.520777 0.499050
vt 0.520833 0.499969
vt 0.520777 0.499050
vt 0.521747 0.498619
vt 0.521442 0.499051
vt 0.520777 0.499050
vt 0.522664 0.498839
vt 0.521749 0.499404
vt 0.520777 0.499050
vt 0.522693 0.501784
vt 0.521765 0.501693
vt 0.521725 0.501159
vt 0.523385 0.500975
vt 0.520836 0.501601
vt 0.520882 0.500950
vt 0.520833 0.500031
vt 0.523385 0.500975
vt 0.519919 0.501381
vt 0.520224 0.500949
vt 0.519002 0.501161
vt 0.519918 0.500596
vt 0.520882 0.500950
vt 0.560641 0.498216
vt 0.561569 0.498308
vt 0.561609 0.498841
vt 0.559949 0.499025
vt 0.562497 0.498399
vt 0.562451 0.499050
vt 0.562500 0.499969
vt 0.559949 0.499025
vt 0.562451 0.499050
vt 0.563414 0.498619
vt 0.563109 0.499051
vt 0.564331 0.498839
vt 0.563416 0.499404
vt 0.562451 0.499050
vt 0.563415 0.499404
vt 0.564359 0.501784
vt 0.563431 0.501693
vt 0.563432 0.501159
vt 0.565315 0.500975
vt 0.562503 0.501601
vt 0.562556 0.500950
vt 0.563431 0.501693
vt 0.562500 0.500031
vt 0.565315 0.500975
vt 0.561586 0.501381
vt 0.561891 0.500949
vt 0.560669 0.501161
vt 0.561585 0.500596
vt 0.562556 0.500950
vt 0.668525 0.501784
vt 0.667598 0.501693
vt 0.667599 0.501159
vt 0.669475 0.500975
vt 0.666670 0.501601
vt 0.666723 0.500950
vt 0.667598 0.501693
vt 0.666667 0.500031
vt 0.669475 0.500975
vt 0.665753 0.501381
vt 0.666058 0.500949
vt 0.666723 0.500950
vt 0.664836 0.501161
vt 0.665751 0.500596
vt 0.710193 0.501784
vt 0.709265 0.501693
vt 0.709225 0.501159
vt 0.710885 0.500975
vt 0.708336 0.501601
vt 0.708382 0.500950
vt 0.708333 0.500031
vt 0.710885 0.500975
vt 0.708383 0.500950
vt 0.707419 0.501381
vt 0.707724 0.500949
vt 0.706502 0.501161
vt 0.707418 0.500596
vt 0.768975 0.498216
vt 0.769902 0.498307
vt 0.769901 0.498841
vt 0.768025 0.499025
vt 0.770830 0.498398
vt 0.770777 0.499050
vt 0.770833 0.499969
vt 0.770777 0.499050
vt 0.771747 0.498619
vt 0.771442 0.499051
vt 0.772664 0.498839
vt 0.771749 0.499404
vt 0.793525 0.501784
vt 0.792598 0.501693
vt 0.792599 0.501159
vt 0.794475 0.500975
vt 0.791670 0.501601
vt 0.791723 0.500950
vt 0.792598 0.501693
vt 0.791667 0.500031
vt 0.794475 0.500975
vt 0.790753 0.501381
vt 0.791058 0.500949
vt 0.791723 0.500950
vt 0.789836 0.501161
vt 0.790751 0.500596
vt 0.835193 0.501784
vt 0.834265 0.501693
vt 0.834225 0.501159
vt 0.835885 0.500975
vt 0.833336 0.501601
vt 0.833382 0.500950
vt 0.834265 0.501693
vt 0.833333 0.500031
vt 0.835885 0.500975
vt 0.832419 0.501381
vt 0.832724 0.500949
vt 0.831502 0.501161
vt 0.832418 0.500596
vt 0.832419 0.501381
vt 0.833383 0.500950
vt 0.832418 0.500596
vt 0.873141 0.498216
vt 0.874069 0.498307
vt 0.874109 0.498841
vt 0.872449 0.499025
vt 0.874997 0.498399
vt 0.874951 0.499050
vt 0.875000 0.499969
vt 0.874951 0.499050
vt 0.875914 0.498619
vt 0.875609 0.499051
vt 0.874951 0.499050
vt 0.876831 0.498839
vt 0.875916 0.499404
vt 0.874951 0.499050
vt 0.875915 0.499404
vt 0.897693 0.501784
vt 0.896765 0.501693
vt 0.896837 0.501154
vt 0.899027 0.500948
vt 0.895836 0.501601
vt 0.895901 0.500949
vt 0.895833 0.500031
vt 0.894919 0.501381
vt 0.895224 0.500949
vt 0.894002 0.501161
vt 0.894918 0.500596
vt 0.895901 0.500949
vt 0.894918 0.500596
vt 0.914808 0.498216
vt 0.915736 0.498307
vt 0.915735 0.498841
vt 0.913859 0.499025
vt 0.916664 0.498399
vt 0.916611 0.499050
vt 0.916667 0.499969
vt 0.916611 0.499050
vt 0.917581 0.498619
vt 0.917276 0.499051
vt 0.918498 0.498839
vt 0.917582 0.499404
vt 0.918525 0.501784
vt 0.917598 0.501693
vt 0.917599 0.501159
vt 0.919463 0.500974
vt 0.916670 0.501601
vt 0.916723 0.500950
vt 0.916667 0.500031
vt 0.916723 0.500950
vt 0.915753 0.501381
vt 0.916058 0.500949
vt 0.916723 0.500950
vt 0.914836 0.501161
vt 0.915751 0.500596
vt 0.915753 0.501381
vt 0.956475 0.498216
vt 0.957403 0.498307
vt 0.957401 0.498841
vt 0.955518 0.499025
vt 0.958330 0.498399
vt 0.958278 0.499050
vt 0.957403 0.498308
vt 0.958333 0.499969
vt 0.958278 0.499050
vt 0.959247 0.498619
vt 0.958942 0.499051
vt 0.958278 0.499050
vt 0.960164 0.498839
vt 0.959249 0.499404
vt 0.960193 0.501784
vt 0.959265 0.501693
vt 0.959225 0.501159
vt 0.960885 0.500975
vt 0.958336 0.501601
vt 0.958382 0.500950
vt 0.959265 0.501693
vt 0.958333 0.500031
vt 0.960885 0.500975
vt 0.958382 0.500950
vt 0.957419 0.501381
vt 0.957724 0.500949
vt 0.956502 0.501161
vt 0.957418 0.500596
vt 0.000019 0.498216
vt 0.000021 0.498216
vt 0.000022 0.498508
vt 0.000022 0.498654
vt 0.000024 0.498216
vt 0.000024 0.498654
vt 0.000025 0.499093
vt 0.000022 0.498654
vt 0.000024 0.498216
vt 0.000911 0.496884
vt 0.000629 0.498016
vt 0.000025 0.498216
vt 0.001876 0.498216
vt 0.000952 0.498216
vt 0.000911 0.496884
vt 0.000027 0.498216
vt 0.004276 0.503185
vt 0.001165 0.503132
vt 0.001084 0.501704
vt 0.003394 0.501421
vt 0.000024 0.501784
vt 0.000024 0.501346
vt 0.001165 0.503132
vt 0.000025 0.500908
vt 0.000024 0.501346
vt 0.000024 0.501784
vt 0.000021 0.501784
vt 0.000023 0.501784
vt 0.000025 0.501784
vt 0.000019 0.501784
vt 0.000023 0.501784
vt 0.000027 0.501784
vt 0.000023 0.501784
vt 0.022692 0.501784
vt 0.021764 0.501693
vt 0.021837 0.501154
vt 0.024014 0.500948
vt 0.020836 0.501602
vt 0.020901 0.500950
vt 0.020833 0.500031
vt 0.024014 0.500948
vt 0.020901 0.500950
vt 0.019919 0.501381
vt 0.020224 0.500949
vt 0.019002 0.501161
vt 0.019918 0.500596
vt 0.019919 0.501381
vt 0.019918 0.500596
vt 0.039807 0.498216
vt 0.040735 0.498308
vt 0.040734 0.498841
vt 0.038858 0.499025
vt 0.041664 0.498399
vt 0.041611 0.499050
vt 0.041667 0.499969
vt 0.038858 0.499025
vt 0.041611 0.499050
vt 0.042581 0.498619
vt 0.042276 0.499051
vt 0.043498 0.498839
vt 0.042582 0.499404
vt 0.041611 0.499050
vt 0.043526 0.501784
vt 0.042598 0.501693
vt 0.042599 0.501159
vt 0.044463 0.500974
vt 0.041670 0.501601
vt 0.041723 0.500950
vt 0.042598 0.501693
vt 0.041667 0.500031
vt 0.040752 0.501381
vt 0.041057 0.500949
vt 0.041723 0.500950
vt 0.039835 0.501161
vt 0.040751 0.500596
vt 0.040752 0.501381
vt 0.040751 0.500596
vt 0.081474 0.498216
vt 0.082402 0.498307
vt 0.082401 0.498841
vt 0.080537 0.499026
vt 0.083330 0.498399
vt 0.083277 0.499050
vt 0.083333 0.499969
vt 0.080537 0.499026
vt 0.083277 0.499050
vt 0.084248 0.498619
vt 0.083943 0.499051
vt 0.085165 0.498839
vt 0.084249 0.499404
vt 0.083277 0.499050
vt 0.085193 0.501784
vt 0.084265 0.501693
vt 0.084337 0.501154
vt 0.086527 0.500948
vt 0.083336 0.501601
vt 0.083401 0.500949
vt 0.083333 0.500031
vt 0.082419 0.501381
vt 0.082724 0.500949
vt 0.083401 0.500949
vt 0.081502 0.501161
vt 0.082418 0.500596
vt 0.083401 0.500950
vt 0.102308 0.498216
vt 0.103236 0.498307
vt 0.103163 0.498846
vt 0.100967 0.499052
vt 0.104164 0.498399
vt 0.104099 0.499051
vt 0.104167 0.499969
vt 0.100967 0.499052
vt 0.104099 0.499051
vt 0.105081 0.498619
vt 0.104776 0.499051
vt 0.104099 0.499051
vt 0.105998 0.498839
vt 0.105082 0.499404
vt 0.105081 0.498619
vt 0.106025 0.501784
vt 0.105098 0.501693
vt 0.105058 0.501159
vt 0.106706 0.500974
vt 0.104170 0.501602
vt 0.104216 0.500950
vt 0.104167 0.500031
vt 0.106706 0.500974
vt 0.103253 0.501381
vt 0.103558 0.500950
vt 0.102336 0.501161
vt 0.103251 0.500596
vt 0.103253 0.501381
vt 0.143975 0.498216
vt 0.144903 0.498307
vt 0.144942 0.498841
vt 0.143282 0.499025
vt 0.145830 0.498399
vt 0.145784 0.499050
vt 0.144903 0.498308
vt 0.145833 0.499969
vt 0.143282 0.499025
vt 0.145784 0.499050
vt 0.146747 0.498619
vt 0.146442 0.499051
vt 0.145784 0.499050
vt 0.147664 0.498839
vt 0.146749 0.499404
vt 0.146747 0.498619
vt 0.145784 0.499050
vt 0.147693 0.501784
vt 0.146765 0.501693
vt 0.146837 0.501154
vt 0.149033 0.500948
vt 0.145836 0.501601
vt 0.145901 0.500949
vt 0.145833 0.500031
vt 0.149033 0.500948
vt 0.144919 0.501381
vt 0.145224 0.500949
vt 0.144002 0.501161
vt 0.144918 0.500596
vt 0.144919 0.501381
vt 0.145901 0.500950
vt 0.144918 0.500596
vt 0.168525 0.501784
vt 0.167598 0.501693
vt 0.167670 0.501154
vt 0.169848 0.500947
vt 0.166670 0.501601
vt 0.166734 0.500949
vt 0.166667 0.500031
vt 0.169848 0.500947
vt 0.166734 0.500949
vt 0.165753 0.501381
vt 0.166058 0.500949
vt 0.164836 0.501161
vt 0.165751 0.500596
vt 0.166734 0.500949
vt 0.189359 0.501784
vt 0.188431 0.501693
vt 0.188504 0.501154
vt 0.190681 0.500947
vt 0.187503 0.501601
vt 0.187568 0.500950
vt 0.187500 0.500031
vt 0.190681 0.500947
vt 0.187568 0.500950
vt 0.186586 0.501381
vt 0.186891 0.500949
vt 0.187568 0.500950
vt 0.185668 0.501161
vt 0.186584 0.500596
vt 0.187568 0.500950
vt 0.210193 0.501784
vt 0.209265 0.501693
vt 0.209266 0.501159
vt 0.211130 0.500974
vt 0.208336 0.501601
vt 0.208389 0.500950
vt 0.209265 0.501693
vt 0.208333 0.500031
vt 0.211130 0.500974
vt 0.207419 0.501381
vt 0.207724 0.500949
vt 0.206502 0.501161
vt 0.207418 0.500596
vt 0.208389 0.500950
vt 0.227308 0.498216
vt 0.228236 0.498307
vt 0.228235 0.498841
vt 0.226370 0.499026
vt 0.229164 0.498399
vt 0.229111 0.499050
vt 0.229167 0.499969
vt 0.226370 0.499026
vt 0.229111 0.499050
vt 0.230081 0.498619
vt 0.229776 0.499051
vt 0.230998 0.498839
vt 0.230082 0.499404
vt 0.248141 0.498216
vt 0.249069 0.498307
vt 0.248996 0.498846
vt 0.246819 0.499053
vt 0.249997 0.498399
vt 0.249932 0.499051
vt 0.250000 0.499969
vt 0.246819 0.499053
vt 0.249932 0.499051
vt 0.250914 0.498619
vt 0.250609 0.499051
vt 0.249932 0.499051
vt 0.251832 0.498839
vt 0.250916 0.499404
vt 0.249932 0.499051
vt 0.251859 0.501784
vt 0.250931 0.501693
vt 0.251004 0.501154
vt 0.253193 0.500948
vt 0.250003 0.501601
vt 0.250068 0.500950
vt 0.250000 0.500031
vt 0.250068 0.500950
vt 0.249086 0.501381
vt 0.249391 0.500949
vt 0.248168 0.501161
vt 0.249084 0.500596
vt 0.249084 0.500596
vt 0.268974 0.498216
vt 0.269902 0.498307
vt 0.269830 0.498846
vt 0.267633 0.499052
vt 0.270830 0.498399
vt 0.270766 0.499051
vt 0.270833 0.499969
vt 0.270766 0.499051
vt 0.271748 0.498619
vt 0.271443 0.499051
vt 0.272665 0.498839
vt 0.271749 0.499404
vt 0.270766 0.499051
vt 0.272693 0.501784
vt 0.271765 0.501693
vt 0.271725 0.501159
vt 0.273373 0.500974
vt 0.270836 0.501601
vt 0.270882 0.500950
vt 0.270833 0.500031
vt 0.273373 0.500974
vt 0.269919 0.501381
vt 0.270224 0.500949
vt 0.270882 0.500950
vt 0.269002 0.501161
vt 0.269918 0.500596
vt 0.310641 0.498216
vt 0.311569 0.498307
vt 0.311609 0.498841
vt 0.309949 0.499025
vt 0.312497 0.498399
vt 0.312451 0.499050
vt 0.312500 0.499969
vt 0.312451 0.499050
vt 0.313414 0.498619
vt 0.313109 0.499051
vt 0.312451 0.499050
vt 0.314331 0.498839
vt 0.313415 0.499404
vt 0.313414 0.498619
vt 0.312451 0.499050
vt 0.335192 0.501784
vt 0.334264 0.501693
vt 0.334337 0.501154
vt 0.336526 0.500948
vt 0.333336 0.501601
vt 0.333401 0.500950
vt 0.334264 0.501693
vt 0.333333 0.500031
vt 0.336526 0.500948
vt 0.333401 0.500950
vt 0.332419 0.501381
vt 0.332724 0.500949
vt 0.331502 0.501161
vt 0.332418 0.500596
vt 0.333401 0.500950
vt 0.332418 0.500596
vt 0.356025 0.501784
vt 0.355098 0.501693
vt 0.355099 0.501159
vt 0.356963 0.500974
vt 0.354170 0.501602
vt 0.354223 0.500950
vt 0.355098 0.501693
vt 0.354167 0.500031
vt 0.356963 0.500974
vt 0.354223 0.500950
vt 0.353253 0.501381
vt 0.353558 0.500949
vt 0.352336 0.501161
vt 0.353251 0.500596
vt 0.354223 0.500950
vt 0.397693 0.501784
vt 0.396765 0.501693
vt 0.396725 0.501159
vt 0.398385 0.500975
vt 0.395836 0.501601
vt 0.395882 0.500950
vt 0.395833 0.500031
vt 0.398385 0.500975
vt 0.394919 0.501381
vt 0.395224 0.500949
vt 0.394002 0.501161
vt 0.394918 0.500596
vt 0.394919 0.501381
vt 0.395882 0.500950
vt 0.435641 0.498216
vt 0.436569 0.498307
vt 0.436609 0.498841
vt 0.434949 0.499025
vt 0.437497 0.498399
vt 0.437451 0.499050
vt 0.436569 0.498308
vt 0.437500 0.499969
vt 0.437451 0.499050
vt 0.438414 0.498619
vt 0.438109 0.499051
vt 0.437451 0.499050
vt 0.439331 0.498839
vt 0.438416 0.499404
vt 0.438414 0.498619
vt 0.437451 0.499050
vt 0.438415 0.499404
vt 0.481026 0.501784
vt 0.480098 0.501693
vt 0.480099 0.501159
vt 0.481975 0.500975
vt 0.479170 0.501601
vt 0.479223 0.500950
vt 0.479167 0.500031
vt 0.481975 0.500975
vt 0.479223 0.500950
vt 0.478252 0.501381
vt 0.478557 0.500949
vt 0.477335 0.501161
vt 0.478251 0.500596
vt 0.478251 0.500596
vt 0.524733 0.423891
vt 0.525086 0.452242
vt 0.522053 0.452427
vt 0.525132 0.478220
vt 0.522064 0.478229
vt 0.520833 0.478235
vt 0.520831 0.451578
vt 0.519605 0.451346
vt 0.519892 0.416667
vt 0.519552 0.478229
vt 0.516128 0.478220
vt 0.516375 0.451345
vt 0.518951 0.416667
vt 0.566789 0.423891
vt 0.567159 0.452242
vt 0.563770 0.452427
vt 0.563657 0.426206
vt 0.567205 0.478220
vt 0.563782 0.478229
vt 0.562500 0.478235
vt 0.562498 0.451578
vt 0.561314 0.451346
vt 0.561559 0.416667
vt 0.561269 0.478229
vt 0.558202 0.478220
vt 0.558415 0.451345
vt 0.560617 0.416667
vt 0.567205 0.521780
vt 0.566958 0.548655
vt 0.563728 0.548654
vt 0.563782 0.521771
vt 0.564383 0.583333
vt 0.563441 0.583333
vt 0.562502 0.548422
vt 0.562500 0.521765
vt 0.561281 0.547573
vt 0.561269 0.521771
vt 0.561392 0.573794
vt 0.558601 0.576109
vt 0.558248 0.547758
vt 0.558202 0.521780
vt 0.671372 0.521780
vt 0.671125 0.548655
vt 0.667895 0.548654
vt 0.667948 0.521771
vt 0.668549 0.583333
vt 0.667608 0.583333
vt 0.666669 0.548422
vt 0.666667 0.521765
vt 0.665397 0.547573
vt 0.665385 0.521771
vt 0.665510 0.573794
vt 0.662008 0.547758
vt 0.661961 0.521780
vt 0.775122 0.423891
vt 0.775492 0.452242
vt 0.772103 0.452427
vt 0.771990 0.426206
vt 0.775539 0.478220
vt 0.772115 0.478229
vt 0.770833 0.478235
vt 0.770831 0.451578
vt 0.769605 0.451346
vt 0.769892 0.416667
vt 0.769552 0.478229
vt 0.766128 0.478220
vt 0.766375 0.451345
vt 0.768951 0.416667
vt 0.796372 0.521780
vt 0.796125 0.548655
vt 0.792895 0.548654
vt 0.792948 0.521771
vt 0.793549 0.583333
vt 0.792608 0.583333
vt 0.791669 0.548422
vt 0.791667 0.521765
vt 0.790397 0.547573
vt 0.790385 0.521771
vt 0.790510 0.573794
vt 0.787008 0.547758
vt 0.786961 0.521780
vt 0.879289 0.423891
vt 0.879659 0.452242
vt 0.876270 0.452427
vt 0.879705 0.478220
vt 0.876282 0.478229
vt 0.875000 0.478235
vt 0.874998 0.451578
vt 0.873814 0.451346
vt 0.874059 0.416667
vt 0.873769 0.478229
vt 0.870702 0.478220
vt 0.870915 0.451345
vt 0.873117 0.416667
vt 0.920956 0.423891
vt 0.921326 0.452242
vt 0.917937 0.452427
vt 0.921372 0.478220
vt 0.917949 0.478229
vt 0.916667 0.478235
vt 0.916664 0.451578
vt 0.915439 0.451346
vt 0.915725 0.416667
vt 0.915385 0.478229
vt 0.911962 0.478220
vt 0.912209 0.451345
vt 0.914784 0.416667
vt 0.921372 0.521780
vt 0.921125 0.548655
vt 0.917895 0.548654
vt 0.917948 0.521771
vt 0.918549 0.583333
vt 0.917608 0.583333
vt 0.916669 0.548422
vt 0.916667 0.521765
vt 0.915354 0.547406
vt 0.915389 0.521697
vt 0.915489 0.573720
vt 0.911664 0.546422
vt 0.911997 0.521187
vt 0.962233 0.423891
vt 0.962586 0.452242
vt 0.959553 0.452427
vt 0.959441 0.426206
vt 0.962632 0.478220
vt 0.959564 0.478229
vt 0.958333 0.478235
vt 0.958331 0.451578
vt 0.957105 0.451346
vt 0.957392 0.416667
vt 0.957052 0.478229
vt 0.953628 0.478220
vt 0.953875 0.451345
vt 0.956451 0.416667
vt 0.004294 0.424422
vt 0.004660 0.452308
vt 0.001271 0.452699
vt 0.001161 0.426691
vt 0.004708 0.478220
vt 0.001285 0.479097
vt 0.000000 0.488647
vt 0.000000 0.452657
vt 1.000000 0.416667
vt 1.000000 0.452657
vt 0.998814 0.451563
vt 0.999059 0.416667
vt 1.000000 0.488647
vt 0.998767 0.479097
vt 0.995699 0.478220
vt 0.995915 0.451345
vt 0.998117 0.416667
vt 0.025504 0.521187
vt 0.025625 0.547357
vt 0.022102 0.548497
vt 0.022111 0.521697
vt 0.022716 0.583333
vt 0.021775 0.583333
vt 0.020836 0.548422
vt 0.020833 0.521765
vt 0.019520 0.547406
vt 0.019556 0.521697
vt 0.019655 0.573720
vt 0.016375 0.575516
vt 0.015831 0.546422
vt 0.016164 0.521187
vt 0.108066 0.423891
vt 0.108419 0.452242
vt 0.105386 0.452427
vt 0.108465 0.478220
vt 0.105398 0.478229
vt 0.104167 0.478235
vt 0.104164 0.451578
vt 0.102898 0.451503
vt 0.103225 0.416667
vt 0.102889 0.478303
vt 0.099496 0.478813
vt 0.099375 0.452643
vt 0.102284 0.416667
vt 0.108465 0.521780
vt 0.108251 0.548655
vt 0.105352 0.548654
vt 0.105398 0.521771
vt 0.106049 0.583333
vt 0.105108 0.583333
vt 0.104169 0.548422
vt 0.104167 0.521765
vt 0.102854 0.547406
vt 0.102889 0.521697
vt 0.102989 0.573720
vt 0.099708 0.575516
vt 0.099164 0.546422
vt 0.099496 0.521187
vt 0.150122 0.423891
vt 0.150492 0.452242
vt 0.147103 0.452427
vt 0.150539 0.478220
vt 0.147115 0.478229
vt 0.145833 0.478235
vt 0.145831 0.451578
vt 0.144648 0.451346
vt 0.144892 0.416667
vt 0.144602 0.478229
vt 0.141535 0.478220
vt 0.141749 0.451345
vt 0.143951 0.416667
vt 0.171337 0.521187
vt 0.171458 0.547357
vt 0.167935 0.548497
vt 0.167944 0.521697
vt 0.168549 0.583333
vt 0.167608 0.583333
vt 0.166669 0.548422
vt 0.166667 0.521765
vt 0.165354 0.547406
vt 0.165389 0.521697
vt 0.165489 0.573720
vt 0.162208 0.575516
vt 0.161664 0.546422
vt 0.161996 0.521187
vt 0.233625 0.424484
vt 0.234169 0.453578
vt 0.230480 0.452594
vt 0.230345 0.426281
vt 0.233837 0.478813
vt 0.230444 0.478303
vt 0.229167 0.478235
vt 0.229164 0.451578
vt 0.227938 0.451346
vt 0.228225 0.416667
vt 0.227885 0.478229
vt 0.224461 0.478220
vt 0.224709 0.451345
vt 0.227284 0.416667
vt 0.316789 0.423891
vt 0.317159 0.452242
vt 0.313770 0.452427
vt 0.317205 0.478220
vt 0.313782 0.478229
vt 0.312500 0.478235
vt 0.312498 0.451578
vt 0.311314 0.451346
vt 0.311559 0.416667
vt 0.311269 0.478229
vt 0.308202 0.478220
vt 0.308415 0.451345
vt 0.310617 0.416667
vt 0.337730 0.521780
vt 0.337526 0.548625
vt 0.334529 0.548654
vt 0.334577 0.521771
vt 0.335216 0.583333
vt 0.334275 0.583333
vt 0.333336 0.548422
vt 0.333333 0.521765
vt 0.332063 0.547573
vt 0.332052 0.521771
vt 0.332177 0.573794
vt 0.329045 0.576109
vt 0.328675 0.547758
vt 0.328628 0.521780
vt 0.358872 0.521780
vt 0.358625 0.548655
vt 0.355395 0.548654
vt 0.355448 0.521771
vt 0.356049 0.583333
vt 0.355108 0.583333
vt 0.354169 0.548422
vt 0.354167 0.521765
vt 0.352931 0.547566
vt 0.352924 0.521771
vt 0.353012 0.573734
vt 0.349896 0.575629
vt 0.349781 0.547698
vt 0.349770 0.521780
vt 0.441789 0.423891
vt 0.442159 0.452242
vt 0.438770 0.452427
vt 0.438657 0.426206
vt 0.442205 0.478220
vt 0.438782 0.478229
vt 0.437500 0.478235
vt 0.437498 0.451578
vt 0.436314 0.451346
vt 0.436559 0.416667
vt 0.436269 0.478229
vt 0.433202 0.478220
vt 0.433415 0.451345
vt 0.435617 0.416667
vt 0.524912 0.492088
vt 0.522014 0.492120
vt 0.522692 0.498216
vt 0.521763 0.498216
vt 0.520833 0.498216
vt 0.520833 0.492124
vt 0.519611 0.492120
vt 0.519904 0.498216
vt 0.516384 0.492088
vt 0.524691 0.506784
vt 0.521962 0.506547
vt 0.521763 0.501784
vt 0.522673 0.511399
vt 0.521753 0.511307
vt 0.520835 0.506514
vt 0.520833 0.501784
vt 0.519628 0.506542
vt 0.519904 0.501784
vt 0.519689 0.511247
vt 0.516562 0.514034
vt 0.516438 0.506935
vt 0.518974 0.501784
vt 0.474895 0.514034
vt 0.474771 0.506935
vt 0.477960 0.506542
vt 0.478022 0.511247
vt 0.477307 0.501784
vt 0.478237 0.501784
vt 0.479167 0.501784
vt 0.479168 0.506514
vt 0.480329 0.506547
vt 0.480085 0.511308
vt 0.480096 0.501784
vt 0.483359 0.506784
vt 0.481006 0.511399
vt 0.566949 0.492088
vt 0.563723 0.492120
vt 0.564359 0.498216
vt 0.563429 0.498216
vt 0.562500 0.498216
vt 0.562500 0.492124
vt 0.561320 0.492120
vt 0.561571 0.498216
vt 0.558422 0.492088
vt 0.566949 0.507912
vt 0.563723 0.507880
vt 0.563429 0.501784
vt 0.562500 0.507876
vt 0.562500 0.501784
vt 0.561320 0.507880
vt 0.561571 0.501784
vt 0.558422 0.507912
vt 0.560641 0.501784
vt 0.671116 0.507912
vt 0.667889 0.507880
vt 0.667596 0.501784
vt 0.666667 0.507876
vt 0.666667 0.501784
vt 0.665444 0.507880
vt 0.665738 0.501784
vt 0.662217 0.507912
vt 0.664808 0.501784
vt 0.712191 0.506784
vt 0.709462 0.506547
vt 0.709263 0.501784
vt 0.710173 0.511399
vt 0.709253 0.511307
vt 0.708336 0.506514
vt 0.708333 0.501784
vt 0.707128 0.506542
vt 0.707404 0.501784
vt 0.707189 0.511247
vt 0.704062 0.514034
vt 0.703938 0.506935
vt 0.706474 0.501784
vt 0.775283 0.492088
vt 0.772056 0.492120
vt 0.772692 0.498216
vt 0.771763 0.498216
vt 0.770833 0.498216
vt 0.770833 0.492124
vt 0.769611 0.492120
vt 0.769904 0.498216
vt 0.766384 0.492088
vt 0.796116 0.507912
vt 0.792889 0.507880
vt 0.792596 0.501784
vt 0.791667 0.507876
vt 0.791667 0.501784
vt 0.790444 0.507880
vt 0.790737 0.501784
vt 0.787217 0.507912
vt 0.789808 0.501784
vt 0.837191 0.506784
vt 0.834462 0.506547
vt 0.834263 0.501784
vt 0.835173 0.511399
vt 0.834253 0.511307
vt 0.833335 0.506514
vt 0.833333 0.501784
vt 0.832128 0.506542
vt 0.832404 0.501784
vt 0.829062 0.514034
vt 0.828938 0.506935
vt 0.831474 0.501784
vt 0.879450 0.492088
vt 0.876223 0.492120
vt 0.876859 0.498216
vt 0.875929 0.498216
vt 0.875000 0.498216
vt 0.875000 0.492124
vt 0.873820 0.492120
vt 0.874071 0.498216
vt 0.870922 0.492088
vt 0.899789 0.506783
vt 0.896971 0.506547
vt 0.896763 0.501784
vt 0.897673 0.511399
vt 0.896753 0.511307
vt 0.895836 0.506514
vt 0.895833 0.501784
vt 0.894628 0.506542
vt 0.894904 0.501784
vt 0.894689 0.511247
vt 0.891562 0.514034
vt 0.891438 0.506935
vt 0.893974 0.501784
vt 0.921116 0.492088
vt 0.917889 0.492120
vt 0.918525 0.498216
vt 0.917596 0.498216
vt 0.916667 0.498216
vt 0.916667 0.492124
vt 0.915444 0.492120
vt 0.915738 0.498216
vt 0.912217 0.492088
vt 0.921116 0.507912
vt 0.917889 0.507880
vt 0.917596 0.501784
vt 0.916667 0.507876
vt 0.916667 0.501784
vt 0.915472 0.507870
vt 0.915737 0.501784
vt 0.912447 0.507837
vt 0.914808 0.501784
vt 0.962412 0.492088
vt 0.959514 0.492120
vt 0.960192 0.498216
vt 0.959263 0.498216
vt 0.958333 0.498216
vt 0.958333 0.492124
vt 0.957111 0.492120
vt 0.957404 0.498216
vt 0.953884 0.492088
vt 0.962191 0.506784
vt 0.959462 0.506547
vt 0.959263 0.501784
vt 0.960173 0.511399
vt 0.959253 0.511307
vt 0.958336 0.506514
vt 0.958333 0.501784
vt 0.957128 0.506542
vt 0.957404 0.501784
vt 0.954062 0.514034
vt 0.953938 0.506935
vt 0.956474 0.501784
vt 0.004455 0.492053
vt 0.001224 0.492205
vt 0.000012 0.493432
vt 0.999991 0.493432
vt 0.998811 0.492338
vt 0.999981 0.498216
vt 0.999053 0.498216
vt 0.998124 0.498216
vt 0.995914 0.492088
vt 0.004276 0.503185
vt 0.004158 0.506933
vt 0.001187 0.506698
vt 0.001165 0.503132
vt 0.000920 0.511307
vt 0.000000 0.511216
vt 0.000012 0.506500
vt 0.999981 0.501784
vt 0.999991 0.506500
vt 0.998862 0.506544
vt 0.999053 0.501784
vt 1.000000 0.511216
vt 0.999080 0.511307
vt 0.998160 0.511399
vt 0.996135 0.506784
vt 0.998124 0.501784
vt 0.025053 0.507837
vt 0.022028 0.507870
vt 0.021763 0.501784
vt 0.020833 0.507876
vt 0.020833 0.501784
vt 0.019639 0.507870
vt 0.019905 0.501784
vt 0.016616 0.507838
vt 0.018976 0.501784
vt 0.045938 0.485966
vt 0.046062 0.493065
vt 0.042872 0.493458
vt 0.042811 0.488753
vt 0.043526 0.498216
vt 0.042596 0.498216
vt 0.041667 0.498216
vt 0.041665 0.493486
vt 0.040504 0.493453
vt 0.040747 0.488693
vt 0.040737 0.498216
vt 0.037474 0.493216
vt 0.039827 0.488601
vt 0.045859 0.506784
vt 0.042829 0.506547
vt 0.042596 0.501784
vt 0.043506 0.511399
vt 0.042587 0.511307
vt 0.041669 0.506514
vt 0.041667 0.501784
vt 0.040493 0.506542
vt 0.040737 0.501784
vt 0.037682 0.514034
vt 0.037532 0.506934
vt 0.039807 0.501784
vt 0.087318 0.485966
vt 0.087468 0.493066
vt 0.084507 0.493458
vt 0.084442 0.488753
vt 0.085193 0.498216
vt 0.084263 0.498216
vt 0.083333 0.498216
vt 0.083331 0.493486
vt 0.082171 0.493453
vt 0.082413 0.488693
vt 0.082404 0.498216
vt 0.079141 0.493216
vt 0.081494 0.488601
vt 0.087289 0.506783
vt 0.084470 0.506547
vt 0.084263 0.501784
vt 0.085173 0.511399
vt 0.084253 0.511307
vt 0.083335 0.506514
vt 0.083333 0.501784
vt 0.082128 0.506542
vt 0.082404 0.501784
vt 0.079062 0.514034
vt 0.078938 0.506935
vt 0.081474 0.501784
vt 0.108245 0.492088
vt 0.105347 0.492120
vt 0.106025 0.498216
vt 0.105096 0.498216
vt 0.104167 0.498216
vt 0.104167 0.492124
vt 0.102972 0.492130
vt 0.103237 0.498216
vt 0.099947 0.492163
vt 0.108245 0.507912
vt 0.105347 0.507880
vt 0.105096 0.501784
vt 0.104167 0.507876
vt 0.104167 0.501784
vt 0.102972 0.507870
vt 0.103237 0.501784
vt 0.099947 0.507837
vt 0.102308 0.501784
vt 0.150283 0.492088
vt 0.147056 0.492120
vt 0.147692 0.498216
vt 0.146763 0.498216
vt 0.145833 0.498216
vt 0.145833 0.492124
vt 0.144653 0.492120
vt 0.144904 0.498216
vt 0.141755 0.492088
vt 0.149789 0.506783
vt 0.146970 0.506547
vt 0.146763 0.501784
vt 0.147673 0.511399
vt 0.146753 0.511307
vt 0.145835 0.506514
vt 0.145833 0.501784
vt 0.144670 0.506542
vt 0.144904 0.501784
vt 0.141805 0.506935
vt 0.143974 0.501784
vt 0.170886 0.507837
vt 0.167861 0.507870
vt 0.167596 0.501784
vt 0.166667 0.507876
vt 0.166667 0.501784
vt 0.165472 0.507870
vt 0.165737 0.501784
vt 0.162447 0.507837
vt 0.164808 0.501784
vt 0.191472 0.506758
vt 0.188637 0.506547
vt 0.188430 0.501784
vt 0.189340 0.511399
vt 0.188420 0.511307
vt 0.187502 0.506514
vt 0.187500 0.501784
vt 0.186326 0.506542
vt 0.186570 0.501784
vt 0.183516 0.514034
vt 0.183366 0.506935
vt 0.185641 0.501784
vt 0.212526 0.506784
vt 0.209496 0.506547
vt 0.209263 0.501784
vt 0.210173 0.511399
vt 0.209253 0.511307
vt 0.208335 0.506514
vt 0.208333 0.501784
vt 0.207155 0.506536
vt 0.207404 0.501784
vt 0.207191 0.511197
vt 0.204076 0.513638
vt 0.204165 0.506885
vt 0.206474 0.501784
vt 0.233386 0.492163
vt 0.230361 0.492130
vt 0.231025 0.498216
vt 0.230096 0.498216
vt 0.229167 0.498216
vt 0.229167 0.492124
vt 0.227944 0.492120
vt 0.228237 0.498216
vt 0.224717 0.492088
vt 0.254168 0.493115
vt 0.251178 0.493464
vt 0.251142 0.488803
vt 0.251859 0.498216
vt 0.250930 0.498216
vt 0.250000 0.498216
vt 0.249998 0.493486
vt 0.248863 0.493453
vt 0.249080 0.488693
vt 0.249070 0.498216
vt 0.246045 0.493217
vt 0.248160 0.488601
vt 0.253972 0.506758
vt 0.251137 0.506547
vt 0.250930 0.501784
vt 0.251840 0.511399
vt 0.250920 0.511307
vt 0.250002 0.506514
vt 0.250000 0.501784
vt 0.248794 0.506542
vt 0.249070 0.501784
vt 0.245728 0.514034
vt 0.245604 0.506935
vt 0.248141 0.501784
vt 0.274726 0.485966
vt 0.274862 0.493065
vt 0.271997 0.493458
vt 0.272693 0.498216
vt 0.271763 0.498216
vt 0.270833 0.498216
vt 0.270831 0.493486
vt 0.269696 0.493453
vt 0.269914 0.488693
vt 0.269904 0.498216
vt 0.266861 0.493242
vt 0.268994 0.488601
vt 0.274691 0.506784
vt 0.271962 0.506547
vt 0.271763 0.501784
vt 0.272673 0.511399
vt 0.271753 0.511307
vt 0.270835 0.506514
vt 0.270833 0.501784
vt 0.269655 0.506536
vt 0.269904 0.501784
vt 0.269691 0.511197
vt 0.266576 0.513638
vt 0.266665 0.506885
vt 0.268974 0.501784
vt 0.316950 0.492088
vt 0.313723 0.492120
vt 0.314359 0.498216
vt 0.313429 0.498216
vt 0.312500 0.498216
vt 0.312500 0.492124
vt 0.311320 0.492120
vt 0.311571 0.498216
vt 0.308422 0.492088
vt 0.337519 0.507911
vt 0.334524 0.507880
vt 0.334263 0.501784
vt 0.333333 0.507876
vt 0.333333 0.501784
vt 0.332111 0.507880
vt 0.332404 0.501784
vt 0.328884 0.507912
vt 0.331475 0.501784
vt 0.358616 0.507912
vt 0.355389 0.507880
vt 0.355096 0.501784
vt 0.354167 0.507876
vt 0.354167 0.501784
vt 0.352976 0.507880
vt 0.353237 0.501784
vt 0.349981 0.507911
vt 0.352308 0.501784
vt 0.399691 0.506784
vt 0.396962 0.506547
vt 0.396763 0.501784
vt 0.397673 0.511399
vt 0.396753 0.511307
vt 0.395835 0.506514
vt 0.395833 0.501784
vt 0.394628 0.506542
vt 0.394904 0.501784
vt 0.391562 0.514034
vt 0.391438 0.506935
vt 0.393974 0.501784
vt 0.441950 0.492088
vt 0.438723 0.492120
vt 0.439359 0.498216
vt 0.438429 0.498216
vt 0.437500 0.498216
vt 0.437500 0.492124
vt 0.436320 0.492120
vt 0.436571 0.498216
vt 0.433422 0.492088
vt 0.500190 0.334054
vt 0.510767 0.334915
vt 0.512218 0.382194
vt 0.500388 0.376383
vt 0.520577 0.375482
vt 0.510767 0.334915
vt 0.519892 0.412039
vt 0.520577 0.375482
vt 0.510031 0.417485
vt 0.499982 0.415487
vt 0.500388 0.376383
vt 0.510031 0.417485
vt 0.509228 0.451329
vt 0.516375 0.451345
vt 0.516128 0.478220
vt 0.509096 0.478215
vt 0.563441 0.587961
vt 0.571115 0.617806
vt 0.562757 0.624518
vt 0.573302 0.582515
vt 0.583352 0.584513
vt 0.582946 0.623617
vt 0.573302 0.582515
vt 0.583144 0.665946
vt 0.572567 0.665085
vt 0.562923 0.665740
vt 0.562757 0.624518
vt 0.572567 0.665085
vt 0.567205 0.521780
vt 0.574237 0.521785
vt 0.574105 0.548671
vt 0.566958 0.548656
vt 0.573302 0.582515
vt 0.562923 0.334260
vt 0.572567 0.334915
vt 0.571301 0.381734
vt 0.562853 0.375482
vt 0.583144 0.334054
vt 0.582946 0.376383
vt 0.572567 0.334915
vt 0.583352 0.415487
vt 0.573557 0.417952
vt 0.582946 0.376383
vt 0.566789 0.423891
vt 0.565524 0.405769
vt 0.562853 0.375482
vt 0.565525 0.405769
vt 0.573557 0.417952
vt 0.574156 0.451497
vt 0.567159 0.452242
vt 0.574237 0.478215
vt 0.645932 0.521785
vt 0.654981 0.521785
vt 0.655062 0.548503
vt 0.645970 0.548812
vt 0.661962 0.521780
vt 0.662008 0.547758
vt 0.662378 0.576109
vt 0.655662 0.582048
vt 0.646233 0.584513
vt 0.646233 0.584513
vt 0.657932 0.618266
vt 0.646653 0.623617
vt 0.663649 0.594231
vt 0.666615 0.624518
vt 0.666667 0.665740
vt 0.656709 0.665085
vt 0.646474 0.665946
vt 0.646653 0.623617
vt 0.656710 0.665085
vt 0.667608 0.587961
vt 0.675256 0.617799
vt 0.666615 0.624518
vt 0.677493 0.582441
vt 0.667608 0.587961
vt 0.687709 0.583919
vt 0.687136 0.623543
vt 0.677493 0.582441
vt 0.687310 0.665946
vt 0.687136 0.623543
vt 0.676680 0.665085
vt 0.671372 0.521780
vt 0.678402 0.521711
vt 0.678321 0.548504
vt 0.671125 0.548656
vt 0.687794 0.521192
vt 0.688164 0.547476
vt 0.677493 0.582441
vt 0.780847 0.334915
vt 0.779607 0.381734
vt 0.770885 0.375482
vt 0.791477 0.334054
vt 0.791279 0.376383
vt 0.791685 0.415487
vt 0.781890 0.417952
vt 0.791279 0.376383
vt 0.775122 0.423891
vt 0.773851 0.405769
vt 0.750641 0.334054
vt 0.760876 0.334915
vt 0.762285 0.382194
vt 0.750820 0.376383
vt 0.770833 0.334260
vt 0.760876 0.334915
vt 0.769892 0.412039
vt 0.770885 0.375482
vt 0.760084 0.417485
vt 0.750400 0.415487
vt 0.750820 0.376383
vt 0.760084 0.417485
vt 0.775122 0.423891
vt 0.781890 0.417952
vt 0.782489 0.451497
vt 0.775492 0.452242
vt 0.782570 0.478215
vt 0.760084 0.417485
vt 0.759279 0.451330
vt 0.750137 0.451188
vt 0.766128 0.478220
vt 0.759147 0.478215
vt 0.750099 0.478215
vt 0.779930 0.521785
vt 0.780011 0.548503
vt 0.787378 0.576109
vt 0.780610 0.582048
vt 0.770815 0.584513
vt 0.782893 0.618266
vt 0.771221 0.623617
vt 0.788649 0.594231
vt 0.791615 0.624518
vt 0.791667 0.665740
vt 0.781653 0.665085
vt 0.791615 0.624518
vt 0.771023 0.665946
vt 0.771221 0.623617
vt 0.792608 0.587961
vt 0.800257 0.617799
vt 0.791615 0.624518
vt 0.802493 0.582441
vt 0.812709 0.583919
vt 0.812136 0.623543
vt 0.802493 0.582441
vt 0.812310 0.665946
vt 0.801680 0.665085
vt 0.801680 0.665085
vt 0.796372 0.521780
vt 0.803402 0.521711
vt 0.803321 0.548504
vt 0.796125 0.548656
vt 0.812794 0.521192
vt 0.813164 0.547476
vt 0.885090 0.335006
vt 0.883835 0.381880
vt 0.875353 0.375482
vt 0.895833 0.334774
vt 0.895833 0.378004
vt 0.885090 0.335005
vt 0.895833 0.416207
vt 0.886055 0.418042
vt 0.895833 0.378004
vt 0.879289 0.423891
vt 0.878025 0.405769
vt 0.886054 0.418042
vt 0.875353 0.375482
vt 0.878025 0.405769
vt 0.879289 0.423891
vt 0.886055 0.418042
vt 0.886622 0.451508
vt 0.879659 0.452242
vt 0.895833 0.416207
vt 0.895833 0.451278
vt 0.895833 0.478215
vt 0.886698 0.478215
vt 0.879705 0.478220
vt 0.896753 0.516026
vt 0.903466 0.541952
vt 0.895603 0.547538
vt 0.905377 0.518787
vt 0.911664 0.546422
vt 0.905377 0.518787
vt 0.912208 0.575516
vt 0.905252 0.580766
vt 0.911664 0.546422
vt 0.895836 0.583840
vt 0.905251 0.580766
vt 0.905251 0.580766
vt 0.907861 0.618150
vt 0.896224 0.623533
vt 0.912208 0.575516
vt 0.913628 0.594157
vt 0.916615 0.624518
vt 0.913628 0.594157
vt 0.916667 0.665740
vt 0.906653 0.665085
vt 0.916615 0.624518
vt 0.896023 0.665946
vt 0.896224 0.623533
vt 0.906653 0.665085
vt 0.917608 0.587961
vt 0.925256 0.617799
vt 0.916615 0.624518
vt 0.927493 0.582441
vt 0.937709 0.583919
vt 0.937136 0.623543
vt 0.927493 0.582441
vt 0.937136 0.623543
vt 0.916667 0.665740
vt 0.926680 0.665085
vt 0.928402 0.521711
vt 0.928321 0.548504
vt 0.921125 0.548656
vt 0.937794 0.521192
vt 0.938164 0.547476
vt 0.927493 0.582441
vt 0.926704 0.335006
vt 0.925475 0.381880
vt 0.916719 0.375482
vt 0.937500 0.378004
vt 0.926704 0.335005
vt 0.937500 0.416207
vt 0.927721 0.418042
vt 0.937500 0.378004
vt 0.920956 0.423891
vt 0.919684 0.405769
vt 0.895833 0.334774
vt 0.906629 0.335005
vt 0.908044 0.382340
vt 0.895833 0.378004
vt 0.906629 0.335005
vt 0.915725 0.412039
vt 0.916719 0.375482
vt 0.905867 0.417575
vt 0.895833 0.416207
vt 0.905867 0.417575
vt 0.920956 0.423891
vt 0.927721 0.418042
vt 0.928289 0.451508
vt 0.921326 0.452242
vt 0.937500 0.416207
vt 0.937500 0.451278
vt 0.937500 0.478215
vt 0.928365 0.478215
vt 0.921372 0.478220
vt 0.905096 0.451341
vt 0.912209 0.451345
vt 0.904968 0.478215
vt 0.937500 0.334774
vt 0.948243 0.335005
vt 0.949684 0.382340
vt 0.957911 0.334260
vt 0.958077 0.375482
vt 0.948243 0.335005
vt 0.957392 0.412039
vt 0.958077 0.375482
vt 0.947534 0.417575
vt 0.937500 0.416207
vt 0.937500 0.378004
vt 0.947534 0.417575
vt 0.947534 0.417575
vt 0.946762 0.451341
vt 0.953875 0.451345
vt 0.953628 0.478220
vt 0.946635 0.478215
vt 0.010016 0.335018
vt 0.008784 0.382241
vt 0.000022 0.372686
vt 0.020645 0.334156
vt 0.020472 0.376689
vt 0.021043 0.416184
vt 0.011084 0.418344
vt 0.020472 0.376689
vt 0.003034 0.407366
vt 0.000022 0.372686
vt 0.004294 0.424422
vt 0.011084 0.418344
vt 0.011705 0.451703
vt 0.004660 0.452309
vt 0.021497 0.452537
vt 0.021128 0.478808
vt 0.011737 0.478289
vt 0.004708 0.478220
vt 0.007783 0.542822
vt 0.000000 0.551993
vt 0.009592 0.518957
vt 0.002615 0.522370
vt 0.016164 0.521187
vt 0.015831 0.546422
vt 0.009592 0.518957
vt 0.009418 0.580847
vt 0.015831 0.546422
vt 0.000000 0.583333
vt 0.009418 0.580847
vt 0.011993 0.618270
vt 0.000000 0.625000
vt 0.016375 0.575516
vt 0.009418 0.580846
vt 0.020782 0.624518
vt 0.017795 0.594157
vt 0.020833 0.665740
vt 0.010796 0.665175
vt 0.020782 0.624518
vt 0.010796 0.665175
vt 0.021775 0.587961
vt 0.029451 0.617697
vt 0.031983 0.581271
vt 0.021775 0.587961
vt 0.031983 0.581271
vt 0.041477 0.665946
vt 0.030847 0.665085
vt 0.041276 0.623533
vt 0.020833 0.665740
vt 0.020782 0.624518
vt 0.030847 0.665085
vt 0.031895 0.519119
vt 0.033828 0.542596
vt 0.025625 0.547357
vt 0.037682 0.514034
vt 0.038882 0.522354
vt 0.031895 0.519119
vt 0.041798 0.547538
vt 0.038882 0.522354
vt 0.041798 0.547538
vt 0.084253 0.516026
vt 0.090966 0.541952
vt 0.083103 0.547538
vt 0.092877 0.518787
vt 0.084253 0.516026
vt 0.099496 0.521187
vt 0.092877 0.518787
vt 0.092751 0.580766
vt 0.099164 0.546422
vt 0.083336 0.583840
vt 0.083103 0.547538
vt 0.092751 0.580766
vt 0.092751 0.580766
vt 0.095334 0.618150
vt 0.083724 0.623533
vt 0.099708 0.575516
vt 0.101121 0.594157
vt 0.103814 0.624518
vt 0.101121 0.594157
vt 0.103744 0.665740
vt 0.094100 0.665085
vt 0.103814 0.624518
vt 0.083523 0.665946
vt 0.083724 0.623533
vt 0.083523 0.334054
vt 0.094100 0.334915
vt 0.095522 0.382303
vt 0.083724 0.376467
vt 0.103744 0.334260
vt 0.103910 0.375482
vt 0.094100 0.334915
vt 0.103225 0.412039
vt 0.103910 0.375482
vt 0.093017 0.418729
vt 0.083336 0.416160
vt 0.083724 0.376467
vt 0.093017 0.418729
vt 0.083336 0.416160
vt 0.091172 0.457404
vt 0.083202 0.452462
vt 0.099375 0.452643
vt 0.093017 0.418729
vt 0.099496 0.478813
vt 0.093105 0.480881
vt 0.093105 0.480881
vt 0.083202 0.452462
vt 0.146256 0.334260
vt 0.155900 0.334915
vt 0.154634 0.381734
vt 0.146186 0.375482
vt 0.166477 0.334054
vt 0.166279 0.376383
vt 0.166685 0.415487
vt 0.156890 0.417952
vt 0.166279 0.376383
vt 0.150122 0.423891
vt 0.148858 0.405769
vt 0.146186 0.375482
vt 0.148858 0.405769
vt 0.156890 0.417952
vt 0.157489 0.451497
vt 0.150492 0.452242
vt 0.157570 0.478215
vt 0.146753 0.516026
vt 0.153492 0.541952
vt 0.145894 0.547538
vt 0.155377 0.518787
vt 0.146753 0.516026
vt 0.161997 0.521187
vt 0.161664 0.546422
vt 0.155377 0.518787
vt 0.162208 0.575516
vt 0.155300 0.580766
vt 0.161664 0.546422
vt 0.146226 0.583840
vt 0.145894 0.547538
vt 0.155300 0.580766
vt 0.146226 0.583840
vt 0.155300 0.580766
vt 0.157900 0.618151
vt 0.146652 0.623533
vt 0.162208 0.575516
vt 0.163628 0.594157
vt 0.155300 0.580766
vt 0.166615 0.624518
vt 0.163628 0.594157
vt 0.166667 0.665740
vt 0.156709 0.665085
vt 0.146474 0.665946
vt 0.146652 0.623533
vt 0.156709 0.665085
vt 0.167608 0.587961
vt 0.175287 0.617693
vt 0.166615 0.624518
vt 0.177840 0.581222
vt 0.167608 0.587961
vt 0.187688 0.583444
vt 0.187134 0.623483
vt 0.187134 0.623483
vt 0.176680 0.665085
vt 0.177729 0.519119
vt 0.179698 0.542521
vt 0.183516 0.514034
vt 0.184727 0.522329
vt 0.177729 0.519119
vt 0.188036 0.546697
vt 0.187688 0.583444
vt 0.188036 0.546697
vt 0.171458 0.547357
vt 0.229167 0.334260
vt 0.239180 0.334915
vt 0.237974 0.381854
vt 0.229218 0.375482
vt 0.249810 0.334054
vt 0.249634 0.376517
vt 0.250188 0.416556
vt 0.240606 0.419283
vt 0.249634 0.376517
vt 0.233625 0.424484
vt 0.232205 0.405844
vt 0.232205 0.405844
vt 0.208523 0.334054
vt 0.219153 0.334915
vt 0.220579 0.382194
vt 0.208721 0.376383
vt 0.219153 0.334915
vt 0.228225 0.412039
vt 0.218365 0.417485
vt 0.208315 0.415487
vt 0.218365 0.417485
vt 0.240606 0.419283
vt 0.242404 0.458124
vt 0.250188 0.416556
vt 0.250647 0.453328
vt 0.249080 0.483974
vt 0.250647 0.453328
vt 0.240456 0.481213
vt 0.249080 0.483974
vt 0.233837 0.478813
vt 0.234169 0.453578
vt 0.218365 0.417485
vt 0.217561 0.451329
vt 0.224461 0.478220
vt 0.217430 0.478215
vt 0.312923 0.334260
vt 0.322567 0.334915
vt 0.321300 0.381734
vt 0.312853 0.375482
vt 0.333144 0.334054
vt 0.332946 0.376383
vt 0.333352 0.415487
vt 0.323557 0.417952
vt 0.332946 0.376383
vt 0.315525 0.405769
vt 0.312853 0.375482
vt 0.315525 0.405769
vt 0.316789 0.423891
vt 0.323557 0.417952
vt 0.324156 0.451497
vt 0.317159 0.452242
vt 0.324237 0.478215
vt 0.317205 0.478220
vt 0.312598 0.521785
vt 0.321647 0.521785
vt 0.321729 0.548503
vt 0.312637 0.548812
vt 0.328675 0.547758
vt 0.329045 0.576109
vt 0.322329 0.582048
vt 0.312900 0.584513
vt 0.312900 0.584513
vt 0.322329 0.582048
vt 0.324635 0.618174
vt 0.313320 0.623617
vt 0.330328 0.594201
vt 0.333685 0.623498
vt 0.333523 0.665260
vt 0.323400 0.665025
vt 0.313141 0.665946
vt 0.313320 0.623617
vt 0.323400 0.665025
vt 0.334275 0.587961
vt 0.343585 0.613414
vt 0.343491 0.579930
vt 0.349896 0.575629
vt 0.343491 0.579930
vt 0.353700 0.623468
vt 0.353977 0.665260
vt 0.353700 0.623468
vt 0.333523 0.665260
vt 0.333685 0.623498
vt 0.343750 0.664043
vt 0.343750 0.521784
vt 0.343701 0.548347
vt 0.349770 0.521780
vt 0.349781 0.547698
vt 0.355108 0.587961
vt 0.362720 0.617707
vt 0.353700 0.623468
vt 0.364993 0.582441
vt 0.355108 0.587961
vt 0.375209 0.583919
vt 0.374636 0.623543
vt 0.364993 0.582441
vt 0.374810 0.665946
vt 0.364157 0.665025
vt 0.374636 0.623543
vt 0.353977 0.665260
vt 0.353700 0.623468
vt 0.358872 0.521780
vt 0.365902 0.521711
vt 0.365821 0.548504
vt 0.358625 0.548656
vt 0.375294 0.521192
vt 0.375664 0.547476
vt 0.364993 0.582441
vt 0.447567 0.334915
vt 0.446300 0.381734
vt 0.437853 0.375482
vt 0.458144 0.334054
vt 0.457946 0.376383
vt 0.447567 0.334915
vt 0.458352 0.415487
vt 0.448557 0.417952
vt 0.457946 0.376383
vt 0.441789 0.423891
vt 0.440525 0.405769
vt 0.448557 0.417952
vt 0.440525 0.405769
vt 0.448557 0.417952
vt 0.449156 0.451497
vt 0.442159 0.452242
vt 0.449237 0.478215
vt 0.509234 0.491980
vt 0.499728 0.491950
vt 0.516384 0.492088
vt 0.509988 0.497060
vt 0.500000 0.503051
vt 0.510042 0.502937
vt 0.509349 0.507676
vt 0.500000 0.507900
vt 0.516562 0.514034
vt 0.509790 0.519046
vt 0.500000 0.520598
vt 0.500000 0.520598
vt 0.509790 0.519046
vt 0.512007 0.542636
vt 0.500000 0.546231
vt 0.516562 0.514034
vt 0.517823 0.522354
vt 0.509790 0.519046
vt 0.520497 0.547628
vt 0.510749 0.583878
vt 0.520497 0.547628
vt 0.574100 0.491980
vt 0.566950 0.492088
vt 0.573293 0.497060
vt 0.573345 0.502940
vt 0.574100 0.508020
vt 0.566950 0.507912
vt 0.646226 0.503070
vt 0.655924 0.502940
vt 0.655118 0.508020
vt 0.645968 0.508050
vt 0.662217 0.507912
vt 0.677510 0.502938
vt 0.678237 0.508011
vt 0.687500 0.503051
vt 0.687537 0.507974
vt 0.697542 0.502937
vt 0.696854 0.507686
vt 0.703938 0.506935
vt 0.697327 0.519120
vt 0.687794 0.521192
vt 0.697327 0.519120
vt 0.699567 0.542748
vt 0.688164 0.547476
vt 0.704062 0.514034
vt 0.705323 0.522354
vt 0.707997 0.547628
vt 0.705322 0.522354
vt 0.707997 0.547628
vt 0.688164 0.547476
vt 0.698275 0.583862
vt 0.759284 0.491980
vt 0.750135 0.491950
vt 0.760039 0.497060
vt 0.750392 0.496930
vt 0.782433 0.491980
vt 0.775283 0.492088
vt 0.781627 0.497060
vt 0.780873 0.502940
vt 0.780067 0.508020
vt 0.802510 0.502938
vt 0.803237 0.508011
vt 0.812500 0.503051
vt 0.812537 0.507974
vt 0.822542 0.502937
vt 0.821854 0.507686
vt 0.829062 0.514034
vt 0.822327 0.519120
vt 0.812794 0.521192
vt 0.822327 0.519120
vt 0.824567 0.542748
vt 0.813164 0.547476
vt 0.829062 0.514034
vt 0.830323 0.522354
vt 0.822327 0.519120
vt 0.832997 0.547628
vt 0.832943 0.584560
vt 0.832997 0.547628
vt 0.812709 0.583919
vt 0.823275 0.583862
vt 0.886566 0.491980
vt 0.895833 0.491952
vt 0.895833 0.496949
vt 0.885792 0.497062
vt 0.875392 0.503070
vt 0.885091 0.502940
vt 0.884371 0.507686
vt 0.875172 0.507976
vt 0.891562 0.514034
vt 0.884839 0.519120
vt 0.875392 0.521192
vt 0.875392 0.521192
vt 0.884839 0.519120
vt 0.887088 0.542748
vt 0.875800 0.547566
vt 0.892824 0.522354
vt 0.895836 0.583840
vt 0.885874 0.583862
vt 0.895603 0.547538
vt 0.875609 0.584640
vt 0.906314 0.502808
vt 0.906124 0.507615
vt 0.899789 0.506783
vt 0.911997 0.521187
vt 0.905377 0.518787
vt 0.905101 0.491980
vt 0.905823 0.497062
vt 0.928233 0.491980
vt 0.937500 0.491952
vt 0.937500 0.496949
vt 0.927458 0.497063
vt 0.927510 0.502938
vt 0.928237 0.508011
vt 0.937500 0.503051
vt 0.937537 0.507974
vt 0.946768 0.491980
vt 0.953884 0.492088
vt 0.947490 0.497062
vt 0.947542 0.502937
vt 0.946854 0.507686
vt 0.954062 0.514034
vt 0.947327 0.519120
vt 0.937794 0.521192
vt 0.947327 0.519120
vt 0.949567 0.542748
vt 0.954062 0.514034
vt 0.955323 0.522354
vt 0.957997 0.547628
vt 0.948275 0.583862
vt 0.957997 0.547628
vt 0.937709 0.583919
vt 0.948275 0.583862
vt 0.011575 0.491984
vt 0.004455 0.492053
vt 0.020871 0.492024
vt 0.020836 0.496930
vt 0.010800 0.497009
vt 0.010686 0.502968
vt 0.010345 0.507648
vt 0.031313 0.502808
vt 0.031330 0.507655
vt 0.037532 0.506935
vt 0.037682 0.514034
vt 0.031895 0.519119
vt 0.025504 0.521187
vt 0.030917 0.481212
vt 0.030239 0.492355
vt 0.037474 0.493216
vt 0.030823 0.497060
vt 0.021043 0.416184
vt 0.031657 0.416151
vt 0.033112 0.457770
vt 0.021497 0.452537
vt 0.041667 0.415440
vt 0.041719 0.452372
vt 0.031657 0.416151
vt 0.040747 0.483974
vt 0.030917 0.481212
vt 0.040747 0.483974
vt 0.021128 0.478808
vt 0.021497 0.452537
vt 0.030917 0.481212
vt 0.045938 0.485966
vt 0.052710 0.480954
vt 0.053151 0.492324
vt 0.046062 0.493065
vt 0.062500 0.479402
vt 0.062500 0.492100
vt 0.062500 0.496949
vt 0.052458 0.497063
vt 0.041667 0.415440
vt 0.050467 0.457364
vt 0.041719 0.452372
vt 0.062500 0.415954
vt 0.062500 0.453769
vt 0.052710 0.480954
vt 0.062500 0.453769
vt 0.044671 0.477646
vt 0.052710 0.480954
vt 0.041719 0.452372
vt 0.042587 0.516026
vt 0.050297 0.542111
vt 0.041798 0.547538
vt 0.052453 0.518713
vt 0.042587 0.516026
vt 0.062500 0.520598
vt 0.062500 0.546231
vt 0.062500 0.584046
vt 0.051702 0.583788
vt 0.062500 0.546231
vt 0.041664 0.583840
vt 0.051702 0.583788
vt 0.052510 0.502938
vt 0.053100 0.507636
vt 0.045859 0.506784
vt 0.062500 0.503051
vt 0.062500 0.507900
vt 0.062500 0.520598
vt 0.052453 0.518713
vt 0.072547 0.481287
vt 0.071900 0.492364
vt 0.079141 0.493216
vt 0.072490 0.497062
vt 0.062500 0.415954
vt 0.073298 0.416212
vt 0.074703 0.457889
vt 0.083202 0.452462
vt 0.073298 0.416212
vt 0.082413 0.483974
vt 0.072547 0.481287
vt 0.062500 0.453769
vt 0.072547 0.481287
vt 0.093105 0.480881
vt 0.093670 0.492345
vt 0.087468 0.493066
vt 0.099947 0.492163
vt 0.093687 0.497192
vt 0.072542 0.502937
vt 0.071849 0.507676
vt 0.079062 0.514034
vt 0.072290 0.519046
vt 0.062500 0.520598
vt 0.074516 0.542628
vt 0.062500 0.546231
vt 0.079062 0.514034
vt 0.072290 0.519046
vt 0.083103 0.547538
vt 0.080324 0.522354
vt 0.073298 0.583788
vt 0.073298 0.583788
vt 0.093814 0.502808
vt 0.093624 0.507615
vt 0.087289 0.506783
vt 0.099947 0.507837
vt 0.099496 0.521187
vt 0.092877 0.518787
vt 0.157433 0.491980
vt 0.156627 0.497060
vt 0.156314 0.502808
vt 0.156124 0.507615
vt 0.149789 0.506783
vt 0.161997 0.521187
vt 0.177147 0.502808
vt 0.177164 0.507655
vt 0.183516 0.514034
vt 0.177729 0.519119
vt 0.188420 0.516026
vt 0.197763 0.538401
vt 0.188036 0.546697
vt 0.197655 0.516617
vt 0.188420 0.516026
vt 0.204951 0.521488
vt 0.197655 0.516617
vt 0.207865 0.546762
vt 0.204951 0.521488
vt 0.208143 0.584164
vt 0.197916 0.583026
vt 0.207864 0.546762
vt 0.188036 0.546697
vt 0.197916 0.583026
vt 0.197980 0.502807
vt 0.197867 0.507342
vt 0.191472 0.506758
vt 0.204165 0.506885
vt 0.204076 0.513638
vt 0.209253 0.516026
vt 0.216911 0.542043
vt 0.219120 0.518713
vt 0.209253 0.516026
vt 0.229167 0.520598
vt 0.229167 0.546231
vt 0.229167 0.584046
vt 0.218345 0.583828
vt 0.229167 0.546231
vt 0.207864 0.546762
vt 0.218345 0.583828
vt 0.219177 0.502938
vt 0.219766 0.507636
vt 0.212526 0.506784
vt 0.229167 0.503051
vt 0.229167 0.507900
vt 0.219120 0.518713
vt 0.217567 0.491980
vt 0.218321 0.497060
vt 0.233837 0.478813
vt 0.240456 0.481213
vt 0.239709 0.492385
vt 0.239519 0.497192
vt 0.254257 0.486362
vt 0.260679 0.483383
vt 0.260466 0.492658
vt 0.260353 0.497193
vt 0.250188 0.416556
vt 0.260368 0.416974
vt 0.260576 0.461600
vt 0.270252 0.415836
vt 0.270189 0.453213
vt 0.269914 0.483974
vt 0.270189 0.453213
vt 0.260678 0.483383
vt 0.254257 0.486362
vt 0.260678 0.483383
vt 0.239208 0.502937
vt 0.238516 0.507676
vt 0.245604 0.506935
vt 0.245728 0.514034
vt 0.238957 0.519046
vt 0.250920 0.516026
vt 0.260231 0.538407
vt 0.250353 0.546787
vt 0.260155 0.516617
vt 0.250920 0.516026
vt 0.266576 0.513638
vt 0.267444 0.521488
vt 0.260155 0.516617
vt 0.270080 0.546762
vt 0.260368 0.583116
vt 0.270080 0.546762
vt 0.250353 0.546787
vt 0.260368 0.583116
vt 0.229167 0.520598
vt 0.238957 0.519046
vt 0.241236 0.542560
vt 0.229167 0.546231
vt 0.247008 0.522329
vt 0.250353 0.546787
vt 0.250191 0.584164
vt 0.239988 0.583828
vt 0.250353 0.546787
vt 0.229167 0.584046
vt 0.229167 0.546231
vt 0.260480 0.502807
vt 0.260367 0.507342
vt 0.253972 0.506758
vt 0.266665 0.506885
vt 0.324100 0.491980
vt 0.316950 0.492088
vt 0.323293 0.497060
vt 0.312892 0.503070
vt 0.322591 0.502940
vt 0.321785 0.508020
vt 0.312635 0.508050
vt 0.328884 0.507912
vt 0.343814 0.502808
vt 0.343750 0.507990
vt 0.337519 0.507911
vt 0.349981 0.507911
vt 0.365010 0.502938
vt 0.365737 0.508011
vt 0.358616 0.507912
vt 0.375000 0.503051
vt 0.375037 0.507974
vt 0.385042 0.502937
vt 0.384354 0.507686
vt 0.384827 0.519120
vt 0.375294 0.521192
vt 0.384827 0.519120
vt 0.387067 0.542748
vt 0.392823 0.522354
vt 0.384827 0.519120
vt 0.395497 0.547628
vt 0.395443 0.584560
vt 0.385775 0.583862
vt 0.395497 0.547628
vt 0.375209 0.583919
vt 0.385775 0.583862
vt 0.449100 0.491980
vt 0.441950 0.492088
vt 0.448293 0.497060
vt 0.468373 0.502940
vt 0.467653 0.507686
vt 0.474771 0.506935
vt 0.468121 0.519120
vt 0.480087 0.516026
vt 0.487781 0.542119
vt 0.479115 0.547628
vt 0.489953 0.518713
vt 0.480087 0.516026
vt 0.489953 0.518713
vt 0.489202 0.583878
vt 0.500000 0.546231
vt 0.479167 0.584560
vt 0.479115 0.547628
vt 0.458319 0.521192
vt 0.468121 0.519120
vt 0.470401 0.542756
vt 0.458724 0.547566
vt 0.474895 0.514034
vt 0.476162 0.522354
vt 0.468121 0.519120
vt 0.479115 0.547628
vt 0.476162 0.522354
vt 0.469155 0.583952
vt 0.458524 0.584640
vt 0.458724 0.547566
vt 0.469155 0.583952
vt 0.489953 0.518713
vt 0.490600 0.507636
vt 0.490010 0.502938
vt 0.520479 0.500000
vt 0.511157 0.499998
vt 0.512110 0.499160
vt 0.520502 0.499623
vt 0.500190 0.499981
vt 0.511157 0.499998
vt 0.500389 0.498983
vt 0.518018 0.499025
vt 0.509988 0.497060
vt 0.520502 0.499622
vt 0.518018 0.499025
vt 0.519904 0.500908
vt 0.512226 0.500835
vt 0.520599 0.500378
vt 0.510042 0.502937
vt 0.500000 0.503051
vt 0.500024 0.500971
vt 0.510042 0.502937
vt 0.511157 0.499998
vt 0.500024 0.500971
vt 0.520479 0.500000
vt 0.520599 0.500378
vt 0.511157 0.499998
vt 0.582953 0.500000
vt 0.572153 0.500000
vt 0.571072 0.499161
vt 0.582920 0.498986
vt 0.562854 0.500000
vt 0.562734 0.499622
vt 0.563429 0.499093
vt 0.562734 0.499622
vt 0.573293 0.497060
vt 0.583349 0.496930
vt 0.573293 0.497060
vt 0.583349 0.503070
vt 0.573345 0.502940
vt 0.571221 0.500840
vt 0.582920 0.501014
vt 0.562831 0.500378
vt 0.565315 0.500975
vt 0.562854 0.500000
vt 0.572153 0.500000
vt 0.687500 0.503051
vt 0.677510 0.502938
vt 0.675434 0.500830
vt 0.687500 0.500969
vt 0.669475 0.500975
vt 0.677510 0.502938
vt 0.666719 0.500361
vt 0.666667 0.499864
vt 0.676703 0.499928
vt 0.666719 0.500361
vt 0.676703 0.499928
vt 0.665738 0.500908
vt 0.658121 0.500832
vt 0.665737 0.500908
vt 0.646631 0.501012
vt 0.655924 0.502940
vt 0.646432 0.499981
vt 0.656705 0.499930
vt 0.646631 0.501012
vt 0.666667 0.499864
vt 0.656705 0.499930
vt 0.707404 0.500908
vt 0.699690 0.500829
vt 0.708096 0.500361
vt 0.687500 0.500969
vt 0.687500 0.499962
vt 0.698249 0.499928
vt 0.707952 0.499864
vt 0.708096 0.500361
vt 0.698249 0.499928
vt 0.791477 0.499884
vt 0.781250 0.500000
vt 0.779453 0.499161
vt 0.791278 0.498971
vt 0.771023 0.500117
vt 0.770805 0.499637
vt 0.771763 0.499093
vt 0.770805 0.499637
vt 0.781627 0.497060
vt 0.791277 0.498971
vt 0.781627 0.497060
vt 0.771024 0.500117
vt 0.760896 0.500067
vt 0.762140 0.499166
vt 0.770805 0.499637
vt 0.750599 0.500019
vt 0.750798 0.498988
vt 0.760896 0.500067
vt 0.750392 0.496930
vt 0.768025 0.499025
vt 0.760039 0.497060
vt 0.812500 0.503051
vt 0.802510 0.502938
vt 0.800432 0.500830
vt 0.812500 0.500969
vt 0.794475 0.500975
vt 0.791695 0.500363
vt 0.791477 0.499884
vt 0.801679 0.499930
vt 0.812500 0.499962
vt 0.812500 0.500969
vt 0.801679 0.499930
vt 0.790737 0.500908
vt 0.783047 0.500839
vt 0.790738 0.500908
vt 0.770818 0.503070
vt 0.771223 0.501029
vt 0.771023 0.500117
vt 0.781250 0.500000
vt 0.791476 0.499884
vt 0.791695 0.500363
vt 0.832404 0.500908
vt 0.824690 0.500829
vt 0.833096 0.500361
vt 0.822542 0.502937
vt 0.832404 0.500908
vt 0.812500 0.503051
vt 0.812500 0.500969
vt 0.822542 0.502937
vt 0.812500 0.499962
vt 0.823249 0.499928
vt 0.832952 0.499864
vt 0.833096 0.500361
vt 0.823249 0.499928
vt 0.896024 0.499890
vt 0.885512 0.500001
vt 0.883682 0.499165
vt 0.895857 0.499013
vt 0.875572 0.500117
vt 0.875262 0.499637
vt 0.885512 0.500001
vt 0.875929 0.499093
vt 0.875262 0.499637
vt 0.885791 0.497062
vt 0.875929 0.499093
vt 0.895833 0.496949
vt 0.895857 0.499013
vt 0.915738 0.500908
vt 0.906415 0.500695
vt 0.916314 0.500350
vt 0.906314 0.502808
vt 0.915738 0.500908
vt 0.899027 0.500948
vt 0.906314 0.502808
vt 0.896301 0.500338
vt 0.896024 0.499890
vt 0.906631 0.499947
vt 0.916477 0.499987
vt 0.916315 0.500350
vt 0.906630 0.499947
vt 0.894904 0.500908
vt 0.887289 0.500837
vt 0.885091 0.502940
vt 0.875392 0.503070
vt 0.875795 0.501029
vt 0.885091 0.502940
vt 0.875572 0.500117
vt 0.875795 0.501029
vt 0.896024 0.499890
vt 0.937500 0.500000
vt 0.926299 0.499998
vt 0.925248 0.499165
vt 0.937500 0.499026
vt 0.916476 0.499987
vt 0.916591 0.499621
vt 0.926299 0.499998
vt 0.917596 0.499093
vt 0.927458 0.497062
vt 0.937500 0.496949
vt 0.927458 0.497062
vt 0.916477 0.499987
vt 0.906630 0.499947
vt 0.907900 0.499159
vt 0.896024 0.499890
vt 0.895857 0.499013
vt 0.895833 0.496949
vt 0.895857 0.499012
vt 0.913859 0.499025
vt 0.905824 0.497062
vt 0.916591 0.499621
vt 0.913859 0.499025
vt 0.925363 0.500833
vt 0.937500 0.500974
vt 0.919463 0.500974
vt 0.919463 0.500974
vt 0.916477 0.499987
vt 0.937500 0.500974
vt 0.926299 0.499998
vt 0.957979 0.500000
vt 0.948633 0.500000
vt 0.949575 0.499164
vt 0.958002 0.499623
vt 0.937500 0.499026
vt 0.937500 0.499026
vt 0.955518 0.499025
vt 0.958002 0.499622
vt 0.957404 0.500907
vt 0.949724 0.500835
vt 0.958099 0.500378
vt 0.937500 0.503051
vt 0.947542 0.502937
vt 0.937500 0.500000
vt 0.937500 0.500974
vt 0.957979 0.500000
vt 0.958099 0.500378
vt 0.948633 0.500000
vt 0.020837 0.499874
vt 0.010048 0.499940
vt 0.008631 0.499005
vt 0.020837 0.498969
vt 0.000022 0.500000
vt 0.000024 0.499546
vt 0.010048 0.499940
vt 0.000950 0.498654
vt 0.010800 0.497009
vt 0.000950 0.498654
vt 0.020836 0.496930
vt 0.020837 0.498969
vt 0.010800 0.497009
vt 0.019905 0.500908
vt 0.010568 0.500834
vt 0.020900 0.500342
vt 0.010686 0.502968
vt 0.010686 0.502968
vt 0.000024 0.500454
vt 0.003394 0.501421
vt 0.010048 0.499940
vt 0.020837 0.499874
vt 0.020900 0.500342
vt 0.010048 0.499940
vt 0.040737 0.500908
vt 0.031388 0.500695
vt 0.041314 0.500350
vt 0.040737 0.500908
vt 0.024014 0.500948
vt 0.031313 0.502808
vt 0.020837 0.499874
vt 0.031607 0.499945
vt 0.041476 0.499987
vt 0.031607 0.499945
vt 0.062500 0.500000
vt 0.051299 0.499998
vt 0.050248 0.499165
vt 0.062500 0.499026
vt 0.041476 0.499987
vt 0.041591 0.499621
vt 0.051299 0.499998
vt 0.042596 0.499093
vt 0.041591 0.499621
vt 0.052458 0.497063
vt 0.062500 0.496949
vt 0.062500 0.499026
vt 0.041476 0.499987
vt 0.031607 0.499945
vt 0.032897 0.499155
vt 0.041591 0.499621
vt 0.031607 0.499945
vt 0.020836 0.496930
vt 0.020837 0.498969
vt 0.038858 0.499025
vt 0.030823 0.497060
vt 0.041591 0.499621
vt 0.062500 0.503051
vt 0.052510 0.502938
vt 0.050363 0.500833
vt 0.062500 0.500974
vt 0.044463 0.500974
vt 0.051299 0.499998
vt 0.103432 0.500000
vt 0.093706 0.500000
vt 0.093592 0.499302
vt 0.103396 0.499649
vt 0.083714 0.500000
vt 0.083709 0.499648
vt 0.084263 0.499093
vt 0.083709 0.499648
vt 0.100967 0.499052
vt 0.103396 0.499649
vt 0.100967 0.499052
vt 0.073725 0.500000
vt 0.074639 0.499166
vt 0.083709 0.499648
vt 0.073725 0.500000
vt 0.062500 0.496949
vt 0.072490 0.497062
vt 0.080537 0.499026
vt 0.103237 0.500908
vt 0.093870 0.500698
vt 0.103504 0.500352
vt 0.093814 0.502808
vt 0.086527 0.500948
vt 0.093814 0.502808
vt 0.083825 0.500351
vt 0.093706 0.500000
vt 0.083825 0.500351
vt 0.103432 0.500000
vt 0.082404 0.500908
vt 0.074788 0.500833
vt 0.083825 0.500351
vt 0.062500 0.503051
vt 0.062500 0.500974
vt 0.083714 0.500000
vt 0.073725 0.500000
vt 0.166477 0.499858
vt 0.155914 0.499943
vt 0.154443 0.499156
vt 0.166277 0.498968
vt 0.146378 0.499987
vt 0.146091 0.499621
vt 0.146763 0.499093
vt 0.146091 0.499621
vt 0.156627 0.497060
vt 0.166682 0.496930
vt 0.165737 0.500907
vt 0.156408 0.500692
vt 0.166707 0.500308
vt 0.149033 0.500948
vt 0.156314 0.502808
vt 0.146581 0.500350
vt 0.146378 0.499987
vt 0.166707 0.500308
vt 0.155914 0.499943
vt 0.186570 0.500908
vt 0.177221 0.500686
vt 0.187564 0.500306
vt 0.177147 0.502808
vt 0.186570 0.500908
vt 0.169848 0.500947
vt 0.177147 0.502808
vt 0.166707 0.500308
vt 0.169848 0.500947
vt 0.166477 0.499858
vt 0.177060 0.499874
vt 0.187500 0.499839
vt 0.187564 0.500306
vt 0.207404 0.500908
vt 0.198030 0.500688
vt 0.208005 0.500336
vt 0.190681 0.500947
vt 0.190681 0.500947
vt 0.197917 0.499876
vt 0.208333 0.499871
vt 0.208005 0.500336
vt 0.197917 0.499876
vt 0.229167 0.503051
vt 0.219177 0.502938
vt 0.217103 0.500833
vt 0.229190 0.500988
vt 0.211130 0.500974
vt 0.219177 0.502938
vt 0.211130 0.500974
vt 0.218774 0.499998
vt 0.229357 0.500110
vt 0.229190 0.500988
vt 0.218774 0.499998
vt 0.250190 0.500013
vt 0.240011 0.500053
vt 0.239499 0.499307
vt 0.249960 0.499676
vt 0.229519 0.499662
vt 0.240011 0.500053
vt 0.230096 0.499093
vt 0.229519 0.499662
vt 0.230096 0.499093
vt 0.239519 0.497192
vt 0.246819 0.499053
vt 0.229357 0.500110
vt 0.218774 0.499998
vt 0.220434 0.499162
vt 0.208333 0.499871
vt 0.208699 0.498969
vt 0.218774 0.499998
vt 0.208318 0.496930
vt 0.208699 0.498969
vt 0.226370 0.499026
vt 0.229519 0.499662
vt 0.270099 0.500000
vt 0.260349 0.500002
vt 0.260231 0.499304
vt 0.270062 0.499649
vt 0.260349 0.500002
vt 0.250930 0.499093
vt 0.249960 0.499676
vt 0.267633 0.499052
vt 0.260353 0.497193
vt 0.270062 0.499649
vt 0.267633 0.499052
vt 0.269904 0.500908
vt 0.260535 0.500698
vt 0.270171 0.500352
vt 0.260480 0.502808
vt 0.253193 0.500948
vt 0.250468 0.500353
vt 0.250468 0.500353
vt 0.270099 0.500000
vt 0.270171 0.500352
vt 0.249070 0.500908
vt 0.241420 0.500837
vt 0.250468 0.500353
vt 0.229167 0.503051
vt 0.240011 0.500053
vt 0.229190 0.500988
vt 0.250468 0.500353
vt 0.333333 0.499871
vt 0.322988 0.499998
vt 0.321147 0.499161
vt 0.332968 0.498969
vt 0.313072 0.500117
vt 0.312762 0.499637
vt 0.313429 0.499093
vt 0.312762 0.499637
vt 0.323293 0.497060
vt 0.333349 0.496930
vt 0.332968 0.498969
vt 0.323293 0.497060
vt 0.353237 0.500908
vt 0.343888 0.500690
vt 0.353814 0.500334
vt 0.343814 0.502808
vt 0.353237 0.500908
vt 0.336526 0.500948
vt 0.343814 0.502808
vt 0.333777 0.500335
vt 0.333333 0.499871
vt 0.343726 0.499877
vt 0.333777 0.500335
vt 0.353977 0.499852
vt 0.353814 0.500334
vt 0.343726 0.499877
vt 0.332404 0.500908
vt 0.324787 0.500836
vt 0.333777 0.500335
vt 0.322591 0.502940
vt 0.312892 0.503070
vt 0.313295 0.501029
vt 0.322591 0.502940
vt 0.313072 0.500117
vt 0.322988 0.499998
vt 0.333778 0.500335
vt 0.375000 0.503051
vt 0.365010 0.502938
vt 0.362898 0.500827
vt 0.375000 0.500969
vt 0.356963 0.500974
vt 0.365010 0.502938
vt 0.353814 0.500334
vt 0.375000 0.499962
vt 0.375000 0.500969
vt 0.364179 0.499926
vt 0.394904 0.500908
vt 0.387190 0.500829
vt 0.395596 0.500361
vt 0.385042 0.502937
vt 0.375000 0.503051
vt 0.375000 0.500969
vt 0.385042 0.502937
vt 0.385749 0.499928
vt 0.395452 0.499864
vt 0.395596 0.500361
vt 0.385749 0.499928
vt 0.458333 0.500000
vt 0.447584 0.500067
vt 0.446110 0.499167
vt 0.457968 0.498986
vt 0.437738 0.499639
vt 0.438429 0.499093
vt 0.437738 0.499639
vt 0.448294 0.497060
vt 0.458349 0.496930
vt 0.457968 0.498986
vt 0.448293 0.497060
vt 0.479167 0.499864
vt 0.489227 0.499930
vt 0.487936 0.500830
vt 0.479219 0.500361
vt 0.500190 0.499981
vt 0.500024 0.500971
vt 0.489227 0.499930
vt 0.481975 0.500975
vt 0.479219 0.500361
vt 0.481975 0.500975
vt 0.478237 0.500908
vt 0.470581 0.500833
vt 0.479219 0.500361
vt 0.478237 0.500908
vt 0.458317 0.503070
vt 0.458699 0.501014
vt 0.468373 0.502940
vt 0.458333 0.500000
vt 0.479167 0.499864
vt 0.546764 0.584536
vt 0.547189 0.623649
vt 0.543329 0.625127
vt 0.543244 0.585209
vt 0.547106 0.665982
vt 0.543362 0.666680
vt 0.541667 0.666811
vt 0.541667 0.625365
vt 0.541667 0.585325
vt 0.540043 0.625320
vt 0.540063 0.585225
vt 0.539991 0.666770
vt 0.536389 0.666703
vt 0.536447 0.625195
vt 0.536359 0.584663
vt 0.547065 0.708281
vt 0.543414 0.708429
vt 0.547165 0.750036
vt 0.543493 0.750104
vt 0.541667 0.750144
vt 0.541667 0.708482
vt 0.541667 0.708483
vt 0.539922 0.708441
vt 0.539991 0.666770
vt 0.539840 0.750104
vt 0.536169 0.750036
vt 0.536288 0.708371
vt 0.536389 0.666703
vt 0.547164 0.750036
vt 0.547299 0.791699
vt 0.543586 0.791759
vt 0.547439 0.833360
vt 0.543682 0.833409
vt 0.541667 0.833439
vt 0.541667 0.791796
vt 0.539748 0.791760
vt 0.539652 0.833409
vt 0.535895 0.833360
vt 0.536035 0.791699
vt 0.547572 0.874781
vt 0.543774 0.874816
vt 0.547682 0.914775
vt 0.543849 0.914797
vt 0.541667 0.914809
vt 0.541667 0.874838
vt 0.539560 0.874816
vt 0.539484 0.914797
vt 0.535651 0.914775
vt 0.535761 0.874781
vt 0.547682 0.085225
vt 0.547572 0.125219
vt 0.543774 0.125184
vt 0.543849 0.085204
vt 0.547439 0.166640
vt 0.543682 0.166591
vt 0.541667 0.166561
vt 0.541667 0.125162
vt 0.541667 0.085191
vt 0.539560 0.125184
vt 0.539484 0.085204
vt 0.539652 0.166591
vt 0.535895 0.166640
vt 0.535761 0.125219
vt 0.535651 0.085225
vt 0.547299 0.208301
vt 0.543586 0.208241
vt 0.547164 0.249964
vt 0.543493 0.249896
vt 0.541667 0.249856
vt 0.541667 0.208204
vt 0.539748 0.208241
vt 0.539840 0.249897
vt 0.536169 0.249964
vt 0.536035 0.208301
vt 0.547164 0.249964
vt 0.547065 0.291719
vt 0.543414 0.291571
vt 0.543493 0.249897
vt 0.547106 0.334018
vt 0.543362 0.333320
vt 0.541667 0.333189
vt 0.541667 0.291518
vt 0.541667 0.249856
vt 0.539920 0.291571
vt 0.539840 0.249897
vt 0.539971 0.333320
vt 0.536228 0.334018
vt 0.536268 0.291719
vt 0.536169 0.249964
vt 0.547189 0.376351
vt 0.543329 0.374874
vt 0.546764 0.415464
vt 0.543244 0.414791
vt 0.541667 0.414675
vt 0.541667 0.374635
vt 0.540005 0.374874
vt 0.540089 0.414791
vt 0.536569 0.415464
vt 0.536144 0.376351
vt 0.630144 0.585256
vt 0.630200 0.625269
vt 0.626622 0.625329
vt 0.626584 0.585299
vt 0.630278 0.666703
vt 0.626676 0.666770
vt 0.625000 0.666811
vt 0.625000 0.625365
vt 0.625000 0.585325
vt 0.623378 0.625329
vt 0.623416 0.585299
vt 0.623325 0.666770
vt 0.619722 0.666703
vt 0.619800 0.625269
vt 0.619856 0.585256
vt 0.630378 0.708371
vt 0.626745 0.708441
vt 0.630498 0.750036
vt 0.626827 0.750104
vt 0.625000 0.750144
vt 0.625000 0.708482
vt 0.623255 0.708441
vt 0.623173 0.750104
vt 0.619502 0.750036
vt 0.619622 0.708371
vt 0.630632 0.791699
vt 0.626919 0.791759
vt 0.630772 0.833360
vt 0.627015 0.833409
vt 0.625000 0.833439
vt 0.625000 0.791796
vt 0.623081 0.791759
vt 0.622985 0.833409
vt 0.619228 0.833360
vt 0.619368 0.791699
vt 0.630905 0.874781
vt 0.627107 0.874816
vt 0.631015 0.914775
vt 0.627183 0.914797
vt 0.625000 0.914809
vt 0.625000 0.874838
vt 0.622893 0.874816
vt 0.622818 0.914797
vt 0.618985 0.914775
vt 0.619095 0.874781
vt 0.631015 0.085225
vt 0.630905 0.125219
vt 0.627107 0.125184
vt 0.627183 0.085204
vt 0.630772 0.166640
vt 0.627015 0.166591
vt 0.625000 0.166561
vt 0.625000 0.125162
vt 0.625000 0.085191
vt 0.622893 0.125184
vt 0.622818 0.085204
vt 0.622985 0.166591
vt 0.619228 0.166640
vt 0.619095 0.125219
vt 0.618985 0.085225
vt 0.630632 0.208301
vt 0.626919 0.208241
vt 0.630498 0.249964
vt 0.626827 0.249897
vt 0.625000 0.249856
vt 0.625000 0.208204
vt 0.623081 0.208241
vt 0.623173 0.249897
vt 0.619502 0.249964
vt 0.619368 0.208301
vt 0.630378 0.291629
vt 0.626745 0.291560
vt 0.630278 0.333297
vt 0.626676 0.333230
vt 0.625000 0.333189
vt 0.625000 0.291518
vt 0.623255 0.291560
vt 0.623325 0.333230
vt 0.619722 0.333297
vt 0.619622 0.291629
vt 0.630200 0.374731
vt 0.626622 0.374671
vt 0.630144 0.414744
vt 0.626584 0.414701
vt 0.625000 0.414675
vt 0.625000 0.374635
vt 0.623378 0.374671
vt 0.623416 0.414701
vt 0.619856 0.414744
vt 0.619800 0.374731
vt 0.734311 0.585256
vt 0.734366 0.625269
vt 0.730788 0.625329
vt 0.730750 0.585299
vt 0.734445 0.666703
vt 0.730842 0.666770
vt 0.729167 0.666811
vt 0.729167 0.625365
vt 0.729167 0.585325
vt 0.729167 0.625365
vt 0.727543 0.625320
vt 0.727563 0.585225
vt 0.729167 0.666811
vt 0.727491 0.666770
vt 0.723889 0.666703
vt 0.723947 0.625195
vt 0.723859 0.584663
vt 0.734545 0.708371
vt 0.730911 0.708441
vt 0.734664 0.750036
vt 0.730993 0.750104
vt 0.729167 0.750144
vt 0.729167 0.708483
vt 0.727422 0.708441
vt 0.727340 0.750104
vt 0.723669 0.750036
vt 0.723788 0.708371
vt 0.723889 0.666703
vt 0.734799 0.791699
vt 0.731086 0.791759
vt 0.734939 0.833360
vt 0.731182 0.833409
vt 0.729167 0.833439
vt 0.729167 0.791796
vt 0.727248 0.791759
vt 0.727152 0.833409
vt 0.723395 0.833360
vt 0.723535 0.791699
vt 0.735072 0.874781
vt 0.731274 0.874816
vt 0.735182 0.914775
vt 0.731349 0.914797
vt 0.729167 0.914809
vt 0.729167 0.874838
vt 0.727060 0.874816
vt 0.726984 0.914797
vt 0.723151 0.914775
vt 0.723261 0.874781
vt 0.735182 0.085225
vt 0.735072 0.125219
vt 0.731274 0.125184
vt 0.731349 0.085204
vt 0.734939 0.166640
vt 0.731182 0.166591
vt 0.729167 0.166561
vt 0.729167 0.125162
vt 0.729167 0.085191
vt 0.727060 0.125184
vt 0.726984 0.085204
vt 0.727152 0.166591
vt 0.723395 0.166640
vt 0.723261 0.125219
vt 0.723151 0.085225
vt 0.734799 0.208301
vt 0.731086 0.208241
vt 0.734664 0.249964
vt 0.730993 0.249896
vt 0.729167 0.249856
vt 0.729167 0.208204
vt 0.727248 0.208241
vt 0.727340 0.249897
vt 0.723669 0.249964
vt 0.723535 0.208301
vt 0.734545 0.291629
vt 0.730911 0.291560
vt 0.734445 0.333297
vt 0.730842 0.333230
vt 0.729167 0.333189
vt 0.729167 0.291518
vt 0.727422 0.291560
vt 0.727491 0.333230
vt 0.723889 0.333297
vt 0.723788 0.291629
vt 0.734366 0.374731
vt 0.730788 0.374671
vt 0.734311 0.414744
vt 0.730750 0.414701
vt 0.729167 0.414675
vt 0.729167 0.374635
vt 0.727545 0.374671
vt 0.727583 0.414701
vt 0.724022 0.414744
vt 0.723967 0.374731
vt 0.859311 0.585256
vt 0.859366 0.625269
vt 0.855788 0.625329
vt 0.855750 0.585299
vt 0.859445 0.666703
vt 0.855842 0.666770
vt 0.854167 0.666811
vt 0.854167 0.625365
vt 0.854167 0.585325
vt 0.854167 0.585325
vt 0.854167 0.625365
vt 0.852543 0.625320
vt 0.852563 0.585225
vt 0.854167 0.666811
vt 0.852491 0.666770
vt 0.848889 0.666703
vt 0.848947 0.625195
vt 0.848859 0.584663
vt 0.859545 0.708371
vt 0.855911 0.708441
vt 0.859665 0.750036
vt 0.855993 0.750104
vt 0.854167 0.750144
vt 0.854167 0.708483
vt 0.852422 0.708441
vt 0.852491 0.666770
vt 0.852340 0.750104
vt 0.848669 0.750036
vt 0.848788 0.708371
vt 0.848889 0.666703
vt 0.859799 0.791699
vt 0.856086 0.791759
vt 0.859939 0.833360
vt 0.856182 0.833409
vt 0.854167 0.833439
vt 0.854167 0.791796
vt 0.852248 0.791759
vt 0.852152 0.833409
vt 0.848395 0.833360
vt 0.848535 0.791699
vt 0.860072 0.874781
vt 0.856274 0.874816
vt 0.860182 0.914775
vt 0.856349 0.914797
vt 0.854167 0.914809
vt 0.854167 0.874838
vt 0.852060 0.874816
vt 0.851984 0.914797
vt 0.848151 0.914775
vt 0.848261 0.874781
vt 0.860182 0.085225
vt 0.860072 0.125219
vt 0.856274 0.125184
vt 0.856349 0.085204
vt 0.859939 0.166640
vt 0.856182 0.166591
vt 0.854167 0.166561
vt 0.854167 0.125162
vt 0.854167 0.085191
vt 0.852060 0.125184
vt 0.851984 0.085204
vt 0.852152 0.166591
vt 0.848395 0.166640
vt 0.848261 0.125219
vt 0.848151 0.085225
vt 0.859799 0.208301
vt 0.856086 0.208241
vt 0.859665 0.249964
vt 0.855993 0.249896
vt 0.854167 0.249856
vt 0.854167 0.208204
vt 0.852248 0.208241
vt 0.852340 0.249897
vt 0.848669 0.249964
vt 0.848535 0.208301
vt 0.859665 0.249964
vt 0.859565 0.291719
vt 0.855914 0.291571
vt 0.855993 0.249897
vt 0.859606 0.334018
vt 0.855862 0.333320
vt 0.854167 0.333189
vt 0.854167 0.291518
vt 0.854167 0.249856
vt 0.854167 0.291518
vt 0.852422 0.291560
vt 0.854167 0.333189
vt 0.852491 0.333230
vt 0.848889 0.333297
vt 0.848788 0.291629
vt 0.859689 0.376351
vt 0.855829 0.374874
vt 0.859264 0.415464
vt 0.855745 0.414791
vt 0.854167 0.414675
vt 0.854167 0.374635
vt 0.854167 0.374635
vt 0.852545 0.374671
vt 0.854167 0.414675
vt 0.852583 0.414701
vt 0.849022 0.414744
vt 0.848967 0.374731
vt 0.984474 0.584663
vt 0.984387 0.625195
vt 0.980791 0.625320
vt 0.980771 0.585225
vt 0.984445 0.666703
vt 0.980842 0.666770
vt 0.979167 0.666811
vt 0.979167 0.625365
vt 0.979167 0.585325
vt 0.977543 0.625320
vt 0.977563 0.585225
vt 0.977491 0.666770
vt 0.973889 0.666703
vt 0.973947 0.625195
vt 0.973859 0.584663
vt 0.984445 0.666703
vt 0.984545 0.708371
vt 0.980911 0.708441
vt 0.980842 0.666770
vt 0.984665 0.750036
vt 0.980993 0.750104
vt 0.979167 0.750144
vt 0.979167 0.708483
vt 0.979167 0.666811
vt 0.977422 0.708441
vt 0.977340 0.750104
vt 0.973669 0.750036
vt 0.973788 0.708371
vt 0.984799 0.791699
vt 0.981086 0.791759
vt 0.984939 0.833360
vt 0.981182 0.833409
vt 0.979167 0.833439
vt 0.979167 0.791796
vt 0.977248 0.791759
vt 0.977152 0.833409
vt 0.973395 0.833360
vt 0.973535 0.791699
vt 0.985072 0.874781
vt 0.981274 0.874816
vt 0.985182 0.914775
vt 0.981349 0.914797
vt 0.979167 0.914809
vt 0.979167 0.874838
vt 0.977060 0.874816
vt 0.976984 0.914797
vt 0.973151 0.914775
vt 0.973261 0.874781
vt 0.985182 0.085225
vt 0.985072 0.125219
vt 0.981274 0.125184
vt 0.981349 0.085204
vt 0.984939 0.166640
vt 0.981182 0.166591
vt 0.979167 0.166561
vt 0.979167 0.125162
vt 0.979167 0.085191
vt 0.977060 0.125184
vt 0.976984 0.085204
vt 0.977152 0.166591
vt 0.973395 0.166640
vt 0.973261 0.125219
vt 0.973151 0.085225
vt 0.984799 0.208301
vt 0.981086 0.208241
vt 0.984665 0.249964
vt 0.980993 0.249896
vt 0.979167 0.249856
vt 0.979167 0.208204
vt 0.977248 0.208241
vt 0.977340 0.249897
vt 0.973669 0.249964
vt 0.973535 0.208301
vt 0.984665 0.249964
vt 0.984565 0.291719
vt 0.980914 0.291571
vt 0.980993 0.249897
vt 0.984606 0.334018
vt 0.980862 0.333320
vt 0.979167 0.333189
vt 0.979167 0.291518
vt 0.979167 0.249856
vt 0.977420 0.291571
vt 0.977340 0.249897
vt 0.977471 0.333320
vt 0.973728 0.334018
vt 0.973768 0.291719
vt 0.973669 0.249964
vt 0.984689 0.376351
vt 0.980829 0.374874
vt 0.984264 0.415464
vt 0.980745 0.414791
vt 0.979167 0.414675
vt 0.979167 0.374635
vt 0.977505 0.374874
vt 0.977589 0.414791
vt 0.974069 0.415464
vt 0.973644 0.376351
vt 0.130308 0.584662
vt 0.130220 0.625195
vt 0.126624 0.625320
vt 0.126604 0.585225
vt 0.130278 0.666703
vt 0.126676 0.666770
vt 0.125000 0.666811
vt 0.125000 0.625365
vt 0.125000 0.585325
vt 0.123338 0.625126
vt 0.123422 0.585209
vt 0.123304 0.666680
vt 0.119561 0.665982
vt 0.119477 0.623649
vt 0.119903 0.584536
vt 0.130278 0.666703
vt 0.130378 0.708371
vt 0.126745 0.708441
vt 0.126676 0.666770
vt 0.130498 0.750036
vt 0.126827 0.750104
vt 0.125000 0.750144
vt 0.125000 0.708482
vt 0.125000 0.708482
vt 0.123253 0.708429
vt 0.125000 0.750144
vt 0.123173 0.750104
vt 0.119502 0.750036
vt 0.119602 0.708281
vt 0.130632 0.791699
vt 0.126919 0.791759
vt 0.130772 0.833360
vt 0.127015 0.833409
vt 0.125000 0.833439
vt 0.125000 0.791796
vt 0.123081 0.791759
vt 0.122985 0.833409
vt 0.119228 0.833360
vt 0.119368 0.791699
vt 0.119502 0.750036
vt 0.130905 0.874781
vt 0.127107 0.874816
vt 0.131015 0.914775
vt 0.127182 0.914797
vt 0.125000 0.914809
vt 0.125000 0.874838
vt 0.122893 0.874816
vt 0.122818 0.914797
vt 0.118985 0.914775
vt 0.119095 0.874781
vt 0.131015 0.085225
vt 0.130905 0.125219
vt 0.127107 0.125184
vt 0.127182 0.085204
vt 0.130772 0.166640
vt 0.127015 0.166591
vt 0.125000 0.166561
vt 0.125000 0.125162
vt 0.125000 0.085191
vt 0.122893 0.125184
vt 0.122818 0.085204
vt 0.122985 0.166591
vt 0.119228 0.166640
vt 0.119095 0.125219
vt 0.118985 0.085225
vt 0.130632 0.208301
vt 0.126919 0.208241
vt 0.130498 0.249964
vt 0.126827 0.249897
vt 0.125000 0.249856
vt 0.125000 0.208204
vt 0.123081 0.208241
vt 0.123173 0.249897
vt 0.119502 0.249964
vt 0.119368 0.208301
vt 0.130498 0.249964
vt 0.130398 0.291719
vt 0.126747 0.291571
vt 0.130439 0.334018
vt 0.126696 0.333320
vt 0.125000 0.333189
vt 0.125000 0.291518
vt 0.125000 0.249856
vt 0.123253 0.291571
vt 0.123173 0.249897
vt 0.123304 0.333320
vt 0.119561 0.334018
vt 0.119602 0.291719
vt 0.119502 0.249964
vt 0.130523 0.376351
vt 0.126662 0.374874
vt 0.130097 0.415464
vt 0.126578 0.414791
vt 0.125000 0.414675
vt 0.125000 0.374635
vt 0.123338 0.374874
vt 0.123422 0.414791
vt 0.119903 0.415464
vt 0.119477 0.376351
vt 0.296811 0.585256
vt 0.296866 0.625269
vt 0.293288 0.625329
vt 0.293250 0.585299
vt 0.296945 0.666703
vt 0.293342 0.666770
vt 0.291667 0.666811
vt 0.291667 0.625365
vt 0.291667 0.585325
vt 0.291667 0.585325
vt 0.291667 0.625365
vt 0.290043 0.625320
vt 0.290063 0.585225
vt 0.289991 0.666770
vt 0.286389 0.666703
vt 0.286447 0.625195
vt 0.286359 0.584663
vt 0.297045 0.708371
vt 0.293411 0.708441
vt 0.297164 0.750036
vt 0.293493 0.750104
vt 0.291667 0.750144
vt 0.291667 0.708482
vt 0.289922 0.708441
vt 0.289991 0.666770
vt 0.289840 0.750104
vt 0.286169 0.750036
vt 0.286288 0.708371
vt 0.297299 0.791699
vt 0.293586 0.791759
vt 0.297438 0.833360
vt 0.293682 0.833409
vt 0.291667 0.833439
vt 0.291667 0.791796
vt 0.289748 0.791759
vt 0.289652 0.833409
vt 0.285895 0.833360
vt 0.286035 0.791699
vt 0.297572 0.874781
vt 0.293774 0.874816
vt 0.297682 0.914775
vt 0.293849 0.914797
vt 0.291667 0.914809
vt 0.291667 0.874838
vt 0.289560 0.874816
vt 0.289484 0.914797
vt 0.285651 0.914775
vt 0.285761 0.874781
vt 0.297682 0.085225
vt 0.297572 0.125219
vt 0.293774 0.125184
vt 0.293849 0.085204
vt 0.297438 0.166640
vt 0.293682 0.166591
vt 0.291667 0.166561
vt 0.291667 0.125162
vt 0.291667 0.085191
vt 0.289560 0.125184
vt 0.289484 0.085204
vt 0.289652 0.166591
vt 0.285895 0.166640
vt 0.285761 0.125219
vt 0.285651 0.085225
vt 0.297299 0.208301
vt 0.293586 0.208241
vt 0.297164 0.249964
vt 0.293493 0.249897
vt 0.291667 0.249856
vt 0.291667 0.208204
vt 0.289748 0.208241
vt 0.289840 0.249897
vt 0.286169 0.249964
vt 0.286035 0.208301
vt 0.297164 0.249964
vt 0.297065 0.291719
vt 0.293414 0.291571
vt 0.293493 0.249897
vt 0.297106 0.334018
vt 0.293362 0.333320
vt 0.291667 0.333189
vt 0.291667 0.291518
vt 0.291667 0.249856
vt 0.291667 0.291518
vt 0.289922 0.291560
vt 0.291667 0.333189
vt 0.289991 0.333230
vt 0.286389 0.333297
vt 0.286288 0.291629
vt 0.297189 0.376351
vt 0.293329 0.374874
vt 0.296764 0.415464
vt 0.293244 0.414791
vt 0.291667 0.414675
vt 0.291667 0.374635
vt 0.290043 0.374680
vt 0.289991 0.333230
vt 0.290063 0.414775
vt 0.286359 0.415337
vt 0.286447 0.374805
vt 0.286389 0.333297
vt 0.421811 0.585256
vt 0.421866 0.625269
vt 0.418288 0.625329
vt 0.418250 0.585299
vt 0.421945 0.666703
vt 0.418342 0.666770
vt 0.416667 0.666811
vt 0.416667 0.625365
vt 0.416667 0.585325
vt 0.416667 0.585325
vt 0.416667 0.625365
vt 0.415043 0.625320
vt 0.415063 0.585225
vt 0.416667 0.666811
vt 0.414991 0.666770
vt 0.411389 0.666703
vt 0.411447 0.625195
vt 0.411359 0.584663
vt 0.422045 0.708371
vt 0.418411 0.708441
vt 0.422164 0.750036
vt 0.418493 0.750104
vt 0.416667 0.750144
vt 0.416667 0.708483
vt 0.414922 0.708441
vt 0.414991 0.666770
vt 0.414840 0.750104
vt 0.411169 0.750036
vt 0.411288 0.708371
vt 0.422299 0.791699
vt 0.418586 0.791760
vt 0.422439 0.833360
vt 0.418682 0.833409
vt 0.416667 0.833439
vt 0.416667 0.791796
vt 0.414748 0.791759
vt 0.414652 0.833409
vt 0.410895 0.833360
vt 0.411035 0.791699
vt 0.422572 0.874781
vt 0.418774 0.874816
vt 0.422682 0.914775
vt 0.418849 0.914797
vt 0.416667 0.914809
vt 0.416667 0.874838
vt 0.414560 0.874816
vt 0.414484 0.914797
vt 0.410651 0.914775
vt 0.410761 0.874781
vt 0.422682 0.085225
vt 0.422572 0.125219
vt 0.418774 0.125184
vt 0.418849 0.085204
vt 0.422439 0.166640
vt 0.418682 0.166591
vt 0.416667 0.166561
vt 0.416667 0.125162
vt 0.416667 0.085191
vt 0.414560 0.125184
vt 0.414484 0.085204
vt 0.414652 0.166591
vt 0.410895 0.166640
vt 0.410761 0.125219
vt 0.410651 0.085225
vt 0.422299 0.208301
vt 0.418586 0.208241
vt 0.422164 0.249964
vt 0.418493 0.249897
vt 0.416667 0.249856
vt 0.416667 0.208204
vt 0.414748 0.208241
vt 0.414840 0.249897
vt 0.411169 0.249964
vt 0.411035 0.208301
vt 0.422164 0.249964
vt 0.422065 0.291719
vt 0.418414 0.291571
vt 0.418493 0.249897
vt 0.422106 0.334018
vt 0.418362 0.333320
vt 0.416667 0.333189
vt 0.416667 0.291518
vt 0.416667 0.249856
vt 0.416667 0.291518
vt 0.414922 0.291560
vt 0.416667 0.333189
vt 0.414991 0.333230
vt 0.411389 0.333297
vt 0.411288 0.291629
vt 0.422189 0.376351
vt 0.418329 0.374874
vt 0.421764 0.415464
vt 0.418244 0.414791
vt 0.416667 0.414675
vt 0.416667 0.374635
vt 0.416667 0.374635
vt 0.415045 0.374671
vt 0.416667 0.414675
vt 0.415083 0.414701
vt 0.411522 0.414744
vt 0.411467 0.374731
vt 0.546502 0.451179
vt 0.543194 0.451084
vt 0.546457 0.478219
vt 0.543181 0.478227
vt 0.541667 0.478232
vt 0.541667 0.451062
vt 0.540140 0.451084
vt 0.540153 0.478227
vt 0.536876 0.478219
vt 0.536831 0.451179
vt 0.546458 0.521781
vt 0.546502 0.548821
vt 0.543194 0.548916
vt 0.543181 0.521773
vt 0.541667 0.548938
vt 0.541667 0.521768
vt 0.540064 0.548761
vt 0.540119 0.521699
vt 0.536225 0.547575
vt 0.536609 0.521187
vt 0.630112 0.451089
vt 0.626562 0.451073
vt 0.630099 0.478219
vt 0.626552 0.478227
vt 0.625000 0.478232
vt 0.625000 0.451062
vt 0.623438 0.451072
vt 0.623448 0.478227
vt 0.619901 0.478219
vt 0.619888 0.451089
vt 0.630099 0.521781
vt 0.630112 0.548911
vt 0.626562 0.548928
vt 0.626552 0.521773
vt 0.625000 0.548938
vt 0.625000 0.521768
vt 0.623438 0.548928
vt 0.623448 0.521773
vt 0.619888 0.548911
vt 0.619901 0.521781
vt 0.734279 0.451089
vt 0.730728 0.451073
vt 0.734266 0.478219
vt 0.730719 0.478227
vt 0.729167 0.478232
vt 0.729167 0.451062
vt 0.727605 0.451073
vt 0.727614 0.478227
vt 0.724068 0.478219
vt 0.724055 0.451089
vt 0.734266 0.521781
vt 0.734279 0.548911
vt 0.730728 0.548928
vt 0.730719 0.521773
vt 0.729167 0.548938
vt 0.729167 0.521768
vt 0.729167 0.521768
vt 0.729167 0.548938
vt 0.727564 0.548761
vt 0.727620 0.521699
vt 0.723725 0.547575
vt 0.724109 0.521187
vt 0.859002 0.451179
vt 0.855694 0.451084
vt 0.858958 0.478219
vt 0.855681 0.478227
vt 0.854167 0.478232
vt 0.854167 0.451062
vt 0.852605 0.451072
vt 0.854167 0.478232
vt 0.852614 0.478227
vt 0.849068 0.478219
vt 0.849055 0.451089
vt 0.859266 0.521781
vt 0.859279 0.548911
vt 0.855728 0.548928
vt 0.855719 0.521773
vt 0.854167 0.548938
vt 0.854167 0.521768
vt 0.854167 0.521768
vt 0.854167 0.548938
vt 0.852564 0.548761
vt 0.852620 0.521699
vt 0.848726 0.547575
vt 0.849109 0.521187
vt 0.984002 0.451179
vt 0.980694 0.451084
vt 0.983957 0.478219
vt 0.980681 0.478227
vt 0.979167 0.478232
vt 0.979167 0.451062
vt 0.977640 0.451084
vt 0.977653 0.478227
vt 0.974376 0.478219
vt 0.974332 0.451179
vt 0.984223 0.521188
vt 0.984608 0.547575
vt 0.980769 0.548761
vt 0.980714 0.521699
vt 0.979167 0.548938
vt 0.979167 0.521768
vt 0.977564 0.548761
vt 0.977620 0.521699
vt 0.973725 0.547575
vt 0.974109 0.521187
vt 0.129835 0.451179
vt 0.126527 0.451084
vt 0.129791 0.478219
vt 0.126514 0.478227
vt 0.125000 0.478232
vt 0.125000 0.451063
vt 0.123473 0.451084
vt 0.123486 0.478227
vt 0.120209 0.478219
vt 0.120165 0.451179
vt 0.130057 0.521187
vt 0.130441 0.547575
vt 0.126603 0.548761
vt 0.126547 0.521699
vt 0.125000 0.548938
vt 0.125000 0.521768
vt 0.123473 0.548916
vt 0.123486 0.521773
vt 0.120165 0.548821
vt 0.120209 0.521781
vt 0.296502 0.451179
vt 0.293194 0.451084
vt 0.296457 0.478219
vt 0.293181 0.478227
vt 0.291667 0.478232
vt 0.291667 0.451062
vt 0.290064 0.451239
vt 0.290119 0.478301
vt 0.286609 0.478813
vt 0.286225 0.452425
vt 0.296766 0.521781
vt 0.296779 0.548911
vt 0.293228 0.548928
vt 0.293219 0.521773
vt 0.291667 0.548938
vt 0.291667 0.521768
vt 0.291667 0.521768
vt 0.291667 0.548938
vt 0.290064 0.548761
vt 0.290119 0.521699
vt 0.286225 0.547575
vt 0.286609 0.521187
vt 0.421502 0.451179
vt 0.418194 0.451084
vt 0.421457 0.478219
vt 0.418181 0.478227
vt 0.416667 0.478232
vt 0.416667 0.451062
vt 0.416667 0.451062
vt 0.415105 0.451072
vt 0.416667 0.478232
vt 0.415114 0.478227
vt 0.411568 0.478219
vt 0.411554 0.451089
vt 0.421766 0.521781
vt 0.421779 0.548911
vt 0.418228 0.548928
vt 0.418219 0.521773
vt 0.416667 0.548938
vt 0.416667 0.521768
vt 0.416667 0.521768
vt 0.416667 0.548938
vt 0.415064 0.548761
vt 0.415119 0.521699
vt 0.411225 0.547575
vt 0.411609 0.521187
vt 0.547780 0.978495
vt 0.547586 0.993014
vt 0.543862 0.992973
vt 0.543916 0.978486
vt 0.545557 1.000000
vt 0.543612 0.999883
vt 0.541667 0.999766
vt 0.541667 0.992944
vt 0.541667 0.978481
vt 0.539471 0.992973
vt 0.539417 0.978486
vt 0.539721 0.999883
vt 0.537776 1.000000
vt 0.535748 0.993015
vt 0.535554 0.978495
vt 0.545557 0.000000
vt 0.547586 0.006986
vt 0.543862 0.007027
vt 0.543612 0.000117
vt 0.547780 0.021505
vt 0.543916 0.021514
vt 0.541667 0.021519
vt 0.541667 0.007056
vt 0.541667 0.000234
vt 0.539471 0.007027
vt 0.539722 0.000117
vt 0.539417 0.021514
vt 0.535554 0.021505
vt 0.535748 0.006986
vt 0.537776 0.000000
vt 0.631113 0.978495
vt 0.630919 0.993014
vt 0.627196 0.992973
vt 0.627250 0.978486
vt 0.628890 1.000000
vt 0.626945 0.999883
vt 0.625000 0.999766
vt 0.625000 0.992944
vt 0.625000 0.978481
vt 0.622805 0.992973
vt 0.622750 0.978486
vt 0.623055 0.999883
vt 0.621109 1.000000
vt 0.619081 0.993015
vt 0.618887 0.978495
vt 0.628891 0.000000
vt 0.630919 0.006986
vt 0.627196 0.007027
vt 0.626945 0.000117
vt 0.631113 0.021505
vt 0.627250 0.021514
vt 0.625000 0.021519
vt 0.625000 0.007056
vt 0.625000 0.000234
vt 0.622804 0.007027
vt 0.623055 0.000117
vt 0.622750 0.021514
vt 0.618887 0.021505
vt 0.619081 0.006986
vt 0.621110 0.000000
vt 0.735280 0.978495
vt 0.735086 0.993014
vt 0.731362 0.992973
vt 0.731416 0.978486
vt 0.733057 1.000000
vt 0.731112 0.999883
vt 0.729167 0.999766
vt 0.729167 0.992944
vt 0.729167 0.978481
vt 0.726971 0.992973
vt 0.726917 0.978486
vt 0.727222 0.999883
vt 0.725276 1.000000
vt 0.723248 0.993015
vt 0.723054 0.978495
vt 0.733057 0.000000
vt 0.735086 0.006986
vt 0.731362 0.007027
vt 0.731112 0.000117
vt 0.735280 0.021505
vt 0.731416 0.021514
vt 0.729167 0.021519
vt 0.729167 0.007056
vt 0.729167 0.000234
vt 0.726971 0.007027
vt 0.727221 0.000117
vt 0.726917 0.021514
vt 0.723054 0.021505
vt 0.723248 0.006986
vt 0.725276 0.000000
vt 0.860280 0.978495
vt 0.860086 0.993014
vt 0.856362 0.992973
vt 0.856416 0.978486
vt 0.858057 1.000000
vt 0.856112 0.999883
vt 0.854167 0.999766
vt 0.854167 0.992944
vt 0.854167 0.978481
vt 0.851971 0.992973
vt 0.851917 0.978486
vt 0.852222 0.999883
vt 0.850276 1.000000
vt 0.848248 0.993015
vt 0.848054 0.978495
vt 0.858057 0.000000
vt 0.860086 0.006986
vt 0.856362 0.007027
vt 0.856112 0.000117
vt 0.860280 0.021505
vt 0.856416 0.021514
vt 0.854167 0.021519
vt 0.854167 0.007056
vt 0.854167 0.000234
vt 0.851971 0.007027
vt 0.852221 0.000117
vt 0.851917 0.021514
vt 0.848054 0.021505
vt 0.848248 0.006986
vt 0.850276 0.000000
vt 0.985280 0.978495
vt 0.985086 0.993014
vt 0.981362 0.992973
vt 0.981416 0.978486
vt 0.983057 1.000000
vt 0.981112 0.999883
vt 0.979167 0.999766
vt 0.979167 0.992944
vt 0.979167 0.978481
vt 0.976971 0.992973
vt 0.976917 0.978486
vt 0.977222 0.999883
vt 0.975276 1.000000
vt 0.973248 0.993015
vt 0.973054 0.978495
vt 0.983057 0.000000
vt 0.985086 0.006986
vt 0.981362 0.007027
vt 0.981112 0.000117
vt 0.985280 0.021505
vt 0.981416 0.021514
vt 0.979167 0.021519
vt 0.979167 0.007056
vt 0.979167 0.000234
vt 0.976971 0.007027
vt 0.977222 0.000117
vt 0.976917 0.021514
vt 0.973054 0.021505
vt 0.973248 0.006986
vt 0.975276 0.000000
vt 0.131113 0.978495
vt 0.130919 0.993014
vt 0.127196 0.992973
vt 0.127250 0.978486
vt 0.128890 1.000000
vt 0.126945 0.999883
vt 0.125000 0.999766
vt 0.125000 0.992944
vt 0.125000 0.978481
vt 0.122804 0.992973
vt 0.122750 0.978486
vt 0.123055 0.999883
vt 0.121110 1.000000
vt 0.119081 0.993015
vt 0.118887 0.978495
vt 0.128890 0.000000
vt 0.130919 0.006986
vt 0.127196 0.007027
vt 0.126945 0.000117
vt 0.131113 0.021505
vt 0.127250 0.021514
vt 0.125000 0.021519
vt 0.125000 0.007056
vt 0.125000 0.000234
vt 0.122804 0.007027
vt 0.123055 0.000117
vt 0.122750 0.021514
vt 0.118887 0.021505
vt 0.119081 0.006986
vt 0.121110 0.000000
vt 0.297780 0.978495
vt 0.297586 0.993014
vt 0.293862 0.992973
vt 0.293916 0.978486
vt 0.295557 1.000000
vt 0.293612 0.999883
vt 0.291667 0.999766
vt 0.291667 0.992944
vt 0.291667 0.978481
vt 0.289471 0.992973
vt 0.289417 0.978486
vt 0.289721 0.999883
vt 0.287776 1.000000
vt 0.285748 0.993015
vt 0.285554 0.978495
vt 0.295557 0.000000
vt 0.297586 0.006986
vt 0.293862 0.007027
vt 0.293612 0.000117
vt 0.297780 0.021505
vt 0.293916 0.021514
vt 0.291667 0.021519
vt 0.291667 0.007056
vt 0.291667 0.000234
vt 0.289471 0.007027
vt 0.289721 0.000117
vt 0.289417 0.021514
vt 0.285554 0.021505
vt 0.285748 0.006986
vt 0.287776 0.000000
vt 0.422780 0.978495
vt 0.422586 0.993014
vt 0.418862 0.992973
vt 0.418916 0.978486
vt 0.420557 1.000000
vt 0.418612 0.999883
vt 0.416667 0.999766
vt 0.416667 0.992944
vt 0.416667 0.978481
vt 0.414471 0.992973
vt 0.414417 0.978486
vt 0.414721 0.999883
vt 0.412776 1.000000
vt 0.410748 0.993015
vt 0.410554 0.978495
vt 0.420557 0.000000
vt 0.422586 0.006986
vt 0.418862 0.007027
vt 0.418612 0.000117
vt 0.422780 0.021505
vt 0.418916 0.021514
vt 0.416667 0.021519
vt 0.416667 0.007056
vt 0.416667 0.000234
vt 0.414471 0.007027
vt 0.414721 0.000117
vt 0.414417 0.021514
vt 0.410554 0.021505
vt 0.410748 0.006986
vt 0.412776 0.000000
vt 0.547753 0.951132
vt 0.543898 0.951140
vt 0.547780 0.978495
vt 0.543916 0.978486
vt 0.541667 0.978481
vt 0.541667 0.951145
vt 0.539436 0.951140
vt 0.539417 0.978486
vt 0.535554 0.978495
vt 0.535581 0.951131
vt 0.547780 0.021505
vt 0.547753 0.048869
vt 0.543898 0.048860
vt 0.543916 0.021514
vt 0.541667 0.048855
vt 0.539436 0.048860
vt 0.539417 0.021514
vt 0.535581 0.048869
vt 0.535554 0.021505
vt 0.631086 0.951132
vt 0.627231 0.951140
vt 0.631113 0.978495
vt 0.627250 0.978486
vt 0.625000 0.978481
vt 0.625000 0.951145
vt 0.622769 0.951140
vt 0.618887 0.978495
vt 0.618914 0.951131
vt 0.631113 0.021505
vt 0.631086 0.048869
vt 0.627231 0.048860
vt 0.627250 0.021514
vt 0.625000 0.048855
vt 0.622769 0.048860
vt 0.622750 0.021514
vt 0.618914 0.048869
vt 0.618887 0.021505
vt 0.735253 0.951132
vt 0.731398 0.951140
vt 0.735280 0.978495
vt 0.731416 0.978486
vt 0.729167 0.978481
vt 0.729167 0.951145
vt 0.726936 0.951140
vt 0.726917 0.978486
vt 0.723054 0.978495
vt 0.723081 0.951131
vt 0.735253 0.048869
vt 0.731398 0.048860
vt 0.731416 0.021514
vt 0.729167 0.048855
vt 0.729167 0.021519
vt 0.726936 0.048860
vt 0.726917 0.021514
vt 0.723081 0.048869
vt 0.723054 0.021505
vt 0.860253 0.951132
vt 0.856398 0.951140
vt 0.860280 0.978495
vt 0.856416 0.978486
vt 0.854167 0.978481
vt 0.854167 0.951145
vt 0.851936 0.951140
vt 0.851917 0.978486
vt 0.848054 0.978495
vt 0.848081 0.951131
vt 0.860280 0.021505
vt 0.860253 0.048869
vt 0.856398 0.048860
vt 0.856416 0.021514
vt 0.854167 0.048855
vt 0.854167 0.021519
vt 0.851936 0.048860
vt 0.851917 0.021514
vt 0.848081 0.048869
vt 0.848054 0.021505
vt 0.985253 0.951132
vt 0.981398 0.951140
vt 0.985280 0.978495
vt 0.981416 0.978486
vt 0.979167 0.978481
vt 0.979167 0.951145
vt 0.976936 0.951140
vt 0.976917 0.978486
vt 0.973054 0.978495
vt 0.973081 0.951132
vt 0.985280 0.021505
vt 0.985253 0.048869
vt 0.981398 0.048860
vt 0.981416 0.021514
vt 0.979167 0.048855
vt 0.976936 0.048860
vt 0.976917 0.021514
vt 0.973081 0.048869
vt 0.973054 0.021505
vt 0.131086 0.951132
vt 0.127231 0.951140
vt 0.131113 0.978495
vt 0.125000 0.978481
vt 0.125000 0.951145
vt 0.122769 0.951140
vt 0.122750 0.978486
vt 0.118887 0.978495
vt 0.118914 0.951131
vt 0.131113 0.021505
vt 0.131086 0.048869
vt 0.127231 0.048860
vt 0.127250 0.021514
vt 0.125000 0.048855
vt 0.125000 0.021519
vt 0.122769 0.048860
vt 0.122750 0.021514
vt 0.118914 0.048869
vt 0.118887 0.021505
vt 0.297753 0.951131
vt 0.293898 0.951140
vt 0.297780 0.978495
vt 0.293916 0.978486
vt 0.291667 0.978481
vt 0.291667 0.951145
vt 0.289436 0.951140
vt 0.289417 0.978486
vt 0.285554 0.978495
vt 0.285581 0.951131
vt 0.297780 0.021505
vt 0.297753 0.048869
vt 0.293898 0.048860
vt 0.291667 0.048855
vt 0.291667 0.021519
vt 0.289436 0.048860
vt 0.285581 0.048869
vt 0.285554 0.021505
vt 0.422753 0.951132
vt 0.418898 0.951140
vt 0.422780 0.978495
vt 0.416667 0.978481
vt 0.416667 0.951145
vt 0.414436 0.951140
vt 0.410554 0.978495
vt 0.410581 0.951131
vt 0.422752 0.048869
vt 0.418898 0.048860
vt 0.418916 0.021514
vt 0.416667 0.048855
vt 0.416667 0.021519
vt 0.414436 0.048860
vt 0.414417 0.021514
vt 0.410581 0.048869
vt 0.410554 0.021505
vt 0.547100 0.500000
vt 0.547122 0.501008
vt 0.543268 0.501032
vt 0.543266 0.500000
vt 0.546728 0.503059
vt 0.543217 0.503056
vt 0.541667 0.503047
vt 0.541667 0.501030
vt 0.541667 0.500000
vt 0.540065 0.501032
vt 0.540067 0.500000
vt 0.540116 0.503056
vt 0.536606 0.503059
vt 0.536211 0.501008
vt 0.536233 0.500000
vt 0.546728 0.496941
vt 0.547122 0.498992
vt 0.543268 0.498968
vt 0.543217 0.496944
vt 0.541667 0.498970
vt 0.541667 0.496953
vt 0.540065 0.498968
vt 0.540116 0.496944
vt 0.536211 0.498992
vt 0.536605 0.496941
vt 0.630108 0.500000
vt 0.630107 0.501049
vt 0.626558 0.501037
vt 0.626559 0.500000
vt 0.630104 0.503078
vt 0.626556 0.503059
vt 0.625000 0.503047
vt 0.625000 0.501030
vt 0.625000 0.500000
vt 0.623442 0.501037
vt 0.623442 0.500000
vt 0.623444 0.503059
vt 0.619896 0.503079
vt 0.619893 0.501049
vt 0.619892 0.500000
vt 0.630104 0.496922
vt 0.630107 0.498951
vt 0.626558 0.498963
vt 0.626556 0.496941
vt 0.625000 0.498970
vt 0.625000 0.496953
vt 0.623442 0.498963
vt 0.623444 0.496941
vt 0.619893 0.498951
vt 0.619896 0.496922
vt 0.734275 0.500000
vt 0.734274 0.501049
vt 0.730725 0.501037
vt 0.730725 0.500000
vt 0.734271 0.503078
vt 0.730723 0.503059
vt 0.729167 0.503047
vt 0.729167 0.501030
vt 0.729167 0.500000
vt 0.729167 0.500000
vt 0.727568 0.501032
vt 0.727588 0.499998
vt 0.729167 0.503047
vt 0.727616 0.503056
vt 0.724106 0.503059
vt 0.723732 0.501006
vt 0.723896 0.499981
vt 0.734271 0.496922
vt 0.734274 0.498951
vt 0.730725 0.498963
vt 0.730723 0.496941
vt 0.729167 0.498970
vt 0.729167 0.496953
vt 0.729167 0.496953
vt 0.727606 0.498963
vt 0.727611 0.496941
vt 0.724039 0.498949
vt 0.724062 0.496922
vt 0.859437 0.500019
vt 0.859294 0.501051
vt 0.855727 0.501037
vt 0.855746 0.500002
vt 0.859271 0.503078
vt 0.855723 0.503059
vt 0.854167 0.503047
vt 0.854167 0.501030
vt 0.854167 0.500000
vt 0.852568 0.501031
vt 0.852588 0.499998
vt 0.852616 0.503056
vt 0.849106 0.503059
vt 0.848732 0.501006
vt 0.848896 0.499981
vt 0.859228 0.496941
vt 0.859602 0.498994
vt 0.855766 0.498969
vt 0.855717 0.496944
vt 0.854167 0.498970
vt 0.854167 0.496953
vt 0.852606 0.498963
vt 0.852611 0.496941
vt 0.849039 0.498949
vt 0.849062 0.496922
vt 0.984595 0.500000
vt 0.984617 0.501008
vt 0.980767 0.501032
vt 0.980764 0.500000
vt 0.984224 0.503059
vt 0.980716 0.503056
vt 0.979166 0.503047
vt 0.979166 0.501030
vt 0.979166 0.500000
vt 0.977565 0.501032
vt 0.977567 0.500000
vt 0.977616 0.503056
vt 0.974106 0.503059
vt 0.973711 0.501008
vt 0.973733 0.500000
vt 0.984224 0.496941
vt 0.984617 0.498992
vt 0.980767 0.498968
vt 0.980716 0.496944
vt 0.979166 0.498970
vt 0.979166 0.496953
vt 0.977565 0.498968
vt 0.977616 0.496944
vt 0.973711 0.498992
vt 0.974105 0.496941
vt 0.130434 0.500000
vt 0.130455 0.501008
vt 0.126602 0.501032
vt 0.126599 0.500000
vt 0.130061 0.503059
vt 0.126551 0.503056
vt 0.125000 0.503047
vt 0.125000 0.501030
vt 0.125000 0.500000
vt 0.123398 0.501032
vt 0.123401 0.500000
vt 0.123449 0.503056
vt 0.119939 0.503059
vt 0.119545 0.501008
vt 0.119566 0.500000
vt 0.130061 0.496941
vt 0.130456 0.498992
vt 0.126602 0.498968
vt 0.126551 0.496944
vt 0.125000 0.498970
vt 0.125000 0.496953
vt 0.123398 0.498968
vt 0.123449 0.496944
vt 0.119545 0.498992
vt 0.119939 0.496941
vt 0.296937 0.500019
vt 0.296794 0.501051
vt 0.293227 0.501037
vt 0.293246 0.500002
vt 0.296771 0.503078
vt 0.293223 0.503059
vt 0.291667 0.503047
vt 0.291667 0.501030
vt 0.291667 0.500000
vt 0.290065 0.501032
vt 0.290067 0.500000
vt 0.290116 0.503056
vt 0.286606 0.503059
vt 0.286211 0.501008
vt 0.286233 0.500000
vt 0.296728 0.496941
vt 0.297102 0.498994
vt 0.293266 0.498969
vt 0.293217 0.496944
vt 0.291667 0.498970
vt 0.291667 0.496953
vt 0.290065 0.498968
vt 0.290116 0.496944
vt 0.286211 0.498992
vt 0.286606 0.496941
vt 0.421937 0.500019
vt 0.421794 0.501051
vt 0.418227 0.501037
vt 0.418246 0.500002
vt 0.421771 0.503078
vt 0.418223 0.503059
vt 0.416667 0.503047
vt 0.416667 0.501030
vt 0.416667 0.500000
vt 0.415068 0.501032
vt 0.415088 0.499998
vt 0.415116 0.503056
vt 0.411606 0.503059
vt 0.411232 0.501006
vt 0.411396 0.499981
vt 0.421728 0.496941
vt 0.422102 0.498994
vt 0.418266 0.498969
vt 0.418217 0.496944
vt 0.416667 0.498970
vt 0.416667 0.496953
vt 0.415106 0.498963
vt 0.415111 0.496941
vt 0.411539 0.498949
vt 0.411562 0.496922
vt 0.546491 0.491960
vt 0.543185 0.491978
vt 0.541667 0.491990
vt 0.540149 0.491978
vt 0.536843 0.491960
vt 0.546491 0.508040
vt 0.543185 0.508022
vt 0.541667 0.508010
vt 0.540144 0.508013
vt 0.536809 0.507966
vt 0.630099 0.491958
vt 0.626553 0.491978
vt 0.625000 0.491990
vt 0.623447 0.491978
vt 0.619901 0.491958
vt 0.630099 0.508042
vt 0.626553 0.508022
vt 0.625000 0.508010
vt 0.623447 0.508022
vt 0.619901 0.508042
vt 0.734266 0.491958
vt 0.730719 0.491978
vt 0.729167 0.491990
vt 0.727614 0.491978
vt 0.727611 0.496941
vt 0.724062 0.496922
vt 0.724068 0.491958
vt 0.734266 0.508042
vt 0.730719 0.508022
vt 0.729167 0.508010
vt 0.729167 0.508010
vt 0.727644 0.508013
vt 0.724309 0.507966
vt 0.858991 0.491960
vt 0.855685 0.491978
vt 0.854167 0.491990
vt 0.852614 0.491978
vt 0.849063 0.496922
vt 0.849068 0.491958
vt 0.859271 0.503078
vt 0.859266 0.508042
vt 0.855719 0.508022
vt 0.855723 0.503059
vt 0.854167 0.508010
vt 0.854167 0.503047
vt 0.854167 0.508010
vt 0.852644 0.508013
vt 0.849309 0.507966
vt 0.983989 0.491960
vt 0.980684 0.491978
vt 0.979167 0.491990
vt 0.977649 0.491978
vt 0.974343 0.491960
vt 0.984022 0.507966
vt 0.980689 0.508013
vt 0.979167 0.508010
vt 0.977644 0.508013
vt 0.974309 0.507966
vt 0.129824 0.491960
vt 0.126518 0.491978
vt 0.125000 0.491990
vt 0.123482 0.491978
vt 0.120176 0.491960
vt 0.129857 0.507966
vt 0.126522 0.508013
vt 0.125000 0.508010
vt 0.123482 0.508022
vt 0.120176 0.508040
vt 0.296491 0.491960
vt 0.293185 0.491978
vt 0.291667 0.491990
vt 0.290144 0.491987
vt 0.286809 0.492034
vt 0.296766 0.508042
vt 0.293219 0.508022
vt 0.293223 0.503059
vt 0.291667 0.508010
vt 0.291667 0.503047
vt 0.291667 0.508010
vt 0.290144 0.508013
vt 0.286809 0.507966
vt 0.421491 0.491960
vt 0.418185 0.491978
vt 0.416667 0.491990
vt 0.416667 0.491990
vt 0.415114 0.491978
vt 0.416667 0.496953
vt 0.415111 0.496941
vt 0.411562 0.496922
vt 0.411568 0.491958
vt 0.421771 0.503078
vt 0.421766 0.508042
vt 0.418219 0.508022
vt 0.418223 0.503059
vt 0.416667 0.508010
vt 0.416667 0.503047
vt 0.416667 0.508010
vt 0.415144 0.508013
vt 0.411809 0.507966
vt 0.521753 0.516026
vt 0.528180 0.542240
vt 0.530118 0.518787
vt 0.536609 0.521187
vt 0.536225 0.547575
vt 0.536359 0.584662
vt 0.529271 0.583955
vt 0.536225 0.547575
vt 0.520443 0.584560
vt 0.520497 0.547628
vt 0.529271 0.583955
vt 0.529271 0.583955
vt 0.529532 0.625081
vt 0.536359 0.584663
vt 0.529518 0.666671
vt 0.552366 0.521784
vt 0.552449 0.548504
vt 0.546502 0.548821
vt 0.558248 0.547758
vt 0.558601 0.576109
vt 0.553015 0.582051
vt 0.546764 0.584536
vt 0.546764 0.584536
vt 0.553015 0.582051
vt 0.555035 0.618269
vt 0.547189 0.623649
vt 0.559786 0.594231
vt 0.553015 0.582051
vt 0.562757 0.624518
vt 0.559786 0.594231
vt 0.562923 0.665740
vt 0.554154 0.665089
vt 0.554154 0.665089
vt 0.529518 0.666671
vt 0.529446 0.708338
vt 0.536169 0.750036
vt 0.529360 0.750005
vt 0.547106 0.665982
vt 0.554154 0.665089
vt 0.553930 0.708140
vt 0.547065 0.708281
vt 0.553973 0.750005
vt 0.547164 0.750036
vt 0.529264 0.791671
vt 0.536035 0.791699
vt 0.535895 0.833360
vt 0.529163 0.833337
vt 0.553973 0.750005
vt 0.554070 0.791671
vt 0.547299 0.791699
vt 0.554170 0.833337
vt 0.529067 0.874765
vt 0.535761 0.874781
vt 0.535651 0.914775
vt 0.528988 0.914765
vt 0.554266 0.874765
vt 0.547572 0.874781
vt 0.554345 0.914765
vt 0.547682 0.914775
vt 0.554396 0.951127
vt 0.547752 0.951132
vt 0.554416 0.978500
vt 0.528938 0.951127
vt 0.535581 0.951132
vt 0.535554 0.978495
vt 0.528918 0.978500
vt 0.528918 0.021501
vt 0.528938 0.048873
vt 0.535554 0.021505
vt 0.535581 0.048869
vt 0.528988 0.085235
vt 0.529067 0.125235
vt 0.535895 0.166640
vt 0.529163 0.166663
vt 0.554345 0.085235
vt 0.554266 0.125235
vt 0.547572 0.125219
vt 0.554170 0.166663
vt 0.547780 0.021505
vt 0.554416 0.021501
vt 0.554396 0.048873
vt 0.547752 0.048869
vt 0.529264 0.208329
vt 0.536035 0.208301
vt 0.536169 0.249964
vt 0.529360 0.249996
vt 0.554070 0.208329
vt 0.547299 0.208301
vt 0.553973 0.249996
vt 0.547164 0.249964
vt 0.529360 0.249996
vt 0.529404 0.291860
vt 0.536169 0.249964
vt 0.536268 0.291719
vt 0.536228 0.334018
vt 0.529180 0.334911
vt 0.547165 0.249964
vt 0.553973 0.249995
vt 0.553930 0.291860
vt 0.554154 0.334911
vt 0.547106 0.334018
vt 0.529180 0.334911
vt 0.528298 0.381731
vt 0.520577 0.375482
vt 0.536144 0.376351
vt 0.536569 0.415464
vt 0.530319 0.417949
vt 0.536144 0.376351
vt 0.524733 0.423891
vt 0.523548 0.405769
vt 0.530319 0.417949
vt 0.520577 0.375482
vt 0.523548 0.405769
vt 0.547106 0.334018
vt 0.554154 0.334911
vt 0.555194 0.382191
vt 0.547189 0.376351
vt 0.562853 0.375482
vt 0.561559 0.412039
vt 0.553229 0.417482
vt 0.561559 0.412039
vt 0.546764 0.415464
vt 0.547189 0.376351
vt 0.553229 0.417482
vt 0.530885 0.451496
vt 0.525086 0.452242
vt 0.536569 0.415464
vt 0.536876 0.478219
vt 0.530967 0.478216
vt 0.525132 0.478220
vt 0.546764 0.415464
vt 0.553229 0.417482
vt 0.552491 0.451328
vt 0.558415 0.451345
vt 0.558202 0.478220
vt 0.552366 0.478216
vt 0.546458 0.478219
vt 0.603760 0.521785
vt 0.612980 0.521785
vt 0.612971 0.548903
vt 0.603757 0.548902
vt 0.619888 0.548911
vt 0.619856 0.585256
vt 0.612948 0.585236
vt 0.603749 0.585233
vt 0.612908 0.625242
vt 0.603735 0.625238
vt 0.619801 0.625269
vt 0.612852 0.666671
vt 0.630144 0.585256
vt 0.637050 0.585146
vt 0.637141 0.625039
vt 0.630200 0.625269
vt 0.646653 0.623617
vt 0.637172 0.666581
vt 0.630099 0.521781
vt 0.636981 0.521785
vt 0.636995 0.548892
vt 0.630112 0.548911
vt 0.612779 0.708338
vt 0.619502 0.750036
vt 0.612694 0.750005
vt 0.637224 0.708327
vt 0.630378 0.708371
vt 0.637307 0.750005
vt 0.630498 0.750036
vt 0.612597 0.791671
vt 0.619368 0.791699
vt 0.619228 0.833360
vt 0.612497 0.833337
vt 0.630498 0.750036
vt 0.637307 0.750005
vt 0.637403 0.791671
vt 0.630632 0.791699
vt 0.637504 0.833337
vt 0.630772 0.833360
vt 0.612400 0.874765
vt 0.619095 0.874781
vt 0.618985 0.914775
vt 0.612321 0.914765
vt 0.637600 0.874765
vt 0.630906 0.874781
vt 0.637679 0.914765
vt 0.631015 0.914775
vt 0.637729 0.951127
vt 0.631086 0.951132
vt 0.637749 0.978500
vt 0.631113 0.978495
vt 0.612271 0.951127
vt 0.618914 0.951132
vt 0.612251 0.978500
vt 0.612251 0.021501
vt 0.612271 0.048873
vt 0.612322 0.085235
vt 0.612400 0.125235
vt 0.619228 0.166640
vt 0.612497 0.166663
vt 0.631015 0.085225
vt 0.637679 0.085235
vt 0.637600 0.125235
vt 0.630906 0.125219
vt 0.637504 0.166663
vt 0.637749 0.021501
vt 0.637729 0.048873
vt 0.631086 0.048869
vt 0.612597 0.208329
vt 0.619502 0.249964
vt 0.612694 0.249996
vt 0.637403 0.208329
vt 0.630632 0.208301
vt 0.637307 0.249996
vt 0.630498 0.249964
vt 0.612779 0.291662
vt 0.619622 0.291629
vt 0.619722 0.333297
vt 0.612852 0.333329
vt 0.603715 0.333333
vt 0.637221 0.291662
vt 0.630378 0.291629
vt 0.637149 0.333329
vt 0.630278 0.333297
vt 0.612908 0.374759
vt 0.619800 0.374731
vt 0.619856 0.414744
vt 0.612948 0.414764
vt 0.603749 0.414767
vt 0.637092 0.374759
vt 0.630200 0.374731
vt 0.637053 0.414764
vt 0.630144 0.414744
vt 0.637029 0.451097
vt 0.630112 0.451089
vt 0.637020 0.478215
vt 0.630099 0.478219
vt 0.612971 0.451097
vt 0.603757 0.451098
vt 0.619888 0.451089
vt 0.619901 0.478219
vt 0.612980 0.478215
vt 0.709253 0.516026
vt 0.715680 0.542240
vt 0.707997 0.547628
vt 0.717618 0.518787
vt 0.717619 0.518787
vt 0.723859 0.584662
vt 0.716771 0.583955
vt 0.723725 0.547575
vt 0.707943 0.584560
vt 0.707997 0.547628
vt 0.716771 0.583955
vt 0.716771 0.583955
vt 0.717031 0.625081
vt 0.723859 0.584663
vt 0.717018 0.666671
vt 0.734311 0.585256
vt 0.741219 0.585236
vt 0.741259 0.625242
vt 0.750418 0.585233
vt 0.750432 0.625238
vt 0.750451 0.666667
vt 0.741315 0.666671
vt 0.734445 0.666703
vt 0.741187 0.521785
vt 0.741196 0.548903
vt 0.734279 0.548911
vt 0.750407 0.521785
vt 0.750410 0.548902
vt 0.717018 0.666671
vt 0.716946 0.708338
vt 0.707857 0.708333
vt 0.723788 0.708371
vt 0.723669 0.750036
vt 0.716860 0.750005
vt 0.741387 0.708338
vt 0.734545 0.708371
vt 0.741473 0.750005
vt 0.734664 0.750036
vt 0.716764 0.791671
vt 0.723535 0.791699
vt 0.716663 0.833337
vt 0.741570 0.791671
vt 0.734799 0.791699
vt 0.741670 0.833337
vt 0.734939 0.833360
vt 0.716567 0.874765
vt 0.723261 0.874781
vt 0.723151 0.914775
vt 0.716488 0.914765
vt 0.741766 0.874765
vt 0.735072 0.874781
vt 0.741845 0.914765
vt 0.735182 0.914775
vt 0.741896 0.951127
vt 0.735253 0.951132
vt 0.741916 0.978500
vt 0.716438 0.951127
vt 0.723081 0.951132
vt 0.723054 0.978495
vt 0.716418 0.978500
vt 0.716418 0.021501
vt 0.716438 0.048873
vt 0.723054 0.021505
vt 0.723081 0.048869
vt 0.716488 0.085235
vt 0.716567 0.125235
vt 0.723261 0.125219
vt 0.723395 0.166640
vt 0.716663 0.166663
vt 0.735182 0.085225
vt 0.741845 0.085235
vt 0.741766 0.125235
vt 0.735072 0.125219
vt 0.741670 0.166663
vt 0.734939 0.166640
vt 0.735280 0.021505
vt 0.741916 0.021501
vt 0.741896 0.048873
vt 0.716764 0.208329
vt 0.723535 0.208301
vt 0.723669 0.249964
vt 0.716860 0.249996
vt 0.741570 0.208329
vt 0.734799 0.208301
vt 0.741473 0.249996
vt 0.734665 0.249964
vt 0.716946 0.291662
vt 0.723788 0.291629
vt 0.723889 0.333297
vt 0.717018 0.333329
vt 0.734665 0.249964
vt 0.741473 0.249995
vt 0.741390 0.291673
vt 0.734545 0.291629
vt 0.741339 0.333419
vt 0.734445 0.333297
vt 0.717074 0.374759
vt 0.723967 0.374731
vt 0.724022 0.414744
vt 0.717114 0.414764
vt 0.741307 0.374961
vt 0.734366 0.374731
vt 0.750820 0.376383
vt 0.741217 0.414854
vt 0.734311 0.414744
vt 0.741162 0.451108
vt 0.741148 0.478215
vt 0.734266 0.478219
vt 0.717137 0.451097
vt 0.724055 0.451089
vt 0.724068 0.478219
vt 0.717147 0.478215
vt 0.834253 0.516026
vt 0.840680 0.542240
vt 0.832997 0.547628
vt 0.842618 0.518787
vt 0.848725 0.547575
vt 0.842619 0.518787
vt 0.848859 0.584662
vt 0.841771 0.583955
vt 0.848725 0.547575
vt 0.832943 0.584560
vt 0.841771 0.583955
vt 0.842031 0.625081
vt 0.848859 0.584663
vt 0.848947 0.625195
vt 0.842018 0.666671
vt 0.859311 0.585256
vt 0.866243 0.585162
vt 0.866262 0.625232
vt 0.859366 0.625269
vt 0.866315 0.666671
vt 0.859445 0.666703
vt 0.866185 0.521711
vt 0.866245 0.548736
vt 0.859279 0.548911
vt 0.875800 0.547566
vt 0.832882 0.666667
vt 0.842018 0.666671
vt 0.841946 0.708338
vt 0.832857 0.708333
vt 0.848889 0.666703
vt 0.848788 0.708371
vt 0.848669 0.750036
vt 0.841860 0.750005
vt 0.866315 0.666671
vt 0.866387 0.708338
vt 0.859545 0.708371
vt 0.875452 0.666667
vt 0.866473 0.750005
vt 0.841764 0.791671
vt 0.848535 0.791699
vt 0.848395 0.833360
vt 0.841663 0.833337
vt 0.866570 0.791671
vt 0.859799 0.791699
vt 0.866670 0.833337
vt 0.859939 0.833360
vt 0.841567 0.874765
vt 0.848261 0.874781
vt 0.848151 0.914775
vt 0.841488 0.914765
vt 0.866766 0.874765
vt 0.860072 0.874781
vt 0.866845 0.914765
vt 0.860182 0.914775
vt 0.866896 0.951127
vt 0.860253 0.951132
vt 0.866916 0.978500
vt 0.841437 0.951127
vt 0.848081 0.951132
vt 0.848054 0.978495
vt 0.841418 0.978500
vt 0.841418 0.021501
vt 0.841437 0.048873
vt 0.848054 0.021505
vt 0.848081 0.048869
vt 0.841488 0.085235
vt 0.841567 0.125235
vt 0.848261 0.125219
vt 0.848395 0.166640
vt 0.841663 0.166663
vt 0.860182 0.085225
vt 0.866845 0.085235
vt 0.866766 0.125235
vt 0.860072 0.125219
vt 0.866670 0.166663
vt 0.859939 0.166640
vt 0.860280 0.021505
vt 0.866916 0.021501
vt 0.866896 0.048873
vt 0.860253 0.048869
vt 0.841764 0.208329
vt 0.848535 0.208301
vt 0.848669 0.249964
vt 0.841860 0.249996
vt 0.866570 0.208329
vt 0.859799 0.208301
vt 0.866473 0.249996
vt 0.859665 0.249964
vt 0.841946 0.291662
vt 0.848788 0.291629
vt 0.848889 0.333297
vt 0.842018 0.333329
vt 0.866473 0.249995
vt 0.866430 0.291860
vt 0.866654 0.334911
vt 0.859606 0.334018
vt 0.842074 0.374759
vt 0.848967 0.374731
vt 0.849022 0.414744
vt 0.842114 0.414764
vt 0.859606 0.334018
vt 0.866654 0.334911
vt 0.867694 0.382191
vt 0.859689 0.376351
vt 0.875423 0.334260
vt 0.874059 0.412039
vt 0.875353 0.375482
vt 0.865729 0.417482
vt 0.874059 0.412039
vt 0.859264 0.415464
vt 0.859689 0.376351
vt 0.865729 0.417482
vt 0.842137 0.451097
vt 0.849055 0.451089
vt 0.849068 0.478219
vt 0.842147 0.478215
vt 0.865729 0.417482
vt 0.864991 0.451328
vt 0.859002 0.451179
vt 0.870915 0.451345
vt 0.870702 0.478220
vt 0.864866 0.478216
vt 0.959253 0.516026
vt 0.965680 0.542240
vt 0.967618 0.518787
vt 0.973725 0.547575
vt 0.967619 0.518787
vt 0.973859 0.584662
vt 0.966771 0.583955
vt 0.973725 0.547575
vt 0.957943 0.584560
vt 0.957997 0.547628
vt 0.966771 0.583955
vt 0.967031 0.625081
vt 0.973859 0.584663
vt 0.973889 0.666703
vt 0.967018 0.666671
vt 0.984475 0.584663
vt 0.991514 0.583945
vt 0.991248 0.625044
vt 0.984387 0.625195
vt 1.000000 0.583333
vt 1.000000 0.625000
vt 1.000000 0.666667
vt 0.991259 0.666671
vt 0.984445 0.666703
vt 0.984223 0.521188
vt 0.990714 0.518787
vt 0.992628 0.542612
vt 0.984608 0.547575
vt 0.999080 0.516026
vt 0.990714 0.518787
vt 1.000000 0.520654
vt 1.000000 0.551993
vt 0.999080 0.516026
vt 0.991514 0.583945
vt 0.984474 0.584663
vt 0.984608 0.547575
vt 0.991514 0.583945
vt 0.967018 0.666671
vt 0.966946 0.708338
vt 0.957857 0.708333
vt 0.973889 0.666703
vt 0.973788 0.708371
vt 0.973669 0.750036
vt 0.966860 0.750005
vt 0.991328 0.708338
vt 0.984545 0.708371
vt 1.000000 0.708333
vt 1.000000 0.750000
vt 0.991410 0.750005
vt 0.984665 0.750036
vt 0.966764 0.791671
vt 0.966663 0.833337
vt 0.991502 0.791671
vt 0.984799 0.791699
vt 1.000000 0.791667
vt 1.000000 0.833333
vt 0.991598 0.833337
vt 0.984939 0.833360
vt 0.966567 0.874765
vt 0.973261 0.874781
vt 0.973151 0.914775
vt 0.966488 0.914765
vt 0.991690 0.874804
vt 0.985072 0.874781
vt 1.000000 0.875000
vt 1.000000 0.916667
vt 0.991766 0.914924
vt 0.985182 0.914775
vt 0.991814 0.951377
vt 0.985253 0.951131
vt 1.000000 0.952625
vt 1.000000 0.988584
vt 0.991833 0.979340
vt 0.985280 0.978495
vt 0.966438 0.951128
vt 0.973081 0.951132
vt 0.973054 0.978495
vt 0.966418 0.978500
vt 0.966418 0.021501
vt 0.966438 0.048873
vt 0.973054 0.021505
vt 0.973081 0.048869
vt 0.966488 0.085235
vt 0.966567 0.125235
vt 0.973395 0.166640
vt 0.966663 0.166663
vt 0.985182 0.085225
vt 0.991766 0.085076
vt 0.991690 0.125196
vt 0.985072 0.125219
vt 1.000000 0.083333
vt 1.000000 0.125000
vt 1.000000 0.166667
vt 0.991598 0.166663
vt 0.984939 0.166640
vt 0.991833 0.020660
vt 0.991814 0.048623
vt 0.985253 0.048869
vt 1.000000 0.011417
vt 1.000000 0.047375
vt 0.966764 0.208329
vt 0.973535 0.208301
vt 0.973669 0.249964
vt 0.966860 0.249996
vt 0.991502 0.208329
vt 0.984799 0.208301
vt 1.000000 0.208333
vt 1.000000 0.250000
vt 0.991410 0.249996
vt 0.966860 0.249996
vt 0.966904 0.291860
vt 0.973669 0.249964
vt 0.973768 0.291719
vt 0.973728 0.334018
vt 0.966680 0.334911
vt 0.991371 0.291853
vt 1.000000 0.291667
vt 1.000000 0.333333
vt 0.991601 0.334731
vt 0.966680 0.334911
vt 0.965798 0.381731
vt 0.974070 0.415464
vt 0.967819 0.417949
vt 0.973644 0.376351
vt 0.967819 0.417949
vt 0.958077 0.375482
vt 0.961048 0.405769
vt 0.984606 0.334018
vt 0.992667 0.381742
vt 0.984689 0.376351
vt 1.000000 0.370373
vt 0.991601 0.334731
vt 1.000000 0.407412
vt 0.999059 0.412039
vt 0.990729 0.417482
vt 0.984264 0.415464
vt 0.984689 0.376351
vt 0.990729 0.417482
vt 0.962233 0.423891
vt 0.967819 0.417949
vt 0.968385 0.451496
vt 0.974070 0.415464
vt 0.974376 0.478219
vt 0.968467 0.478216
vt 0.962632 0.478220
vt 0.984264 0.415464
vt 0.990729 0.417482
vt 0.989991 0.451328
vt 0.984002 0.451179
vt 0.995915 0.451345
vt 0.989865 0.478216
vt 0.983957 0.478219
vt 0.105108 0.587961
vt 0.111472 0.617809
vt 0.103814 0.624518
vt 0.113438 0.582518
vt 0.119903 0.584536
vt 0.119477 0.623649
vt 0.113438 0.582518
vt 0.119561 0.665982
vt 0.112513 0.665089
vt 0.103744 0.665740
vt 0.103814 0.624518
vt 0.130308 0.584663
vt 0.137396 0.583865
vt 0.137184 0.624879
vt 0.130220 0.625195
vt 0.146226 0.583840
vt 0.137172 0.666581
vt 0.130057 0.521188
vt 0.136330 0.519119
vt 0.138310 0.542749
vt 0.130441 0.547575
vt 0.141941 0.514034
vt 0.136330 0.519119
vt 0.137396 0.583865
vt 0.130308 0.584663
vt 0.130441 0.547575
vt 0.137396 0.583865
vt 0.114300 0.521784
vt 0.114175 0.548672
vt 0.108251 0.548656
vt 0.120209 0.521781
vt 0.119903 0.584536
vt 0.113438 0.582518
vt 0.112513 0.665089
vt 0.112737 0.708140
vt 0.119602 0.708281
vt 0.112693 0.750005
vt 0.137224 0.708327
vt 0.130378 0.708371
vt 0.137307 0.750005
vt 0.130498 0.750036
vt 0.112597 0.791671
vt 0.119228 0.833360
vt 0.112496 0.833337
vt 0.130498 0.750036
vt 0.137307 0.750005
vt 0.137403 0.791671
vt 0.130632 0.791699
vt 0.137504 0.833337
vt 0.130772 0.833360
vt 0.112400 0.874765
vt 0.112321 0.914765
vt 0.137600 0.874765
vt 0.130905 0.874781
vt 0.137679 0.914765
vt 0.131015 0.914775
vt 0.137729 0.951127
vt 0.131086 0.951132
vt 0.137749 0.978500
vt 0.112271 0.951127
vt 0.118914 0.951132
vt 0.118887 0.978495
vt 0.112251 0.978500
vt 0.112251 0.021501
vt 0.112271 0.048873
vt 0.118914 0.048869
vt 0.112321 0.085235
vt 0.112400 0.125235
vt 0.119095 0.125219
vt 0.119228 0.166640
vt 0.112496 0.166663
vt 0.131015 0.085225
vt 0.137679 0.085235
vt 0.137600 0.125235
vt 0.130905 0.125219
vt 0.137504 0.166663
vt 0.130772 0.166640
vt 0.131113 0.021505
vt 0.137749 0.021501
vt 0.137729 0.048873
vt 0.131086 0.048869
vt 0.112597 0.208329
vt 0.112693 0.249996
vt 0.137403 0.208329
vt 0.130632 0.208301
vt 0.137307 0.249996
vt 0.130498 0.249964
vt 0.112737 0.291860
vt 0.119502 0.249964
vt 0.119602 0.291719
vt 0.112513 0.334911
vt 0.137307 0.249995
vt 0.137263 0.291860
vt 0.137487 0.334911
vt 0.130439 0.334018
vt 0.112513 0.334911
vt 0.111631 0.381731
vt 0.103910 0.375482
vt 0.119477 0.376351
vt 0.119903 0.415464
vt 0.113652 0.417949
vt 0.119477 0.376351
vt 0.108066 0.423891
vt 0.106881 0.405769
vt 0.113652 0.417950
vt 0.106881 0.405769
vt 0.130439 0.334018
vt 0.137487 0.334911
vt 0.138528 0.382191
vt 0.130523 0.376351
vt 0.137487 0.334911
vt 0.144892 0.412039
vt 0.146186 0.375482
vt 0.136562 0.417482
vt 0.130097 0.415464
vt 0.130523 0.376351
vt 0.136562 0.417482
vt 0.108066 0.423891
vt 0.113652 0.417950
vt 0.114218 0.451496
vt 0.108419 0.452242
vt 0.119903 0.415464
vt 0.120165 0.451179
vt 0.120209 0.478219
vt 0.114300 0.478216
vt 0.130097 0.415464
vt 0.136562 0.417482
vt 0.135825 0.451328
vt 0.129835 0.451179
vt 0.141749 0.451345
vt 0.141535 0.478220
vt 0.135700 0.478216
vt 0.129791 0.478219
vt 0.271753 0.516026
vt 0.278143 0.542164
vt 0.280118 0.518787
vt 0.286225 0.547575
vt 0.280118 0.518787
vt 0.286359 0.584662
vt 0.279247 0.583905
vt 0.270252 0.584164
vt 0.279247 0.583905
vt 0.279247 0.583905
vt 0.279528 0.625075
vt 0.286359 0.584663
vt 0.286447 0.625195
vt 0.286389 0.666703
vt 0.279518 0.666671
vt 0.296811 0.585256
vt 0.303717 0.585146
vt 0.303807 0.625039
vt 0.296866 0.625269
vt 0.303839 0.666581
vt 0.296945 0.666703
vt 0.296766 0.521781
vt 0.303648 0.521785
vt 0.303662 0.548892
vt 0.296779 0.548911
vt 0.279446 0.708338
vt 0.286169 0.750036
vt 0.279360 0.750005
vt 0.303890 0.708327
vt 0.297045 0.708371
vt 0.303973 0.750005
vt 0.297164 0.750036
vt 0.279264 0.791671
vt 0.279163 0.833337
vt 0.297164 0.750036
vt 0.303973 0.750005
vt 0.304070 0.791671
vt 0.297299 0.791699
vt 0.304170 0.833337
vt 0.297438 0.833360
vt 0.279067 0.874765
vt 0.285761 0.874781
vt 0.278988 0.914765
vt 0.304266 0.874765
vt 0.304345 0.914765
vt 0.297682 0.914775
vt 0.304396 0.951127
vt 0.304416 0.978500
vt 0.278937 0.951127
vt 0.285581 0.951132
vt 0.285554 0.978495
vt 0.278918 0.978500
vt 0.278918 0.021501
vt 0.278937 0.048873
vt 0.285651 0.085225
vt 0.278988 0.085235
vt 0.279067 0.125235
vt 0.285761 0.125219
vt 0.285895 0.166640
vt 0.279163 0.166663
vt 0.304345 0.085235
vt 0.304266 0.125235
vt 0.304170 0.166663
vt 0.297780 0.021505
vt 0.304416 0.021501
vt 0.304396 0.048873
vt 0.297753 0.048869
vt 0.279264 0.208329
vt 0.286035 0.208301
vt 0.286169 0.249964
vt 0.279360 0.249996
vt 0.304070 0.208329
vt 0.297299 0.208301
vt 0.303973 0.249996
vt 0.297164 0.249964
vt 0.279446 0.291662
vt 0.270357 0.291667
vt 0.286288 0.291629
vt 0.286389 0.333297
vt 0.279518 0.333329
vt 0.270382 0.333333
vt 0.297164 0.249964
vt 0.303973 0.249995
vt 0.303930 0.291860
vt 0.304154 0.334911
vt 0.297106 0.334018
vt 0.279518 0.333329
vt 0.279529 0.374925
vt 0.286447 0.374805
vt 0.286359 0.415338
vt 0.279247 0.416095
vt 0.297106 0.334018
vt 0.304154 0.334911
vt 0.305194 0.382191
vt 0.297189 0.376351
vt 0.312923 0.334260
vt 0.304154 0.334911
vt 0.311559 0.412039
vt 0.312853 0.375482
vt 0.303229 0.417482
vt 0.311559 0.412039
vt 0.296764 0.415464
vt 0.297189 0.376351
vt 0.303229 0.417482
vt 0.279247 0.416095
vt 0.278304 0.457319
vt 0.270189 0.453213
vt 0.286359 0.415338
vt 0.286225 0.452425
vt 0.279247 0.416095
vt 0.286609 0.478813
vt 0.280337 0.480881
vt 0.286225 0.452425
vt 0.273536 0.477671
vt 0.270189 0.453213
vt 0.273536 0.477671
vt 0.296764 0.415464
vt 0.303229 0.417482
vt 0.302491 0.451328
vt 0.308415 0.451345
vt 0.308202 0.478220
vt 0.302366 0.478216
vt 0.296457 0.478219
vt 0.396753 0.516026
vt 0.403180 0.542240
vt 0.395497 0.547628
vt 0.405118 0.518787
vt 0.411609 0.521188
vt 0.411225 0.547575
vt 0.405118 0.518787
vt 0.411359 0.584663
vt 0.404270 0.583955
vt 0.411225 0.547575
vt 0.404270 0.583955
vt 0.404271 0.583955
vt 0.404532 0.625081
vt 0.411359 0.584663
vt 0.411447 0.625195
vt 0.404518 0.666671
vt 0.421811 0.585256
vt 0.428719 0.585236
vt 0.428759 0.625242
vt 0.421866 0.625270
vt 0.437932 0.625238
vt 0.428815 0.666671
vt 0.421945 0.666703
vt 0.428687 0.521785
vt 0.428696 0.548903
vt 0.421779 0.548911
vt 0.437907 0.521785
vt 0.437910 0.548902
vt 0.395382 0.666667
vt 0.404446 0.708338
vt 0.395357 0.708333
vt 0.411389 0.666703
vt 0.411169 0.750036
vt 0.404360 0.750005
vt 0.428887 0.708338
vt 0.422045 0.708371
vt 0.428973 0.750005
vt 0.404264 0.791671
vt 0.404163 0.833337
vt 0.429070 0.791671
vt 0.422299 0.791699
vt 0.429170 0.833337
vt 0.422439 0.833360
vt 0.404067 0.874765
vt 0.410651 0.914775
vt 0.403988 0.914765
vt 0.429266 0.874765
vt 0.422572 0.874781
vt 0.429345 0.914765
vt 0.429396 0.951127
vt 0.422753 0.951132
vt 0.429416 0.978500
vt 0.422780 0.978495
vt 0.403937 0.951127
vt 0.410581 0.951132
vt 0.410554 0.978495
vt 0.403918 0.978500
vt 0.403918 0.021501
vt 0.403937 0.048873
vt 0.410554 0.021505
vt 0.410651 0.085225
vt 0.403988 0.085235
vt 0.404067 0.125235
vt 0.410895 0.166640
vt 0.404163 0.166663
vt 0.429345 0.085235
vt 0.429266 0.125235
vt 0.422572 0.125219
vt 0.429170 0.166663
vt 0.422780 0.021505
vt 0.429416 0.021501
vt 0.429396 0.048873
vt 0.422752 0.048869
vt 0.404264 0.208329
vt 0.411035 0.208301
vt 0.404360 0.249996
vt 0.429070 0.208329
vt 0.428973 0.249996
vt 0.422164 0.249964
vt 0.404446 0.291662
vt 0.411288 0.291629
vt 0.411389 0.333297
vt 0.404518 0.333329
vt 0.422165 0.249964
vt 0.428973 0.249995
vt 0.428930 0.291860
vt 0.422065 0.291719
vt 0.429154 0.334911
vt 0.404574 0.374759
vt 0.411467 0.374731
vt 0.411522 0.414744
vt 0.404614 0.414764
vt 0.422106 0.334018
vt 0.429154 0.334911
vt 0.430194 0.382191
vt 0.422189 0.376351
vt 0.437923 0.334260
vt 0.437853 0.375482
vt 0.429154 0.334911
vt 0.436559 0.412039
vt 0.437853 0.375482
vt 0.428229 0.417482
vt 0.436559 0.412039
vt 0.421764 0.415464
vt 0.422189 0.376351
vt 0.428229 0.417482
vt 0.404637 0.451097
vt 0.411555 0.451089
vt 0.411568 0.478219
vt 0.404647 0.478215
vt 0.421764 0.415464
vt 0.428229 0.417482
vt 0.427491 0.451328
vt 0.421502 0.451179
vt 0.433415 0.451345
vt 0.433202 0.478220
vt 0.427366 0.478216
vt 0.530845 0.491981
vt 0.524912 0.492088
vt 0.536843 0.491960
vt 0.536605 0.496941
vt 0.530120 0.497061
vt 0.552488 0.491981
vt 0.558422 0.492088
vt 0.553168 0.497061
vt 0.546728 0.496941
vt 0.546728 0.503059
vt 0.553213 0.502939
vt 0.552488 0.508019
vt 0.558422 0.507912
vt 0.530165 0.502939
vt 0.530724 0.507644
vt 0.536809 0.507966
vt 0.612980 0.491949
vt 0.619896 0.496922
vt 0.612976 0.496912
vt 0.603759 0.496911
vt 0.637020 0.491949
vt 0.637024 0.496912
vt 0.630104 0.496922
vt 0.603759 0.503089
vt 0.612976 0.503088
vt 0.612980 0.508052
vt 0.603760 0.508053
vt 0.619896 0.503078
vt 0.630104 0.503079
vt 0.637022 0.503085
vt 0.636986 0.508051
vt 0.717147 0.491949
vt 0.724068 0.491958
vt 0.724062 0.496922
vt 0.717143 0.496912
vt 0.741153 0.491949
vt 0.734266 0.491958
vt 0.741189 0.496915
vt 0.734271 0.496922
vt 0.734271 0.503079
vt 0.741190 0.503088
vt 0.741187 0.508052
vt 0.734266 0.508042
vt 0.717666 0.502939
vt 0.718224 0.507644
vt 0.712191 0.506784
vt 0.842147 0.491949
vt 0.849068 0.491958
vt 0.849063 0.496922
vt 0.842143 0.496912
vt 0.864988 0.491981
vt 0.858991 0.491960
vt 0.865668 0.497061
vt 0.866189 0.503085
vt 0.866157 0.508042
vt 0.859266 0.508042
vt 0.842665 0.502939
vt 0.843224 0.507644
vt 0.849106 0.503059
vt 0.849309 0.507966
vt 0.849109 0.521187
vt 0.968345 0.491981
vt 0.962412 0.492088
vt 0.967620 0.497061
vt 0.989983 0.491981
vt 0.983989 0.491960
vt 0.995914 0.492088
vt 0.990704 0.497061
vt 0.984224 0.496941
vt 0.984224 0.503059
vt 0.990704 0.502938
vt 0.990105 0.507644
vt 0.996135 0.506784
vt 0.967666 0.502939
vt 0.968224 0.507644
vt 0.974106 0.503059
vt 0.114179 0.491981
vt 0.108245 0.492088
vt 0.120176 0.491960
vt 0.119939 0.496941
vt 0.113453 0.497061
vt 0.135821 0.491981
vt 0.129824 0.491960
vt 0.141755 0.492088
vt 0.136502 0.497061
vt 0.130061 0.496941
vt 0.130061 0.503059
vt 0.136546 0.502938
vt 0.135900 0.507685
vt 0.129857 0.507966
vt 0.141941 0.514034
vt 0.136330 0.519119
vt 0.130057 0.521188
vt 0.113498 0.502939
vt 0.114179 0.508019
vt 0.120176 0.508040
vt 0.274726 0.485966
vt 0.280337 0.480881
vt 0.280767 0.492316
vt 0.274862 0.493065
vt 0.286809 0.492034
vt 0.280120 0.497062
vt 0.302488 0.491981
vt 0.296491 0.491960
vt 0.308422 0.492088
vt 0.303168 0.497061
vt 0.296771 0.503079
vt 0.303688 0.503085
vt 0.303653 0.508051
vt 0.280165 0.502939
vt 0.280724 0.507644
vt 0.286809 0.507966
vt 0.286609 0.521187
vt 0.404647 0.491949
vt 0.411568 0.491958
vt 0.404643 0.496912
vt 0.427488 0.491981
vt 0.421491 0.491960
vt 0.433422 0.492088
vt 0.428168 0.497061
vt 0.421728 0.496941
vt 0.421771 0.503079
vt 0.428690 0.503088
vt 0.428687 0.508052
vt 0.437907 0.508053
vt 0.405166 0.502939
vt 0.405724 0.507644
vt 0.399691 0.506784
vt 0.411606 0.503059
vt 0.411609 0.521187
vt 0.405118 0.518787
vt 0.528918 0.978500
vt 0.528986 0.993030
vt 0.535748 0.993015
vt 0.529305 1.000000
vt 0.547780 0.978495
vt 0.554416 0.978500
vt 0.554348 0.993030
vt 0.547586 0.993015
vt 0.554029 1.000000
vt 0.554029 0.000000
vt 0.554348 0.006970
vt 0.547586 0.006986
vt 0.554416 0.021501
vt 0.547780 0.021505
vt 0.529305 0.000000
vt 0.528986 0.006970
vt 0.535748 0.006986
vt 0.528918 0.021501
vt 0.612251 0.978500
vt 0.612319 0.993030
vt 0.618887 0.978495
vt 0.619081 0.993015
vt 0.612638 1.000000
vt 0.631113 0.978495
vt 0.637749 0.978500
vt 0.637681 0.993030
vt 0.630919 0.993015
vt 0.637362 1.000000
vt 0.637362 0.000000
vt 0.637681 0.006970
vt 0.630919 0.006986
vt 0.637749 0.021501
vt 0.631113 0.021505
vt 0.612638 0.000000
vt 0.612319 0.006970
vt 0.619081 0.006986
vt 0.612251 0.021501
vt 0.716418 0.978500
vt 0.716486 0.993030
vt 0.723248 0.993015
vt 0.716805 1.000000
vt 0.735280 0.978495
vt 0.741916 0.978500
vt 0.741848 0.993030
vt 0.735086 0.993015
vt 0.741529 1.000000
vt 0.741529 0.000000
vt 0.741848 0.006970
vt 0.735086 0.006986
vt 0.741915 0.021501
vt 0.735280 0.021505
vt 0.716805 0.000000
vt 0.716486 0.006970
vt 0.723248 0.006986
vt 0.841418 0.978500
vt 0.841486 0.993030
vt 0.848054 0.978495
vt 0.848248 0.993015
vt 0.841805 1.000000
vt 0.860280 0.978495
vt 0.866916 0.978500
vt 0.866848 0.993030
vt 0.860086 0.993015
vt 0.866529 1.000000
vt 0.866529 0.000000
vt 0.866848 0.006970
vt 0.860086 0.006986
vt 0.866916 0.021501
vt 0.860280 0.021505
vt 0.841805 0.000000
vt 0.841486 0.006970
vt 0.848248 0.006986
vt 0.848054 0.021505
vt 0.841418 0.021501
vt 0.966418 0.978500
vt 0.966486 0.993030
vt 0.973248 0.993015
vt 0.966805 1.000000
vt 0.991779 0.993240
vt 0.985086 0.993015
vt 1.000000 0.994292
vt 1.000000 1.000000
vt 0.991529 1.000000
vt 0.991529 0.000000
vt 0.991779 0.006760
vt 1.000000 0.000000
vt 1.000000 0.005708
vt 0.966805 0.000000
vt 0.966486 0.006970
vt 0.112251 0.978500
vt 0.112319 0.993030
vt 0.118887 0.978495
vt 0.119081 0.993015
vt 0.112638 1.000000
vt 0.131113 0.978495
vt 0.137749 0.978500
vt 0.137681 0.993030
vt 0.130919 0.993015
vt 0.137362 1.000000
vt 0.137362 0.000000
vt 0.137681 0.006970
vt 0.137749 0.021501
vt 0.131113 0.021505
vt 0.112638 0.000000
vt 0.112319 0.006970
vt 0.118887 0.021505
vt 0.112251 0.021501
vt 0.278918 0.978500
vt 0.278986 0.993030
vt 0.285748 0.993015
vt 0.279305 1.000000
vt 0.297780 0.978495
vt 0.304416 0.978500
vt 0.304348 0.993030
vt 0.297586 0.993015
vt 0.304029 1.000000
vt 0.304029 0.000000
vt 0.304348 0.006970
vt 0.297586 0.006986
vt 0.279305 0.000000
vt 0.278986 0.006970
vt 0.285554 0.021505
vt 0.403918 0.978500
vt 0.403986 0.993030
vt 0.410748 0.993015
vt 0.404305 1.000000
vt 0.422780 0.978495
vt 0.429416 0.978500
vt 0.429348 0.993030
vt 0.422586 0.993015
vt 0.429029 1.000000
vt 0.429029 0.000000
vt 0.429348 0.006970
vt 0.422586 0.006986
vt 0.429416 0.021501
vt 0.422780 0.021505
vt 0.404305 0.000000
vt 0.403986 0.006970
vt 0.410554 0.021505
vt 0.562855 0.500000
vt 0.554379 0.500000
vt 0.555048 0.499161
vt 0.562734 0.499623
vt 0.547100 0.500000
vt 0.547122 0.498992
vt 0.546728 0.496941
vt 0.559949 0.499025
vt 0.553168 0.497061
vt 0.536233 0.500000
vt 0.528955 0.500000
vt 0.528155 0.499162
vt 0.536211 0.498992
vt 0.520502 0.499622
vt 0.528955 0.500000
vt 0.521763 0.499093
vt 0.520502 0.499622
vt 0.530120 0.497061
vt 0.536605 0.496941
vt 0.530120 0.497061
vt 0.561571 0.500908
vt 0.555178 0.500838
vt 0.553213 0.502939
vt 0.561571 0.500908
vt 0.546728 0.503059
vt 0.547122 0.501008
vt 0.553213 0.502939
vt 0.547100 0.500000
vt 0.554379 0.500000
vt 0.547122 0.501008
vt 0.562831 0.500378
vt 0.530165 0.502939
vt 0.528285 0.500839
vt 0.536211 0.501008
vt 0.523385 0.500975
vt 0.520479 0.500000
vt 0.528955 0.500000
vt 0.637050 0.499998
vt 0.637029 0.498945
vt 0.630107 0.498951
vt 0.637024 0.496912
vt 0.612974 0.500000
vt 0.612974 0.498946
vt 0.603758 0.500000
vt 0.603758 0.498945
vt 0.603759 0.496911
vt 0.612976 0.496912
vt 0.646226 0.503070
vt 0.637022 0.503085
vt 0.637074 0.501049
vt 0.612976 0.503088
vt 0.612974 0.501054
vt 0.603759 0.503089
vt 0.741217 0.500002
vt 0.741241 0.498951
vt 0.750798 0.498988
vt 0.734275 0.500000
vt 0.734274 0.498951
vt 0.741189 0.496915
vt 0.750392 0.496930
vt 0.723896 0.499981
vt 0.716798 0.499930
vt 0.717098 0.498937
vt 0.724039 0.498949
vt 0.717143 0.496912
vt 0.717666 0.502939
vt 0.715816 0.500833
vt 0.723732 0.501006
vt 0.710885 0.500975
vt 0.708096 0.500361
vt 0.710885 0.500975
vt 0.707952 0.499864
vt 0.716798 0.499930
vt 0.723896 0.499981
vt 0.741190 0.503088
vt 0.741196 0.501055
vt 0.734271 0.503078
vt 0.734274 0.501049
vt 0.875572 0.500117
vt 0.866560 0.500067
vt 0.867520 0.499167
vt 0.875262 0.499637
vt 0.859437 0.500019
vt 0.859602 0.498994
vt 0.866560 0.500067
vt 0.859228 0.496941
vt 0.859602 0.498994
vt 0.872449 0.499025
vt 0.865668 0.497061
vt 0.875262 0.499637
vt 0.848896 0.499981
vt 0.841798 0.499930
vt 0.842098 0.498937
vt 0.849039 0.498949
vt 0.842143 0.496912
vt 0.849062 0.496922
vt 0.849106 0.503059
vt 0.842666 0.502939
vt 0.840816 0.500833
vt 0.848732 0.501006
vt 0.842665 0.502939
vt 0.833096 0.500361
vt 0.835885 0.500975
vt 0.832952 0.499864
vt 0.841798 0.499930
vt 0.848896 0.499981
vt 0.875392 0.503070
vt 0.866284 0.501058
vt 0.875795 0.501029
vt 0.859294 0.501051
vt 0.859437 0.500019
vt 0.999978 0.500000
vt 0.991821 0.500000
vt 0.992639 0.499190
vt 0.999978 0.499985
vt 0.984595 0.500000
vt 0.984617 0.498992
vt 0.991821 0.500000
vt 0.984224 0.496941
vt 0.984617 0.498992
vt 0.999051 0.499093
vt 0.990704 0.497061
vt 0.999978 0.499969
vt 0.973733 0.500000
vt 0.966455 0.500000
vt 0.965655 0.499162
vt 0.973711 0.498992
vt 0.957979 0.500000
vt 0.966455 0.500000
vt 0.959263 0.499093
vt 0.958002 0.499622
vt 0.974106 0.496941
vt 0.973711 0.498992
vt 0.967620 0.497061
vt 0.999978 0.500031
vt 0.999051 0.500908
vt 0.992639 0.500810
vt 0.999978 0.500016
vt 0.990704 0.502938
vt 0.984224 0.503059
vt 0.984617 0.501008
vt 0.990704 0.502938
vt 0.984617 0.501008
vt 0.991821 0.500000
vt 0.974106 0.503059
vt 0.967666 0.502939
vt 0.965785 0.500839
vt 0.973711 0.501008
vt 0.967665 0.502939
vt 0.958099 0.500378
vt 0.960885 0.500975
vt 0.966455 0.500000
vt 0.973733 0.500000
vt 0.137736 0.499998
vt 0.138384 0.499161
vt 0.146091 0.499621
vt 0.130434 0.500000
vt 0.130455 0.498992
vt 0.130061 0.496941
vt 0.130455 0.498992
vt 0.143282 0.499025
vt 0.136502 0.497061
vt 0.146091 0.499621
vt 0.143282 0.499025
vt 0.119566 0.500000
vt 0.112241 0.500000
vt 0.111450 0.499164
vt 0.119545 0.498992
vt 0.103432 0.500000
vt 0.103396 0.499649
vt 0.112241 0.500000
vt 0.105096 0.499093
vt 0.103396 0.499649
vt 0.119939 0.496941
vt 0.119545 0.498992
vt 0.113453 0.497061
vt 0.144904 0.500908
vt 0.138548 0.500836
vt 0.146581 0.500350
vt 0.136546 0.502938
vt 0.144904 0.500908
vt 0.130061 0.503059
vt 0.130455 0.501008
vt 0.136546 0.502938
vt 0.130434 0.500000
vt 0.137736 0.499998
vt 0.146581 0.500350
vt 0.137736 0.499998
vt 0.113498 0.502939
vt 0.111580 0.500837
vt 0.119545 0.501008
vt 0.106706 0.500974
vt 0.113498 0.502939
vt 0.112241 0.500000
vt 0.103504 0.500352
vt 0.119545 0.501008
vt 0.313072 0.500117
vt 0.304060 0.500067
vt 0.305020 0.499167
vt 0.312762 0.499637
vt 0.296937 0.500019
vt 0.297102 0.498994
vt 0.304060 0.500067
vt 0.296728 0.496941
vt 0.297102 0.498994
vt 0.309949 0.499025
vt 0.286233 0.500000
vt 0.278907 0.500000
vt 0.278117 0.499164
vt 0.286211 0.498992
vt 0.270062 0.499649
vt 0.271763 0.499093
vt 0.270062 0.499649
vt 0.286606 0.496941
vt 0.286211 0.498992
vt 0.280120 0.497062
vt 0.280165 0.502939
vt 0.278247 0.500837
vt 0.286211 0.501008
vt 0.273373 0.500974
vt 0.280165 0.502939
vt 0.278907 0.500000
vt 0.270171 0.500352
vt 0.286233 0.500000
vt 0.312892 0.503070
vt 0.303688 0.503085
vt 0.303784 0.501058
vt 0.313295 0.501029
vt 0.296771 0.503079
vt 0.296794 0.501051
vt 0.296937 0.500019
vt 0.313072 0.500117
vt 0.429036 0.500070
vt 0.430017 0.499167
vt 0.421937 0.500019
vt 0.421728 0.496941
vt 0.434949 0.499025
vt 0.437738 0.499639
vt 0.434949 0.499025
vt 0.411396 0.499981
vt 0.404298 0.499930
vt 0.404598 0.498937
vt 0.411539 0.498949
vt 0.404643 0.496912
vt 0.411562 0.496922
vt 0.411606 0.503059
vt 0.405166 0.502939
vt 0.403316 0.500833
vt 0.411232 0.501006
vt 0.398385 0.500975
vt 0.395596 0.500361
vt 0.398385 0.500975
vt 0.395452 0.499864
vt 0.404298 0.499930
vt 0.411396 0.499981
vt 0.411232 0.501006
vt 0.404298 0.499930
vt 0.428690 0.503088
vt 0.428735 0.501063
vt 0.421771 0.503079
vt 0.421794 0.501051
vt 0.421937 0.500019
vt 0.429036 0.500070
s 1
f 1/1/1 1435/2/1424 4303/3/4290 1436/4/1425
f 1435/2/1424 11/5/11 1437/6/1426 4303/3/4290
f 4303/3/4290 1437/6/1426 12/7/12 1438/8/1427
f 1436/4/1425 4303/3/4290 1438/8/1427 2/9/2
f 2/9/2 1438/10/1427 4304/11/4291 1439/12/1428
f 1438/10/1427 12/13/12 1440/14/1429 4304/11/4291
f 4304/11/4291 1440/14/1429 13/15/13 1441/16/1430
f 1439/12/1428 4304/11/4291 1441/16/1430 3/17/3
f 3/17/3 1441/16/1430 4305/18/4292 1442/19/1431
f 1441/16/1430 13/15/13 1443/20/1432 4305/18/4292
f 4305/18/4292 1443/20/1432 14/21/14 1444/22/1433
f 1442/19/1431 4305/18/4292 1444/22/1433 4/23/4
f 4/23/4 1444/22/1433 4306/24/4293 1445/25/1434
f 1444/22/1433 14/21/14 1446/26/1435 4306/24/4293
f 4306/24/4293 1446/26/1435 15/27/15 1447/28/1436
f 1445/25/1434 4306/24/4293 1447/28/1436 5/29/5
f 6/30/6 1448/31/1437 4307/32/4294 1449/33/1438
f 1448/31/1437 16/34/16 1450/35/1439 4307/32/4294
f 4307/32/4294 1450/35/1439 17/36/17 1451/37/1440
f 1449/33/1438 4307/32/4294 1451/37/1440 7/38/7
f 7/38/7 1451/37/1440 4308/39/4295 1452/40/1441
f 1451/37/1440 17/36/17 1453/41/1442 4308/39/4295
f 4308/39/4295 1453/41/1442 18/42/18 1454/43/1443
f 1452/40/1441 4308/39/4295 1454/43/1443 8/44/8
f 8/45/8 1454/43/1443 4309/46/4296 1455/47/1444
f 1454/43/1443 18/42/18 1456/48/1445 4309/46/4296
f 4309/46/4296 1456/48/1445 19/49/19 1457/50/1446
f 1455/47/1444 4309/46/4296 1457/50/1446 9/51/9
f 20/52/20 1466/53/1455 4310/54/4297 1459/55/1448
f 1466/53/1455 29/56/29 1467/57/1456 4310/54/4297
f 4310/54/4297 1467/57/1456 30/58/30 1468/59/1457
f 1459/55/1448 4310/54/4297 1468/59/1457 21/60/21
f 21/61/21 1468/62/1457 4311/63/4298 1460/64/1449
f 1468/62/1457 30/65/30 1469/66/1458 4311/63/4298
f 4311/63/4298 1469/66/1458 31/67/31 1470/68/1459
f 1460/64/1449 4311/63/4298 1470/68/1459 22/69/22
f 22/69/22 1470/68/1459 4312/70/4299 1461/71/1450
f 1470/68/1459 31/67/31 1471/72/1460 4312/70/4299
f 4312/70/4299 1471/72/1460 32/73/32 1472/74/1461
f 1461/71/1450 4312/70/4299 1472/74/1461 23/75/23
f 24/76/24 1473/77/1462 4313/78/4300 1462/79/1451
f 1473/77/1462 33/80/33 1474/81/1463 4313/78/4300
f 4313/78/4300 1474/81/1463 34/82/34 1475/83/1464
f 1462/79/1451 4313/78/4300 1475/83/1464 25/84/25
f 25/84/25 1475/83/1464 4314/85/4301 1463/86/1452
f 1475/83/1464 34/82/34 1476/87/1465 4314/85/4301
f 4314/85/4301 1476/87/1465 35/88/35 1477/89/1466
f 1463/86/1452 4314/85/4301 1477/89/1466 26/90/26
f 26/91/26 1477/89/1466 4315/92/4302 1464/93/1453
f 1477/89/1466 35/94/35 1478/95/1467 4315/92/4302
f 4315/92/4302 1478/95/1467 36/96/36 1479/97/1468
f 1464/93/1453 4315/92/4302 1479/97/1468 27/98/27
f 28/99/28 1481/100/1470 4316/101/4303 1465/102/1454
f 1481/100/1470 38/103/38 1482/104/1471 4316/101/4303
f 4316/101/4303 1482/104/1471 39/105/39 1483/106/1472
f 1465/102/1454 4316/101/4303 1483/106/1472 29/56/29
f 29/56/29 1483/106/1472 4317/107/4304 1467/57/1456
f 1483/106/1472 39/105/39 1484/108/1473 4317/107/4304
f 4317/107/4304 1484/108/1473 40/109/40 1485/110/1474
f 1467/57/1456 4317/107/4304 1485/110/1474 30/58/30
f 30/65/30 1485/111/1474 4318/112/4305 1469/66/1458
f 1485/111/1474 40/113/40 1486/114/1475 4318/112/4305
f 4318/112/4305 1486/114/1475 41/115/41 1487/116/1476
f 1469/66/1458 4318/112/4305 1487/116/1476 31/67/31
f 31/67/31 1487/116/1476 4319/117/4306 1471/72/1460
f 1487/116/1476 41/115/41 1488/118/1477 4319/117/4306
f 4319/117/4306 1488/118/1477 42/119/42 1489/120/1478
f 1471/72/1460 4319/117/4306 1489/120/1478 32/73/32
f 33/80/33 1490/121/1479 4320/122/4307 1474/81/1463
f 1490/121/1479 43/123/43 1491/124/1480 4320/122/4307
f 4320/122/4307 1491/124/1480 44/125/44 1492/126/1481
f 1474/81/1463 4320/122/4307 1492/126/1481 34/82/34
f 34/82/34 1492/126/1481 4321/127/4308 1476/87/1465
f 1492/126/1481 44/125/44 1493/128/1482 4321/127/4308
f 4321/127/4308 1493/128/1482 45/129/45 1494/130/1483
f 1476/87/1465 4321/127/4308 1494/130/1483 35/88/35
f 35/94/35 1494/131/1483 4322/132/4309 1478/95/1467
f 1494/131/1483 45/133/45 1495/134/1484 4322/132/4309
f 4322/132/4309 1495/134/1484 46/135/46 1496/136/1485
f 1478/95/1467 4322/132/4309 1496/136/1485 36/96/36
f 36/96/36 1496/136/1485 4323/137/4310 1480/138/1469
f 1496/136/1485 46/135/46 1497/139/1486 4323/137/4310
f 4323/137/4310 1497/139/1486 47/140/47 1498/141/1487
f 1480/138/1469 4323/137/4310 1498/141/1487 37/142/37
f 49/143/49 1507/144/1496 4324/145/4311 1500/146/1489
f 1507/144/1496 58/147/58 1508/148/1497 4324/145/4311
f 4324/145/4311 1508/148/1497 59/149/59 1509/150/1498
f 1500/146/1489 4324/145/4311 1509/150/1498 50/151/50
f 50/152/50 1509/153/1498 4325/154/4312 1501/155/1490
f 1509/153/1498 59/156/59 1510/157/1499 4325/154/4312
f 4325/154/4312 1510/157/1499 60/158/60 1511/159/1500
f 1501/155/1490 4325/154/4312 1511/159/1500 51/160/51
f 51/160/51 1511/159/1500 4326/161/4313 1502/162/1491
f 1511/159/1500 60/158/60 1512/163/1501 4326/161/4313
f 4326/161/4313 1512/163/1501 61/164/61 1513/165/1502
f 1502/162/1491 4326/161/4313 1513/165/1502 52/166/52
f 53/167/53 1514/168/1503 4327/169/4314 1503/170/1492
f 1514/168/1503 62/171/62 1515/172/1504 4327/169/4314
f 4327/169/4314 1515/172/1504 63/173/63 1516/174/1505
f 1503/170/1492 4327/169/4314 1516/174/1505 54/175/54
f 54/175/54 1516/174/1505 4328/176/4315 1504/177/1493
f 1516/174/1505 63/173/63 1517/178/1506 4328/176/4315
f 4328/176/4315 1517/178/1506 64/179/64 1518/180/1507
f 1504/177/1493 4328/176/4315 1518/180/1507 55/181/55
f 55/181/55 1518/180/1507 4329/182/4316 1505/183/1494
f 1518/180/1507 64/179/64 1519/184/1508 4329/182/4316
f 4329/182/4316 1519/184/1508 65/185/65 1520/186/1509
f 1505/183/1494 4329/182/4316 1520/186/1509 56/187/56
f 56/187/56 1520/186/1509 4330/188/4317 1506/189/1495
f 1520/186/1509 65/185/65 1521/190/1510 4330/188/4317
f 4330/188/4317 1521/190/1510 66/191/66 1522/192/1511
f 1506/189/1495 4330/188/4317 1522/192/1511 57/193/57
f 58/147/58 1524/194/1513 4331/195/4318 1508/148/1497
f 1524/194/1513 68/196/68 1525/197/1514 4331/195/4318
f 4331/195/4318 1525/197/1514 69/198/69 1526/199/1515
f 1508/148/1497 4331/195/4318 1526/199/1515 59/149/59
f 59/156/59 1526/200/1515 4332/201/4319 1510/157/1499
f 1526/200/1515 69/202/69 1527/203/1516 4332/201/4319
f 4332/201/4319 1527/203/1516 70/204/70 1528/205/1517
f 1510/157/1499 4332/201/4319 1528/205/1517 60/158/60
f 60/158/60 1528/205/1517 4333/206/4320 1512/163/1501
f 1528/205/1517 70/204/70 1529/207/1518 4333/206/4320
f 4333/206/4320 1529/207/1518 71/208/71 1530/209/1519
f 1512/163/1501 4333/206/4320 1530/209/1519 61/164/61
f 62/171/62 1531/210/1520 4334/211/4321 1515/172/1504
f 1531/210/1520 72/212/72 1532/213/1521 4334/211/4321
f 4334/211/4321 1532/213/1521 73/214/73 1533/215/1522
f 1515/172/1504 4334/211/4321 1533/215/1522 63/173/63
f 63/173/63 1533/215/1522 4335/216/4322 1517/178/1506
f 1533/215/1522 73/214/73 1534/217/1523 4335/216/4322
f 4335/216/4322 1534/217/1523 74/218/74 1535/219/1524
f 1517/178/1506 4335/216/4322 1535/219/1524 64/179/64
f 64/179/64 1535/219/1524 4336/220/4323 1519/184/1508
f 1535/219/1524 74/218/74 1536/221/1525 4336/220/4323
f 4336/220/4323 1536/221/1525 75/222/75 1537/223/1526
f 1519/184/1508 4336/220/4323 1537/223/1526 65/185/65
f 65/185/65 1537/223/1526 4337/224/4324 1521/190/1510
f 1537/223/1526 75/222/75 1538/225/1527 4337/224/4324
f 4337/224/4324 1538/225/1527 76/226/76 1539/227/1528
f 1521/190/1510 4337/224/4324 1539/227/1528 66/191/66
f 67/228/67 1540/229/1529 4338/230/4325 1523/231/1512
f 1540/229/1529 77/232/77 1541/233/1530 4338/230/4325
f 4338/230/4325 1541/233/1530 78/234/78 1542/235/1531
f 1523/231/1512 4338/230/4325 1542/235/1531 68/196/68
f 68/196/68 1542/235/1531 4339/236/4326 1525/197/1514
f 1542/235/1531 78/234/78 1543/237/1532 4339/236/4326
f 4339/236/4326 1543/237/1532 79/238/79 1544/239/1533
f 1525/197/1514 4339/236/4326 1544/239/1533 69/198/69
f 69/202/69 1544/240/1533 4340/241/4327 1527/203/1516
f 1544/240/1533 79/242/79 1545/243/1534 4340/241/4327
f 4340/241/4327 1545/243/1534 80/244/80 1546/245/1535
f 1527/203/1516 4340/241/4327 1546/245/1535 70/204/70
f 70/204/70 1546/245/1535 4341/246/4328 1529/207/1518
f 1546/245/1535 80/244/80 1547/247/1536 4341/246/4328
f 4341/246/4328 1547/247/1536 81/248/81 1548/249/1537
f 1529/207/1518 4341/246/4328 1548/249/1537 71/208/71
f 72/212/72 1549/250/1538 4342/251/4329 1532/213/1521
f 1549/250/1538 82/252/82 1550/253/1539 4342/251/4329
f 4342/251/4329 1550/253/1539 83/254/83 1551/255/1540
f 1532/213/1521 4342/251/4329 1551/255/1540 73/214/73
f 73/214/73 1551/255/1540 4343/256/4330 1534/217/1523
f 1551/255/1540 83/254/83 1552/257/1541 4343/256/4330
f 4343/256/4330 1552/257/1541 84/258/84 1553/259/1542
f 1534/217/1523 4343/256/4330 1553/259/1542 74/218/74
f 74/218/74 1553/259/1542 4344/260/4331 1536/221/1525
f 1553/259/1542 84/258/84 1554/261/1543 4344/260/4331
f 4344/260/4331 1554/261/1543 85/262/85 1555/263/1544
f 1536/221/1525 4344/260/4331 1555/263/1544 75/222/75
f 75/222/75 1555/263/1544 4345/264/4332 1538/225/1527
f 1555/263/1544 85/262/85 1556/265/1545 4345/264/4332
f 4345/264/4332 1556/265/1545 86/266/86 1557/267/1546
f 1538/225/1527 4345/264/4332 1557/267/1546 76/226/76
f 87/268/87 1566/269/1555 4346/270/4333 1558/271/1547
f 1566/269/1555 97/272/97 1567/273/1556 4346/270/4333
f 4346/270/4333 1567/273/1556 98/274/98 1568/275/1557
f 1558/271/1547 4346/270/4333 1568/275/1557 88/276/88
f 88/276/88 1568/275/1557 4347/277/4334 1559/278/1548
f 1568/275/1557 98/274/98 1569/279/1558 4347/277/4334
f 4347/277/4334 1569/279/1558 99/280/99 1570/281/1559
f 1559/278/1548 4347/277/4334 1570/281/1559 89/282/89
f 89/283/89 1570/284/1559 4348/285/4335 1560/286/1549
f 1570/284/1559 99/287/99 1571/288/1560 4348/285/4335
f 4348/285/4335 1571/288/1560 100/289/100 1572/290/1561
f 1560/286/1549 4348/285/4335 1572/290/1561 90/291/90
f 90/291/90 1572/290/1561 4349/292/4336 1561/293/1550
f 1572/290/1561 100/289/100 1573/294/1562 4349/292/4336
f 4349/292/4336 1573/294/1562 101/295/101 1574/296/1563
f 1561/293/1550 4349/292/4336 1574/296/1563 91/297/91
f 92/298/92 1575/299/1564 4350/300/4337 1562/301/1551
f 1575/299/1564 102/302/102 1576/303/1565 4350/300/4337
f 4350/300/4337 1576/303/1565 103/304/103 1577/305/1566
f 1562/301/1551 4350/300/4337 1577/305/1566 93/306/93
f 93/306/93 1577/305/1566 4351/307/4338 1563/308/1552
f 1577/305/1566 103/304/103 1578/309/1567 4351/307/4338
f 4351/307/4338 1578/309/1567 104/310/104 1579/311/1568
f 1563/308/1552 4351/307/4338 1579/311/1568 94/312/94
f 94/313/94 1579/311/1568 4352/314/4339 1564/315/1553
f 1579/311/1568 104/316/104 1580/317/1569 4352/314/4339
f 4352/314/4339 1580/317/1569 105/318/105 1581/319/1570
f 1564/315/1553 4352/314/4339 1581/319/1570 95/320/95
f 98/274/98 1582/321/1571 4353/322/4340 1569/279/1558
f 1582/321/1571 106/323/106 1583/324/1572 4353/322/4340
f 4353/322/4340 1583/324/1572 107/325/107 1584/326/1573
f 1569/279/1558 4353/322/4340 1584/326/1573 99/280/99
f 99/287/99 1584/327/1573 4354/328/4341 1571/288/1560
f 1584/327/1573 107/329/107 1585/330/1574 4354/328/4341
f 4354/328/4341 1585/330/1574 108/331/108 1586/332/1575
f 1571/288/1560 4354/328/4341 1586/332/1575 100/289/100
f 100/289/100 1586/332/1575 4355/333/4342 1573/294/1562
f 1586/332/1575 108/331/108 1587/334/1576 4355/333/4342
f 4355/333/4342 1587/334/1576 109/335/109 1588/336/1577
f 1573/294/1562 4355/333/4342 1588/336/1577 101/295/101
f 102/302/102 1589/337/1578 4356/338/4343 1576/303/1565
f 1589/337/1578 110/339/110 1590/340/1579 4356/338/4343
f 4356/338/4343 1590/340/1579 111/341/111 1591/342/1580
f 1576/303/1565 4356/338/4343 1591/342/1580 103/304/103
f 103/304/103 1591/342/1580 4357/343/4344 1578/309/1567
f 1591/342/1580 111/341/111 1592/344/1581 4357/343/4344
f 4357/343/4344 1592/344/1581 112/345/112 1593/346/1582
f 1578/309/1567 4357/343/4344 1593/346/1582 104/310/104
f 104/316/104 1593/347/1582 4358/348/4345 1580/317/1569
f 1593/347/1582 112/345/112 1594/349/1583 4358/348/4345
f 4358/348/4345 1594/349/1583 113/350/113 1595/351/1584
f 1580/317/1569 4358/348/4345 1595/351/1584 105/318/105
f 106/323/106 1598/352/1587 4359/353/4346 1583/324/1572
f 1598/352/1587 116/354/116 1599/355/1588 4359/353/4346
f 4359/353/4346 1599/355/1588 117/356/99 1600/357/1589
f 1583/324/1572 4359/353/4346 1600/357/1589 107/325/107
f 107/329/107 1600/358/1589 4360/359/4347 1585/330/1574
f 1600/358/1589 117/360/99 1601/361/1590 4360/359/4347
f 4360/359/4347 1601/361/1590 118/362/117 1602/363/1591
f 1585/330/1574 4360/359/4347 1602/363/1591 108/331/108
f 108/331/108 1602/363/1591 4361/364/4348 1587/334/1576
f 1602/363/1591 118/362/117 1603/365/1592 4361/364/4348
f 4361/364/4348 1603/365/1592 119/366/118 1604/367/1593
f 1587/334/1576 4361/364/4348 1604/367/1593 109/335/109
f 110/339/110 1605/368/1594 4362/369/4349 1590/340/1579
f 1605/368/1594 120/370/119 1606/371/1595 4362/369/4349
f 4362/369/4349 1606/371/1595 121/372/120 1607/373/1596
f 1590/340/1579 4362/369/4349 1607/373/1596 111/341/111
f 111/341/111 1607/373/1596 4363/374/4350 1592/344/1581
f 1607/373/1596 121/372/120 1608/375/1597 4363/374/4350
f 4363/374/4350 1608/375/1597 122/376/121 1609/377/1598
f 1592/344/1581 4363/374/4350 1609/377/1598 112/345/112
f 112/345/112 1609/377/1598 4364/378/4351 1594/349/1583
f 1609/377/1598 122/379/121 1610/380/1599 4364/378/4351
f 4364/378/4351 1610/380/1599 123/381/122 1611/382/1600
f 1594/349/1583 4364/378/4351 1611/382/1600 113/350/113
f 113/350/113 1611/382/1600 4365/383/4352 1596/384/1585
f 1611/382/1600 123/381/122 1612/385/1601 4365/383/4352
f 4365/383/4352 1612/385/1601 124/386/123 1613/387/1602
f 1596/384/1585 4365/383/4352 1613/387/1602 114/388/114
f 115/389/115 1614/390/1603 4366/391/4353 1597/392/1586
f 1614/390/1603 125/393/124 1615/394/1604 4366/391/4353
f 4366/391/4353 1615/394/1604 126/395/125 1616/396/1605
f 1597/392/1586 4366/391/4353 1616/396/1605 116/354/116
f 116/354/116 1616/396/1605 4367/397/4354 1599/355/1588
f 1616/396/1605 126/395/125 1617/398/1606 4367/397/4354
f 4367/397/4354 1617/398/1606 127/399/126 1618/400/1607
f 1599/355/1588 4367/397/4354 1618/400/1607 117/356/99
f 117/360/99 1618/401/1607 4368/402/4355 1601/361/1590
f 1618/401/1607 127/403/126 1619/404/1608 4368/402/4355
f 4368/402/4355 1619/404/1608 128/405/127 1620/406/1609
f 1601/361/1590 4368/402/4355 1620/406/1609 118/362/117
f 118/362/117 1620/406/1609 4369/407/4356 1603/365/1592
f 1620/406/1609 128/405/127 1621/408/1610 4369/407/4356
f 4369/407/4356 1621/408/1610 129/409/128 1622/410/1611
f 1603/365/1592 4369/407/4356 1622/410/1611 119/366/118
f 120/370/119 1623/411/1612 4370/412/4357 1606/371/1595
f 1623/411/1612 130/413/129 1624/414/1613 4370/412/4357
f 4370/412/4357 1624/414/1613 131/415/130 1625/416/1614
f 1606/371/1595 4370/412/4357 1625/416/1614 121/372/120
f 121/372/120 1625/416/1614 4371/417/4358 1608/375/1597
f 1625/416/1614 131/415/130 1626/418/1615 4371/417/4358
f 4371/417/4358 1626/418/1615 132/419/131 1627/420/1616
f 1608/375/1597 4371/417/4358 1627/420/1616 122/376/121
f 122/376/121 1627/420/1616 4372/421/4359 1610/422/1599
f 1627/420/1616 132/419/131 1628/423/1617 4372/421/4359
f 4372/421/4359 1628/423/1617 133/424/132 1629/425/1618
f 1610/422/1599 4372/421/4359 1629/425/1618 123/426/122
f 123/426/122 1629/425/1618 4373/427/4360 1612/428/1601
f 1629/425/1618 133/424/132 1630/429/1619 4373/427/4360
f 4373/427/4360 1630/429/1619 134/430/133 1631/431/1620
f 1612/428/1601 4373/427/4360 1631/431/1620 124/432/123
f 135/433/134 1639/434/1628 4374/435/4361 1632/436/1621
f 1639/434/1628 144/437/143 1640/438/1629 4374/435/4361
f 4374/435/4361 1640/438/1629 145/439/144 1641/440/1630
f 1632/436/1621 4374/435/4361 1641/440/1630 136/441/135
f 136/441/135 1641/440/1630 4375/442/4362 1633/443/1622
f 1641/440/1630 145/439/144 1642/444/1631 4375/442/4362
f 4375/442/4362 1642/444/1631 146/445/145 1643/446/1632
f 1633/443/1622 4375/442/4362 1643/446/1632 137/447/136
f 137/448/136 1643/449/1632 4376/450/4363 1634/451/1623
f 1643/449/1632 146/452/145 1644/453/1633 4376/450/4363
f 4376/450/4363 1644/453/1633 147/454/146 1645/455/1634
f 1634/451/1623 4376/450/4363 1645/455/1634 138/456/137
f 138/456/137 1645/455/1634 4377/457/4364 1635/458/1624
f 1645/455/1634 147/454/146 1646/459/1635 4377/457/4364
f 4377/457/4364 1646/459/1635 148/460/147 1647/461/1636
f 1635/458/1624 4377/457/4364 1647/461/1636 139/462/138
f 140/463/139 1648/464/1637 4378/465/4365 1636/466/1625
f 1648/464/1637 149/467/148 1649/468/1638 4378/465/4365
f 4378/465/4365 1649/468/1638 150/469/149 1650/470/1639
f 1636/466/1625 4378/465/4365 1650/470/1639 141/471/140
f 141/471/140 1650/470/1639 4379/472/4366 1637/473/1626
f 1650/470/1639 150/469/149 1651/474/1640 4379/472/4366
f 4379/472/4366 1651/474/1640 151/475/150 1652/476/1641
f 1637/473/1626 4379/472/4366 1652/476/1641 142/477/141
f 142/478/141 1652/476/1641 4380/479/4367 1638/480/1627
f 1652/476/1641 151/475/150 1653/481/1642 4380/479/4367
f 4380/479/4367 1653/481/1642 152/482/151 1654/483/1643
f 1638/480/1627 4380/479/4367 1654/483/1643 143/484/142
f 145/439/144 1656/485/1645 4381/486/4368 1642/444/1631
f 1656/485/1645 154/487/153 1657/488/1646 4381/486/4368
f 4381/486/4368 1657/488/1646 155/489/154 1658/490/1647
f 1642/444/1631 4381/486/4368 1658/490/1647 146/445/145
f 146/452/145 1658/491/1647 4382/492/4369 1644/453/1633
f 1658/491/1647 155/493/154 1659/494/1648 4382/492/4369
f 4382/492/4369 1659/494/1648 156/495/155 1660/496/1649
f 1644/453/1633 4382/492/4369 1660/496/1649 147/454/146
f 147/454/146 1660/496/1649 4383/497/4370 1646/459/1635
f 1660/496/1649 156/495/155 1661/498/1650 4383/497/4370
f 4383/497/4370 1661/498/1650 157/499/156 1662/500/1651
f 1646/459/1635 4383/497/4370 1662/500/1651 148/460/147
f 149/467/148 1663/501/1652 4384/502/4371 1649/468/1638
f 1663/501/1652 158/503/157 1664/504/1653 4384/502/4371
f 4384/502/4371 1664/504/1653 159/505/158 1665/506/1654
f 1649/468/1638 4384/502/4371 1665/506/1654 150/469/149
f 150/469/149 1665/506/1654 4385/507/4372 1651/474/1640
f 1665/506/1654 159/505/158 1666/508/1655 4385/507/4372
f 4385/507/4372 1666/508/1655 160/509/159 1667/510/1656
f 1651/474/1640 4385/507/4372 1667/510/1656 151/475/150
f 151/475/150 1667/511/1656 4386/512/4373 1653/481/1642
f 1667/511/1656 160/513/159 1668/514/1657 4386/512/4373
f 4386/512/4373 1668/514/1657 161/515/160 1669/516/1658
f 1653/481/1642 4386/512/4373 1669/516/1658 152/482/151
f 154/487/153 1671/517/1660 4387/518/4374 1657/488/1646
f 1671/517/1660 163/519/162 1672/520/1661 4387/518/4374
f 4387/518/4374 1672/520/1661 164/521/145 1673/522/1662
f 1657/488/1646 4387/518/4374 1673/522/1662 155/489/154
f 155/493/154 1673/523/1662 4388/524/4375 1659/494/1648
f 1673/523/1662 164/525/145 1674/526/1663 4388/524/4375
f 4388/524/4375 1674/526/1663 165/527/163 1675/528/1664
f 1659/494/1648 4388/524/4375 1675/528/1664 156/495/155
f 156/495/155 1675/528/1664 4389/529/4376 1661/498/1650
f 1675/528/1664 165/527/163 1676/530/1665 4389/529/4376
f 4389/529/4376 1676/530/1665 166/531/164 1677/532/1666
f 1661/498/1650 4389/529/4376 1677/532/1666 157/499/156
f 158/503/157 1678/533/1667 4390/534/4377 1664/504/1653
f 1678/533/1667 167/535/165 1679/536/1668 4390/534/4377
f 4390/534/4377 1679/536/1668 168/537/166 1680/538/1669
f 1664/504/1653 4390/534/4377 1680/538/1669 159/505/158
f 159/505/158 1680/538/1669 4391/539/4378 1666/508/1655
f 1680/538/1669 168/537/166 1681/540/1670 4391/539/4378
f 4391/539/4378 1681/540/1670 169/541/167 1682/542/1671
f 1666/508/1655 4391/539/4378 1682/542/1671 160/509/159
f 160/513/159 1682/543/1671 4392/544/4379 1668/514/1657
f 1682/543/1671 169/545/167 1683/546/1672 4392/544/4379
f 4392/544/4379 1683/546/1672 170/547/168 1684/548/1673
f 1668/514/1657 4392/544/4379 1684/548/1673 161/515/160
f 162/549/161 1686/550/1675 4393/551/4380 1670/552/1659
f 1686/550/1675 172/553/170 1687/554/1676 4393/551/4380
f 4393/551/4380 1687/554/1676 173/555/171 1688/556/1677
f 1670/552/1659 4393/551/4380 1688/556/1677 163/519/162
f 163/519/162 1688/556/1677 4394/557/4381 1672/520/1661
f 1688/556/1677 173/555/171 1689/558/1678 4394/557/4381
f 4394/557/4381 1689/558/1678 174/559/172 1690/560/1679
f 1672/520/1661 4394/557/4381 1690/560/1679 164/521/145
f 164/525/145 1690/561/1679 4395/562/4382 1674/526/1663
f 1690/561/1679 174/563/172 1691/564/1680 4395/562/4382
f 4395/562/4382 1691/564/1680 175/565/173 1692/566/1681
f 1674/526/1663 4395/562/4382 1692/566/1681 165/527/163
f 165/527/163 1692/566/1681 4396/567/4383 1676/530/1665
f 1692/566/1681 175/565/173 1693/568/1682 4396/567/4383
f 4396/567/4383 1693/568/1682 176/569/174 1694/570/1683
f 1676/530/1665 4396/567/4383 1694/570/1683 166/531/164
f 167/535/165 1695/571/1684 4397/572/4384 1679/536/1668
f 1695/571/1684 177/573/175 1696/574/1685 4397/572/4384
f 4397/572/4384 1696/574/1685 178/575/176 1697/576/1686
f 1679/536/1668 4397/572/4384 1697/576/1686 168/537/166
f 168/537/166 1697/576/1686 4398/577/4385 1681/540/1670
f 1697/576/1686 178/575/176 1698/578/1687 4398/577/4385
f 4398/577/4385 1698/578/1687 179/579/177 1699/580/1688
f 1681/540/1670 4398/577/4385 1699/580/1688 169/541/167
f 169/545/167 1699/581/1688 4399/582/4386 1683/546/1672
f 1699/581/1688 179/579/177 1700/583/1689 4399/582/4386
f 4399/582/4386 1700/583/1689 180/584/178 1701/585/1690
f 1683/546/1672 4399/582/4386 1701/585/1690 170/547/168
f 182/586/180 1709/587/1698 4400/588/4387 1703/589/1692
f 1709/587/1698 190/590/188 1710/591/1699 4400/588/4387
f 4400/588/4387 1710/591/1699 191/592/189 1711/593/1700
f 1703/589/1692 4400/588/4387 1711/593/1700 183/594/181
f 183/594/181 1711/593/1700 4401/595/4388 1704/596/1693
f 1711/593/1700 191/592/189 1712/597/1701 4401/595/4388
f 4401/595/4388 1712/597/1701 192/598/190 1713/599/1702
f 1704/596/1693 4401/595/4388 1713/599/1702 184/600/182
f 184/600/182 1713/599/1702 4402/601/4389 1705/602/1694
f 1713/599/1702 192/598/190 1714/603/1703 4402/601/4389
f 4402/601/4389 1714/603/1703 193/604/191 1715/605/1704
f 1705/602/1694 4402/601/4389 1715/605/1704 185/606/183
f 186/607/184 1716/608/1705 4403/609/4390 1706/610/1695
f 1716/608/1705 194/611/192 1717/612/1706 4403/609/4390
f 4403/609/4390 1717/612/1706 195/613/193 1718/614/1707
f 1706/610/1695 4403/609/4390 1718/614/1707 187/615/185
f 187/615/185 1718/614/1707 4404/616/4391 1707/617/1696
f 1718/614/1707 195/613/193 1719/618/1708 4404/616/4391
f 4404/616/4391 1719/618/1708 196/619/194 1720/620/1709
f 1707/617/1696 4404/616/4391 1720/620/1709 188/621/186
f 188/621/186 1720/620/1709 4405/622/4392 1708/623/1697
f 1720/620/1709 196/619/194 1721/624/1710 4405/622/4392
f 4405/622/4392 1721/624/1710 197/625/195 1722/626/1711
f 1708/623/1697 4405/622/4392 1722/626/1711 189/627/187
f 190/590/188 1725/628/1714 4406/629/4393 1710/591/1699
f 1725/628/1714 200/630/198 1726/631/1715 4406/629/4393
f 4406/629/4393 1726/631/1715 201/632/199 1727/633/1716
f 1710/591/1699 4406/629/4393 1727/633/1716 191/592/189
f 191/634/189 1727/635/1716 4407/636/4394 1712/597/1701
f 1727/635/1716 201/637/199 1728/638/1717 4407/636/4394
f 4407/636/4394 1728/638/1717 202/639/200 1729/640/1718
f 1712/597/1701 4407/636/4394 1729/640/1718 192/598/190
f 192/598/190 1729/640/1718 4408/641/4395 1714/642/1703
f 1729/640/1718 202/639/200 1730/643/1719 4408/641/4395
f 4408/641/4395 1730/643/1719 203/644/201 1731/645/1720
f 1714/642/1703 4408/641/4395 1731/645/1720 193/604/191
f 194/646/192 1732/647/1721 4409/648/4396 1717/612/1706
f 1732/647/1721 204/649/202 1733/650/1722 4409/648/4396
f 4409/648/4396 1733/650/1722 205/651/203 1734/652/1723
f 1717/612/1706 4409/648/4396 1734/652/1723 195/613/193
f 195/613/193 1734/652/1723 4410/653/4397 1719/654/1708
f 1734/652/1723 205/651/203 1735/655/1724 4410/653/4397
f 4410/653/4397 1735/655/1724 206/656/204 1736/657/1725
f 1719/654/1708 4410/653/4397 1736/657/1725 196/619/194
f 196/619/194 1736/657/1725 4411/658/4398 1721/624/1710
f 1736/657/1725 206/656/204 1737/659/1726 4411/658/4398
f 4411/658/4398 1737/659/1726 207/660/205 1738/661/1727
f 1721/624/1710 4411/658/4398 1738/661/1727 197/625/195
f 197/625/195 1738/661/1727 4412/662/4399 1723/663/1712
f 1738/661/1727 207/660/205 1739/664/1728 4412/662/4399
f 4412/662/4399 1739/664/1728 208/665/206 1740/666/1729
f 1723/663/1712 4412/662/4399 1740/666/1729 198/667/196
f 199/668/197 1741/669/1730 4413/670/4400 1724/671/1713
f 1741/669/1730 209/672/207 1742/673/1731 4413/670/4400
f 4413/670/4400 1742/673/1731 210/674/208 1743/675/1732
f 1724/671/1713 4413/670/4400 1743/675/1732 200/630/198
f 200/630/198 1743/675/1732 4414/676/4401 1726/631/1715
f 1743/675/1732 210/674/208 1744/677/1733 4414/676/4401
f 4414/676/4401 1744/677/1733 211/678/209 1745/679/1734
f 1726/631/1715 4414/676/4401 1745/679/1734 201/632/199
f 201/637/199 1745/680/1734 4415/681/4402 1728/638/1717
f 1745/680/1734 211/682/209 1746/683/1735 4415/681/4402
f 4415/681/4402 1746/683/1735 212/684/210 1747/685/1736
f 1728/638/1717 4415/681/4402 1747/685/1736 202/639/200
f 202/639/200 1747/685/1736 4416/686/4403 1730/643/1719
f 1747/685/1736 212/684/210 1748/687/1737 4416/686/4403
f 4416/686/4403 1748/687/1737 213/688/211 1749/689/1738
f 1730/643/1719 4416/686/4403 1749/689/1738 203/644/201
f 204/649/202 1750/690/1739 4417/691/4404 1733/650/1722
f 1750/690/1739 214/692/212 1751/693/1740 4417/691/4404
f 4417/691/4404 1751/693/1740 215/694/213 1752/695/1741
f 1733/650/1722 4417/691/4404 1752/695/1741 205/651/203
f 205/651/203 1752/695/1741 4418/696/4405 1735/655/1724
f 1752/695/1741 215/694/213 1753/697/1742 4418/696/4405
f 4418/696/4405 1753/697/1742 216/698/214 1754/699/1743
f 1735/655/1724 4418/696/4405 1754/699/1743 206/656/204
f 206/656/204 1754/699/1743 4419/700/4406 1737/701/1726
f 1754/699/1743 216/698/214 1755/702/1744 4419/700/4406
f 4419/700/4406 1755/702/1744 217/703/215 1756/704/1745
f 1737/701/1726 4419/700/4406 1756/704/1745 207/705/205
f 207/660/205 1756/706/1745 4420/707/4407 1739/664/1728
f 1756/706/1745 217/708/215 1757/709/1746 4420/707/4407
f 4420/707/4407 1757/709/1746 218/710/216 1758/711/1747
f 1739/664/1728 4420/707/4407 1758/711/1747 208/665/206
f 209/672/207 1759/712/1748 4421/713/4408 1742/673/1731
f 1759/712/1748 219/714/217 1760/715/1749 4421/713/4408
f 4421/713/4408 1760/715/1749 220/716/218 1761/717/1750
f 1742/673/1731 4421/713/4408 1761/717/1750 210/674/208
f 210/674/208 1761/717/1750 4422/718/4409 1744/677/1733
f 1761/717/1750 220/716/218 1762/719/1751 4422/718/4409
f 4422/718/4409 1762/719/1751 221/720/219 1763/721/1752
f 1744/677/1733 4422/718/4409 1763/721/1752 211/678/209
f 211/682/209 1763/722/1752 4423/723/4410 1746/683/1735
f 1763/722/1752 221/724/219 1764/725/1753 4423/723/4410
f 4423/723/4410 1764/725/1753 222/726/220 1765/727/1754
f 1746/683/1735 4423/723/4410 1765/727/1754 212/684/210
f 212/684/210 1765/727/1754 4424/728/4411 1748/687/1737
f 1765/727/1754 222/726/220 1766/729/1755 4424/728/4411
f 4424/728/4411 1766/729/1755 223/730/221 1767/731/1756
f 1748/687/1737 4424/728/4411 1767/731/1756 213/688/211
f 214/692/212 1768/732/1757 4425/733/4412 1751/693/1740
f 1768/732/1757 224/734/222 1769/735/1758 4425/733/4412
f 4425/733/4412 1769/735/1758 225/736/223 1770/737/1759
f 1751/693/1740 4425/733/4412 1770/737/1759 215/694/213
f 215/694/213 1770/737/1759 4426/738/4413 1753/697/1742
f 1770/737/1759 225/736/223 1771/739/1760 4426/738/4413
f 4426/738/4413 1771/739/1760 226/740/224 1772/741/1761
f 1753/697/1742 4426/738/4413 1772/741/1761 216/698/214
f 216/698/214 1772/742/1761 4427/743/4414 1755/744/1744
f 1772/742/1761 226/745/224 1773/746/1762 4427/743/4414
f 4427/743/4414 1773/746/1762 227/747/225 1774/748/1763
f 1755/744/1744 4427/743/4414 1774/748/1763 217/708/215
f 217/708/215 1774/748/1763 4428/749/4415 1757/709/1746
f 1774/748/1763 227/747/225 1775/750/1764 4428/749/4415
f 4428/749/4415 1775/750/1764 228/751/226 1776/752/1765
f 1757/709/1746 4428/749/4415 1776/752/1765 218/710/216
f 220/716/218 1777/753/1766 4429/754/4416 1762/719/1751
f 1777/753/1766 229/755/227 1778/756/1767 4429/754/4416
f 4429/754/4416 1778/756/1767 230/757/228 1779/758/1768
f 1762/719/1751 4429/754/4416 1779/758/1768 221/720/219
f 221/724/219 1779/759/1768 4430/760/4417 1764/725/1753
f 1779/759/1768 230/761/228 1780/762/1769 4430/760/4417
f 4430/760/4417 1780/762/1769 231/763/229 1781/764/1770
f 1764/725/1753 4430/760/4417 1781/764/1770 222/726/220
f 222/726/220 1781/764/1770 4431/765/4418 1766/729/1755
f 1781/764/1770 231/763/229 1782/766/1771 4431/765/4418
f 4431/765/4418 1782/766/1771 232/767/230 1783/768/1772
f 1766/729/1755 4431/765/4418 1783/768/1772 223/730/221
f 224/734/222 1784/769/1773 4432/770/4419 1769/735/1758
f 1784/769/1773 233/771/231 1785/772/1774 4432/770/4419
f 4432/770/4419 1785/772/1774 234/773/232 1786/774/1775
f 1769/735/1758 4432/770/4419 1786/774/1775 225/736/223
f 225/736/223 1786/774/1775 4433/775/4420 1771/739/1760
f 1786/774/1775 234/773/232 1787/776/1776 4433/775/4420
f 4433/775/4420 1787/776/1776 235/777/233 1788/778/1777
f 1771/739/1760 4433/775/4420 1788/778/1777 226/740/224
f 226/745/224 1788/778/1777 4434/779/4421 1773/746/1762
f 1788/778/1777 235/780/233 1789/781/1778 4434/779/4421
f 4434/779/4421 1789/781/1778 236/782/234 1790/783/1779
f 1773/746/1762 4434/779/4421 1790/783/1779 227/747/225
f 238/784/236 1798/785/1787 4435/786/4422 1792/787/1781
f 1798/785/1787 246/788/244 1799/789/1788 4435/786/4422
f 4435/786/4422 1799/789/1788 247/790/245 1800/791/1789
f 1792/787/1781 4435/786/4422 1800/791/1789 239/792/237
f 239/793/237 1800/794/1789 4436/795/4423 1793/796/1782
f 1800/794/1789 247/797/245 1801/798/1790 4436/795/4423
f 4436/795/4423 1801/798/1790 248/799/246 1802/800/1791
f 1793/796/1782 4436/795/4423 1802/800/1791 240/801/238
f 240/801/238 1802/800/1791 4437/802/4424 1794/803/1783
f 1802/800/1791 248/799/246 1803/804/1792 4437/802/4424
f 4437/802/4424 1803/804/1792 249/805/247 1804/806/1793
f 1794/803/1783 4437/802/4424 1804/806/1793 241/807/239
f 242/808/240 1805/809/1794 4438/810/4425 1795/811/1784
f 1805/809/1794 250/812/248 1806/813/1795 4438/810/4425
f 4438/810/4425 1806/813/1795 251/814/249 1807/815/1796
f 1795/811/1784 4438/810/4425 1807/815/1796 243/816/241
f 243/816/241 1807/815/1796 4439/817/4426 1796/818/1785
f 1807/815/1796 251/814/249 1808/819/1797 4439/817/4426
f 4439/817/4426 1808/819/1797 252/820/250 1809/821/1798
f 1796/818/1785 4439/817/4426 1809/821/1798 244/822/242
f 244/823/242 1809/824/1798 4440/825/4427 1797/826/1786
f 1809/824/1798 252/820/250 1810/827/1799 4440/825/4427
f 4440/825/4427 1810/827/1799 253/828/251 1811/829/1800
f 1797/826/1786 4440/825/4427 1811/829/1800 245/830/243
f 246/788/244 1814/831/1803 4441/832/4428 1799/789/1788
f 1814/831/1803 256/833/254 1815/834/1804 4441/832/4428
f 4441/832/4428 1815/834/1804 257/835/255 1816/836/1805
f 1799/789/1788 4441/832/4428 1816/836/1805 247/790/245
f 247/797/245 1816/837/1805 4442/838/4429 1801/798/1790
f 1816/837/1805 257/839/255 1817/840/1806 4442/838/4429
f 4442/838/4429 1817/840/1806 258/841/256 1818/842/1807
f 1801/798/1790 4442/838/4429 1818/842/1807 248/799/246
f 248/799/246 1818/842/1807 4443/843/4430 1803/804/1792
f 1818/842/1807 258/841/256 1819/844/1808 4443/843/4430
f 4443/843/4430 1819/844/1808 259/845/257 1820/846/1809
f 1803/804/1792 4443/843/4430 1820/846/1809 249/805/247
f 250/812/248 1821/847/1810 4444/848/4431 1806/813/1795
f 1821/847/1810 260/849/258 1822/850/1811 4444/848/4431
f 4444/848/4431 1822/850/1811 261/851/259 1823/852/1812
f 1806/813/1795 4444/848/4431 1823/852/1812 251/814/249
f 251/814/249 1823/852/1812 4445/853/4432 1808/819/1797
f 1823/852/1812 261/851/259 1824/854/1813 4445/853/4432
f 4445/853/4432 1824/854/1813 262/855/260 1825/856/1814
f 1808/819/1797 4445/853/4432 1825/856/1814 252/820/250
f 252/820/250 1825/857/1814 4446/858/4433 1810/827/1799
f 1825/857/1814 262/859/260 1826/860/1815 4446/858/4433
f 4446/858/4433 1826/860/1815 263/861/261 1827/862/1816
f 1810/827/1799 4446/858/4433 1827/862/1816 253/828/251
f 253/828/251 1827/862/1816 4447/863/4434 1812/864/1801
f 1827/862/1816 263/861/261 1828/865/1817 4447/863/4434
f 4447/863/4434 1828/865/1817 264/866/262 1829/867/1818
f 1812/864/1801 4447/863/4434 1829/867/1818 254/868/252
f 255/869/253 1830/870/1819 4448/871/4435 1813/872/1802
f 1830/870/1819 265/873/263 1831/874/1820 4448/871/4435
f 4448/871/4435 1831/874/1820 266/875/264 1832/876/1821
f 1813/872/1802 4448/871/4435 1832/876/1821 256/833/254
f 256/833/254 1832/876/1821 4449/877/4436 1815/834/1804
f 1832/876/1821 266/875/264 1833/878/1822 4449/877/4436
f 4449/877/4436 1833/878/1822 267/879/265 1834/880/1823
f 1815/834/1804 4449/877/4436 1834/880/1823 257/835/255
f 257/839/255 1834/881/1823 4450/882/4437 1817/840/1806
f 1834/881/1823 267/883/265 1835/884/1824 4450/882/4437
f 4450/882/4437 1835/884/1824 268/885/266 1836/886/1825
f 1817/840/1806 4450/882/4437 1836/886/1825 258/841/256
f 258/841/256 1836/886/1825 4451/887/4438 1819/844/1808
f 1836/886/1825 268/885/266 1837/888/1826 4451/887/4438
f 4451/887/4438 1837/888/1826 269/889/267 1838/890/1827
f 1819/844/1808 4451/887/4438 1838/890/1827 259/845/257
f 260/849/258 1839/891/1828 4452/892/4439 1822/850/1811
f 1839/891/1828 270/893/268 1840/894/1829 4452/892/4439
f 4452/892/4439 1840/894/1829 271/895/269 1841/896/1830
f 1822/850/1811 4452/892/4439 1841/896/1830 261/851/259
f 261/851/259 1841/896/1830 4453/897/4440 1824/854/1813
f 1841/896/1830 271/895/269 1842/898/1831 4453/897/4440
f 4453/897/4440 1842/898/1831 272/899/270 1843/900/1832
f 1824/854/1813 4453/897/4440 1843/900/1832 262/855/260
f 262/859/260 1843/900/1832 4454/901/4441 1826/860/1815
f 1843/900/1832 272/899/270 1844/902/1833 4454/901/4441
f 4454/901/4441 1844/902/1833 273/903/271 1845/904/1834
f 1826/860/1815 4454/901/4441 1845/904/1834 263/861/261
f 263/861/261 1845/904/1834 4455/905/4442 1828/865/1817
f 1845/904/1834 273/903/271 1846/906/1835 4455/905/4442
f 4455/905/4442 1846/906/1835 274/907/272 1847/908/1836
f 1828/865/1817 4455/905/4442 1847/908/1836 264/866/262
f 265/873/263 1848/909/1837 4456/910/4443 1831/874/1820
f 1848/909/1837 275/911/273 1849/912/1838 4456/910/4443
f 4456/910/4443 1849/912/1838 276/913/274 1850/914/1839
f 1831/874/1820 4456/910/4443 1850/914/1839 266/875/264
f 266/875/264 1850/915/1839 4457/916/4444 1833/917/1822
f 1850/915/1839 276/918/274 1851/919/1840 4457/916/4444
f 4457/916/4444 1851/919/1840 277/920/275 1852/921/1841
f 1833/917/1822 4457/916/4444 1852/921/1841 267/883/265
f 267/883/265 1852/921/1841 4458/922/4445 1835/884/1824
f 1852/921/1841 277/920/275 1853/923/1842 4458/922/4445
f 4458/922/4445 1853/923/1842 278/924/276 1854/925/1843
f 1835/884/1824 4458/922/4445 1854/925/1843 268/885/266
f 268/885/266 1854/925/1843 4459/926/4446 1837/888/1826
f 1854/925/1843 278/924/276 1855/927/1844 4459/926/4446
f 4459/926/4446 1855/927/1844 279/928/277 1856/929/1845
f 1837/888/1826 4459/926/4446 1856/929/1845 269/889/267
f 270/893/268 1857/930/1846 4460/931/4447 1840/894/1829
f 1857/930/1846 280/932/278 1858/933/1847 4460/931/4447
f 4460/931/4447 1858/933/1847 281/934/279 1859/935/1848
f 1840/894/1829 4460/931/4447 1859/935/1848 271/895/269
f 271/895/269 1859/935/1848 4461/936/4448 1842/898/1831
f 1859/935/1848 281/934/279 1860/937/1849 4461/936/4448
f 4461/936/4448 1860/937/1849 282/938/280 1861/939/1850
f 1842/898/1831 4461/936/4448 1861/939/1850 272/899/270
f 272/899/270 1861/939/1850 4462/940/4449 1844/902/1833
f 1861/939/1850 282/941/280 1862/942/1851 4462/940/4449
f 4462/940/4449 1862/942/1851 283/943/281 1863/944/1852
f 1844/902/1833 4462/940/4449 1863/944/1852 273/903/271
f 275/911/273 1864/945/1853 4463/946/4450 1849/912/1838
f 1864/945/1853 284/947/282 1865/948/1854 4463/946/4450
f 4463/946/4450 1865/948/1854 285/949/283 1866/950/1855
f 1849/912/1838 4463/946/4450 1866/950/1855 276/913/274
f 276/918/274 1866/951/1855 4464/952/4451 1851/919/1840
f 1866/951/1855 285/949/283 1867/953/1856 4464/952/4451
f 4464/952/4451 1867/953/1856 286/954/284 1868/955/1857
f 1851/919/1840 4464/952/4451 1868/955/1857 277/920/275
f 277/920/275 1868/955/1857 4465/956/4452 1853/923/1842
f 1868/955/1857 286/954/284 1869/957/1858 4465/956/4452
f 4465/956/4452 1869/957/1858 287/958/285 1870/959/1859
f 1853/923/1842 4465/956/4452 1870/959/1859 278/924/276
f 278/924/276 1870/959/1859 4466/960/4453 1855/927/1844
f 1870/959/1859 287/958/285 1871/961/1860 4466/960/4453
f 4466/960/4453 1871/961/1860 288/962/286 1872/963/1861
f 1855/927/1844 4466/960/4453 1872/963/1861 279/928/277
f 280/932/278 1873/964/1862 4467/965/4454 1858/933/1847
f 1873/964/1862 289/966/287 1874/967/1863 4467/965/4454
f 4467/965/4454 1874/967/1863 290/968/288 1875/969/1864
f 1858/933/1847 4467/965/4454 1875/969/1864 281/934/279
f 281/934/279 1875/969/1864 4468/970/4455 1860/937/1849
f 1875/969/1864 290/968/288 1876/971/1865 4468/970/4455
f 4468/970/4455 1876/971/1865 291/972/270 1877/973/1866
f 1860/937/1849 4468/970/4455 1877/973/1866 282/938/280
f 282/941/280 1877/973/1866 4469/974/4456 1862/942/1851
f 1877/973/1866 291/972/270 1878/975/1867 4469/974/4456
f 4469/974/4456 1878/975/1867 292/976/289 1879/977/1868
f 1862/942/1851 4469/974/4456 1879/977/1868 283/943/281
f 284/947/282 1881/978/1870 4470/979/4457 1865/948/1854
f 1881/978/1870 294/980/291 1882/981/1871 4470/979/4457
f 4470/979/4457 1882/981/1871 295/982/292 1883/983/1872
f 1865/948/1854 4470/979/4457 1883/983/1872 285/949/283
f 285/949/283 1883/984/1872 4471/985/4458 1867/953/1856
f 1883/984/1872 295/982/292 1884/986/1873 4471/985/4458
f 4471/985/4458 1884/986/1873 296/987/293 1885/988/1874
f 1867/953/1856 4471/985/4458 1885/988/1874 286/954/284
f 286/954/284 1885/988/1874 4472/989/4459 1869/957/1858
f 1885/988/1874 296/987/293 1886/990/1875 4472/989/4459
f 4472/989/4459 1886/990/1875 297/991/294 1887/992/1876
f 1869/957/1858 4472/989/4459 1887/992/1876 287/958/285
f 287/958/285 1887/992/1876 4473/993/4460 1871/961/1860
f 1887/992/1876 297/991/294 1888/994/1877 4473/993/4460
f 4473/993/4460 1888/994/1877 298/995/295 1889/996/1878
f 1871/961/1860 4473/993/4460 1889/996/1878 288/962/286
f 289/966/287 1890/997/1879 4474/998/4461 1874/967/1863
f 1890/997/1879 299/999/296 1891/1000/1880 4474/998/4461
f 4474/998/4461 1891/1000/1880 300/1001/297 1892/1002/1881
f 1874/967/1863 4474/998/4461 1892/1002/1881 290/968/288
f 290/968/288 1892/1002/1881 4475/1003/4462 1876/971/1865
f 1892/1002/1881 300/1001/297 1893/1004/1882 4475/1003/4462
f 4475/1003/4462 1893/1004/1882 301/1005/298 1894/1006/1883
f 1876/971/1865 4475/1003/4462 1894/1006/1883 291/972/270
f 291/972/270 1894/1007/1883 4476/1008/4463 1878/975/1867
f 1894/1007/1883 301/1005/298 1895/1009/1884 4476/1008/4463
f 4476/1008/4463 1895/1009/1884 302/1010/299 1896/1011/1885
f 1878/975/1867 4476/1008/4463 1896/1011/1885 292/976/289
f 292/976/289 1896/1011/1885 4477/1012/4464 1880/1013/1869
f 1896/1011/1885 302/1010/299 1897/1014/1886 4477/1012/4464
f 4477/1012/4464 1897/1014/1886 303/1015/300 1898/1016/1887
f 1880/1013/1869 4477/1012/4464 1898/1016/1887 293/1017/290
f 305/1018/302 1906/1019/1895 4478/1020/4465 1900/1021/1889
f 1906/1019/1895 313/1022/310 1907/1023/1896 4478/1020/4465
f 4478/1020/4465 1907/1023/1896 314/1024/311 1908/1025/1897
f 1900/1021/1889 4478/1020/4465 1908/1025/1897 306/1026/303
f 306/1027/303 1908/1028/1897 4479/1029/4466 1901/1030/1890
f 1908/1028/1897 314/1031/311 1909/1032/1898 4479/1029/4466
f 4479/1029/4466 1909/1032/1898 315/1033/312 1910/1034/1899
f 1901/1030/1890 4479/1029/4466 1910/1034/1899 307/1035/304
f 307/1035/304 1910/1034/1899 4480/1036/4467 1902/1037/1891
f 1910/1034/1899 315/1033/312 1911/1038/1900 4480/1036/4467
f 4480/1036/4467 1911/1038/1900 316/1039/313 1912/1040/1901
f 1902/1037/1891 4480/1036/4467 1912/1040/1901 308/1041/305
f 309/1042/306 1913/1043/1902 4481/1044/4468 1903/1045/1892
f 1913/1043/1902 317/1046/314 1914/1047/1903 4481/1044/4468
f 4481/1044/4468 1914/1047/1903 318/1048/315 1915/1049/1904
f 1903/1045/1892 4481/1044/4468 1915/1049/1904 310/1050/307
f 310/1050/307 1915/1049/1904 4482/1051/4469 1904/1052/1893
f 1915/1049/1904 318/1048/315 1916/1053/1905 4482/1051/4469
f 4482/1051/4469 1916/1053/1905 319/1054/316 1917/1055/1906
f 1904/1052/1893 4482/1051/4469 1917/1055/1906 311/1056/308
f 311/1057/308 1917/1055/1906 4483/1058/4470 1905/1059/1894
f 1917/1055/1906 319/1054/316 1918/1060/1907 4483/1058/4470
f 4483/1058/4470 1918/1060/1907 320/1061/317 1919/1062/1908
f 1905/1059/1894 4483/1058/4470 1919/1062/1908 312/1063/309
f 313/1022/310 1921/1064/1910 4484/1065/4471 1907/1023/1896
f 1921/1064/1910 322/1066/319 1922/1067/1911 4484/1065/4471
f 4484/1065/4471 1922/1067/1911 323/1068/320 1923/1069/1912
f 1907/1023/1896 4484/1065/4471 1923/1069/1912 314/1024/311
f 314/1031/311 1923/1070/1912 4485/1071/4472 1909/1032/1898
f 1923/1070/1912 323/1072/320 1924/1073/1913 4485/1071/4472
f 4485/1071/4472 1924/1073/1913 324/1074/321 1925/1075/1914
f 1909/1032/1898 4485/1071/4472 1925/1075/1914 315/1033/312
f 315/1033/312 1925/1075/1914 4486/1076/4473 1911/1038/1900
f 1925/1075/1914 324/1074/321 1926/1077/1915 4486/1076/4473
f 4486/1076/4473 1926/1077/1915 325/1078/322 1927/1079/1916
f 1911/1038/1900 4486/1076/4473 1927/1079/1916 316/1039/313
f 317/1046/314 1928/1080/1917 4487/1081/4474 1914/1047/1903
f 1928/1080/1917 326/1082/323 1929/1083/1918 4487/1081/4474
f 4487/1081/4474 1929/1083/1918 327/1084/324 1930/1085/1919
f 1914/1047/1903 4487/1081/4474 1930/1085/1919 318/1048/315
f 318/1048/315 1930/1085/1919 4488/1086/4475 1916/1053/1905
f 1930/1085/1919 327/1084/324 1931/1087/1920 4488/1086/4475
f 4488/1086/4475 1931/1087/1920 328/1088/325 1932/1089/1921
f 1916/1053/1905 4488/1086/4475 1932/1089/1921 319/1054/316
f 319/1054/316 1932/1090/1921 4489/1091/4476 1918/1060/1907
f 1932/1090/1921 328/1088/325 1933/1092/1922 4489/1091/4476
f 4489/1091/4476 1933/1092/1922 329/1093/326 1934/1094/1923
f 1918/1060/1907 4489/1091/4476 1934/1094/1923 320/1061/317
f 320/1061/317 1934/1094/1923 4490/1095/4477 1920/1096/1909
f 1934/1094/1923 329/1093/326 1935/1097/1924 4490/1095/4477
f 4490/1095/4477 1935/1097/1924 330/1098/327 1936/1099/1925
f 1920/1096/1909 4490/1095/4477 1936/1099/1925 321/1100/318
f 322/1066/319 1938/1101/1927 4491/1102/4478 1922/1067/1911
f 1938/1101/1927 332/1103/329 1939/1104/1928 4491/1102/4478
f 4491/1102/4478 1939/1104/1928 333/1105/330 1940/1106/1929
f 1922/1067/1911 4491/1102/4478 1940/1106/1929 323/1068/320
f 323/1072/320 1940/1107/1929 4492/1108/4479 1924/1073/1913
f 1940/1107/1929 333/1109/330 1941/1110/1930 4492/1108/4479
f 4492/1108/4479 1941/1110/1930 334/1111/331 1942/1112/1931
f 1924/1073/1913 4492/1108/4479 1942/1112/1931 324/1074/321
f 324/1074/321 1942/1112/1931 4493/1113/4480 1926/1077/1915
f 1942/1112/1931 334/1111/331 1943/1114/1932 4493/1113/4480
f 4493/1113/4480 1943/1114/1932 335/1115/332 1944/1116/1933
f 1926/1077/1915 4493/1113/4480 1944/1116/1933 325/1078/322
f 326/1082/323 1945/1117/1934 4494/1118/4481 1929/1083/1918
f 1945/1117/1934 336/1119/333 1946/1120/1935 4494/1118/4481
f 4494/1118/4481 1946/1120/1935 337/1121/334 1947/1122/1936
f 1929/1083/1918 4494/1118/4481 1947/1122/1936 327/1084/324
f 327/1084/324 1947/1122/1936 4495/1123/4482 1931/1087/1920
f 1947/1122/1936 337/1121/334 1948/1124/1937 4495/1123/4482
f 4495/1123/4482 1948/1124/1937 338/1125/335 1949/1126/1938
f 1931/1087/1920 4495/1123/4482 1949/1126/1938 328/1088/325
f 328/1088/325 1949/1126/1938 4496/1127/4483 1933/1128/1922
f 1949/1126/1938 338/1125/335 1950/1129/1939 4496/1127/4483
f 4496/1127/4483 1950/1129/1939 339/1130/336 1951/1131/1940
f 1933/1128/1922 4496/1127/4483 1951/1131/1940 329/1132/326
f 329/1132/326 1951/1131/1940 4497/1133/4484 1935/1134/1924
f 1951/1131/1940 339/1130/336 1952/1135/1941 4497/1133/4484
f 4497/1133/4484 1952/1135/1941 340/1136/337 1953/1137/1942
f 1935/1134/1924 4497/1133/4484 1953/1137/1942 330/1138/327
f 331/1139/328 1954/1140/1943 4498/1141/4485 1937/1142/1926
f 1954/1140/1943 341/1143/338 1955/1144/1944 4498/1141/4485
f 4498/1141/4485 1955/1144/1944 342/1145/339 1956/1146/1945
f 1937/1142/1926 4498/1141/4485 1956/1146/1945 332/1103/329
f 332/1103/329 1956/1146/1945 4499/1147/4486 1939/1104/1928
f 1956/1146/1945 342/1145/339 1957/1148/1946 4499/1147/4486
f 4499/1147/4486 1957/1148/1946 343/1149/340 1958/1150/1947
f 1939/1104/1928 4499/1147/4486 1958/1150/1947 333/1105/330
f 333/1109/330 1958/1151/1947 4500/1152/4487 1941/1110/1930
f 1958/1151/1947 343/1153/340 1959/1154/1948 4500/1152/4487
f 4500/1152/4487 1959/1154/1948 344/1155/341 1960/1156/1949
f 1941/1110/1930 4500/1152/4487 1960/1156/1949 334/1111/331
f 334/1111/331 1960/1156/1949 4501/1157/4488 1943/1114/1932
f 1960/1156/1949 344/1155/341 1961/1158/1950 4501/1157/4488
f 4501/1157/4488 1961/1158/1950 345/1159/342 1962/1160/1951
f 1943/1114/1932 4501/1157/4488 1962/1160/1951 335/1115/332
f 336/1119/333 1963/1161/1952 4502/1162/4489 1946/1120/1935
f 1963/1161/1952 346/1163/343 1964/1164/1953 4502/1162/4489
f 4502/1162/4489 1964/1164/1953 347/1165/344 1965/1166/1954
f 1946/1120/1935 4502/1162/4489 1965/1166/1954 337/1121/334
f 337/1121/334 1965/1166/1954 4503/1167/4490 1948/1124/1937
f 1965/1166/1954 347/1165/344 1966/1168/1955 4503/1167/4490
f 4503/1167/4490 1966/1168/1955 348/1169/55 1967/1170/1956
f 1948/1124/1937 4503/1167/4490 1967/1170/1956 338/1125/335
f 338/1125/335 1967/1170/1956 4504/1171/4491 1950/1129/1939
f 1967/1170/1956 348/1169/55 1968/1172/1957 4504/1171/4491
f 4504/1171/4491 1968/1172/1957 349/1173/345 1969/1174/1958
f 1950/1129/1939 4504/1171/4491 1969/1174/1958 339/1130/336
f 339/1130/336 1969/1174/1958 4505/1175/4492 1952/1135/1941
f 1969/1174/1958 349/1173/345 1970/1176/1959 4505/1175/4492
f 4505/1175/4492 1970/1176/1959 350/1177/346 1971/1178/1960
f 1952/1135/1941 4505/1175/4492 1971/1178/1960 340/1136/337
f 351/1179/347 1979/1180/1968 4506/1181/4493 1972/1182/1961
f 1979/1180/1968 360/1183/356 1980/1184/1969 4506/1181/4493
f 4506/1181/4493 1980/1184/1969 361/1185/357 1981/1186/1970
f 1972/1182/1961 4506/1181/4493 1981/1186/1970 352/1187/348
f 352/1188/348 1981/1189/1970 4507/1190/4494 1973/1191/1962
f 1981/1189/1970 361/1185/357 1982/1192/1971 4507/1190/4494
f 4507/1190/4494 1982/1192/1971 362/1193/358 1983/1194/1972
f 1973/1191/1962 4507/1190/4494 1983/1194/1972 353/1195/349
f 353/1195/349 1983/1194/1972 4508/1196/4495 1974/1197/1963
f 1983/1194/1972 362/1193/358 1984/1198/1973 4508/1196/4495
f 4508/1196/4495 1984/1198/1973 363/1199/359 1985/1200/1974
f 1974/1197/1963 4508/1196/4495 1985/1200/1974 354/1201/350
f 354/1201/350 1985/1200/1974 4509/1202/4496 1975/1203/1964
f 1985/1200/1974 363/1199/359 1986/1204/1975 4509/1202/4496
f 4509/1202/4496 1986/1204/1975 364/1205/360 1987/1206/1976
f 1975/1203/1964 4509/1202/4496 1987/1206/1976 355/1207/351
f 356/1208/352 1988/1209/1977 4510/1210/4497 1976/1211/1965
f 1988/1209/1977 365/1212/361 1989/1213/1978 4510/1210/4497
f 4510/1210/4497 1989/1213/1978 366/1214/362 1990/1215/1979
f 1976/1211/1965 4510/1210/4497 1990/1215/1979 357/1216/353
f 357/1216/353 1990/1215/1979 4511/1217/4498 1977/1218/1966
f 1990/1215/1979 366/1214/362 1991/1219/1980 4511/1217/4498
f 4511/1217/4498 1991/1219/1980 367/1220/363 1992/1221/1981
f 1977/1218/1966 4511/1217/4498 1992/1221/1981 358/1222/354
f 358/1223/354 1992/1224/1981 4512/1225/4499 1978/1226/1967
f 1992/1224/1981 367/1220/363 1993/1227/1982 4512/1225/4499
f 4512/1225/4499 1993/1227/1982 368/1228/364 1994/1229/1983
f 1978/1226/1967 4512/1225/4499 1994/1229/1983 359/1230/355
f 360/1183/356 1996/1231/1985 4513/1232/4500 1980/1184/1969
f 1996/1231/1985 370/1233/366 1997/1234/1986 4513/1232/4500
f 4513/1232/4500 1997/1234/1986 371/1235/367 1998/1236/1987
f 1980/1184/1969 4513/1232/4500 1998/1236/1987 361/1185/357
f 361/1185/357 1998/1237/1987 4514/1238/4501 1982/1192/1971
f 1998/1237/1987 371/1239/367 1999/1240/1988 4514/1238/4501
f 4514/1238/4501 1999/1240/1988 372/1241/368 2000/1242/1989
f 1982/1192/1971 4514/1238/4501 2000/1242/1989 362/1193/358
f 362/1193/358 2000/1242/1989 4515/1243/4502 1984/1198/1973
f 2000/1242/1989 372/1241/368 2001/1244/1990 4515/1243/4502
f 4515/1243/4502 2001/1244/1990 373/1245/369 2002/1246/1991
f 1984/1198/1973 4515/1243/4502 2002/1246/1991 363/1199/359
f 363/1199/359 2002/1246/1991 4516/1247/4503 1986/1204/1975
f 2002/1246/1991 373/1245/369 2003/1248/1992 4516/1247/4503
f 4516/1247/4503 2003/1248/1992 374/1249/370 2004/1250/1993
f 1986/1204/1975 4516/1247/4503 2004/1250/1993 364/1205/360
f 365/1212/361 2005/1251/1994 4517/1252/4504 1989/1213/1978
f 2005/1251/1994 375/1253/371 2006/1254/1995 4517/1252/4504
f 4517/1252/4504 2006/1254/1995 376/1255/372 2007/1256/1996
f 1989/1213/1978 4517/1252/4504 2007/1256/1996 366/1214/362
f 366/1214/362 2007/1256/1996 4518/1257/4505 1991/1219/1980
f 2007/1256/1996 376/1255/372 2008/1258/1997 4518/1257/4505
f 4518/1257/4505 2008/1258/1997 377/1259/373 2009/1260/1998
f 1991/1219/1980 4518/1257/4505 2009/1260/1998 367/1220/363
f 367/1220/363 2009/1261/1998 4519/1262/4506 1993/1227/1982
f 2009/1261/1998 377/1263/373 2010/1264/1999 4519/1262/4506
f 4519/1262/4506 2010/1264/1999 378/1265/374 2011/1266/2000
f 1993/1227/1982 4519/1262/4506 2011/1266/2000 368/1228/364
f 368/1228/364 2011/1266/2000 4520/1267/4507 1995/1268/1984
f 2011/1266/2000 378/1265/374 2012/1269/2001 4520/1267/4507
f 4520/1267/4507 2012/1269/2001 379/1270/375 2013/1271/2002
f 1995/1268/1984 4520/1267/4507 2013/1271/2002 369/1272/365
f 370/1233/366 2014/1273/2003 4521/1274/4508 1997/1234/1986
f 2014/1273/2003 1/1/1 1436/4/1425 4521/1274/4508
f 4521/1274/4508 1436/4/1425 2/9/2 2015/1275/2004
f 1997/1234/1986 4521/1274/4508 2015/1275/2004 371/1235/367
f 371/1239/367 2015/1276/2004 4522/1277/4509 1999/1240/1988
f 2015/1276/2004 2/9/2 1439/12/1428 4522/1277/4509
f 4522/1277/4509 1439/12/1428 3/17/3 2016/1278/2005
f 1999/1240/1988 4522/1277/4509 2016/1278/2005 372/1241/368
f 372/1241/368 2016/1278/2005 4523/1279/4510 2001/1244/1990
f 2016/1278/2005 3/17/3 1442/19/1431 4523/1279/4510
f 4523/1279/4510 1442/19/1431 4/23/4 2017/1280/2006
f 2001/1244/1990 4523/1279/4510 2017/1280/2006 373/1245/369
f 373/1245/369 2017/1280/2006 4524/1281/4511 2003/1248/1992
f 2017/1280/2006 4/23/4 1445/25/1434 4524/1281/4511
f 4524/1281/4511 1445/25/1434 5/29/5 2018/1282/2007
f 2003/1248/1992 4524/1281/4511 2018/1282/2007 374/1249/370
f 375/1253/371 2019/1283/2008 4525/1284/4512 2006/1254/1995
f 2019/1283/2008 6/30/6 1449/33/1438 4525/1284/4512
f 4525/1284/4512 1449/33/1438 7/38/7 2020/1285/2009
f 2006/1254/1995 4525/1284/4512 2020/1285/2009 376/1255/372
f 376/1255/372 2020/1285/2009 4526/1286/4513 2008/1258/1997
f 2020/1285/2009 7/38/7 1452/40/1441 4526/1286/4513
f 4526/1286/4513 1452/40/1441 8/44/8 2021/1287/2010
f 2008/1258/1997 4526/1286/4513 2021/1287/2010 377/1259/373
f 377/1263/373 2021/1287/2010 4527/1288/4514 2010/1264/1999
f 2021/1287/2010 8/45/8 1455/47/1444 4527/1288/4514
f 4527/1288/4514 1455/47/1444 9/51/9 2022/1289/2011
f 2010/1264/1999 4527/1288/4514 2022/1289/2011 378/1265/374
f 378/1265/374 2022/1289/2011 4528/1290/4515 2012/1269/2001
f 2022/1289/2011 9/51/9 1458/1291/1447 4528/1290/4515
f 4528/1290/4515 1458/1291/1447 10/1292/10 2023/1293/2012
f 2012/1269/2001 4528/1290/4515 2023/1293/2012 379/1270/375
f 379/1270/375 2023/1293/2012 4529/1294/4516 2042/1295/2031
f 2023/1293/2012 10/1292/10 2041/1296/2030 4529/1294/4516
f 4529/1294/4516 2041/1296/2030 381/1297/377 2039/1298/2028
f 2042/1295/2031 4529/1294/4516 2039/1298/2028 419/1299/415
f 37/142/37 1498/141/1487 4530/1300/4517 2043/1301/2032
f 1498/141/1487 47/140/47 2045/1302/2034 4530/1300/4517
f 4530/1300/4517 2045/1302/2034 384/1303/380 2024/1304/2013
f 2043/1301/2032 4530/1300/4517 2024/1304/2013 382/1305/378
f 383/1306/379 2025/1307/2014 4531/1308/4518 2044/1309/2033
f 2025/1307/2014 385/1310/381 2046/1311/2035 4531/1308/4518
f 4531/1308/4518 2046/1311/2035 38/103/38 1481/100/1470
f 2044/1309/2033 4531/1308/4518 1481/100/1470 28/99/28
f 57/193/57 1522/192/1511 4532/1312/4519 2047/1313/2036
f 1522/192/1511 66/191/66 2049/1314/2038 4532/1312/4519
f 4532/1312/4519 2049/1314/2038 388/1315/384 2026/1316/2015
f 2047/1313/2036 4532/1312/4519 2026/1316/2015 386/1317/382
f 66/191/66 1539/227/1528 4533/1318/4520 2049/1314/2038
f 1539/227/1528 76/226/76 2050/1319/2039 4533/1318/4520
f 4533/1318/4520 2050/1319/2039 389/1320/385 2027/1321/2016
f 2049/1314/2038 4533/1318/4520 2027/1321/2016 388/1315/384
f 76/226/76 1557/267/1546 4534/1322/4521 2050/1319/2039
f 1557/267/1546 86/266/86 2052/1323/2041 4534/1322/4521
f 4534/1322/4521 2052/1323/2041 391/1324/387 2028/1325/2017
f 2050/1319/2039 4534/1322/4521 2028/1325/2017 389/1320/385
f 393/1326/389 2029/1327/2018 4535/1328/4522 2054/1329/2043
f 2029/1327/2018 394/1330/390 2055/1331/2044 4535/1328/4522
f 4535/1328/4522 2055/1331/2044 97/272/97 1566/269/1555
f 2054/1329/2043 4535/1328/4522 1566/269/1555 87/268/87
f 114/388/114 1613/387/1602 4536/1332/4523 2056/1333/2045
f 1613/387/1602 124/386/123 2057/1334/2046 4536/1332/4523
f 4536/1332/4523 2057/1334/2046 396/1335/392 2030/1336/2019
f 2056/1333/2045 4536/1332/4523 2030/1336/2019 395/1337/391
f 124/432/123 1631/431/1620 4537/1338/4524 2057/1339/2046
f 1631/431/1620 134/430/133 2059/1340/2048 4537/1338/4524
f 4537/1338/4524 2059/1340/2048 398/1341/394 2031/1342/2020
f 2057/1339/2046 4537/1338/4524 2031/1342/2020 396/1343/392
f 254/868/252 1829/867/1818 4538/1344/4525 2067/1345/2056
f 1829/867/1818 264/866/262 2068/1346/2057 4538/1344/4525
f 4538/1344/4525 2068/1346/2057 407/1347/403 2032/1348/2021
f 2067/1345/2056 4538/1344/4525 2032/1348/2021 406/1349/402
f 264/866/262 1847/908/1836 4539/1350/4526 2068/1346/2057
f 1847/908/1836 274/907/272 2069/1351/2058 4539/1350/4526
f 4539/1350/4526 2069/1351/2058 408/1352/404 2033/1353/2022
f 2068/1346/2057 4539/1350/4526 2033/1353/2022 407/1347/403
f 321/1100/318 1936/1099/1925 4540/1354/4527 2072/1355/2061
f 1936/1099/1925 330/1098/327 2073/1356/2062 4540/1354/4527
f 4540/1354/4527 2073/1356/2062 412/1357/408 2034/1358/2023
f 2072/1355/2061 4540/1354/4527 2034/1358/2023 411/1359/407
f 330/1138/327 1953/1137/1942 4541/1360/4528 2073/1361/2062
f 1953/1137/1942 340/1136/337 2074/1362/2063 4541/1360/4528
f 4541/1360/4528 2074/1362/2063 413/1363/409 2035/1364/2024
f 2073/1361/2062 4541/1360/4528 2035/1364/2024 412/1365/408
f 340/1136/337 1971/1178/1960 4542/1366/4529 2074/1362/2063
f 1971/1178/1960 350/1177/346 2076/1367/2065 4542/1366/4529
f 4542/1366/4529 2076/1367/2065 415/1368/411 2036/1369/2025
f 2074/1362/2063 4542/1366/4529 2036/1369/2025 413/1363/409
f 416/1370/412 2037/1371/2026 4543/1372/4530 2077/1373/2066
f 2037/1371/2026 418/1374/414 2079/1375/2068 4543/1372/4530
f 4543/1372/4530 2079/1375/2068 360/1183/356 1979/1180/1968
f 2077/1373/2066 4543/1372/4530 1979/1180/1968 351/1179/347
f 369/1272/365 2013/1271/2002 4544/1376/4531 2078/1377/2067
f 2013/1271/2002 379/1270/375 2042/1295/2031 4544/1376/4531
f 4544/1376/4531 2042/1295/2031 419/1299/415 2038/1378/2027
f 2078/1377/2067 4544/1376/4531 2038/1378/2027 417/1379/413
f 421/1380/417 2081/1381/2070 4545/1382/4532 2080/1383/2069
f 2081/1381/2070 423/1384/419 2082/1385/2071 4545/1382/4532
f 4545/1382/4532 2082/1385/2071 425/1386/421 2083/1387/2072
f 2080/1383/2069 4545/1382/4532 2083/1387/2072 422/1388/418
f 422/1389/418 2083/1390/2072 4546/1391/4533 2084/1392/2073
f 2083/1390/2072 425/1393/421 2085/1394/2074 4546/1391/4533
f 4546/1391/4533 2085/1394/2074 424/1395/420 2086/1396/2075
f 2084/1392/2073 4546/1391/4533 2086/1396/2075 420/1397/416
f 426/1398/422 2089/1399/2078 4547/1400/4534 2087/1401/2076
f 2089/1399/2078 429/1402/425 2090/1403/2079 4547/1400/4534
f 4547/1400/4534 2090/1403/2079 431/1404/427 2091/1405/2080
f 2087/1401/2076 4547/1400/4534 2091/1405/2080 428/1406/424
f 428/1407/424 2091/1408/2080 4548/1409/4535 2088/1410/2077
f 2091/1408/2080 431/1411/427 2092/1412/2081 4548/1409/4535
f 4548/1409/4535 2092/1412/2081 430/1413/426 2093/1414/2082
f 2088/1410/2077 4548/1409/4535 2093/1414/2082 427/1415/423
f 429/1402/425 2094/1416/2083 4549/1417/4536 2090/1403/2079
f 2094/1416/2083 432/1418/428 2095/1419/2084 4549/1417/4536
f 4549/1417/4536 2095/1419/2084 434/1420/430 2096/1421/2085
f 2090/1403/2079 4549/1417/4536 2096/1421/2085 431/1404/427
f 431/1411/427 2096/1422/2085 4550/1423/4537 2092/1412/2081
f 2096/1422/2085 434/1424/430 2097/1425/2086 4550/1423/4537
f 4550/1423/4537 2097/1425/2086 433/1426/429 2098/1427/2087
f 2092/1412/2081 4550/1423/4537 2098/1427/2087 430/1413/426
f 435/1428/431 2101/1429/2090 4551/1430/4538 2099/1431/2088
f 2101/1429/2090 438/1432/434 2102/1433/2091 4551/1430/4538
f 4551/1430/4538 2102/1433/2091 440/1434/436 2103/1435/2092
f 2099/1431/2088 4551/1430/4538 2103/1435/2092 437/1436/433
f 437/1437/433 2103/1438/2092 4552/1439/4539 2100/1440/2089
f 2103/1438/2092 440/1441/436 2104/1442/2093 4552/1439/4539
f 4552/1439/4539 2104/1442/2093 439/1443/435 2105/1444/2094
f 2100/1440/2089 4552/1439/4539 2105/1444/2094 436/1445/432
f 438/1432/434 2106/1446/2095 4553/1447/4540 2102/1433/2091
f 2106/1446/2095 441/1448/437 2107/1449/2096 4553/1447/4540
f 4553/1447/4540 2107/1449/2096 443/1450/439 2108/1451/2097
f 2102/1433/2091 4553/1447/4540 2108/1451/2097 440/1434/436
f 440/1441/436 2108/1452/2097 4554/1453/4541 2104/1442/2093
f 2108/1452/2097 443/1454/439 2109/1455/2098 4554/1453/4541
f 4554/1453/4541 2109/1455/2098 442/1456/438 2110/1457/2099
f 2104/1442/2093 4554/1453/4541 2110/1457/2099 439/1443/435
f 441/1448/437 2111/1458/2100 4555/1459/4542 2107/1449/2096
f 2111/1458/2100 444/1460/440 2112/1461/2101 4555/1459/4542
f 4555/1459/4542 2112/1461/2101 446/1462/442 2113/1463/2102
f 2107/1449/2096 4555/1459/4542 2113/1463/2102 443/1450/439
f 443/1454/439 2113/1464/2102 4556/1465/4543 2109/1455/2098
f 2113/1464/2102 446/1466/442 2114/1467/2103 4556/1465/4543
f 4556/1465/4543 2114/1467/2103 445/1468/441 2115/1469/2104
f 2109/1455/2098 4556/1465/4543 2115/1469/2104 442/1456/438
f 447/1470/443 2118/1471/2107 4557/1472/4544 2116/1473/2105
f 2118/1471/2107 450/1474/446 2119/1475/2108 4557/1472/4544
f 4557/1472/4544 2119/1475/2108 452/1476/448 2120/1477/2109
f 2116/1473/2105 4557/1472/4544 2120/1477/2109 449/1478/445
f 449/1479/445 2120/1480/2109 4558/1481/4545 2117/1482/2106
f 2120/1480/2109 452/1483/448 2121/1484/2110 4558/1481/4545
f 4558/1481/4545 2121/1484/2110 451/1485/447 2122/1486/2111
f 2117/1482/2106 4558/1481/4545 2122/1486/2111 448/1487/444
f 450/1474/446 2123/1488/2112 4559/1489/4546 2119/1475/2108
f 2123/1488/2112 453/1490/449 2124/1491/2113 4559/1489/4546
f 4559/1489/4546 2124/1491/2113 455/1492/451 2125/1493/2114
f 2119/1475/2108 4559/1489/4546 2125/1493/2114 452/1476/448
f 452/1483/448 2125/1494/2114 4560/1495/4547 2121/1484/2110
f 2125/1494/2114 455/1496/451 2126/1497/2115 4560/1495/4547
f 4560/1495/4547 2126/1497/2115 454/1498/450 2127/1499/2116
f 2121/1484/2110 4560/1495/4547 2127/1499/2116 451/1485/447
f 453/1490/449 2128/1500/2117 4561/1501/4548 2124/1491/2113
f 2128/1500/2117 456/1502/452 2129/1503/2118 4561/1501/4548
f 4561/1501/4548 2129/1503/2118 458/1504/454 2130/1505/2119
f 2124/1491/2113 4561/1501/4548 2130/1505/2119 455/1492/451
f 455/1496/451 2130/1506/2119 4562/1507/4549 2126/1497/2115
f 2130/1506/2119 458/1508/454 2131/1509/2120 4562/1507/4549
f 4562/1507/4549 2131/1509/2120 457/1510/453 2132/1511/2121
f 2126/1497/2115 4562/1507/4549 2132/1511/2121 454/1498/450
f 456/1502/452 2133/1512/2122 4563/1513/4550 2129/1503/2118
f 2133/1512/2122 459/1514/455 2134/1515/2123 4563/1513/4550
f 4563/1513/4550 2134/1515/2123 461/1516/457 2135/1517/2124
f 2129/1503/2118 4563/1513/4550 2135/1517/2124 458/1504/454
f 458/1508/454 2135/1518/2124 4564/1519/4551 2131/1509/2120
f 2135/1518/2124 461/1520/457 2136/1521/2125 4564/1519/4551
f 4564/1519/4551 2136/1521/2125 460/1522/456 2137/1523/2126
f 2131/1509/2120 4564/1519/4551 2137/1523/2126 457/1510/453
f 462/1524/458 2140/1525/2129 4565/1526/4552 2138/1527/2127
f 2140/1525/2129 465/1528/461 2141/1529/2130 4565/1526/4552
f 4565/1526/4552 2141/1529/2130 467/1530/463 2142/1531/2131
f 2138/1527/2127 4565/1526/4552 2142/1531/2131 464/1532/460
f 464/1533/460 2142/1534/2131 4566/1535/4553 2139/1536/2128
f 2142/1534/2131 467/1537/463 2143/1538/2132 4566/1535/4553
f 4566/1535/4553 2143/1538/2132 466/1539/462 2144/1540/2133
f 2139/1536/2128 4566/1535/4553 2144/1540/2133 463/1541/459
f 465/1528/461 2145/1542/2134 4567/1543/4554 2141/1529/2130
f 2145/1542/2134 468/1544/464 2146/1545/2135 4567/1543/4554
f 4567/1543/4554 2146/1545/2135 470/1546/466 2147/1547/2136
f 2141/1529/2130 4567/1543/4554 2147/1547/2136 467/1530/463
f 467/1537/463 2147/1548/2136 4568/1549/4555 2143/1538/2132
f 2147/1548/2136 470/1550/466 2148/1551/2137 4568/1549/4555
f 4568/1549/4555 2148/1551/2137 469/1552/465 2149/1553/2138
f 2143/1538/2132 4568/1549/4555 2149/1553/2138 466/1539/462
f 468/1544/464 2150/1554/2139 4569/1555/4556 2146/1545/2135
f 2150/1554/2139 471/1556/467 2151/1557/2140 4569/1555/4556
f 4569/1555/4556 2151/1557/2140 473/1558/469 2152/1559/2141
f 2146/1545/2135 4569/1555/4556 2152/1559/2141 470/1546/466
f 470/1550/466 2152/1560/2141 4570/1561/4557 2148/1551/2137
f 2152/1560/2141 473/1562/469 2153/1563/2142 4570/1561/4557
f 4570/1561/4557 2153/1563/2142 472/1564/468 2154/1565/2143
f 2148/1551/2137 4570/1561/4557 2154/1565/2143 469/1552/465
f 471/1556/467 2155/1566/2144 4571/1567/4558 2151/1557/2140
f 2155/1566/2144 474/1568/470 2156/1569/2145 4571/1567/4558
f 4571/1567/4558 2156/1569/2145 476/1570/472 2157/1571/2146
f 2151/1557/2140 4571/1567/4558 2157/1571/2146 473/1558/469
f 473/1562/469 2157/1572/2146 4572/1573/4559 2153/1563/2142
f 2157/1572/2146 476/1574/472 2158/1575/2147 4572/1573/4559
f 4572/1573/4559 2158/1575/2147 475/1576/471 2159/1577/2148
f 2153/1563/2142 4572/1573/4559 2159/1577/2148 472/1564/468
f 477/1578/473 2162/1579/2151 4573/1580/4560 2160/1581/2149
f 2162/1579/2151 480/1582/476 2163/1583/2152 4573/1580/4560
f 4573/1580/4560 2163/1583/2152 482/1584/478 2164/1585/2153
f 2160/1581/2149 4573/1580/4560 2164/1585/2153 479/1586/475
f 479/1587/475 2164/1588/2153 4574/1589/4561 2161/1590/2150
f 2164/1588/2153 482/1591/478 2165/1592/2154 4574/1589/4561
f 4574/1589/4561 2165/1592/2154 481/1593/477 2166/1594/2155
f 2161/1590/2150 4574/1589/4561 2166/1594/2155 478/1595/474
f 480/1582/476 2167/1596/2156 4575/1597/4562 2163/1583/2152
f 2167/1596/2156 483/1598/479 2168/1599/2157 4575/1597/4562
f 4575/1597/4562 2168/1599/2157 485/1600/481 2169/1601/2158
f 2163/1583/2152 4575/1597/4562 2169/1601/2158 482/1584/478
f 482/1591/478 2169/1602/2158 4576/1603/4563 2165/1592/2154
f 2169/1602/2158 485/1604/481 2170/1605/2159 4576/1603/4563
f 4576/1603/4563 2170/1605/2159 484/1606/480 2171/1607/2160
f 2165/1592/2154 4576/1603/4563 2171/1607/2160 481/1593/477
f 483/1598/479 2172/1608/2161 4577/1609/4564 2168/1599/2157
f 2172/1608/2161 486/1610/482 2173/1611/2162 4577/1609/4564
f 4577/1609/4564 2173/1611/2162 488/1612/484 2174/1613/2163
f 2168/1599/2157 4577/1609/4564 2174/1613/2163 485/1600/481
f 485/1604/481 2174/1614/2163 4578/1615/4565 2170/1605/2159
f 2174/1614/2163 488/1616/484 2175/1617/2164 4578/1615/4565
f 4578/1615/4565 2175/1617/2164 487/1618/483 2176/1619/2165
f 2170/1605/2159 4578/1615/4565 2176/1619/2165 484/1606/480
f 486/1610/482 2177/1620/2166 4579/1621/4566 2173/1611/2162
f 2177/1620/2166 489/1622/485 2178/1623/2167 4579/1621/4566
f 4579/1621/4566 2178/1623/2167 491/1624/487 2179/1625/2168
f 2173/1611/2162 4579/1621/4566 2179/1625/2168 488/1612/484
f 488/1616/484 2179/1626/2168 4580/1627/4567 2175/1617/2164
f 2179/1626/2168 491/1628/487 2180/1629/2169 4580/1627/4567
f 4580/1627/4567 2180/1629/2169 490/1630/486 2181/1631/2170
f 2175/1617/2164 4580/1627/4567 2181/1631/2170 487/1618/483
f 489/1622/485 2182/1632/2171 4581/1633/4568 2178/1623/2167
f 2182/1632/2171 492/1634/488 2183/1635/2172 4581/1633/4568
f 4581/1633/4568 2183/1635/2172 494/1636/490 2184/1637/2173
f 2178/1623/2167 4581/1633/4568 2184/1637/2173 491/1624/487
f 491/1628/487 2184/1638/2173 4582/1639/4569 2180/1629/2169
f 2184/1638/2173 494/1640/490 2185/1641/2174 4582/1639/4569
f 4582/1639/4569 2185/1641/2174 493/1642/489 2186/1643/2175
f 2180/1629/2169 4582/1639/4569 2186/1643/2175 490/1630/486
f 495/1644/491 2189/1645/2178 4583/1646/4570 2187/1647/2176
f 2189/1645/2178 498/1648/494 2190/1649/2179 4583/1646/4570
f 4583/1646/4570 2190/1649/2179 500/1650/496 2191/1651/2180
f 2187/1647/2176 4583/1646/4570 2191/1651/2180 497/1652/493
f 497/1653/493 2191/1654/2180 4584/1655/4571 2188/1656/2177
f 2191/1654/2180 500/1657/496 2192/1658/2181 4584/1655/4571
f 4584/1655/4571 2192/1658/2181 499/1659/495 2193/1660/2182
f 2188/1656/2177 4584/1655/4571 2193/1660/2182 496/1661/492
f 498/1648/494 2194/1662/2183 4585/1663/4572 2190/1649/2179
f 2194/1662/2183 501/1664/497 2195/1665/2184 4585/1663/4572
f 4585/1663/4572 2195/1665/2184 503/1666/499 2196/1667/2185
f 2190/1649/2179 4585/1663/4572 2196/1667/2185 500/1650/496
f 500/1657/496 2196/1668/2185 4586/1669/4573 2192/1658/2181
f 2196/1668/2185 503/1670/499 2197/1671/2186 4586/1669/4573
f 4586/1669/4573 2197/1671/2186 502/1672/498 2198/1673/2187
f 2192/1658/2181 4586/1669/4573 2198/1673/2187 499/1659/495
f 501/1664/497 2199/1674/2188 4587/1675/4574 2195/1665/2184
f 2199/1674/2188 504/1676/500 2200/1677/2189 4587/1675/4574
f 4587/1675/4574 2200/1677/2189 506/1678/502 2201/1679/2190
f 2195/1665/2184 4587/1675/4574 2201/1679/2190 503/1666/499
f 503/1670/499 2201/1680/2190 4588/1681/4575 2197/1671/2186
f 2201/1680/2190 506/1682/502 2202/1683/2191 4588/1681/4575
f 4588/1681/4575 2202/1683/2191 505/1684/501 2203/1685/2192
f 2197/1671/2186 4588/1681/4575 2203/1685/2192 502/1672/498
f 504/1676/500 2204/1686/2193 4589/1687/4576 2200/1677/2189
f 2204/1686/2193 507/1688/503 2205/1689/2194 4589/1687/4576
f 4589/1687/4576 2205/1689/2194 509/1690/505 2206/1691/2195
f 2200/1677/2189 4589/1687/4576 2206/1691/2195 506/1678/502
f 506/1682/502 2206/1692/2195 4590/1693/4577 2202/1683/2191
f 2206/1692/2195 509/1694/505 2207/1695/2196 4590/1693/4577
f 4590/1693/4577 2207/1695/2196 508/1696/504 2208/1697/2197
f 2202/1683/2191 4590/1693/4577 2208/1697/2197 505/1684/501
f 507/1688/503 2209/1698/2198 4591/1699/4578 2205/1689/2194
f 2209/1698/2198 510/1700/506 2210/1701/2199 4591/1699/4578
f 4591/1699/4578 2210/1701/2199 512/1702/508 2211/1703/2200
f 2205/1689/2194 4591/1699/4578 2211/1703/2200 509/1690/505
f 509/1694/505 2211/1704/2200 4592/1705/4579 2207/1695/2196
f 2211/1704/2200 512/1706/508 2212/1707/2201 4592/1705/4579
f 4592/1705/4579 2212/1707/2201 511/1708/507 2213/1709/2202
f 2207/1695/2196 4592/1705/4579 2213/1709/2202 508/1696/504
f 510/1700/506 2214/1710/2203 4593/1711/4580 2210/1701/2199
f 2214/1710/2203 513/1712/509 2215/1713/2204 4593/1711/4580
f 4593/1711/4580 2215/1713/2204 515/1714/511 2216/1715/2205
f 2210/1701/2199 4593/1711/4580 2216/1715/2205 512/1702/508
f 512/1706/508 2216/1716/2205 4594/1717/4581 2212/1707/2201
f 2216/1716/2205 515/1718/511 2217/1719/2206 4594/1717/4581
f 4594/1717/4581 2217/1719/2206 514/1720/510 2218/1721/2207
f 2212/1707/2201 4594/1717/4581 2218/1721/2207 511/1708/507
f 516/1722/512 2221/1723/2210 4595/1724/4582 2219/1725/2208
f 2221/1723/2210 519/1726/515 2222/1727/2211 4595/1724/4582
f 4595/1724/4582 2222/1727/2211 521/1728/517 2223/1729/2212
f 2219/1725/2208 4595/1724/4582 2223/1729/2212 518/1730/514
f 518/1731/514 2223/1732/2212 4596/1733/4583 2220/1734/2209
f 2223/1732/2212 521/1735/517 2224/1736/2213 4596/1733/4583
f 4596/1733/4583 2224/1736/2213 520/1737/516 2225/1738/2214
f 2220/1734/2209 4596/1733/4583 2225/1738/2214 517/1739/513
f 519/1726/515 2226/1740/2215 4597/1741/4584 2222/1727/2211
f 2226/1740/2215 522/1742/518 2227/1743/2216 4597/1741/4584
f 4597/1741/4584 2227/1743/2216 524/1744/520 2228/1745/2217
f 2222/1727/2211 4597/1741/4584 2228/1745/2217 521/1728/517
f 521/1735/517 2228/1746/2217 4598/1747/4585 2224/1736/2213
f 2228/1746/2217 524/1748/520 2229/1749/2218 4598/1747/4585
f 4598/1747/4585 2229/1749/2218 523/1750/519 2230/1751/2219
f 2224/1736/2213 4598/1747/4585 2230/1751/2219 520/1737/516
f 522/1742/518 2231/1752/2220 4599/1753/4586 2227/1743/2216
f 2231/1752/2220 525/1754/521 2232/1755/2221 4599/1753/4586
f 4599/1753/4586 2232/1755/2221 527/1756/523 2233/1757/2222
f 2227/1743/2216 4599/1753/4586 2233/1757/2222 524/1744/520
f 524/1748/520 2233/1758/2222 4600/1759/4587 2229/1749/2218
f 2233/1758/2222 527/1760/523 2234/1761/2223 4600/1759/4587
f 4600/1759/4587 2234/1761/2223 526/1762/522 2235/1763/2224
f 2229/1749/2218 4600/1759/4587 2235/1763/2224 523/1750/519
f 525/1754/521 2236/1764/2225 4601/1765/4588 2232/1755/2221
f 2236/1764/2225 528/1766/524 2237/1767/2226 4601/1765/4588
f 4601/1765/4588 2237/1767/2226 530/1768/526 2238/1769/2227
f 2232/1755/2221 4601/1765/4588 2238/1769/2227 527/1756/523
f 527/1760/523 2238/1770/2227 4602/1771/4589 2234/1761/2223
f 2238/1770/2227 530/1772/526 2239/1773/2228 4602/1771/4589
f 4602/1771/4589 2239/1773/2228 529/1774/525 2240/1775/2229
f 2234/1761/2223 4602/1771/4589 2240/1775/2229 526/1762/522
f 531/1776/527 2243/1777/2232 4603/1778/4590 2241/1779/2230
f 2243/1777/2232 534/1780/530 2244/1781/2233 4603/1778/4590
f 4603/1778/4590 2244/1781/2233 536/1782/532 2245/1783/2234
f 2241/1779/2230 4603/1778/4590 2245/1783/2234 533/1784/529
f 533/1785/529 2245/1786/2234 4604/1787/4591 2242/1788/2231
f 2245/1786/2234 536/1789/532 2246/1790/2235 4604/1787/4591
f 4604/1787/4591 2246/1790/2235 535/1791/531 2247/1792/2236
f 2242/1788/2231 4604/1787/4591 2247/1792/2236 532/1793/528
f 534/1780/530 2248/1794/2237 4605/1795/4592 2244/1781/2233
f 2248/1794/2237 537/1796/533 2249/1797/2238 4605/1795/4592
f 4605/1795/4592 2249/1797/2238 539/1798/535 2250/1799/2239
f 2244/1781/2233 4605/1795/4592 2250/1799/2239 536/1782/532
f 536/1789/532 2250/1800/2239 4606/1801/4593 2246/1790/2235
f 2250/1800/2239 539/1802/535 2251/1803/2240 4606/1801/4593
f 4606/1801/4593 2251/1803/2240 538/1804/534 2252/1805/2241
f 2246/1790/2235 4606/1801/4593 2252/1805/2241 535/1791/531
f 420/1397/416 2253/1806/2242 4607/1807/4594 2084/1808/2073
f 2253/1806/2242 538/1809/534 2251/1810/2240 4607/1807/4594
f 4607/1807/4594 2251/1810/2240 539/1802/535 2254/1811/2243
f 2084/1808/2073 4607/1807/4594 2254/1811/2243 422/1389/418
f 422/1388/418 2254/1812/2243 4608/1813/4595 2080/1814/2069
f 2254/1812/2243 539/1798/535 2249/1815/2238 4608/1813/4595
f 4608/1813/4595 2249/1815/2238 537/1816/533 2255/1817/2244
f 2080/1814/2069 4608/1813/4595 2255/1817/2244 421/1818/417
f 374/1249/370 2018/1282/2007 4609/1819/4596 2256/1820/2245
f 2018/1282/2007 5/29/5 2257/1821/2246 4609/1819/4596
f 4609/1819/4596 2257/1821/2246 421/1818/417 2255/1822/2244
f 2256/1820/2245 4609/1819/4596 2255/1822/2244 537/1823/533
f 5/29/5 1447/28/1436 4610/1824/4597 2257/1821/2246
f 1447/28/1436 15/27/15 2258/1825/2247 4610/1824/4597
f 4610/1824/4597 2258/1825/2247 423/1826/419 2081/1827/2070
f 2257/1821/2246 4610/1824/4597 2081/1827/2070 421/1818/417
f 420/1397/416 2086/1828/2075 4611/1829/4598 2259/1830/2248
f 2086/1828/2075 424/1831/420 2260/1832/2249 4611/1829/4598
f 4611/1829/4598 2260/1832/2249 16/34/16 1448/31/1437
f 2259/1830/2248 4611/1829/4598 1448/31/1437 6/30/6
f 538/1833/534 2253/1834/2242 4612/1835/4599 2261/1836/2250
f 2253/1834/2242 420/1397/416 2259/1830/2248 4612/1835/4599
f 4612/1835/4599 2259/1830/2248 6/30/6 2019/1283/2008
f 2261/1836/2250 4612/1835/4599 2019/1283/2008 375/1253/371
f 23/75/23 1472/74/1461 4613/1837/4600 2262/1838/2251
f 1472/74/1461 32/73/32 2264/1839/2253 4613/1837/4600
f 4613/1837/4600 2264/1839/2253 429/1840/425 2089/1841/2078
f 2262/1838/2251 4613/1837/4600 2089/1841/2078 426/1842/422
f 427/1843/423 2093/1844/2082 4614/1845/4601 2263/1846/2252
f 2093/1844/2082 430/1847/426 2265/1848/2254 4614/1845/4601
f 4614/1845/4601 2265/1848/2254 33/80/33 1473/77/1462
f 2263/1846/2252 4614/1845/4601 1473/77/1462 24/76/24
f 32/73/32 1489/120/1478 4615/1849/4602 2264/1839/2253
f 1489/120/1478 42/119/42 2266/1850/2255 4615/1849/4602
f 4615/1849/4602 2266/1850/2255 432/1851/428 2094/1852/2083
f 2264/1839/2253 4615/1849/4602 2094/1852/2083 429/1840/425
f 430/1847/426 2098/1853/2087 4616/1854/4603 2265/1848/2254
f 2098/1853/2087 433/1855/429 2267/1856/2256 4616/1854/4603
f 4616/1854/4603 2267/1856/2256 43/123/43 1490/121/1479
f 2265/1848/2254 4616/1854/4603 1490/121/1479 33/80/33
f 52/166/52 1513/165/1502 4617/1857/4604 2268/1858/2257
f 1513/165/1502 61/164/61 2270/1859/2259 4617/1857/4604
f 4617/1857/4604 2270/1859/2259 438/1860/434 2101/1861/2090
f 2268/1858/2257 4617/1857/4604 2101/1861/2090 435/1862/431
f 436/1863/432 2105/1864/2094 4618/1865/4605 2269/1866/2258
f 2105/1864/2094 439/1867/435 2271/1868/2260 4618/1865/4605
f 4618/1865/4605 2271/1868/2260 62/171/62 1514/168/1503
f 2269/1866/2258 4618/1865/4605 1514/168/1503 53/167/53
f 61/164/61 1530/209/1519 4619/1869/4606 2270/1859/2259
f 1530/209/1519 71/208/71 2272/1870/2261 4619/1869/4606
f 4619/1869/4606 2272/1870/2261 441/1871/437 2106/1872/2095
f 2270/1859/2259 4619/1869/4606 2106/1872/2095 438/1860/434
f 439/1867/435 2110/1457/2099 4620/1873/4607 2271/1868/2260
f 2110/1457/2099 442/1874/438 2273/1875/2262 4620/1873/4607
f 4620/1873/4607 2273/1875/2262 72/212/72 1531/210/1520
f 2271/1868/2260 4620/1873/4607 1531/210/1520 62/171/62
f 71/208/71 1548/249/1537 4621/1876/4608 2272/1870/2261
f 1548/249/1537 81/248/81 2274/1877/2263 4621/1876/4608
f 4621/1876/4608 2274/1877/2263 444/1878/440 2111/1879/2100
f 2272/1870/2261 4621/1876/4608 2111/1879/2100 441/1871/437
f 442/1874/438 2115/1469/2104 4622/1880/4609 2273/1875/2262
f 2115/1469/2104 445/1468/441 2275/1881/2264 4622/1880/4609
f 4622/1880/4609 2275/1881/2264 82/252/82 1549/250/1538
f 2273/1875/2262 4622/1880/4609 1549/250/1538 72/212/72
f 91/297/91 1574/296/1563 4623/1882/4610 2276/1883/2265
f 1574/296/1563 101/295/101 2278/1884/2267 4623/1882/4610
f 4623/1882/4610 2278/1884/2267 450/1885/446 2118/1886/2107
f 2276/1883/2265 4623/1882/4610 2118/1886/2107 447/1887/443
f 448/1487/444 2122/1888/2111 4624/1889/4611 2277/1890/2266
f 2122/1888/2111 451/1891/447 2279/1892/2268 4624/1889/4611
f 4624/1889/4611 2279/1892/2268 102/302/102 1575/299/1564
f 2277/1890/2266 4624/1889/4611 1575/299/1564 92/298/92
f 101/295/101 1588/336/1577 4625/1893/4612 2278/1884/2267
f 1588/336/1577 109/335/109 2280/1894/2269 4625/1893/4612
f 4625/1893/4612 2280/1894/2269 453/1895/449 2123/1896/2112
f 2278/1884/2267 4625/1893/4612 2123/1896/2112 450/1885/446
f 451/1891/447 2127/1499/2116 4626/1897/4613 2279/1892/2268
f 2127/1499/2116 454/1898/450 2281/1899/2270 4626/1897/4613
f 4626/1897/4613 2281/1899/2270 110/339/110 1589/337/1578
f 2279/1892/2268 4626/1897/4613 1589/337/1578 102/302/102
f 109/335/109 1604/367/1593 4627/1900/4614 2280/1894/2269
f 1604/367/1593 119/366/118 2282/1901/2271 4627/1900/4614
f 4627/1900/4614 2282/1901/2271 456/1902/452 2128/1903/2117
f 2280/1894/2269 4627/1900/4614 2128/1903/2117 453/1895/449
f 454/1898/450 2132/1904/2121 4628/1905/4615 2281/1899/2270
f 2132/1904/2121 457/1906/453 2283/1907/2272 4628/1905/4615
f 4628/1905/4615 2283/1907/2272 120/370/119 1605/368/1594
f 2281/1899/2270 4628/1905/4615 1605/368/1594 110/339/110
f 119/366/118 1622/410/1611 4629/1908/4616 2282/1901/2271
f 1622/410/1611 129/409/128 2284/1909/2273 4629/1908/4616
f 4629/1908/4616 2284/1909/2273 459/1910/455 2133/1911/2122
f 2282/1901/2271 4629/1908/4616 2133/1911/2122 456/1902/452
f 457/1906/453 2137/1912/2126 4630/1913/4617 2283/1907/2272
f 2137/1912/2126 460/1914/456 2285/1915/2274 4630/1913/4617
f 4630/1913/4617 2285/1915/2274 130/413/129 1623/411/1612
f 2283/1907/2272 4630/1913/4617 1623/411/1612 120/370/119
f 139/462/138 1647/461/1636 4631/1916/4618 2286/1917/2275
f 1647/461/1636 148/460/147 2288/1918/2277 4631/1916/4618
f 4631/1916/4618 2288/1918/2277 465/1919/461 2140/1920/2129
f 2286/1917/2275 4631/1916/4618 2140/1920/2129 462/1921/458
f 463/1922/459 2144/1923/2133 4632/1924/4619 2287/1925/2276
f 2144/1923/2133 466/1926/462 2289/1927/2278 4632/1924/4619
f 4632/1924/4619 2289/1927/2278 149/467/148 1648/464/1637
f 2287/1925/2276 4632/1924/4619 1648/464/1637 140/463/139
f 148/460/147 1662/500/1651 4633/1928/4620 2288/1918/2277
f 1662/500/1651 157/499/156 2290/1929/2279 4633/1928/4620
f 4633/1928/4620 2290/1929/2279 468/1930/464 2145/1931/2134
f 2288/1918/2277 4633/1928/4620 2145/1931/2134 465/1919/461
f 466/1926/462 2149/1932/2138 4634/1933/4621 2289/1927/2278
f 2149/1932/2138 469/1934/465 2291/1935/2280 4634/1933/4621
f 4634/1933/4621 2291/1935/2280 158/503/157 1663/501/1652
f 2289/1927/2278 4634/1933/4621 1663/501/1652 149/467/148
f 157/499/156 1677/532/1666 4635/1936/4622 2290/1929/2279
f 1677/532/1666 166/531/164 2292/1937/2281 4635/1936/4622
f 4635/1936/4622 2292/1937/2281 471/1938/467 2150/1939/2139
f 2290/1929/2279 4635/1936/4622 2150/1939/2139 468/1930/464
f 469/1934/465 2154/1940/2143 4636/1941/4623 2291/1935/2280
f 2154/1940/2143 472/1942/468 2293/1943/2282 4636/1941/4623
f 4636/1941/4623 2293/1943/2282 167/535/165 1678/533/1667
f 2291/1935/2280 4636/1941/4623 1678/533/1667 158/503/157
f 166/531/164 1694/570/1683 4637/1944/4624 2292/1937/2281
f 1694/570/1683 176/569/174 2294/1945/2283 4637/1944/4624
f 4637/1944/4624 2294/1945/2283 474/1946/470 2155/1947/2144
f 2292/1937/2281 4637/1944/4624 2155/1947/2144 471/1938/467
f 472/1942/468 2159/1948/2148 4638/1949/4625 2293/1943/2282
f 2159/1948/2148 475/1950/471 2295/1951/2284 4638/1949/4625
f 4638/1949/4625 2295/1951/2284 177/573/175 1695/571/1684
f 2293/1943/2282 4638/1949/4625 1695/571/1684 167/535/165
f 185/606/183 1715/605/1704 4639/1952/4626 2296/1953/2285
f 1715/605/1704 193/604/191 2298/1954/2287 4639/1952/4626
f 4639/1952/4626 2298/1954/2287 480/1582/476 2162/1579/2151
f 2296/1953/2285 4639/1952/4626 2162/1579/2151 477/1578/473
f 478/1595/474 2166/1594/2155 4640/1955/4627 2297/1956/2286
f 2166/1594/2155 481/1593/477 2299/1957/2288 4640/1955/4627
f 4640/1955/4627 2299/1957/2288 194/611/192 1716/608/1705
f 2297/1956/2286 4640/1955/4627 1716/608/1705 186/607/184
f 193/604/191 1731/645/1720 4641/1958/4628 2298/1954/2287
f 1731/645/1720 203/644/201 2300/1959/2289 4641/1958/4628
f 4641/1958/4628 2300/1959/2289 483/1960/479 2167/1961/2156
f 2298/1954/2287 4641/1958/4628 2167/1961/2156 480/1962/476
f 481/1963/477 2171/1964/2160 4642/1965/4629 2299/1966/2288
f 2171/1964/2160 484/1967/480 2301/1968/2290 4642/1965/4629
f 4642/1965/4629 2301/1968/2290 204/649/202 1732/647/1721
f 2299/1966/2288 4642/1965/4629 1732/647/1721 194/646/192
f 203/644/201 1749/689/1738 4643/1969/4630 2300/1959/2289
f 1749/689/1738 213/688/211 2302/1970/2291 4643/1969/4630
f 4643/1969/4630 2302/1970/2291 486/1971/482 2172/1972/2161
f 2300/1959/2289 4643/1969/4630 2172/1972/2161 483/1960/479
f 484/1967/480 2176/1973/2165 4644/1974/4631 2301/1968/2290
f 2176/1973/2165 487/1975/483 2303/1976/2292 4644/1974/4631
f 4644/1974/4631 2303/1976/2292 214/692/212 1750/690/1739
f 2301/1968/2290 4644/1974/4631 1750/690/1739 204/649/202
f 213/688/211 1767/731/1756 4645/1977/4632 2302/1970/2291
f 1767/731/1756 223/730/221 2304/1978/2293 4645/1977/4632
f 4645/1977/4632 2304/1978/2293 489/1979/485 2177/1980/2166
f 2302/1970/2291 4645/1977/4632 2177/1980/2166 486/1971/482
f 487/1975/483 2181/1981/2170 4646/1982/4633 2303/1976/2292
f 2181/1981/2170 490/1983/486 2305/1984/2294 4646/1982/4633
f 4646/1982/4633 2305/1984/2294 224/734/222 1768/732/1757
f 2303/1976/2292 4646/1982/4633 1768/732/1757 214/692/212
f 223/730/221 1783/768/1772 4647/1985/4634 2304/1978/2293
f 1783/768/1772 232/767/230 2306/1986/2295 4647/1985/4634
f 4647/1985/4634 2306/1986/2295 492/1987/488 2182/1988/2171
f 2304/1978/2293 4647/1985/4634 2182/1988/2171 489/1979/485
f 490/1983/486 2186/1989/2175 4648/1990/4635 2305/1984/2294
f 2186/1989/2175 493/1991/489 2307/1992/2296 4648/1990/4635
f 4648/1990/4635 2307/1992/2296 233/771/231 1784/769/1773
f 2305/1984/2294 4648/1990/4635 1784/769/1773 224/734/222
f 241/807/239 1804/806/1793 4649/1993/4636 2308/1994/2297
f 1804/806/1793 249/805/247 2310/1995/2299 4649/1993/4636
f 4649/1993/4636 2310/1995/2299 498/1996/494 2189/1997/2178
f 2308/1994/2297 4649/1993/4636 2189/1997/2178 495/1998/491
f 496/1999/492 2193/2000/2182 4650/2001/4637 2309/2002/2298
f 2193/2000/2182 499/2003/495 2311/2004/2300 4650/2001/4637
f 4650/2001/4637 2311/2004/2300 250/812/248 1805/809/1794
f 2309/2002/2298 4650/2001/4637 1805/809/1794 242/808/240
f 249/805/247 1820/846/1809 4651/2005/4638 2310/1995/2299
f 1820/846/1809 259/845/257 2312/2006/2301 4651/2005/4638
f 4651/2005/4638 2312/2006/2301 501/2007/497 2194/2008/2183
f 2310/1995/2299 4651/2005/4638 2194/2008/2183 498/1996/494
f 499/2003/495 2198/2009/2187 4652/2010/4639 2311/2004/2300
f 2198/2009/2187 502/2011/498 2313/2012/2302 4652/2010/4639
f 4652/2010/4639 2313/2012/2302 260/849/258 1821/847/1810
f 2311/2004/2300 4652/2010/4639 1821/847/1810 250/812/248
f 259/845/257 1838/890/1827 4653/2013/4640 2312/2006/2301
f 1838/890/1827 269/889/267 2314/2014/2303 4653/2013/4640
f 4653/2013/4640 2314/2014/2303 504/2015/500 2199/2016/2188
f 2312/2006/2301 4653/2013/4640 2199/2016/2188 501/2007/497
f 502/2011/498 2203/2017/2192 4654/2018/4641 2313/2012/2302
f 2203/2017/2192 505/2019/501 2315/2020/2304 4654/2018/4641
f 4654/2018/4641 2315/2020/2304 270/893/268 1839/891/1828
f 2313/2012/2302 4654/2018/4641 1839/891/1828 260/849/258
f 269/889/267 1856/929/1845 4655/2021/4642 2314/2014/2303
f 1856/929/1845 279/928/277 2316/2022/2305 4655/2021/4642
f 4655/2021/4642 2316/2022/2305 507/2023/503 2204/2024/2193
f 2314/2014/2303 4655/2021/4642 2204/2024/2193 504/2015/500
f 505/2019/501 2208/2025/2197 4656/2026/4643 2315/2020/2304
f 2208/2025/2197 508/2027/504 2317/2028/2306 4656/2026/4643
f 4656/2026/4643 2317/2028/2306 280/932/278 1857/930/1846
f 2315/2020/2304 4656/2026/4643 1857/930/1846 270/893/268
f 279/928/277 1872/963/1861 4657/2029/4644 2316/2022/2305
f 1872/963/1861 288/962/286 2318/2030/2307 4657/2029/4644
f 4657/2029/4644 2318/2030/2307 510/2031/506 2209/2032/2198
f 2316/2022/2305 4657/2029/4644 2209/2032/2198 507/2023/503
f 508/2027/504 2213/2033/2202 4658/2034/4645 2317/2028/2306
f 2213/2033/2202 511/2035/507 2319/2036/2308 4658/2034/4645
f 4658/2034/4645 2319/2036/2308 289/966/287 1873/964/1862
f 2317/2028/2306 4658/2034/4645 1873/964/1862 280/932/278
f 288/962/286 1889/996/1878 4659/2037/4646 2318/2030/2307
f 1889/996/1878 298/995/295 2320/2038/2309 4659/2037/4646
f 4659/2037/4646 2320/2038/2309 513/2039/509 2214/2040/2203
f 2318/2030/2307 4659/2037/4646 2214/2040/2203 510/2031/506
f 511/2035/507 2218/2041/2207 4660/2042/4647 2319/2036/2308
f 2218/2041/2207 514/2043/510 2321/2044/2310 4660/2042/4647
f 4660/2042/4647 2321/2044/2310 299/999/296 1890/997/1879
f 2319/2036/2308 4660/2042/4647 1890/997/1879 289/966/287
f 308/1041/305 1912/1040/1901 4661/2045/4648 2322/2046/2311
f 1912/1040/1901 316/1039/313 2324/2047/2313 4661/2045/4648
f 4661/2045/4648 2324/2047/2313 519/2048/515 2221/2049/2210
f 2322/2046/2311 4661/2045/4648 2221/2049/2210 516/2050/512
f 517/2051/513 2225/2052/2214 4662/2053/4649 2323/2054/2312
f 2225/2052/2214 520/1737/516 2325/2055/2314 4662/2053/4649
f 4662/2053/4649 2325/2055/2314 317/1046/314 1913/1043/1902
f 2323/2054/2312 4662/2053/4649 1913/1043/1902 309/1042/306
f 316/1039/313 1927/1079/1916 4663/2056/4650 2324/2047/2313
f 1927/1079/1916 325/1078/322 2326/2057/2315 4663/2056/4650
f 4663/2056/4650 2326/2057/2315 522/2058/518 2226/2059/2215
f 2324/2047/2313 4663/2056/4650 2226/2059/2215 519/2048/515
f 520/1737/516 2230/2060/2219 4664/2061/4651 2325/2055/2314
f 2230/2060/2219 523/2062/519 2327/2063/2316 4664/2061/4651
f 4664/2061/4651 2327/2063/2316 326/1082/323 1928/1080/1917
f 2325/2055/2314 4664/2061/4651 1928/1080/1917 317/1046/314
f 325/1078/322 1944/1116/1933 4665/2064/4652 2326/2057/2315
f 1944/1116/1933 335/1115/332 2328/2065/2317 4665/2064/4652
f 4665/2064/4652 2328/2065/2317 525/2066/521 2231/2067/2220
f 2326/2057/2315 4665/2064/4652 2231/2067/2220 522/2058/518
f 523/2062/519 2235/1763/2224 4666/2068/4653 2327/2063/2316
f 2235/1763/2224 526/2069/522 2329/2070/2318 4666/2068/4653
f 4666/2068/4653 2329/2070/2318 336/1119/333 1945/1117/1934
f 2327/2063/2316 4666/2068/4653 1945/1117/1934 326/1082/323
f 335/1115/332 1962/1160/1951 4667/2071/4654 2328/2065/2317
f 1962/1160/1951 345/1159/342 2330/2072/2319 4667/2071/4654
f 4667/2071/4654 2330/2072/2319 528/2073/524 2236/2074/2225
f 2328/2065/2317 4667/2071/4654 2236/2074/2225 525/2066/521
f 526/2069/522 2240/2075/2229 4668/2076/4655 2329/2070/2318
f 2240/2075/2229 529/2077/525 2331/2078/2320 4668/2076/4655
f 4668/2076/4655 2331/2078/2320 346/1163/343 1963/1161/1952
f 2329/2070/2318 4668/2076/4655 1963/1161/1952 336/1119/333
f 355/1207/351 1987/1206/1976 4669/2079/4656 2332/2080/2321
f 1987/1206/1976 364/1205/360 2334/2081/2323 4669/2079/4656
f 4669/2079/4656 2334/2081/2323 534/2082/530 2243/2083/2232
f 2332/2080/2321 4669/2079/4656 2243/2083/2232 531/2084/527
f 532/2085/528 2247/2086/2236 4670/2087/4657 2333/2088/2322
f 2247/2086/2236 535/2089/531 2335/2090/2324 4670/2087/4657
f 4670/2087/4657 2335/2090/2324 365/1212/361 1988/1209/1977
f 2333/2088/2322 4670/2087/4657 1988/1209/1977 356/1208/352
f 364/1205/360 2004/1250/1993 4671/2091/4658 2334/2081/2323
f 2004/1250/1993 374/1249/370 2256/1820/2245 4671/2091/4658
f 4671/2091/4658 2256/1820/2245 537/1823/533 2248/2092/2237
f 2334/2081/2323 4671/2091/4658 2248/2092/2237 534/2082/530
f 535/2089/531 2252/2093/2241 4672/2094/4659 2335/2090/2324
f 2252/2093/2241 538/1833/534 2261/1836/2250 4672/2094/4659
f 4672/2094/4659 2261/1836/2250 375/1253/371 2005/1251/1994
f 2335/2090/2324 4672/2094/4659 2005/1251/1994 365/1212/361
f 549/2095/545 2343/2096/2332 4673/2097/4660 2342/2098/2331
f 2343/2096/2332 546/2099/542 2339/2100/2328 4673/2097/4660
f 4673/2097/4660 2339/2100/2328 547/2101/543 2344/2102/2333
f 2342/2098/2331 4673/2097/4660 2344/2102/2333 550/2103/546
f 550/2103/546 2344/2102/2333 4674/2104/4661 2345/2105/2334
f 2344/2102/2333 547/2101/543 2341/2106/2330 4674/2104/4661
f 4674/2104/4661 2341/2106/2330 545/2107/541 2346/2108/2335
f 2345/2105/2334 4674/2104/4661 2346/2108/2335 548/2109/544
f 555/2110/551 2349/2111/2338 4675/2112/4662 2350/2113/2339
f 2349/2111/2338 553/2114/549 2348/2115/2337 4675/2112/4662
f 4675/2112/4662 2348/2115/2337 551/2116/547 2351/2117/2340
f 2350/2113/2339 4675/2112/4662 2351/2117/2340 554/2118/550
f 558/2119/554 2353/2120/2342 4676/2121/4663 2354/2122/2343
f 2353/2120/2342 555/2110/551 2350/2113/2339 4676/2121/4663
f 4676/2121/4663 2350/2113/2339 554/2118/550 2355/2123/2344
f 2354/2122/2343 4676/2121/4663 2355/2123/2344 556/2124/552
f 560/2125/556 2356/2126/2345 4677/2127/4664 2357/2128/2346
f 2356/2126/2345 558/2119/554 2354/2122/2343 4677/2127/4664
f 4677/2127/4664 2354/2122/2343 556/2124/552 2358/2129/2347
f 2357/2128/2346 4677/2127/4664 2358/2129/2347 559/2130/555
f 564/2131/560 2362/2132/2351 4678/2133/4665 2361/2134/2350
f 2362/2132/2351 562/2135/558 2359/2136/2348 4678/2133/4665
f 4678/2133/4665 2359/2136/2348 563/2137/559 2363/2138/2352
f 2361/2134/2350 4678/2133/4665 2363/2138/2352 565/2139/561
f 570/2140/566 2367/2141/2356 4679/2142/4666 2368/2143/2357
f 2367/2141/2356 567/2144/563 2365/2145/2354 4679/2142/4666
f 4679/2142/4666 2365/2145/2354 566/2146/562 2369/2147/2358
f 2368/2143/2357 4679/2142/4666 2369/2147/2358 568/2148/564
f 572/2149/568 2370/2150/2359 4680/2151/4667 2371/2152/2360
f 2370/2150/2359 570/2140/566 2368/2143/2357 4680/2151/4667
f 4680/2151/4667 2368/2143/2357 568/2148/564 2372/2153/2361
f 2371/2152/2360 4680/2151/4667 2372/2153/2361 571/2154/567
f 595/2155/591 2391/2156/2380 4681/2157/4668 2392/2158/2381
f 2391/2156/2380 593/2159/589 2390/2160/2379 4681/2157/4668
f 4681/2157/4668 2390/2160/2379 592/2161/588 2393/2162/2382
f 2392/2158/2381 4681/2157/4668 2393/2162/2382 594/2163/590
f 597/2164/593 2394/2165/2383 4682/2166/4669 2395/2167/2384
f 2394/2165/2383 595/2155/591 2392/2158/2381 4682/2166/4669
f 4682/2166/4669 2392/2158/2381 594/2163/590 2396/2168/2385
f 2395/2167/2384 4682/2166/4669 2396/2168/2385 596/2169/592
f 607/2170/603 2404/2171/2393 4683/2172/4670 2405/2173/2394
f 2404/2171/2393 605/2174/601 2403/2175/2392 4683/2172/4670
f 4683/2172/4670 2403/2175/2392 604/2176/600 2406/2177/2395
f 2405/2173/2394 4683/2172/4670 2406/2177/2395 606/2178/602
f 610/2179/606 2408/2180/2397 4684/2181/4671 2409/2182/2398
f 2408/2180/2397 607/2170/603 2405/2173/2394 4684/2181/4671
f 4684/2181/4671 2405/2173/2394 606/2178/602 2410/2183/2399
f 2409/2182/2398 4684/2181/4671 2410/2183/2399 608/2184/604
f 612/2185/608 2411/2186/2400 4685/2187/4672 2412/2188/2401
f 2411/2186/2400 610/2179/606 2409/2182/2398 4685/2187/4672
f 4685/2187/4672 2409/2182/2398 608/2184/604 2413/2189/2402
f 2412/2188/2401 4685/2187/4672 2413/2189/2402 611/2190/607
f 616/2191/612 2416/2192/2405 4686/2193/4673 2415/2194/2404
f 2416/2192/2405 613/2195/609 2414/2196/2403 4686/2193/4673
f 4686/2193/4673 2414/2196/2403 614/2197/610 2417/2198/2406
f 2415/2194/2404 4686/2193/4673 2417/2198/2406 617/2199/613
f 619/2200/615 2419/2201/2408 4687/2202/4674 2420/2203/2409
f 2419/2201/2408 617/2199/613 2418/2204/2407 4687/2202/4674
f 4687/2202/4674 2418/2204/2407 615/2205/611 2421/2206/2410
f 2420/2203/2409 4687/2202/4674 2421/2206/2410 618/2207/614
f 618/2207/614 2422/2208/2411 4688/2209/4675 2420/2210/2409
f 2422/2208/2411 541/2211/537 2338/2212/2327 4688/2209/4675
f 4688/2209/4675 2338/2212/2327 542/2213/538 2423/2214/2412
f 2420/2210/2409 4688/2209/4675 2423/2214/2412 619/2215/615
f 541/2216/537 2422/2217/2411 4689/2218/4676 2424/2219/2413
f 2422/2217/2411 618/2207/614 2425/2220/2414 4689/2218/4676
f 4689/2218/4676 2425/2220/2414 419/1299/415 2039/2221/2028
f 2424/2219/2413 4689/2218/4676 2039/2221/2028 381/2222/377
f 382/1305/378 2024/1304/2013 4690/2223/4677 2427/2224/2416
f 2024/1304/2013 384/1303/380 2429/2225/2418 4690/2223/4677
f 4690/2223/4677 2429/2225/2418 548/2226/544 2346/2108/2335
f 2427/2224/2416 4690/2223/4677 2346/2108/2335 545/2227/541
f 546/2099/542 2343/2228/2332 4691/2229/4678 2428/2230/2417
f 2343/2228/2332 549/2095/545 2430/2231/2419 4691/2229/4678
f 4691/2229/4678 2430/2231/2419 385/1310/381 2025/1307/2014
f 2428/2230/2417 4691/2229/4678 2025/1307/2014 383/1306/379
f 386/1317/382 2026/1316/2015 4692/2232/4679 2431/2233/2420
f 2026/1316/2015 388/1315/384 2433/2234/2422 4692/2232/4679
f 4692/2232/4679 2433/2234/2422 554/2235/550 2351/2236/2340
f 2431/2233/2420 4692/2232/4679 2351/2236/2340 551/2237/547
f 388/1315/384 2027/1321/2016 4693/2238/4680 2433/2234/2422
f 2027/1321/2016 389/1320/385 2434/2239/2423 4693/2238/4680
f 4693/2238/4680 2434/2239/2423 556/2240/552 2355/2241/2344
f 2433/2234/2422 4693/2238/4680 2355/2241/2344 554/2235/550
f 389/1320/385 2028/1325/2017 4694/2242/4681 2434/2239/2423
f 2028/1325/2017 391/1324/387 2436/2243/2425 4694/2242/4681
f 4694/2242/4681 2436/2243/2425 559/2244/555 2358/2245/2347
f 2434/2239/2423 4694/2242/4681 2358/2245/2347 556/2240/552
f 562/2246/558 2362/2247/2351 4695/2248/4682 2438/2249/2427
f 2362/2247/2351 564/2250/560 2439/2251/2428 4695/2248/4682
f 4695/2248/4682 2439/2251/2428 394/1330/390 2029/1327/2018
f 2438/2249/2427 4695/2248/4682 2029/1327/2018 393/1326/389
f 395/1337/391 2030/1336/2019 4696/2252/4683 2440/2253/2429
f 2030/1336/2019 396/1335/392 2441/2254/2430 4696/2252/4683
f 4696/2252/4683 2441/2254/2430 568/2148/564 2369/2255/2358
f 2440/2253/2429 4696/2252/4683 2369/2255/2358 566/2256/562
f 396/1343/392 2031/1342/2020 4697/2257/4684 2441/2258/2430
f 2031/1342/2020 398/1341/394 2443/2259/2432 4697/2257/4684
f 4697/2257/4684 2443/2259/2432 571/2260/567 2372/2261/2361
f 2441/2258/2430 4697/2257/4684 2372/2261/2361 568/2262/564
f 406/1349/402 2032/1348/2021 4698/2263/4685 2451/2264/2440
f 2032/1348/2021 407/1347/403 2452/2265/2441 4698/2263/4685
f 4698/2263/4685 2452/2265/2441 594/2266/590 2393/2267/2382
f 2451/2264/2440 4698/2263/4685 2393/2267/2382 592/2268/588
f 407/1347/403 2033/1353/2022 4699/2269/4686 2452/2265/2441
f 2033/1353/2022 408/1352/404 2453/2270/2442 4699/2269/4686
f 4699/2269/4686 2453/2270/2442 596/2271/592 2396/2272/2385
f 2452/2265/2441 4699/2269/4686 2396/2272/2385 594/2266/590
f 411/1359/407 2034/1358/2023 4700/2273/4687 2456/2274/2445
f 2034/1358/2023 412/1357/408 2457/2275/2446 4700/2273/4687
f 4700/2273/4687 2457/2275/2446 606/2276/602 2406/2177/2395
f 2456/2274/2445 4700/2273/4687 2406/2177/2395 604/2176/600
f 412/1365/408 2035/1364/2024 4701/2277/4688 2457/2278/2446
f 2035/1364/2024 413/1363/409 2458/2279/2447 4701/2277/4688
f 4701/2277/4688 2458/2279/2447 608/2280/604 2410/2281/2399
f 2457/2278/2446 4701/2277/4688 2410/2281/2399 606/2282/602
f 413/1363/409 2036/1369/2025 4702/2283/4689 2458/2279/2447
f 2036/1369/2025 415/1368/411 2460/2284/2449 4702/2283/4689
f 4702/2283/4689 2460/2284/2449 611/2285/607 2413/2286/2402
f 2458/2279/2447 4702/2283/4689 2413/2286/2402 608/2280/604
f 613/2287/609 2416/2288/2405 4703/2289/4690 2461/2290/2450
f 2416/2288/2405 616/2191/612 2463/2291/2452 4703/2289/4690
f 4703/2289/4690 2463/2291/2452 418/1374/414 2037/1371/2026
f 2461/2290/2450 4703/2289/4690 2037/1371/2026 416/1370/412
f 417/1379/413 2038/1378/2027 4704/2292/4691 2462/2293/2451
f 2038/1378/2027 419/1299/415 2425/2294/2414 4704/2292/4691
f 4704/2292/4691 2425/2294/2414 618/2207/614 2421/2295/2410
f 2462/2293/2451 4704/2292/4691 2421/2295/2410 615/2296/611
f 620/2297/616 2465/2298/2454 4705/2299/4692 2464/2300/2453
f 623/2301/619 2468/2302/2457 4705/2299/4692 2465/2303/2454
f 622/2304/618 2464/2305/2453 4705/2299/4692 2468/2302/2457
f 623/2301/619 2466/2306/2455 4706/2307/4693 2468/2308/2457
f 621/2309/617 2467/2310/2456 4706/2307/4693 2466/2306/2455
f 622/2304/618 2468/2302/2457 4706/2307/4693 2467/2311/2456
f 624/2312/620 2470/2313/2459 4707/2314/4694 2469/2315/2458
f 627/2316/623 2473/2317/2462 4707/2314/4694 2470/2318/2459
f 626/2319/622 2469/2315/2458 4707/2314/4694 2473/2320/2462
f 627/2316/623 2471/2321/2460 4708/2322/4695 2473/2323/2462
f 625/2324/621 2472/2325/2461 4708/2322/4695 2471/2321/2460
f 626/2319/622 2473/2326/2462 4708/2322/4695 2472/2327/2461
f 628/2328/624 2475/2329/2464 4709/2330/4696 2474/2331/2463
f 631/2332/627 2478/2333/2467 4709/2330/4696 2475/2334/2464
f 630/2335/626 2474/2336/2463 4709/2330/4696 2478/2337/2467
f 631/2332/627 2476/2338/2465 4710/2339/4697 2478/2340/2467
f 629/2341/625 2477/2342/2466 4710/2339/4697 2476/2338/2465
f 630/2335/626 2478/2340/2467 4710/2339/4697 2477/2342/2466
f 632/2343/628 2480/2344/2469 4711/2345/4698 2479/2346/2468
f 635/2347/631 2483/2348/2472 4711/2345/4698 2480/2349/2469
f 634/2350/630 2479/2351/2468 4711/2345/4698 2483/2352/2472
f 635/2347/631 2481/2353/2470 4712/2354/4699 2483/2355/2472
f 633/2356/629 2482/2357/2471 4712/2354/4699 2481/2358/2470
f 634/2350/630 2483/2359/2472 4712/2354/4699 2482/2360/2471
f 636/2361/632 2485/2362/2474 4713/2363/4700 2484/2364/2473
f 639/2365/635 2488/2366/2477 4713/2363/4700 2485/2367/2474
f 638/2368/634 2484/2369/2473 4713/2363/4700 2488/2366/2477
f 639/2365/635 2486/2370/2475 4714/2371/4701 2488/2372/2477
f 637/2373/633 2487/2374/2476 4714/2371/4701 2486/2370/2475
f 638/2368/634 2488/2375/2477 4714/2371/4701 2487/2376/2476
f 640/2377/636 2490/2378/2479 4715/2379/4702 2489/2380/2478
f 643/2381/639 2493/2382/2482 4715/2379/4702 2490/2383/2479
f 642/2384/638 2489/2380/2478 4715/2379/4702 2493/2385/2482
f 643/2381/639 2491/2386/2480 4716/2387/4703 2493/2388/2482
f 641/2389/637 2492/2390/2481 4716/2387/4703 2491/2391/2480
f 642/2384/638 2493/2388/2482 4716/2387/4703 2492/2392/2481
f 644/2393/640 2495/2394/2484 4717/2395/4704 2494/2396/2483
f 647/2397/643 2498/2398/2487 4717/2395/4704 2495/2399/2484
f 646/2400/642 2494/2401/2483 4717/2395/4704 2498/2402/2487
f 647/2397/643 2496/2403/2485 4718/2404/4705 2498/2398/2487
f 645/2405/641 2497/2406/2486 4718/2404/4705 2496/2407/2485
f 646/2400/642 2498/2408/2487 4718/2404/4705 2497/2406/2486
f 648/2409/644 2500/2410/2489 4719/2411/4706 2499/2412/2488
f 651/2413/647 2503/2414/2492 4719/2411/4706 2500/2410/2489
f 650/2415/646 2499/2412/2488 4719/2411/4706 2503/2416/2492
f 651/2413/647 2501/2417/2490 4720/2418/4707 2503/2419/2492
f 649/2420/645 2502/2421/2491 4720/2418/4707 2501/2417/2490
f 650/2415/646 2503/2422/2492 4720/2418/4707 2502/2423/2491
f 652/2424/648 2505/2425/2494 4721/2426/4708 2504/2427/2493
f 655/2428/651 2508/2429/2497 4721/2426/4708 2505/2430/2494
f 654/2431/650 2504/2432/2493 4721/2426/4708 2508/2429/2497
f 655/2428/651 2506/2433/2495 4722/2434/4709 2508/2435/2497
f 653/2436/649 2507/2437/2496 4722/2434/4709 2506/2433/2495
f 654/2431/650 2508/2438/2497 4722/2434/4709 2507/2437/2496
f 656/2439/652 2510/2440/2499 4723/2441/4710 2509/2442/2498
f 659/2443/655 2513/2444/2502 4723/2441/4710 2510/2445/2499
f 658/2446/654 2509/2447/2498 4723/2441/4710 2513/2448/2502
f 659/2443/655 2511/2449/2500 4724/2450/4711 2513/2451/2502
f 657/2452/653 2512/2453/2501 4724/2450/4711 2511/2454/2500
f 658/2446/654 2513/2448/2502 4724/2450/4711 2512/2453/2501
f 660/2455/656 2515/2456/2504 4725/2457/4712 2514/2458/2503
f 663/2459/659 2518/2460/2507 4725/2457/4712 2515/2461/2504
f 662/2462/658 2514/2463/2503 4725/2457/4712 2518/2460/2507
f 663/2464/659 2516/2465/2505 4726/2466/4713 2518/2467/2507
f 661/2464/657 2517/2467/2506 4726/2466/4713 2516/2465/2505
f 662/2468/658 2518/2467/2507 4726/2466/4713 2517/2467/2506
f 664/2469/660 2520/2470/2509 4727/2471/4714 2519/2472/2508
f 667/2473/663 2523/2474/2512 4727/2471/4714 2520/2470/2509
f 666/2475/662 2519/2476/2508 4727/2471/4714 2523/2477/2512
f 667/2473/663 2521/2478/2510 4728/2479/4715 2523/2477/2512
f 665/2480/661 2522/2481/2511 4728/2479/4715 2521/2482/2510
f 666/2475/662 2523/2477/2512 4728/2479/4715 2522/2483/2511
f 668/2484/664 2525/2485/2514 4729/2486/4716 2524/2487/2513
f 671/2488/667 2528/2489/2517 4729/2486/4716 2525/2490/2514
f 670/2491/666 2524/2492/2513 4729/2486/4716 2528/2489/2517
f 671/2488/667 2526/2493/2515 4730/2494/4717 2528/2495/2517
f 669/2496/665 2527/2497/2516 4730/2494/4717 2526/2493/2515
f 670/2491/666 2528/2495/2517 4730/2494/4717 2527/2498/2516
f 672/2499/668 2530/2500/2519 4731/2501/4718 2529/2502/2518
f 675/2503/671 2533/2504/2522 4731/2501/4718 2530/2505/2519
f 674/2506/670 2529/2507/2518 4731/2501/4718 2533/2504/2522
f 675/2503/671 2531/2508/2520 4732/2509/4719 2533/2510/2522
f 673/2511/669 2532/2512/2521 4732/2509/4719 2531/2508/2520
f 674/2506/670 2533/2513/2522 4732/2509/4719 2532/2514/2521
f 676/2515/672 2535/2516/2524 4733/2517/4720 2534/2518/2523
f 679/2519/675 2538/2520/2527 4733/2517/4720 2535/2521/2524
f 678/2522/674 2534/2523/2523 4733/2517/4720 2538/2524/2527
f 679/2519/675 2536/2525/2525 4734/2526/4721 2538/2527/2527
f 677/2528/673 2537/2529/2526 4734/2526/4721 2536/2525/2525
f 678/2522/674 2538/2530/2527 4734/2526/4721 2537/2529/2526
f 680/2531/676 2540/2532/2529 4735/2533/4722 2539/2534/2528
f 683/2535/679 2543/2536/2532 4735/2533/4722 2540/2532/2529
f 682/2537/678 2539/2538/2528 4735/2533/4722 2543/2539/2532
f 683/2535/679 2541/2540/2530 4736/2541/4723 2543/2536/2532
f 681/2542/677 2542/2543/2531 4736/2541/4723 2541/2544/2530
f 682/2537/678 2543/2536/2532 4736/2541/4723 2542/2545/2531
f 684/2546/680 2545/2547/2534 4737/2548/4724 2544/2549/2533
f 687/2550/683 2548/2551/2537 4737/2548/4724 2545/2552/2534
f 686/2553/682 2544/2554/2533 4737/2548/4724 2548/2555/2537
f 687/2550/683 2546/2556/2535 4738/2557/4725 2548/2558/2537
f 685/2559/681 2547/2560/2536 4738/2557/4725 2546/2561/2535
f 686/2553/682 2548/2562/2537 4738/2557/4725 2547/2560/2536
f 688/2563/684 2550/2564/2539 4739/2565/4726 2549/2566/2538
f 691/2567/687 2553/2568/2542 4739/2565/4726 2550/2569/2539
f 690/2570/686 2549/2571/2538 4739/2565/4726 2553/2572/2542
f 691/2567/687 2551/2573/2540 4740/2574/4727 2553/2572/2542
f 689/2575/685 2552/2576/2541 4740/2574/4727 2551/2573/2540
f 690/2570/686 2553/2572/2542 4740/2574/4727 2552/2577/2541
f 692/2578/688 2555/2579/2544 4741/2580/4728 2554/2581/2543
f 695/2582/691 2558/2583/2547 4741/2580/4728 2555/2584/2544
f 694/2585/690 2554/2586/2543 4741/2580/4728 2558/2583/2547
f 695/2582/691 2556/2587/2545 4742/2588/4729 2558/2589/2547
f 693/2590/689 2557/2591/2546 4742/2588/4729 2556/2592/2545
f 694/2585/690 2558/2583/2547 4742/2588/4729 2557/2591/2546
f 696/2593/692 2560/2594/2549 4743/2595/4730 2559/2596/2548
f 699/2597/695 2563/2598/2552 4743/2595/4730 2560/2599/2549
f 698/2600/694 2559/2601/2548 4743/2595/4730 2563/2602/2552
f 699/2597/695 2561/2603/2550 4744/2604/4731 2563/2605/2552
f 697/2606/693 2562/2607/2551 4744/2604/4731 2561/2608/2550
f 698/2600/694 2563/2605/2552 4744/2604/4731 2562/2609/2551
f 700/2610/696 2565/2611/2554 4745/2612/4732 2564/2613/2553
f 703/2614/699 2568/2615/2557 4745/2612/4732 2565/2616/2554
f 702/2617/698 2564/2618/2553 4745/2612/4732 2568/2619/2557
f 703/2614/699 2566/2620/2555 4746/2621/4733 2568/2622/2557
f 701/2623/697 2567/2624/2556 4746/2621/4733 2566/2625/2555
f 702/2617/698 2568/2626/2557 4746/2621/4733 2567/2627/2556
f 707/2628/703 2570/2629/2559 4747/2630/4734 2569/2631/2558
f 710/2632/706 2573/2633/2562 4747/2630/4734 2570/2634/2559
f 709/2635/705 2569/2636/2558 4747/2630/4734 2573/2637/2562
f 710/2632/706 2571/2638/2560 4748/2639/4735 2573/2640/2562
f 708/2641/704 2572/2642/2561 4748/2639/4735 2571/2638/2560
f 709/2635/705 2573/2640/2562 4748/2639/4735 2572/2642/2561
f 720/2643/716 2575/2644/2564 4749/2645/4736 2574/2646/2563
f 723/2647/719 2578/2648/2567 4749/2645/4736 2575/2644/2564
f 722/2649/718 2574/2650/2563 4749/2645/4736 2578/2651/2567
f 723/2647/719 2576/2652/2565 4750/2653/4737 2578/2648/2567
f 721/2654/717 2577/2655/2566 4750/2653/4737 2576/2652/2565
f 722/2649/718 2578/2656/2567 4750/2653/4737 2577/2655/2566
f 730/2657/726 2580/2658/2569 4751/2659/4738 2579/2660/2568
f 733/2661/729 2583/2662/2572 4751/2659/4738 2580/2663/2569
f 732/2664/728 2579/2665/2568 4751/2659/4738 2583/2666/2572
f 733/2661/729 2581/2667/2570 4752/2668/4739 2583/2662/2572
f 731/2669/727 2582/2670/2571 4752/2668/4739 2581/2671/2570
f 732/2664/728 2583/2672/2572 4752/2668/4739 2582/2670/2571
f 737/2673/733 2585/2674/2574 4753/2675/4740 2584/2676/2573
f 740/2677/736 2588/2678/2577 4753/2675/4740 2585/2674/2574
f 739/2679/735 2584/2680/2573 4753/2675/4740 2588/2681/2577
f 740/2677/736 2586/2682/2575 4754/2683/4741 2588/2684/2577
f 738/2685/734 2587/2686/2576 4754/2683/4741 2586/2682/2575
f 739/2679/735 2588/2684/2577 4754/2683/4741 2587/2686/2576
f 750/2687/746 2590/2688/2579 4755/2689/4742 2589/2690/2578
f 753/2691/749 2593/2692/2582 4755/2689/4742 2590/2693/2579
f 752/2694/748 2589/2695/2578 4755/2689/4742 2593/2696/2582
f 753/2691/749 2591/2697/2580 4756/2698/4743 2593/2699/2582
f 751/2700/747 2592/2701/2581 4756/2698/4743 2591/2697/2580
f 752/2694/748 2593/2702/2582 4756/2698/4743 2592/2701/2581
f 757/2703/753 2595/2704/2584 4757/2705/4744 2594/2706/2583
f 760/2707/756 2598/2708/2587 4757/2705/4744 2595/2704/2584
f 759/2709/755 2594/2706/2583 4757/2705/4744 2598/2710/2587
f 760/2707/756 2596/2711/2585 4758/2712/4745 2598/2713/2587
f 758/2714/754 2597/2715/2586 4758/2712/4745 2596/2716/2585
f 759/2709/755 2598/2717/2587 4758/2712/4745 2597/2715/2586
f 764/2718/760 2600/2719/2589 4759/2720/4746 2599/2721/2588
f 767/2722/763 2603/2723/2592 4759/2720/4746 2600/2719/2589
f 766/2724/762 2599/2725/2588 4759/2720/4746 2603/2723/2592
f 767/2722/763 2601/2726/2590 4760/2727/4747 2603/2728/2592
f 765/2729/761 2602/2730/2591 4760/2727/4747 2601/2726/2590
f 766/2724/762 2603/2731/2592 4760/2727/4747 2602/2730/2591
f 768/2732/764 2605/2733/2594 4761/2734/4748 2604/2735/2593
f 771/2736/767 2608/2737/2597 4761/2734/4748 2605/2738/2594
f 770/2739/766 2604/2740/2593 4761/2734/4748 2608/2741/2597
f 771/2736/767 2606/2742/2595 4762/2743/4749 2608/2737/2597
f 769/2744/765 2607/2745/2596 4762/2743/4749 2606/2742/2595
f 770/2739/766 2608/2746/2597 4762/2743/4749 2607/2745/2596
f 772/2747/768 2610/2748/2599 4763/2749/4750 2609/2750/2598
f 775/2751/771 2613/2752/2602 4763/2749/4750 2610/2753/2599
f 774/2754/770 2609/2755/2598 4763/2749/4750 2613/2756/2602
f 775/2751/771 2611/2757/2600 4764/2758/4751 2613/2759/2602
f 773/2760/769 2612/2761/2601 4764/2758/4751 2611/2762/2600
f 774/2754/770 2613/2759/2602 4764/2758/4751 2612/2763/2601
f 776/2764/772 2615/2765/2604 4765/2766/4752 2614/2767/2603
f 779/2768/775 2618/2769/2607 4765/2766/4752 2615/2770/2604
f 778/2771/774 2614/2772/2603 4765/2766/4752 2618/2773/2607
f 779/2768/775 2616/2774/2605 4766/2775/4753 2618/2769/2607
f 777/2776/773 2617/2777/2606 4766/2775/4753 2616/2774/2605
f 778/2771/774 2618/2773/2607 4766/2775/4753 2617/2777/2606
f 789/2778/785 2620/2779/2609 4767/2780/4754 2619/2781/2608
f 792/2782/788 2623/2783/2612 4767/2780/4754 2620/2784/2609
f 791/2785/787 2619/2786/2608 4767/2780/4754 2623/2787/2612
f 792/2782/788 2621/2788/2610 4768/2789/4755 2623/2787/2612
f 790/2790/786 2622/2791/2611 4768/2789/4755 2621/2788/2610
f 791/2785/787 2623/2792/2612 4768/2789/4755 2622/2791/2611
f 796/2793/792 2625/2794/2614 4769/2795/4756 2624/2796/2613
f 799/2797/795 2628/2798/2617 4769/2795/4756 2625/2799/2614
f 798/2800/794 2624/2801/2613 4769/2795/4756 2628/2798/2617
f 799/2797/795 2626/2802/2615 4770/2803/4757 2628/2804/2617
f 797/2805/793 2627/2806/2616 4770/2803/4757 2626/2802/2615
f 798/2800/794 2628/2804/2617 4770/2803/4757 2627/2806/2616
f 800/2807/796 2630/2808/2619 4771/2809/4758 2629/2810/2618
f 803/2811/799 2633/2812/2622 4771/2809/4758 2630/2813/2619
f 802/2814/798 2629/2815/2618 4771/2809/4758 2633/2816/2622
f 803/2811/799 2631/2817/2620 4772/2818/4759 2633/2816/2622
f 801/2819/797 2632/2820/2621 4772/2818/4759 2631/2821/2620
f 802/2814/798 2633/2822/2622 4772/2818/4759 2632/2823/2621
f 807/2824/803 2635/2825/2624 4773/2826/4760 2634/2827/2623
f 810/2828/806 2638/2829/2627 4773/2826/4760 2635/2830/2624
f 809/2831/805 2634/2832/2623 4773/2826/4760 2638/2833/2627
f 810/2828/806 2636/2834/2625 4774/2835/4761 2638/2836/2627
f 808/2837/804 2637/2838/2626 4774/2835/4761 2636/2834/2625
f 809/2831/805 2638/2829/2627 4774/2835/4761 2637/2838/2626
f 811/2839/807 2640/2840/2629 4775/2841/4762 2639/2842/2628
f 814/2843/810 2643/2844/2632 4775/2841/4762 2640/2845/2629
f 813/2846/809 2639/2847/2628 4775/2841/4762 2643/2848/2632
f 814/2843/810 2641/2849/2630 4776/2850/4763 2643/2844/2632
f 812/2851/808 2642/2852/2631 4776/2850/4763 2641/2849/2630
f 813/2846/809 2643/2853/2632 4776/2850/4763 2642/2852/2631
f 815/2854/811 2645/2855/2634 4777/2856/4764 2644/2857/2633
f 818/2858/814 2648/2859/2637 4777/2856/4764 2645/2860/2634
f 817/2861/813 2644/2862/2633 4777/2856/4764 2648/2863/2637
f 818/2858/814 2646/2864/2635 4778/2865/4765 2648/2866/2637
f 816/2867/812 2647/2868/2636 4778/2865/4765 2646/2864/2635
f 817/2861/813 2648/2869/2637 4778/2865/4765 2647/2868/2636
f 819/2870/815 2650/2871/2639 4779/2872/4766 2649/2873/2638
f 822/2874/818 2653/2875/2642 4779/2872/4766 2650/2876/2639
f 821/2877/817 2649/2878/2638 4779/2872/4766 2653/2875/2642
f 822/2874/818 2651/2879/2640 4780/2880/4767 2653/2875/2642
f 820/2881/816 2652/2882/2641 4780/2880/4767 2651/2879/2640
f 821/2877/817 2653/2883/2642 4780/2880/4767 2652/2882/2641
f 832/2884/828 2655/2885/2644 4781/2886/4768 2654/2887/2643
f 835/2888/831 2658/2889/2647 4781/2886/4768 2655/2890/2644
f 834/2891/830 2654/2892/2643 4781/2886/4768 2658/2893/2647
f 835/2888/831 2656/2894/2645 4782/2895/4769 2658/2889/2647
f 833/2896/829 2657/2897/2646 4782/2895/4769 2656/2898/2645
f 834/2891/830 2658/2899/2647 4782/2895/4769 2657/2900/2646
f 839/2901/835 2660/2902/2649 4783/2903/4770 2659/2904/2648
f 842/2905/838 2663/2906/2652 4783/2903/4770 2660/2902/2649
f 841/2907/837 2659/2908/2648 4783/2903/4770 2663/2909/2652
f 842/2905/838 2661/2910/2650 4784/2911/4771 2663/2906/2652
f 840/2912/836 2662/2913/2651 4784/2911/4771 2661/2910/2650
f 841/2907/837 2663/2914/2652 4784/2911/4771 2662/2913/2651
f 843/2915/839 2665/2916/2654 4785/2917/4772 2664/2918/2653
f 846/2919/842 2668/2920/2657 4785/2917/4772 2665/2916/2654
f 845/2921/841 2664/2918/2653 4785/2917/4772 2668/2922/2657
f 846/2919/842 2666/2923/2655 4786/2924/4773 2668/2925/2657
f 844/2926/840 2667/2927/2656 4786/2924/4773 2666/2923/2655
f 845/2921/841 2668/2928/2657 4786/2924/4773 2667/2927/2656
f 847/2929/843 2670/2930/2659 4787/2931/4774 2669/2932/2658
f 850/2933/846 2673/2934/2662 4787/2931/4774 2670/2930/2659
f 849/2935/845 2669/2936/2658 4787/2931/4774 2673/2934/2662
f 850/2933/846 2671/2937/2660 4788/2938/4775 2673/2934/2662
f 848/2939/844 2672/2940/2661 4788/2938/4775 2671/2937/2660
f 849/2935/845 2673/2941/2662 4788/2938/4775 2672/2940/2661
f 851/2942/847 2675/2943/2664 4789/2944/4776 2674/2945/2663
f 854/2946/850 2678/2947/2667 4789/2944/4776 2675/2943/2664
f 853/2948/849 2674/2949/2663 4789/2944/4776 2678/2950/2667
f 854/2946/850 2676/2951/2665 4790/2952/4777 2678/2947/2667
f 852/2953/848 2677/2954/2666 4790/2952/4777 2676/2951/2665
f 853/2948/849 2678/2955/2667 4790/2952/4777 2677/2956/2666
f 855/2957/851 2680/2958/2669 4791/2959/4778 2679/2960/2668
f 858/2961/854 2683/2962/2672 4791/2959/4778 2680/2963/2669
f 857/2964/853 2679/2965/2668 4791/2959/4778 2683/2962/2672
f 858/2961/854 2681/2966/2670 4792/2967/4779 2683/2962/2672
f 856/2968/852 2682/2969/2671 4792/2967/4779 2681/2966/2670
f 857/2964/853 2683/2970/2672 4792/2967/4779 2682/2969/2671
f 859/2971/855 2685/2972/2674 4793/2973/4780 2684/2974/2673
f 862/2975/858 2688/2976/2677 4793/2973/4780 2685/2977/2674
f 861/2978/857 2684/2979/2673 4793/2973/4780 2688/2976/2677
f 862/2975/858 2686/2980/2675 4794/2981/4781 2688/2982/2677
f 860/2983/856 2687/2984/2676 4794/2981/4781 2686/2980/2675
f 861/2978/857 2688/2976/2677 4794/2981/4781 2687/2984/2676
f 863/2985/859 2690/2986/2679 4795/2987/4782 2689/2988/2678
f 866/2989/862 2693/2990/2682 4795/2987/4782 2690/2986/2679
f 865/2991/861 2689/2992/2678 4795/2987/4782 2693/2993/2682
f 866/2989/862 2691/2994/2680 4796/2995/4783 2693/2990/2682
f 864/2996/860 2692/2997/2681 4796/2995/4783 2691/2994/2680
f 865/2991/861 2693/2993/2682 4796/2995/4783 2692/2997/2681
f 867/2998/863 2695/2999/2684 4797/3000/4784 2694/3001/2683
f 870/3002/866 2698/3003/2687 4797/3000/4784 2695/2999/2684
f 869/3004/865 2694/3001/2683 4797/3000/4784 2698/3005/2687
f 870/3002/866 2696/3006/2685 4798/3007/4785 2698/3003/2687
f 868/3008/864 2697/3009/2686 4798/3007/4785 2696/3006/2685
f 869/3004/865 2698/3005/2687 4798/3007/4785 2697/3009/2686
f 871/3010/867 2700/3011/2689 4799/3012/4786 2699/3013/2688
f 874/3014/870 2703/3015/2692 4799/3012/4786 2700/3016/2689
f 873/3017/869 2699/3018/2688 4799/3012/4786 2703/3015/2692
f 874/3014/870 2701/3019/2690 4800/3020/4787 2703/3021/2692
f 872/3022/868 2702/3023/2691 4800/3020/4787 2701/3019/2690
f 873/3017/869 2703/3021/2692 4800/3020/4787 2702/3023/2691
f 875/3024/871 2705/3025/2694 4801/3026/4788 2704/3027/2693
f 878/3028/874 2708/3029/2697 4801/3026/4788 2705/3030/2694
f 877/3031/873 2704/3032/2693 4801/3026/4788 2708/3029/2697
f 878/3028/874 2706/3033/2695 4802/3034/4789 2708/3029/2697
f 876/3035/872 2707/3036/2696 4802/3034/4789 2706/3037/2695
f 877/3031/873 2708/3038/2697 4802/3034/4789 2707/3039/2696
f 879/3040/875 2710/3041/2699 4803/3042/4790 2709/3043/2698
f 882/3044/878 2713/3045/2702 4803/3042/4790 2710/3041/2699
f 881/3046/877 2709/3043/2698 4803/3042/4790 2713/3047/2702
f 882/3044/878 2711/3048/2700 4804/3049/4791 2713/3050/2702
f 880/3051/876 2712/3052/2701 4804/3049/4791 2711/3048/2700
f 881/3046/877 2713/3053/2702 4804/3049/4791 2712/3054/2701
f 883/3055/879 2715/3056/2704 4805/3057/4792 2714/3058/2703
f 886/3059/882 2718/3060/2707 4805/3057/4792 2715/3056/2704
f 885/3061/881 2714/3058/2703 4805/3057/4792 2718/3060/2707
f 886/3059/882 2716/3062/2705 4806/3063/4793 2718/3060/2707
f 884/3064/880 2717/3065/2706 4806/3063/4793 2716/3062/2705
f 885/3061/881 2718/3066/2707 4806/3063/4793 2717/3067/2706
f 887/3068/883 2720/3069/2709 4807/3070/4794 2719/3071/2708
f 890/3072/886 2723/3073/2712 4807/3070/4794 2720/3069/2709
f 889/3074/885 2719/3071/2708 4807/3070/4794 2723/3075/2712
f 890/3072/886 2721/3076/2710 4808/3077/4795 2723/3075/2712
f 888/3078/884 2722/3079/2711 4808/3077/4795 2721/3076/2710
f 889/3074/885 2723/3075/2712 4808/3077/4795 2722/3079/2711
f 891/3080/887 2725/3081/2714 4809/3082/4796 2724/3083/2713
f 894/3084/890 2728/3085/2717 4809/3082/4796 2725/3081/2714
f 893/3086/889 2724/3083/2713 4809/3082/4796 2728/3087/2717
f 894/3084/890 2726/3088/2715 4810/3089/4797 2728/3090/2717
f 892/3091/888 2727/3092/2716 4810/3089/4797 2726/3093/2715
f 893/3086/889 2728/3087/2717 4810/3089/4797 2727/3092/2716
f 895/3094/891 2730/3095/2719 4811/3096/4798 2729/3097/2718
f 898/3098/894 2733/3099/2722 4811/3096/4798 2730/3100/2719
f 897/3101/893 2729/3097/2718 4811/3096/4798 2733/3102/2722
f 898/3098/894 2731/3103/2720 4812/3104/4799 2733/3105/2722
f 896/3106/892 2732/3107/2721 4812/3104/4799 2731/3103/2720
f 897/3101/893 2733/3099/2722 4812/3104/4799 2732/3107/2721
f 899/3108/895 2735/3109/2724 4813/3110/4800 2734/3111/2723
f 902/3112/898 2738/3113/2727 4813/3110/4800 2735/3114/2724
f 901/3115/897 2734/3116/2723 4813/3110/4800 2738/3117/2727
f 902/3112/898 2736/3118/2725 4814/3119/4801 2738/3117/2727
f 900/3120/896 2737/3121/2726 4814/3119/4801 2736/3118/2725
f 901/3115/897 2738/3117/2727 4814/3119/4801 2737/3121/2726
f 903/3122/899 2740/3123/2729 4815/3124/4802 2739/3125/2728
f 906/3126/902 2743/3127/2732 4815/3124/4802 2740/3123/2729
f 905/3128/901 2739/3129/2728 4815/3124/4802 2743/3127/2732
f 906/3130/902 2741/3131/2730 4816/3132/4803 2743/3133/2732
f 904/3134/900 2742/3135/2731 4816/3132/4803 2741/3136/2730
f 905/3137/901 2743/3133/2732 4816/3132/4803 2742/3135/2731
f 907/3138/903 2745/3139/2734 4817/3140/4804 2744/3141/2733
f 910/3142/906 2748/3143/2737 4817/3140/4804 2745/3144/2734
f 909/3145/905 2744/3141/2733 4817/3140/4804 2748/3146/2737
f 910/3147/906 2746/3148/2735 4818/3149/4805 2748/3150/2737
f 908/3151/904 2747/3152/2736 4818/3149/4805 2746/3148/2735
f 909/3153/905 2748/3150/2737 4818/3149/4805 2747/3154/2736
f 911/3155/907 2750/3156/2739 4819/3157/4806 2749/3158/2738
f 914/3159/910 2753/3160/2742 4819/3157/4806 2750/3156/2739
f 913/3161/909 2749/3162/2738 4819/3157/4806 2753/3163/2742
f 914/3159/910 2751/3164/2740 4820/3165/4807 2753/3163/2742
f 912/3166/908 2752/3167/2741 4820/3165/4807 2751/3168/2740
f 913/3161/909 2753/3160/2742 4820/3165/4807 2752/3169/2741
f 915/3170/911 2755/3171/2744 4821/3172/4808 2754/3173/2743
f 918/3174/914 2758/3175/2747 4821/3172/4808 2755/3171/2744
f 917/3176/913 2754/3177/2743 4821/3172/4808 2758/3178/2747
f 918/3174/914 2756/3179/2745 4822/3180/4809 2758/3178/2747
f 916/3181/912 2757/3182/2746 4822/3180/4809 2756/3179/2745
f 917/3176/913 2758/3183/2747 4822/3180/4809 2757/3182/2746
f 919/3184/915 2760/3185/2749 4823/3186/4810 2759/3187/2748
f 922/3188/918 2763/3189/2752 4823/3186/4810 2760/3190/2749
f 921/3191/917 2759/3187/2748 4823/3186/4810 2763/3189/2752
f 922/3188/918 2761/3192/2750 4824/3193/4811 2763/3194/2752
f 920/3195/916 2762/3196/2751 4824/3193/4811 2761/3197/2750
f 921/3191/917 2763/3194/2752 4824/3193/4811 2762/3198/2751
f 923/3199/919 2765/3200/2754 4825/3201/4812 2764/3202/2753
f 926/3203/922 2768/3204/2757 4825/3201/4812 2765/3200/2754
f 925/3205/921 2764/3206/2753 4825/3201/4812 2768/3207/2757
f 926/3203/922 2766/3208/2755 4826/3209/4813 2768/3204/2757
f 924/3210/920 2767/3211/2756 4826/3209/4813 2766/3208/2755
f 925/3205/921 2768/3212/2757 4826/3209/4813 2767/3211/2756
f 927/3213/923 2770/3214/2759 4827/3215/4814 2769/3216/2758
f 930/3217/926 2773/3218/2762 4827/3215/4814 2770/3214/2759
f 929/3219/925 2769/3216/2758 4827/3215/4814 2773/3218/2762
f 930/3217/926 2771/3220/2760 4828/3221/4815 2773/3222/2762
f 928/3223/924 2772/3224/2761 4828/3221/4815 2771/3220/2760
f 929/3219/925 2773/3225/2762 4828/3221/4815 2772/3224/2761
f 931/3226/927 2775/3227/2764 4829/3228/4816 2774/3229/2763
f 934/3230/930 2778/3231/2767 4829/3228/4816 2775/3227/2764
f 933/3232/929 2774/3233/2763 4829/3228/4816 2778/3234/2767
f 934/3230/930 2776/3235/2765 4830/3236/4817 2778/3237/2767
f 932/3238/928 2777/3239/2766 4830/3236/4817 2776/3240/2765
f 933/3232/929 2778/3231/2767 4830/3236/4817 2777/3239/2766
f 935/3241/931 2780/3242/2769 4831/3243/4818 2779/3244/2768
f 938/3245/934 2783/3246/2772 4831/3243/4818 2780/3242/2769
f 937/3247/933 2779/3248/2768 4831/3243/4818 2783/3246/2772
f 938/3245/934 2781/3249/2770 4832/3250/4819 2783/3246/2772
f 936/3251/932 2782/3252/2771 4832/3250/4819 2781/3253/2770
f 937/3247/933 2783/3246/2772 4832/3250/4819 2782/3252/2771
f 939/3254/935 2785/3255/2774 4833/3256/4820 2784/3257/2773
f 942/3258/938 2788/3259/2777 4833/3256/4820 2785/3260/2774
f 941/3261/937 2784/3262/2773 4833/3256/4820 2788/3263/2777
f 942/3258/938 2786/3264/2775 4834/3265/4821 2788/3266/2777
f 940/3267/936 2787/3268/2776 4834/3265/4821 2786/3269/2775
f 941/3261/937 2788/3270/2777 4834/3265/4821 2787/3268/2776
f 943/3271/939 2790/3272/2779 4835/3273/4822 2789/3274/2778
f 946/3275/942 2793/3276/2782 4835/3273/4822 2790/3272/2779
f 945/3277/941 2789/3278/2778 4835/3273/4822 2793/3276/2782
f 946/3275/942 2791/3279/2780 4836/3280/4823 2793/3276/2782
f 944/3281/940 2792/3282/2781 4836/3280/4823 2791/3283/2780
f 945/3277/941 2793/3284/2782 4836/3280/4823 2792/3285/2781
f 947/3286/943 2795/3287/2784 4837/3288/4824 2794/3289/2783
f 950/3290/946 2798/3291/2787 4837/3288/4824 2795/3287/2784
f 949/3292/945 2794/3293/2783 4837/3288/4824 2798/3294/2787
f 950/3290/946 2796/3295/2785 4838/3296/4825 2798/3291/2787
f 948/3297/944 2797/3298/2786 4838/3296/4825 2796/3295/2785
f 949/3292/945 2798/3299/2787 4838/3296/4825 2797/3298/2786
f 951/3300/947 2800/3301/2789 4839/3302/4826 2799/3303/2788
f 954/3304/950 2803/3305/2792 4839/3302/4826 2800/3301/2789
f 953/3306/949 2799/3307/2788 4839/3302/4826 2803/3308/2792
f 954/3304/950 2801/3309/2790 4840/3310/4827 2803/3311/2792
f 952/3312/948 2802/3313/2791 4840/3310/4827 2801/3309/2790
f 953/3306/949 2803/3314/2792 4840/3310/4827 2802/3313/2791
f 955/3315/951 2805/3316/2794 4841/3317/4828 2804/3318/2793
f 958/3319/954 2808/3320/2797 4841/3317/4828 2805/3321/2794
f 957/3322/953 2804/3323/2793 4841/3317/4828 2808/3320/2797
f 958/3319/954 2806/3324/2795 4842/3325/4829 2808/3320/2797
f 956/3326/952 2807/3327/2796 4842/3325/4829 2806/3324/2795
f 957/3322/953 2808/3328/2797 4842/3325/4829 2807/3327/2796
f 959/3329/955 2810/3330/2799 4843/3331/4830 2809/3332/2798
f 962/3333/958 2813/3334/2802 4843/3331/4830 2810/3330/2799
f 961/3335/957 2809/3336/2798 4843/3331/4830 2813/3337/2802
f 962/3333/958 2811/3338/2800 4844/3339/4831 2813/3334/2802
f 960/3340/956 2812/3341/2801 4844/3339/4831 2811/3338/2800
f 961/3335/957 2813/3337/2802 4844/3339/4831 2812/3341/2801
f 963/3342/959 2815/3343/2804 4845/3344/4832 2814/3345/2803
f 966/3346/962 2818/3347/2807 4845/3344/4832 2815/3343/2804
f 965/3348/961 2814/3349/2803 4845/3344/4832 2818/3350/2807
f 966/3346/962 2816/3351/2805 4846/3352/4833 2818/3353/2807
f 964/3354/960 2817/3355/2806 4846/3352/4833 2816/3351/2805
f 965/3348/961 2818/3356/2807 4846/3352/4833 2817/3355/2806
f 967/3357/963 2820/3358/2809 4847/3359/4834 2819/3360/2808
f 970/3361/966 2823/3362/2812 4847/3359/4834 2820/3358/2809
f 969/3363/965 2819/3360/2808 4847/3359/4834 2823/3364/2812
f 970/3361/966 2821/3365/2810 4848/3366/4835 2823/3362/2812
f 968/3367/964 2822/3368/2811 4848/3366/4835 2821/3365/2810
f 969/3363/965 2823/3364/2812 4848/3366/4835 2822/3369/2811
f 971/3370/967 2825/3371/2814 4849/3372/4836 2824/3373/2813
f 974/3374/970 2828/3375/2817 4849/3372/4836 2825/3371/2814
f 973/3376/969 2824/3373/2813 4849/3372/4836 2828/3377/2817
f 974/3374/970 2826/3378/2815 4850/3379/4837 2828/3377/2817
f 972/3380/968 2827/3381/2816 4850/3379/4837 2826/3378/2815
f 973/3376/969 2828/3382/2817 4850/3379/4837 2827/3381/2816
f 975/3383/971 2830/3384/2819 4851/3385/4838 2829/3386/2818
f 978/3387/974 2833/3388/2822 4851/3385/4838 2830/3384/2819
f 977/3389/973 2829/3390/2818 4851/3385/4838 2833/3388/2822
f 978/3387/974 2831/3391/2820 4852/3392/4839 2833/3393/2822
f 976/3394/972 2832/3395/2821 4852/3392/4839 2831/3391/2820
f 977/3389/973 2833/3388/2822 4852/3392/4839 2832/3395/2821
f 979/3396/975 2835/3397/2824 4853/3398/4840 2834/3399/2823
f 982/3400/978 2838/3401/2827 4853/3398/4840 2835/3397/2824
f 981/3402/977 2834/3399/2823 4853/3398/4840 2838/3403/2827
f 982/3400/978 2836/3404/2825 4854/3405/4841 2838/3406/2827
f 980/3407/976 2837/3408/2826 4854/3405/4841 2836/3409/2825
f 981/3402/977 2838/3410/2827 4854/3405/4841 2837/3408/2826
f 983/3411/979 2840/3412/2829 4855/3413/4842 2839/3414/2828
f 986/3415/982 2843/3416/2832 4855/3413/4842 2840/3417/2829
f 985/3418/981 2839/3419/2828 4855/3413/4842 2843/3420/2832
f 986/3415/982 2841/3421/2830 4856/3422/4843 2843/3416/2832
f 984/3423/980 2842/3424/2831 4856/3422/4843 2841/3421/2830
f 985/3418/981 2843/3425/2832 4856/3422/4843 2842/3426/2831
f 987/3427/983 2845/3428/2834 4857/3429/4844 2844/3430/2833
f 990/3431/986 2848/3432/2837 4857/3429/4844 2845/3433/2834
f 989/3434/985 2844/3435/2833 4857/3429/4844 2848/3436/2837
f 990/3431/986 2846/3437/2835 4858/3438/4845 2848/3436/2837
f 988/3439/984 2847/3440/2836 4858/3438/4845 2846/3437/2835
f 989/3434/985 2848/3441/2837 4858/3438/4845 2847/3440/2836
f 991/3442/987 2850/3443/2839 4859/3444/4846 2849/3445/2838
f 994/3446/990 2853/3447/2842 4859/3444/4846 2850/3443/2839
f 993/3448/989 2849/3449/2838 4859/3444/4846 2853/3447/2842
f 994/3446/990 2851/3450/2840 4860/3451/4847 2853/3447/2842
f 992/3452/988 2852/3453/2841 4860/3451/4847 2851/3454/2840
f 993/3448/989 2853/3455/2842 4860/3451/4847 2852/3453/2841
f 995/3456/991 2855/3457/2844 4861/3458/4848 2854/3459/2843
f 998/3460/994 2858/3461/2847 4861/3458/4848 2855/3462/2844
f 997/3463/993 2854/3459/2843 4861/3458/4848 2858/3464/2847
f 998/3460/994 2856/3465/2845 4862/3466/4849 2858/3467/2847
f 996/3468/992 2857/3469/2846 4862/3466/4849 2856/3470/2845
f 997/3463/993 2858/3471/2847 4862/3466/4849 2857/3472/2846
f 999/3473/995 2860/3474/2849 4863/3475/4850 2859/3476/2848
f 1002/3477/998 2863/3478/2852 4863/3475/4850 2860/3474/2849
f 1001/3479/997 2859/3480/2848 4863/3475/4850 2863/3481/2852
f 1002/3477/998 2861/3482/2850 4864/3483/4851 2863/3478/2852
f 1000/3484/996 2862/3485/2851 4864/3483/4851 2861/3482/2850
f 1001/3479/997 2863/3481/2852 4864/3483/4851 2862/3486/2851
f 620/3487/616 2864/3488/2853 4865/3489/4852 2465/2298/2454
f 2864/3488/2853 704/3490/700 2865/3491/2854 4865/3489/4852
f 4865/3489/4852 2865/3491/2854 706/3492/702 2866/3493/2855
f 2465/2298/2454 4865/3489/4852 2866/3493/2855 623/2301/619
f 623/2301/619 2866/3493/2855 4866/3494/4853 2466/3495/2455
f 2866/3493/2855 706/3492/702 2867/3496/2856 4866/3494/4853
f 4866/3494/4853 2867/3496/2856 705/3497/701 2868/3498/2857
f 2466/3495/2455 4866/3494/4853 2868/3498/2857 621/3499/617
f 628/3500/624 2869/3501/2858 4867/3502/4854 2475/3503/2464
f 2869/3501/2858 711/3504/707 2870/3505/2859 4867/3502/4854
f 4867/3502/4854 2870/3505/2859 713/3506/709 2871/3507/2860
f 2475/3503/2464 4867/3502/4854 2871/3507/2860 631/2332/627
f 631/2332/627 2871/3507/2860 4868/3508/4855 2476/3509/2465
f 2871/3507/2860 713/3506/709 2872/3510/2861 4868/3508/4855
f 4868/3508/4855 2872/3510/2861 712/3511/708 2873/3512/2862
f 2476/3509/2465 4868/3508/4855 2873/3512/2862 629/3513/625
f 715/3514/711 2875/3515/2864 4869/3516/4856 2874/3517/2863
f 2875/3515/2864 625/3518/621 2471/3519/2460 4869/3516/4856
f 4869/3516/4856 2471/3519/2460 627/2316/623 2876/3520/2865
f 2874/3517/2863 4869/3516/4856 2876/3520/2865 716/3521/712
f 716/3521/712 2876/3520/2865 4870/3522/4857 2877/3523/2866
f 2876/3520/2865 627/2316/623 2470/3524/2459 4870/3522/4857
f 4870/3522/4857 2470/3524/2459 624/3525/620 2878/3526/2867
f 2877/3523/2866 4870/3522/4857 2878/3526/2867 714/3527/710
f 718/3528/714 2880/3529/2869 4871/3530/4858 2879/3531/2868
f 2880/3529/2869 633/3532/629 2481/3533/2470 4871/3530/4858
f 4871/3530/4858 2481/3533/2470 635/2347/631 2881/3534/2870
f 2879/3531/2868 4871/3530/4858 2881/3534/2870 719/3535/715
f 719/3535/715 2881/3534/2870 4872/3536/4859 2882/3537/2871
f 2881/3534/2870 635/2347/631 2480/3538/2469 4872/3536/4859
f 4872/3536/4859 2480/3538/2469 632/2343/628 2883/3539/2872
f 2882/3537/2871 4872/3536/4859 2883/3539/2872 717/3540/713
f 636/3541/632 2884/3542/2873 4873/3543/4860 2485/3544/2474
f 2884/3542/2873 724/3545/720 2885/3546/2874 4873/3543/4860
f 4873/3543/4860 2885/3546/2874 726/3547/722 2886/3548/2875
f 2485/3544/2474 4873/3543/4860 2886/3548/2875 639/2365/635
f 639/2365/635 2886/3548/2875 4874/3549/4861 2486/3550/2475
f 2886/3548/2875 726/3547/722 2887/3551/2876 4874/3549/4861
f 4874/3549/4861 2887/3551/2876 725/3552/721 2888/3553/2877
f 2486/3550/2475 4874/3549/4861 2888/3553/2877 637/3554/633
f 728/3555/724 2890/3556/2879 4875/3557/4862 2889/3558/2878
f 2890/3556/2879 641/3559/637 2491/3560/2480 4875/3557/4862
f 4875/3557/4862 2491/3560/2480 643/2381/639 2891/3561/2880
f 2889/3558/2878 4875/3557/4862 2891/3561/2880 729/3562/725
f 729/3562/725 2891/3561/2880 4876/3563/4863 2892/3564/2881
f 2891/3561/2880 643/2381/639 2490/3565/2479 4876/3563/4863
f 4876/3563/4863 2490/3565/2479 640/2377/636 2893/3566/2882
f 2892/3564/2881 4876/3563/4863 2893/3566/2882 727/3567/723
f 644/3568/640 2894/3569/2883 4877/3570/4864 2495/2399/2484
f 2894/3569/2883 734/3571/730 2895/3572/2884 4877/3570/4864
f 4877/3570/4864 2895/3572/2884 736/3573/732 2896/3574/2885
f 2495/2399/2484 4877/3570/4864 2896/3574/2885 647/2397/643
f 647/2397/643 2896/3574/2885 4878/3575/4865 2496/3576/2485
f 2896/3574/2885 736/3573/732 2897/3577/2886 4878/3575/4865
f 4878/3575/4865 2897/3577/2886 735/3578/731 2898/3579/2887
f 2496/3576/2485 4878/3575/4865 2898/3579/2887 645/3580/641
f 652/3581/648 2899/3582/2888 4879/3583/4866 2505/2430/2494
f 2899/3582/2888 741/3584/737 2900/3585/2889 4879/3583/4866
f 4879/3583/4866 2900/3585/2889 743/3586/739 2901/3587/2890
f 2505/2430/2494 4879/3583/4866 2901/3587/2890 655/2428/651
f 655/2428/651 2901/3587/2890 4880/3588/4867 2506/3589/2495
f 2901/3587/2890 743/3586/739 2902/3590/2891 4880/3588/4867
f 4880/3588/4867 2902/3590/2891 742/3591/738 2903/3592/2892
f 2506/3589/2495 4880/3588/4867 2903/3592/2892 653/3593/649
f 745/3594/741 2905/3595/2894 4881/3596/4868 2904/3597/2893
f 2905/3595/2894 649/3598/645 2501/3599/2490 4881/3596/4868
f 4881/3596/4868 2501/3599/2490 651/2413/647 2906/3600/2895
f 2904/3597/2893 4881/3596/4868 2906/3600/2895 746/3601/742
f 746/3601/742 2906/3600/2895 4882/3602/4869 2907/3603/2896
f 2906/3600/2895 651/2413/647 2500/3604/2489 4882/3602/4869
f 4882/3602/4869 2500/3604/2489 648/2409/644 2908/3605/2897
f 2907/3603/2896 4882/3602/4869 2908/3605/2897 744/3606/740
f 656/3607/652 2909/3608/2898 4883/3609/4870 2510/3610/2499
f 2909/3608/2898 747/3611/743 2910/3612/2899 4883/3609/4870
f 4883/3609/4870 2910/3612/2899 749/3613/745 2911/3614/2900
f 2510/3610/2499 4883/3609/4870 2911/3614/2900 659/2443/655
f 659/2443/655 2911/3614/2900 4884/3615/4871 2511/3616/2500
f 2911/3614/2900 749/3613/745 2912/3617/2901 4884/3615/4871
f 4884/3615/4871 2912/3617/2901 748/3618/744 2913/3619/2902
f 2511/3616/2500 4884/3615/4871 2913/3619/2902 657/3620/653
f 660/3621/656 2914/3622/2903 4885/3623/4872 2515/3624/2504
f 2914/3622/2903 754/3625/750 2915/3626/2904 4885/3623/4872
f 4885/3623/4872 2915/3626/2904 756/3627/752 2916/3628/2905
f 2515/3624/2504 4885/3623/4872 2916/3628/2905 663/2459/659
f 663/3629/659 2916/3630/2905 4886/3631/4873 2516/3632/2505
f 2916/3630/2905 756/3633/752 2917/3634/2906 4886/3631/4873
f 4886/3631/4873 2917/3634/2906 755/3635/751 2918/3636/2907
f 2516/3632/2505 4886/3631/4873 2918/3636/2907 661/3637/657
f 762/3638/758 2920/3639/2909 4887/3640/4874 2919/3641/2908
f 2920/3639/2909 665/3642/661 2521/3643/2510 4887/3640/4874
f 4887/3640/4874 2521/3643/2510 667/2473/663 2921/3644/2910
f 2919/3641/2908 4887/3640/4874 2921/3644/2910 763/3645/759
f 763/3645/759 2921/3644/2910 4888/3646/4875 2922/3647/2911
f 2921/3644/2910 667/2473/663 2520/3648/2509 4888/3646/4875
f 4888/3646/4875 2520/3648/2509 664/3649/660 2923/3650/2912
f 2922/3647/2911 4888/3646/4875 2923/3650/2912 761/3651/757
f 672/3652/668 2924/3653/2913 4889/3654/4876 2530/2505/2519
f 2924/3653/2913 780/3655/776 2925/3656/2914 4889/3654/4876
f 4889/3654/4876 2925/3656/2914 782/3657/778 2926/3658/2915
f 2530/2505/2519 4889/3654/4876 2926/3658/2915 675/2503/671
f 675/2503/671 2926/3658/2915 4890/3659/4877 2531/3660/2520
f 2926/3658/2915 782/3657/778 2927/3661/2916 4890/3659/4877
f 4890/3659/4877 2927/3661/2916 781/3662/777 2928/3663/2917
f 2531/3660/2520 4890/3659/4877 2928/3663/2917 673/3664/669
f 784/3665/780 2930/3666/2919 4891/3667/4878 2929/3668/2918
f 2930/3666/2919 669/3669/665 2526/3670/2515 4891/3667/4878
f 4891/3667/4878 2526/3670/2515 671/2488/667 2931/3671/2920
f 2929/3668/2918 4891/3667/4878 2931/3671/2920 785/3672/781
f 785/3672/781 2931/3671/2920 4892/3673/4879 2932/3674/2921
f 2931/3671/2920 671/2488/667 2525/3675/2514 4892/3673/4879
f 4892/3673/4879 2525/3675/2514 668/3676/664 2933/3677/2922
f 2932/3674/2921 4892/3673/4879 2933/3677/2922 783/3678/779
f 676/3679/672 2934/3680/2923 4893/3681/4880 2535/2521/2524
f 2934/3680/2923 786/3682/782 2935/3683/2924 4893/3681/4880
f 4893/3681/4880 2935/3683/2924 788/3684/784 2936/3685/2925
f 2535/2521/2524 4893/3681/4880 2936/3685/2925 679/2519/675
f 679/2519/675 2936/3685/2925 4894/3686/4881 2536/3687/2525
f 2936/3685/2925 788/3684/784 2937/3688/2926 4894/3686/4881
f 4894/3686/4881 2937/3688/2926 787/3689/783 2938/3690/2927
f 2536/3687/2525 4894/3686/4881 2938/3690/2927 677/3691/673
f 794/3692/790 2940/3693/2929 4895/3694/4882 2939/3695/2928
f 2940/3693/2929 681/3696/677 2541/3697/2530 4895/3694/4882
f 4895/3694/4882 2541/3697/2530 683/2535/679 2941/3698/2930
f 2939/3695/2928 4895/3694/4882 2941/3698/2930 795/3699/791
f 795/3699/791 2941/3698/2930 4896/3700/4883 2942/3701/2931
f 2941/3698/2930 683/2535/679 2540/3702/2529 4896/3700/4883
f 4896/3700/4883 2540/3702/2529 680/3703/676 2943/3704/2932
f 2942/3701/2931 4896/3700/4883 2943/3704/2932 793/3705/789
f 684/3706/680 2944/3707/2933 4897/3708/4884 2545/3709/2534
f 2944/3707/2933 804/3710/800 2945/3711/2934 4897/3708/4884
f 4897/3708/4884 2945/3711/2934 806/3712/802 2946/3713/2935
f 2545/3709/2534 4897/3708/4884 2946/3713/2935 687/2550/683
f 687/2550/683 2946/3713/2935 4898/3714/4885 2546/3715/2535
f 2946/3713/2935 806/3712/802 2947/3716/2936 4898/3714/4885
f 4898/3714/4885 2947/3716/2936 805/3717/801 2948/3718/2937
f 2546/3715/2535 4898/3714/4885 2948/3718/2937 685/3719/681
f 688/3720/684 2949/3721/2938 4899/3722/4886 2550/2564/2539
f 2949/3721/2938 823/3723/819 2950/3724/2939 4899/3722/4886
f 4899/3722/4886 2950/3724/2939 825/3725/821 2951/3726/2940
f 2550/2564/2539 4899/3722/4886 2951/3726/2940 691/2567/687
f 691/2567/687 2951/3726/2940 4900/3727/4887 2551/3728/2540
f 2951/3726/2940 825/3725/821 2952/3729/2941 4900/3727/4887
f 4900/3727/4887 2952/3729/2941 824/3730/820 2953/3731/2942
f 2551/3728/2540 4900/3727/4887 2953/3731/2942 689/3732/685
f 827/3733/823 2955/3734/2944 4901/3735/4888 2954/3736/2943
f 2955/3734/2944 693/3737/689 2556/3738/2545 4901/3735/4888
f 4901/3735/4888 2556/3738/2545 695/2582/691 2956/3739/2945
f 2954/3736/2943 4901/3735/4888 2956/3739/2945 828/3740/824
f 828/3740/824 2956/3739/2945 4902/3741/4889 2957/3742/2946
f 2956/3739/2945 695/2582/691 2555/3743/2544 4902/3741/4889
f 4902/3741/4889 2555/3743/2544 692/3744/688 2958/3745/2947
f 2957/3742/2946 4902/3741/4889 2958/3745/2947 826/3746/822
f 830/3747/826 2960/3748/2949 4903/3749/4890 2959/3750/2948
f 2960/3748/2949 697/3751/693 2561/3752/2550 4903/3749/4890
f 4903/3749/4890 2561/3752/2550 699/2597/695 2961/3753/2950
f 2959/3750/2948 4903/3749/4890 2961/3753/2950 831/3754/827
f 831/3754/827 2961/3753/2950 4904/3755/4891 2962/3756/2951
f 2961/3753/2950 699/2597/695 2560/3757/2549 4904/3755/4891
f 4904/3755/4891 2560/3757/2549 696/3758/692 2963/3759/2952
f 2962/3756/2951 4904/3755/4891 2963/3759/2952 829/3760/825
f 700/3761/696 2964/3762/2953 4905/3763/4892 2565/3764/2554
f 2964/3762/2953 836/3765/832 2965/3766/2954 4905/3763/4892
f 4905/3763/4892 2965/3766/2954 838/3767/834 2966/3768/2955
f 2565/3764/2554 4905/3763/4892 2966/3768/2955 703/2614/699
f 703/2614/699 2966/3768/2955 4906/3769/4893 2566/3770/2555
f 2966/3768/2955 838/3767/834 2967/3771/2956 4906/3769/4893
f 4906/3769/4893 2967/3771/2956 837/3772/833 2968/3773/2957
f 2566/3770/2555 4906/3769/4893 2968/3773/2957 701/3774/697
f 704/3490/700 2969/3775/2958 4907/3776/4894 2865/3491/2854
f 2969/3775/2958 844/3777/840 2666/3778/2655 4907/3776/4894
f 4907/3776/4894 2666/3778/2655 846/3779/842 2970/3780/2959
f 2865/3491/2854 4907/3776/4894 2970/3780/2959 706/3492/702
f 706/3492/702 2970/3780/2959 4908/3781/4895 2867/3496/2856
f 2970/3780/2959 846/3779/842 2665/3782/2654 4908/3781/4895
f 4908/3781/4895 2665/3782/2654 843/2915/839 2971/3783/2960
f 2867/3496/2856 4908/3781/4895 2971/3783/2960 705/3497/701
f 847/2929/843 2972/3784/2961 4909/3785/4896 2670/3786/2659
f 2972/3784/2961 708/3787/704 2571/3788/2560 4909/3785/4896
f 4909/3785/4896 2571/3788/2560 710/2632/706 2973/3789/2962
f 2670/3786/2659 4909/3785/4896 2973/3789/2962 850/3790/846
f 850/3790/846 2973/3789/2962 4910/3791/4897 2671/3792/2660
f 2973/3789/2962 710/2632/706 2570/3793/2559 4910/3791/4897
f 4910/3791/4897 2570/3793/2559 707/3794/703 2974/3795/2963
f 2671/3792/2660 4910/3791/4897 2974/3795/2963 848/3796/844
f 839/3797/835 2975/3798/2964 4911/3799/4898 2660/3800/2649
f 2975/3798/2964 1000/3801/996 2861/3802/2850 4911/3799/4898
f 4911/3799/4898 2861/3802/2850 1002/3803/998 2976/3804/2965
f 2660/3800/2649 4911/3799/4898 2976/3804/2965 842/2905/838
f 842/2905/838 2976/3804/2965 4912/3805/4899 2661/3806/2650
f 2976/3804/2965 1002/3803/998 2860/3807/2849 4912/3805/4899
f 4912/3805/4899 2860/3807/2849 999/3473/995 2977/3808/2966
f 2661/3806/2650 4912/3805/4899 2977/3808/2966 840/3809/836
f 711/3504/707 2978/3810/2967 4913/3811/4900 2870/3505/2859
f 2978/3810/2967 852/3812/848 2676/3813/2665 4913/3811/4900
f 4913/3811/4900 2676/3813/2665 854/3814/850 2979/3815/2968
f 2870/3505/2859 4913/3811/4900 2979/3815/2968 713/3506/709
f 713/3506/709 2979/3815/2968 4914/3816/4901 2872/3510/2861
f 2979/3815/2968 854/3814/850 2675/3817/2664 4914/3816/4901
f 4914/3816/4901 2675/3817/2664 851/2942/847 2980/3818/2969
f 2872/3510/2861 4914/3816/4901 2980/3818/2969 712/3511/708
f 855/2957/851 2981/3819/2970 4915/3820/4902 2680/3821/2669
f 2981/3819/2970 715/3514/711 2874/3517/2863 4915/3820/4902
f 4915/3820/4902 2874/3517/2863 716/3521/712 2982/3822/2971
f 2680/3821/2669 4915/3820/4902 2982/3822/2971 858/3823/854
f 858/3823/854 2982/3822/2971 4916/3824/4903 2681/3825/2670
f 2982/3822/2971 716/3521/712 2877/3523/2866 4916/3824/4903
f 4916/3824/4903 2877/3523/2866 714/3527/710 2983/3826/2972
f 2681/3825/2670 4916/3824/4903 2983/3826/2972 856/3827/852
f 859/2971/855 2984/3828/2973 4917/3829/4904 2685/3830/2674
f 2984/3828/2973 718/3528/714 2879/3531/2868 4917/3829/4904
f 4917/3829/4904 2879/3531/2868 719/3535/715 2985/3831/2974
f 2685/3830/2674 4917/3829/4904 2985/3831/2974 862/3832/858
f 862/3832/858 2985/3831/2974 4918/3833/4905 2686/3834/2675
f 2985/3831/2974 719/3535/715 2882/3537/2871 4918/3833/4905
f 4918/3833/4905 2882/3537/2871 717/3540/713 2986/3835/2975
f 2686/3834/2675 4918/3833/4905 2986/3835/2975 860/3836/856
f 863/2985/859 2987/3837/2976 4919/3838/4906 2690/3839/2679
f 2987/3837/2976 721/3840/717 2576/3841/2565 4919/3838/4906
f 4919/3838/4906 2576/3841/2565 723/2647/719 2988/3842/2977
f 2690/3839/2679 4919/3838/4906 2988/3842/2977 866/3843/862
f 866/3843/862 2988/3842/2977 4920/3844/4907 2691/3845/2680
f 2988/3842/2977 723/2647/719 2575/3846/2564 4920/3844/4907
f 4920/3844/4907 2575/3846/2564 720/3847/716 2989/3848/2978
f 2691/3845/2680 4920/3844/4907 2989/3848/2978 864/3849/860
f 724/3545/720 2990/3850/2979 4921/3851/4908 2885/3546/2874
f 2990/3850/2979 868/3852/864 2696/3853/2685 4921/3851/4908
f 4921/3851/4908 2696/3853/2685 870/3854/866 2991/3855/2980
f 2885/3546/2874 4921/3851/4908 2991/3855/2980 726/3547/722
f 726/3547/722 2991/3855/2980 4922/3856/4909 2887/3551/2876
f 2991/3855/2980 870/3854/866 2695/3857/2684 4922/3856/4909
f 4922/3856/4909 2695/3857/2684 867/2998/863 2992/3858/2981
f 2887/3551/2876 4922/3856/4909 2992/3858/2981 725/3552/721
f 871/3010/867 2993/3859/2982 4923/3860/4910 2700/3861/2689
f 2993/3859/2982 728/3555/724 2889/3558/2878 4923/3860/4910
f 4923/3860/4910 2889/3558/2878 729/3562/725 2994/3862/2983
f 2700/3861/2689 4923/3860/4910 2994/3862/2983 874/3863/870
f 874/3863/870 2994/3862/2983 4924/3864/4911 2701/3865/2690
f 2994/3862/2983 729/3562/725 2892/3564/2881 4924/3864/4911
f 4924/3864/4911 2892/3564/2881 727/3567/723 2995/3866/2984
f 2701/3865/2690 4924/3864/4911 2995/3866/2984 872/3867/868
f 875/3024/871 2996/3868/2985 4925/3869/4912 2705/3870/2694
f 2996/3868/2985 731/3871/727 2581/3872/2570 4925/3869/4912
f 4925/3869/4912 2581/3872/2570 733/2661/729 2997/3873/2986
f 2705/3870/2694 4925/3869/4912 2997/3873/2986 878/3874/874
f 878/3874/874 2997/3873/2986 4926/3875/4913 2706/3876/2695
f 2997/3873/2986 733/2661/729 2580/2663/2569 4926/3875/4913
f 4926/3875/4913 2580/2663/2569 730/3877/726 2998/3878/2987
f 2706/3876/2695 4926/3875/4913 2998/3878/2987 876/3879/872
f 734/3571/730 2999/3880/2988 4927/3881/4914 2895/3572/2884
f 2999/3880/2988 880/3882/876 2711/3883/2700 4927/3881/4914
f 4927/3881/4914 2711/3883/2700 882/3884/878 3000/3885/2989
f 2895/3572/2884 4927/3881/4914 3000/3885/2989 736/3573/732
f 736/3573/732 3000/3885/2989 4928/3886/4915 2897/3577/2886
f 3000/3885/2989 882/3884/878 2710/3887/2699 4928/3886/4915
f 4928/3886/4915 2710/3887/2699 879/3040/875 3001/3888/2990
f 2897/3577/2886 4928/3886/4915 3001/3888/2990 735/3578/731
f 883/3055/879 3002/3889/2991 4929/3890/4916 2715/3891/2704
f 3002/3889/2991 738/3892/734 2586/3893/2575 4929/3890/4916
f 4929/3890/4916 2586/3893/2575 740/2677/736 3003/3894/2992
f 2715/3891/2704 4929/3890/4916 3003/3894/2992 886/3895/882
f 886/3895/882 3003/3894/2992 4930/3896/4917 2716/3897/2705
f 3003/3894/2992 740/2677/736 2585/3898/2574 4930/3896/4917
f 4930/3896/4917 2585/3898/2574 737/3899/733 3004/3900/2993
f 2716/3897/2705 4930/3896/4917 3004/3900/2993 884/3901/880
f 741/3584/737 3005/3902/2994 4931/3903/4918 2900/3585/2889
f 3005/3902/2994 888/3904/884 2721/3905/2710 4931/3903/4918
f 4931/3903/4918 2721/3905/2710 890/3906/886 3006/3907/2995
f 2900/3585/2889 4931/3903/4918 3006/3907/2995 743/3586/739
f 743/3586/739 3006/3907/2995 4932/3908/4919 2902/3590/2891
f 3006/3907/2995 890/3906/886 2720/3909/2709 4932/3908/4919
f 4932/3908/4919 2720/3909/2709 887/3068/883 3007/3910/2996
f 2902/3590/2891 4932/3908/4919 3007/3910/2996 742/3591/738
f 891/3080/887 3008/3911/2997 4933/3912/4920 2725/3913/2714
f 3008/3911/2997 745/3594/741 2904/3597/2893 4933/3912/4920
f 4933/3912/4920 2904/3597/2893 746/3601/742 3009/3914/2998
f 2725/3913/2714 4933/3912/4920 3009/3914/2998 894/3915/890
f 894/3915/890 3009/3914/2998 4934/3916/4921 2726/3917/2715
f 3009/3914/2998 746/3601/742 2907/3603/2896 4934/3916/4921
f 4934/3916/4921 2907/3603/2896 744/3606/740 3010/3918/2999
f 2726/3917/2715 4934/3916/4921 3010/3918/2999 892/3919/888
f 747/3611/743 3011/3920/3000 4935/3921/4922 2910/3612/2899
f 3011/3920/3000 896/3922/892 2731/3923/2720 4935/3921/4922
f 4935/3921/4922 2731/3923/2720 898/3924/894 3012/3925/3001
f 2910/3612/2899 4935/3921/4922 3012/3925/3001 749/3613/745
f 749/3613/745 3012/3925/3001 4936/3926/4923 2912/3617/2901
f 3012/3925/3001 898/3924/894 2730/3927/2719 4936/3926/4923
f 4936/3926/4923 2730/3927/2719 895/3094/891 3013/3928/3002
f 2912/3617/2901 4936/3926/4923 3013/3928/3002 748/3618/744
f 899/3108/895 3014/3929/3003 4937/3930/4924 2735/3931/2724
f 3014/3929/3003 751/3932/747 2591/3933/2580 4937/3930/4924
f 4937/3930/4924 2591/3933/2580 753/2691/749 3015/3934/3004
f 2735/3931/2724 4937/3930/4924 3015/3934/3004 902/3935/898
f 902/3935/898 3015/3934/3004 4938/3936/4925 2736/3937/2725
f 3015/3934/3004 753/2691/749 2590/2693/2579 4938/3936/4925
f 4938/3936/4925 2590/2693/2579 750/3938/746 3016/3939/3005
f 2736/3937/2725 4938/3936/4925 3016/3939/3005 900/3940/896
f 754/3625/750 3017/3941/3006 4939/3942/4926 2915/3626/2904
f 3017/3941/3006 904/3134/900 2741/3136/2730 4939/3942/4926
f 4939/3942/4926 2741/3136/2730 906/3130/902 3018/3943/3007
f 2915/3626/2904 4939/3942/4926 3018/3943/3007 756/3627/752
f 756/3633/752 3018/3944/3007 4940/3945/4927 2917/3634/2906
f 3018/3944/3007 906/3946/902 2740/3947/2729 4940/3945/4927
f 4940/3945/4927 2740/3947/2729 903/3948/899 3019/3949/3008
f 2917/3634/2906 4940/3945/4927 3019/3949/3008 755/3635/751
f 907/3950/903 3020/3951/3009 4941/3952/4928 2745/3953/2734
f 3020/3951/3009 758/2714/754 2596/3954/2585 4941/3952/4928
f 4941/3952/4928 2596/3954/2585 760/3955/756 3021/3956/3010
f 2745/3953/2734 4941/3952/4928 3021/3956/3010 910/3142/906
f 910/3957/906 3021/3958/3010 4942/3959/4929 2746/3960/2735
f 3021/3958/3010 760/3961/756 2595/3962/2584 4942/3959/4929
f 4942/3959/4929 2595/3962/2584 757/3963/753 3022/3964/3011
f 2746/3960/2735 4942/3959/4929 3022/3964/3011 908/3965/904
f 911/3155/907 3023/3966/3012 4943/3967/4930 2750/3968/2739
f 3023/3966/3012 762/3638/758 2919/3641/2908 4943/3967/4930
f 4943/3967/4930 2919/3641/2908 763/3645/759 3024/3969/3013
f 2750/3968/2739 4943/3967/4930 3024/3969/3013 914/3970/910
f 914/3970/910 3024/3969/3013 4944/3971/4931 2751/3972/2740
f 3024/3969/3013 763/3645/759 2922/3647/2911 4944/3971/4931
f 4944/3971/4931 2922/3647/2911 761/3651/757 3025/3973/3014
f 2751/3972/2740 4944/3971/4931 3025/3973/3014 912/3974/908
f 764/3975/760 3026/3976/3015 4945/3977/4932 2600/3978/2589
f 3026/3976/3015 916/3979/912 2756/3980/2745 4945/3977/4932
f 4945/3977/4932 2756/3980/2745 918/3981/914 3027/3982/3016
f 2600/3978/2589 4945/3977/4932 3027/3982/3016 767/2722/763
f 767/2722/763 3027/3982/3016 4946/3983/4933 2601/3984/2590
f 3027/3982/3016 918/3981/914 2755/3985/2744 4946/3983/4933
f 4946/3983/4933 2755/3985/2744 915/3170/911 3028/3986/3017
f 2601/3984/2590 4946/3983/4933 3028/3986/3017 765/3987/761
f 919/3184/915 3029/3988/3018 4947/3989/4934 2760/3990/2749
f 3029/3988/3018 769/3991/765 2606/3992/2595 4947/3989/4934
f 4947/3989/4934 2606/3992/2595 771/2736/767 3030/3993/3019
f 2760/3990/2749 4947/3989/4934 3030/3993/3019 922/3994/918
f 922/3994/918 3030/3993/3019 4948/3995/4935 2761/3996/2750
f 3030/3993/3019 771/2736/767 2605/2733/2594 4948/3995/4935
f 4948/3995/4935 2605/2733/2594 768/3997/764 3031/3998/3020
f 2761/3996/2750 4948/3995/4935 3031/3998/3020 920/3999/916
f 772/4000/768 3032/4001/3021 4949/4002/4936 2610/4003/2599
f 3032/4001/3021 924/4004/920 2766/4005/2755 4949/4002/4936
f 4949/4002/4936 2766/4005/2755 926/4006/922 3033/4007/3022
f 2610/4003/2599 4949/4002/4936 3033/4007/3022 775/2751/771
f 775/2751/771 3033/4007/3022 4950/4008/4937 2611/4009/2600
f 3033/4007/3022 926/4006/922 2765/4010/2754 4950/4008/4937
f 4950/4008/4937 2765/4010/2754 923/3199/919 3034/4011/3023
f 2611/4009/2600 4950/4008/4937 3034/4011/3023 773/4012/769
f 927/3213/923 3035/4013/3024 4951/4014/4938 2770/4015/2759
f 3035/4013/3024 777/4016/773 2616/4017/2605 4951/4014/4938
f 4951/4014/4938 2616/4017/2605 779/2768/775 3036/4018/3025
f 2770/4015/2759 4951/4014/4938 3036/4018/3025 930/4019/926
f 930/4019/926 3036/4018/3025 4952/4020/4939 2771/4021/2760
f 3036/4018/3025 779/2768/775 2615/2770/2604 4952/4020/4939
f 4952/4020/4939 2615/2770/2604 776/4022/772 3037/4023/3026
f 2771/4021/2760 4952/4020/4939 3037/4023/3026 928/4024/924
f 780/3655/776 3038/4025/3027 4953/4026/4940 2925/3656/2914
f 3038/4025/3027 932/4027/928 2776/4028/2765 4953/4026/4940
f 4953/4026/4940 2776/4028/2765 934/4029/930 3039/4030/3028
f 2925/3656/2914 4953/4026/4940 3039/4030/3028 782/3657/778
f 782/3657/778 3039/4030/3028 4954/4031/4941 2927/3661/2916
f 3039/4030/3028 934/4029/930 2775/4032/2764 4954/4031/4941
f 4954/4031/4941 2775/4032/2764 931/3226/927 3040/4033/3029
f 2927/3661/2916 4954/4031/4941 3040/4033/3029 781/3662/777
f 935/3241/931 3041/4034/3030 4955/4035/4942 2780/4036/2769
f 3041/4034/3030 784/3665/780 2929/3668/2918 4955/4035/4942
f 4955/4035/4942 2929/3668/2918 785/3672/781 3042/4037/3031
f 2780/4036/2769 4955/4035/4942 3042/4037/3031 938/4038/934
f 938/4038/934 3042/4037/3031 4956/4039/4943 2781/4040/2770
f 3042/4037/3031 785/3672/781 2932/3674/2921 4956/4039/4943
f 4956/4039/4943 2932/3674/2921 783/3678/779 3043/4041/3032
f 2781/4040/2770 4956/4039/4943 3043/4041/3032 936/4042/932
f 786/3682/782 3044/4043/3033 4957/4044/4944 2935/3683/2924
f 3044/4043/3033 940/4045/936 2786/4046/2775 4957/4044/4944
f 4957/4044/4944 2786/4046/2775 942/4047/938 3045/4048/3034
f 2935/3683/2924 4957/4044/4944 3045/4048/3034 788/3684/784
f 788/3684/784 3045/4048/3034 4958/4049/4945 2937/3688/2926
f 3045/4048/3034 942/4047/938 2785/4050/2774 4958/4049/4945
f 4958/4049/4945 2785/4050/2774 939/3254/935 3046/4051/3035
f 2937/3688/2926 4958/4049/4945 3046/4051/3035 787/3689/783
f 943/3271/939 3047/4052/3036 4959/4053/4946 2790/4054/2779
f 3047/4052/3036 790/4055/786 2621/4056/2610 4959/4053/4946
f 4959/4053/4946 2621/4056/2610 792/2782/788 3048/4057/3037
f 2790/4054/2779 4959/4053/4946 3048/4057/3037 946/4058/942
f 946/4058/942 3048/4057/3037 4960/4059/4947 2791/4060/2780
f 3048/4057/3037 792/2782/788 2620/2784/2609 4960/4059/4947
f 4960/4059/4947 2620/2784/2609 789/2778/785 3049/4061/3038
f 2791/4060/2780 4960/4059/4947 3049/4061/3038 944/4062/940
f 947/3286/943 3050/4063/3039 4961/4064/4948 2795/4065/2784
f 3050/4063/3039 794/3692/790 2939/3695/2928 4961/4064/4948
f 4961/4064/4948 2939/3695/2928 795/3699/791 3051/4066/3040
f 2795/4065/2784 4961/4064/4948 3051/4066/3040 950/4067/946
f 950/4067/946 3051/4066/3040 4962/4068/4949 2796/4069/2785
f 3051/4066/3040 795/3699/791 2942/3701/2931 4962/4068/4949
f 4962/4068/4949 2942/3701/2931 793/3705/789 3052/4070/3041
f 2796/4069/2785 4962/4068/4949 3052/4070/3041 948/4071/944
f 951/3300/947 3053/4072/3042 4963/4073/4950 2800/4074/2789
f 3053/4072/3042 797/4075/793 2626/4076/2615 4963/4073/4950
f 4963/4073/4950 2626/4076/2615 799/2797/795 3054/4077/3043
f 2800/4074/2789 4963/4073/4950 3054/4077/3043 954/4078/950
f 954/4078/950 3054/4077/3043 4964/4079/4951 2801/4080/2790
f 3054/4077/3043 799/2797/795 2625/2794/2614 4964/4079/4951
f 4964/4079/4951 2625/2794/2614 796/4081/792 3055/4082/3044
f 2801/4080/2790 4964/4079/4951 3055/4082/3044 952/4083/948
f 955/3315/951 3056/4084/3045 4965/4085/4952 2805/4086/2794
f 3056/4084/3045 801/4087/797 2631/4088/2620 4965/4085/4952
f 4965/4085/4952 2631/4088/2620 803/2811/799 3057/4089/3046
f 2805/4086/2794 4965/4085/4952 3057/4089/3046 958/4090/954
f 958/4090/954 3057/4089/3046 4966/4091/4953 2806/4092/2795
f 3057/4089/3046 803/2811/799 2630/4093/2619 4966/4091/4953
f 4966/4091/4953 2630/4093/2619 800/4094/796 3058/4095/3047
f 2806/4092/2795 4966/4091/4953 3058/4095/3047 956/4096/952
f 804/3710/800 3059/4097/3048 4967/4098/4954 2945/3711/2934
f 3059/4097/3048 960/4099/956 2811/4100/2800 4967/4098/4954
f 4967/4098/4954 2811/4100/2800 962/4101/958 3060/4102/3049
f 2945/3711/2934 4967/4098/4954 3060/4102/3049 806/3712/802
f 806/3712/802 3060/4102/3049 4968/4103/4955 2947/3716/2936
f 3060/4102/3049 962/4101/958 2810/4104/2799 4968/4103/4955
f 4968/4103/4955 2810/4104/2799 959/3329/955 3061/4105/3050
f 2947/3716/2936 4968/4103/4955 3061/4105/3050 805/3717/801
f 807/2824/803 3062/4106/3051 4969/4107/4956 2635/4108/2624
f 3062/4106/3051 964/4109/960 2816/4110/2805 4969/4107/4956
f 4969/4107/4956 2816/4110/2805 966/4111/962 3063/4112/3052
f 2635/4108/2624 4969/4107/4956 3063/4112/3052 810/2828/806
f 810/2828/806 3063/4112/3052 4970/4113/4957 2636/4114/2625
f 3063/4112/3052 966/4111/962 2815/4115/2804 4970/4113/4957
f 4970/4113/4957 2815/4115/2804 963/3342/959 3064/4116/3053
f 2636/4114/2625 4970/4113/4957 3064/4116/3053 808/4117/804
f 967/3357/963 3065/4118/3054 4971/4119/4958 2820/4120/2809
f 3065/4118/3054 812/4121/808 2641/4122/2630 4971/4119/4958
f 4971/4119/4958 2641/4122/2630 814/2843/810 3066/4123/3055
f 2820/4120/2809 4971/4119/4958 3066/4123/3055 970/4124/966
f 970/4124/966 3066/4123/3055 4972/4125/4959 2821/4126/2810
f 3066/4123/3055 814/2843/810 2640/2845/2629 4972/4125/4959
f 4972/4125/4959 2640/2845/2629 811/4127/807 3067/4128/3056
f 2821/4126/2810 4972/4125/4959 3067/4128/3056 968/4129/964
f 815/4130/811 3068/4131/3057 4973/4132/4960 2645/2860/2634
f 3068/4131/3057 972/4133/968 2826/4134/2815 4973/4132/4960
f 4973/4132/4960 2826/4134/2815 974/4135/970 3069/4136/3058
f 2645/2860/2634 4973/4132/4960 3069/4136/3058 818/2858/814
f 818/2858/814 3069/4136/3058 4974/4137/4961 2646/4138/2635
f 3069/4136/3058 974/4135/970 2825/4139/2814 4974/4137/4961
f 4974/4137/4961 2825/4139/2814 971/3370/967 3070/4140/3059
f 2646/4138/2635 4974/4137/4961 3070/4140/3059 816/4141/812
f 975/3383/971 3071/4142/3060 4975/4143/4962 2830/4144/2819
f 3071/4142/3060 820/4145/816 2651/4146/2640 4975/4143/4962
f 4975/4143/4962 2651/4146/2640 822/2874/818 3072/4147/3061
f 2830/4144/2819 4975/4143/4962 3072/4147/3061 978/4148/974
f 978/4148/974 3072/4147/3061 4976/4149/4963 2831/4150/2820
f 3072/4147/3061 822/2874/818 2650/4151/2639 4976/4149/4963
f 4976/4149/4963 2650/4151/2639 819/4152/815 3073/4153/3062
f 2831/4150/2820 4976/4149/4963 3073/4153/3062 976/4154/972
f 823/3723/819 3074/4155/3063 4977/4156/4964 2950/3724/2939
f 3074/4155/3063 980/4157/976 2836/4158/2825 4977/4156/4964
f 4977/4156/4964 2836/4158/2825 982/4159/978 3075/4160/3064
f 2950/3724/2939 4977/4156/4964 3075/4160/3064 825/3725/821
f 825/3725/821 3075/4160/3064 4978/4161/4965 2952/3729/2941
f 3075/4160/3064 982/4159/978 2835/4162/2824 4978/4161/4965
f 4978/4161/4965 2835/4162/2824 979/3396/975 3076/4163/3065
f 2952/3729/2941 4978/4161/4965 3076/4163/3065 824/3730/820
f 983/3411/979 3077/4164/3066 4979/4165/4966 2840/4166/2829
f 3077/4164/3066 827/3733/823 2954/3736/2943 4979/4165/4966
f 4979/4165/4966 2954/3736/2943 828/3740/824 3078/4167/3067
f 2840/4166/2829 4979/4165/4966 3078/4167/3067 986/4168/982
f 986/4168/982 3078/4167/3067 4980/4169/4967 2841/4170/2830
f 3078/4167/3067 828/3740/824 2957/3742/2946 4980/4169/4967
f 4980/4169/4967 2957/3742/2946 826/3746/822 3079/4171/3068
f 2841/4170/2830 4980/4169/4967 3079/4171/3068 984/4172/980
f 987/3427/983 3080/4173/3069 4981/4174/4968 2845/4175/2834
f 3080/4173/3069 830/3747/826 2959/3750/2948 4981/4174/4968
f 4981/4174/4968 2959/3750/2948 831/3754/827 3081/4176/3070
f 2845/4175/2834 4981/4174/4968 3081/4176/3070 990/4177/986
f 990/4177/986 3081/4176/3070 4982/4178/4969 2846/4179/2835
f 3081/4176/3070 831/3754/827 2962/3756/2951 4982/4178/4969
f 4982/4178/4969 2962/3756/2951 829/3760/825 3082/4180/3071
f 2846/4179/2835 4982/4178/4969 3082/4180/3071 988/4181/984
f 991/3442/987 3083/4182/3072 4983/4183/4970 2850/4184/2839
f 3083/4182/3072 833/4185/829 2656/4186/2645 4983/4183/4970
f 4983/4183/4970 2656/4186/2645 835/2888/831 3084/4187/3073
f 2850/4184/2839 4983/4183/4970 3084/4187/3073 994/4188/990
f 994/4188/990 3084/4187/3073 4984/4189/4971 2851/4190/2840
f 3084/4187/3073 835/2888/831 2655/2885/2644 4984/4189/4971
f 4984/4189/4971 2655/2885/2644 832/4191/828 3085/4192/3074
f 2851/4190/2840 4984/4189/4971 3085/4192/3074 992/4193/988
f 836/3765/832 3086/4194/3075 4985/4195/4972 2965/3766/2954
f 3086/4194/3075 996/4196/992 2856/4197/2845 4985/4195/4972
f 4985/4195/4972 2856/4197/2845 998/4198/994 3087/4199/3076
f 2965/3766/2954 4985/4195/4972 3087/4199/3076 838/3767/834
f 838/3767/834 3087/4199/3076 4986/4200/4973 2967/3771/2956
f 3087/4199/3076 998/4198/994 2855/4201/2844 4986/4200/4973
f 4986/4200/4973 2855/4201/2844 995/3456/991 3088/4202/3077
f 2967/3771/2956 4986/4200/4973 3088/4202/3077 837/3772/833
f 9/4203/9 1457/4204/1446 4987/4205/4974 1458/4206/1447
f 19/49/19 3089/4207/3078 4987/4205/4974 1457/4208/1446
f 622/2304/618 2467/4209/2456 4987/4205/4974 3089/4210/3078
f 621/3499/617 3090/4211/3079 4987/4205/4974 2467/4209/2456
f 10/4212/10 1458/4213/1447 4987/4205/4974 3090/4211/3079
f 10/1292/10 3090/4214/3079 4988/4215/4975 2041/1296/2030
f 3090/4214/3079 621/3499/617 2868/4216/2857 4988/4215/4975
f 4988/4215/4975 2868/4216/2857 705/4217/701 3091/4218/3080
f 2041/1296/2030 4988/4215/4975 3091/4218/3080 381/1297/377
f 626/2319/622 2472/4219/2461 4989/4220/4976 3092/4221/3081
f 625/3518/621 3093/4222/3082 4989/4220/4976 2472/4219/2461
f 28/4223/28 1465/4224/1454 4989/4220/4976 3093/4225/3082
f 29/4226/29 1466/4227/1455 4989/4220/4976 1465/4224/1454
f 20/4228/20 3092/4229/3081 4989/4220/4976 1466/4230/1455
f 715/4231/711 3094/4232/3083 4990/4233/4977 2875/4234/2864
f 3094/4232/3083 383/1306/379 2044/1309/2033 4990/4233/4977
f 4990/4233/4977 2044/1309/2033 28/99/28 3093/4235/3082
f 2875/4234/2864 4990/4233/4977 3093/4235/3082 625/3518/621
f 27/4236/27 1479/4237/1468 4991/4238/4978 3095/4239/3084
f 36/4240/36 1480/4241/1469 4991/4238/4978 1479/4242/1468
f 37/4243/37 3096/4244/3085 4991/4238/4978 1480/4245/1469
f 628/4246/624 2474/4247/2463 4991/4238/4978 3096/4244/3085
f 630/2335/626 3095/4248/3084 4991/4238/4978 2474/4249/2463
f 628/3500/624 3096/4250/3085 4992/4251/4979 2869/4252/2858
f 3096/4250/3085 37/142/37 2043/1301/2032 4992/4251/4979
f 4992/4251/4979 2043/1301/2032 382/1305/378 3097/4253/3086
f 2869/4252/2858 4992/4251/4979 3097/4253/3086 711/3504/707
f 387/4254/383 3098/4255/3087 4993/4256/4980 2048/4257/2037
f 3098/4255/3087 717/4258/713 2883/4259/2872 4993/4256/4980
f 4993/4256/4980 2883/4259/2872 632/4260/628 3099/4261/3088
f 2048/4257/2037 4993/4256/4980 3099/4261/3088 48/4262/48
f 48/4263/48 3099/4261/3088 4994/4264/4981 1499/4265/1488
f 632/2343/628 2479/4266/2468 4994/4264/4981 3099/4261/3088
f 634/2350/630 3100/4267/3089 4994/4264/4981 2479/2351/2468
f 58/4268/58 1507/4269/1496 4994/4264/4981 3100/4267/3089
f 49/4270/49 1499/4271/1488 4994/4264/4981 1507/4272/1496
f 634/2350/630 2482/4273/2471 4995/4274/4982 3100/4275/3089
f 633/3532/629 3101/4276/3090 4995/4274/4982 2482/4277/2471
f 67/4278/67 1523/4279/1512 4995/4274/4982 3101/4280/3090
f 68/4281/68 1524/194/1513 4995/4274/4982 1523/4282/1512
f 58/4268/58 3100/4267/3089 4995/4274/4982 1524/4283/1513
f 718/4284/714 3102/4285/3091 4996/4286/4983 2880/4287/2869
f 3102/4285/3091 390/4288/386 2051/4289/2040 4996/4286/4983
f 4996/4286/4983 2051/4289/2040 67/228/67 3101/4290/3090
f 2880/4287/2869 4996/4286/4983 3101/4290/3090 633/3532/629
f 105/318/105 1595/4291/1584 4997/4292/4984 3103/4293/3092
f 113/4294/113 1596/4295/1585 4997/4292/4984 1595/4291/1584
f 114/4296/114 3104/4297/3093 4997/4292/4984 1596/4298/1585
f 636/4299/632 2484/2364/2473 4997/4292/4984 3104/4297/3093
f 638/2368/634 3103/4293/3092 4997/4292/4984 2484/4300/2473
f 95/4301/95 1581/4302/1570 4998/4303/4985 1565/4304/1554
f 105/4305/105 3103/4293/3092 4998/4303/4985 1581/4306/1570
f 638/2368/634 2487/4307/2476 4998/4303/4985 3103/4308/3092
f 637/3554/633 3105/4309/3094 4998/4303/4985 2487/4307/2476
f 96/4310/96 1565/4311/1554 4998/4303/4985 3105/4312/3094
f 636/4313/632 3104/4314/3093 4999/4315/4986 2884/4316/2873
f 3104/4314/3093 114/388/114 2056/1333/2045 4999/4315/4986
f 4999/4315/4986 2056/1333/2045 395/1337/391 3106/4317/3095
f 2884/4316/2873 4999/4315/4986 3106/4317/3095 724/3545/720
f 96/4310/96 3105/4318/3094 5000/4319/4987 2053/4320/2042
f 3105/4318/3094 637/3554/633 2888/3553/2877 5000/4319/4987
f 5000/4319/4987 2888/3553/2877 725/4321/721 3107/4322/3096
f 2053/4320/2042 5000/4319/4987 3107/4322/3096 392/4323/388
f 394/1330/390 3108/4324/3097 5001/4325/4988 2055/1331/2044
f 3108/4324/3097 727/3567/723 2893/3566/2882 5001/4325/4988
f 5001/4325/4988 2893/3566/2882 640/4326/636 3109/4327/3098
f 2055/1331/2044 5001/4325/4988 3109/4327/3098 97/272/97
f 97/4328/97 3109/4327/3098 5002/4329/4989 1567/4330/1556
f 640/2377/636 2489/4331/2478 5002/4329/4989 3109/4327/3098
f 642/2384/638 3110/4332/3099 5002/4329/4989 2489/2380/2478
f 106/4333/106 1582/4334/1571 5002/4329/4989 3110/4335/3099
f 98/4336/98 1567/4337/1556 5002/4329/4989 1582/4334/1571
f 642/2384/638 2492/4338/2481 5003/4339/4990 3110/4340/3099
f 641/3559/637 3111/4341/3100 5003/4339/4990 2492/4338/2481
f 115/4342/115 1597/4343/1586 5003/4339/4990 3111/4344/3100
f 116/4345/116 1598/4346/1587 5003/4339/4990 1597/392/1586
f 106/4333/106 3110/4335/3099 5003/4339/4990 1598/4347/1587
f 728/4348/724 3112/4349/3101 5004/4350/4991 2890/4351/2879
f 3112/4349/3101 397/4352/393 2058/4353/2047 5004/4350/4991
f 5004/4350/4991 2058/4353/2047 115/389/115 3111/4341/3100
f 2890/4351/2879 5004/4350/4991 3111/4341/3100 641/3559/637
f 143/484/142 1654/4354/1643 5005/4355/4992 3113/4356/3102
f 152/4357/151 1655/4358/1644 5005/4355/4992 1654/4359/1643
f 153/4360/152 3114/4361/3103 5005/4355/4992 1655/4362/1644
f 644/4363/640 2494/4364/2483 5005/4355/4992 3114/4365/3103
f 646/2400/642 3113/4366/3102 5005/4355/4992 2494/4367/2483
f 644/4368/640 3114/4369/3103 5006/4370/4993 2894/4371/2883
f 3114/4369/3103 153/4372/152 2061/4373/2050 5006/4370/4993
f 5006/4370/4993 2061/4373/2050 400/4374/396 3115/4375/3104
f 2894/4371/2883 5006/4370/4993 3115/4375/3104 734/4376/730
f 739/2679/735 2587/4377/2576 5007/4378/4994 3116/4379/3105
f 738/3892/734 3117/4380/3106 5007/4378/4994 2587/4377/2576
f 744/3606/740 2908/4381/2897 5007/4378/4994 3117/4382/3106
f 648/4383/644 3118/4384/3107 5007/4378/4994 2908/4385/2897
f 144/4386/143 3116/4379/3105 5007/4378/4994 3118/4387/3107
f 144/4386/143 3118/4388/3107 5008/4389/4995 1640/4390/1629
f 648/4391/644 2499/4392/2488 5008/4389/4995 3118/4384/3107
f 650/2415/646 3119/4393/3108 5008/4389/4995 2499/4394/2488
f 154/4395/153 1656/4396/1645 5008/4389/4995 3119/4397/3108
f 145/4398/144 1640/4399/1629 5008/4389/4995 1656/4400/1645
f 650/2415/646 2502/4401/2491 5009/4402/4996 3119/4403/3108
f 649/3598/645 3120/4404/3109 5009/4402/4996 2502/4401/2491
f 162/4405/161 1670/4406/1659 5009/4402/4996 3120/4407/3109
f 163/519/162 1671/517/1660 5009/4402/4996 1670/4408/1659
f 154/4409/153 3119/4397/3108 5009/4402/4996 1671/4410/1660
f 745/3594/741 3121/4411/3110 5010/4412/4997 2905/4413/2894
f 3121/4411/3110 402/4414/398 2063/4415/2052 5010/4412/4997
f 5010/4412/4997 2063/4415/2052 162/549/161 3120/4416/3109
f 2905/4413/2894 5010/4412/4997 3120/4416/3109 649/3598/645
f 161/515/160 1684/4417/1673 5011/4418/4998 3122/4419/3111
f 170/547/168 1685/4420/1674 5011/4418/4998 1684/4421/1673
f 171/4422/169 3123/4423/3112 5011/4418/4998 1685/4424/1674
f 652/4425/648 2504/2427/2493 5011/4418/4998 3123/4423/3112
f 654/2431/650 3122/4419/3111 5011/4418/4998 2504/4426/2493
f 152/4427/151 1669/4428/1658 5012/4429/4999 1655/4430/1644
f 161/515/160 3122/4419/3111 5012/4429/4999 1669/4431/1658
f 654/2431/650 2507/4432/2496 5012/4429/4999 3122/4433/3111
f 653/3593/649 3124/4434/3113 5012/4429/4999 2507/4432/2496
f 153/4435/152 1655/4430/1644 5012/4429/4999 3124/4436/3113
f 652/4437/648 3123/4438/3112 5013/4439/5000 2899/4440/2888
f 3123/4438/3112 171/4441/169 2062/4442/2051 5013/4439/5000
f 5013/4439/5000 2062/4442/2051 401/4443/397 3125/4444/3114
f 2899/4440/2888 5013/4439/5000 3125/4444/3114 741/4445/737
f 153/4372/152 3124/4434/3113 5014/4446/5001 2061/4373/2050
f 3124/4434/3113 653/3593/649 2903/4447/2892 5014/4446/5001
f 5014/4446/5001 2903/4447/2892 742/3591/738 3126/4448/3115
f 2061/4373/2050 5014/4446/5001 3126/4448/3115 400/4374/396
f 170/4449/168 1701/4450/1690 5015/4451/5002 1685/4420/1674
f 180/4452/178 3127/4453/3116 5015/4451/5002 1701/4454/1690
f 658/2446/654 2512/4455/2501 5015/4451/5002 3127/4456/3116
f 657/3620/653 3128/4457/3117 5015/4451/5002 2512/4455/2501
f 171/4458/169 1685/4459/1674 5015/4451/5002 3128/4460/3117
f 171/4441/169 3128/4461/3117 5016/4462/5003 2062/4442/2051
f 3128/4461/3117 657/3620/653 2913/4463/2902 5016/4462/5003
f 5016/4462/5003 2913/4463/2902 748/4464/744 3129/4465/3118
f 2062/4442/2051 5016/4462/5003 3129/4465/3118 401/4443/397
f 189/627/187 1722/4466/1711 5017/4467/5004 3130/4468/3119
f 197/4469/195 1723/4470/1712 5017/4467/5004 1722/626/1711
f 198/4471/196 3131/4472/3120 5017/4467/5004 1723/4473/1712
f 660/3621/656 2514/4474/2503 5017/4467/5004 3131/4472/3120
f 662/2462/658 3130/4475/3119 5017/4467/5004 2514/4474/2503
f 660/4476/656 3131/4477/3120 5018/4478/5005 2914/4479/2903
f 3131/4477/3120 198/667/196 2064/4480/2053 5018/4478/5005
f 5018/4478/5005 2064/4480/2053 403/4481/399 3132/4482/3121
f 2914/4479/2903 5018/4478/5005 3132/4482/3121 754/4483/750
f 759/2709/755 2597/2715/2586 5019/4484/5006 3133/4485/3122
f 758/2714/754 3134/4486/3123 5019/4484/5006 2597/4487/2586
f 761/4488/757 2923/4489/2912 5019/4484/5006 3134/4490/3123
f 664/2469/660 3135/4491/3124 5019/4484/5006 2923/4492/2912
f 181/4493/179 3133/4485/3122 5019/4484/5006 3135/4494/3124
f 181/4493/179 3135/4494/3124 5020/4495/5007 1702/4496/1691
f 664/4497/660 2519/2472/2508 5020/4495/5007 3135/4498/3124
f 666/2475/662 3136/4499/3125 5020/4495/5007 2519/4500/2508
f 190/4501/188 1709/4502/1698 5020/4495/5007 3136/4503/3125
f 182/586/180 1702/4496/1691 5020/4495/5007 1709/4504/1698
f 666/2475/662 2522/4505/2511 5021/4506/5008 3136/4499/3125
f 665/3642/661 3137/4507/3126 5021/4506/5008 2522/4508/2511
f 199/668/197 1724/671/1713 5021/4506/5008 3137/4509/3126
f 200/4510/198 1725/4511/1714 5021/4506/5008 1724/4512/1713
f 190/4513/188 3136/4514/3125 5021/4506/5008 1725/4515/1714
f 762/3638/758 3138/4516/3127 5022/4517/5009 2920/4518/2909
f 768/4519/764 2604/4520/2593 5022/4517/5009 3138/4521/3127
f 770/2739/766 3139/4522/3128 5022/4517/5009 2604/4523/2593
f 199/668/197 3137/4507/3126 5022/4517/5009 3139/4524/3128
f 665/3642/661 2920/3639/2909 5022/4517/5009 3137/4507/3126
f 778/2771/774 2617/4525/2606 5023/4526/5010 3140/4527/3129
f 777/4016/773 3141/4528/3130 5023/4526/5010 2617/4529/2606
f 783/4530/779 2933/3677/2922 5023/4526/5010 3141/4531/3130
f 668/3676/664 3142/4532/3131 5023/4526/5010 2933/4533/2922
f 219/4534/217 3140/4535/3129 5023/4526/5010 3142/4536/3131
f 219/4534/217 3142/4537/3131 5024/4538/5011 1760/4539/1749
f 668/4540/664 2524/4541/2513 5024/4538/5011 3142/4532/3131
f 670/2491/666 3143/4542/3132 5024/4538/5011 2524/4543/2513
f 229/4544/227 1777/4545/1766 5024/4538/5011 3143/4546/3132
f 220/4547/218 1760/4548/1749 5024/4538/5011 1777/4545/1766
f 227/4549/225 1790/4550/1779 5025/4551/5012 1775/4552/1764
f 236/4553/234 3144/4554/3133 5025/4551/5012 1790/4555/1779
f 674/2506/670 2532/4556/2521 5025/4551/5012 3144/4557/3133
f 673/3664/669 3145/4558/3134 5025/4551/5012 2532/4556/2521
f 228/4559/226 1775/4560/1764 5025/4551/5012 3145/4561/3134
f 228/4562/226 3145/4561/3134 5026/4563/5013 3146/4564/3135
f 673/3664/669 2928/4565/2917 5026/4563/5013 3145/4566/3134
f 781/4567/777 3147/4568/3136 5026/4563/5013 2928/3663/2917
f 772/4000/768 2609/2750/2598 5026/4563/5013 3147/4569/3136
f 774/2754/770 3146/4570/3135 5026/4563/5013 2609/2750/2598
f 245/4571/243 1811/4572/1800 5027/4573/5014 3148/4574/3137
f 253/4575/251 1812/4576/1801 5027/4573/5014 1811/4572/1800
f 254/4577/252 3149/4578/3138 5027/4573/5014 1812/4579/1801
f 676/4580/672 2534/4581/2523 5027/4573/5014 3149/4578/3138
f 678/2522/674 3148/4582/3137 5027/4573/5014 2534/4583/2523
f 676/3679/672 3149/4584/3138 5028/4585/5015 2934/4586/2923
f 3149/4584/3138 254/868/252 2067/1345/2056 5028/4585/5015
f 5028/4585/5015 2067/1345/2056 406/1349/402 3150/4587/3139
f 2934/4586/2923 5028/4585/5015 3150/4587/3139 786/3682/782
f 791/2785/787 2622/4588/2611 5029/4589/5016 3151/4590/3140
f 790/4055/786 3152/4591/3141 5029/4589/5016 2622/4592/2611
f 793/4593/789 2943/4594/2932 5029/4589/5016 3152/4595/3141
f 680/4596/676 3153/4597/3142 5029/4589/5016 2943/4598/2932
f 237/4599/235 3151/4600/3140 5029/4589/5016 3153/4601/3142
f 237/4602/235 3153/4603/3142 5030/4604/5017 1791/4605/1780
f 680/4606/676 2539/4607/2528 5030/4604/5017 3153/4608/3142
f 682/2537/678 3154/4609/3143 5030/4604/5017 2539/4610/2528
f 246/4611/244 1798/4612/1787 5030/4604/5017 3154/4609/3143
f 238/4613/236 1791/4614/1780 5030/4604/5017 1798/4615/1787
f 682/2537/678 2542/4616/2531 5031/4617/5018 3154/4618/3143
f 681/3696/677 3155/4619/3144 5031/4617/5018 2542/4620/2531
f 255/4621/253 1813/4622/1802 5031/4617/5018 3155/4619/3144
f 256/833/254 1814/831/1803 5031/4617/5018 1813/4623/1802
f 246/4611/244 3154/4609/3143 5031/4617/5018 1814/4624/1803
f 794/3692/790 3156/4625/3145 5032/4626/5019 2940/3693/2929
f 796/4627/792 2624/4628/2613 5032/4626/5019 3156/4629/3145
f 798/2800/794 3157/4630/3146 5032/4626/5019 2624/4628/2613
f 255/4631/253 3155/4619/3144 5032/4626/5019 3157/4632/3146
f 681/3696/677 2940/4633/2929 5032/4626/5019 3155/4619/3144
f 283/4634/281 1879/4635/1868 5033/4636/5020 3158/4637/3147
f 292/4638/289 1880/4639/1869 5033/4636/5020 1879/4635/1868
f 293/4640/290 3159/4641/3148 5033/4636/5020 1880/4642/1869
f 684/4643/680 2544/4644/2533 5033/4636/5020 3159/4641/3148
f 686/2553/682 3158/4637/3147 5033/4636/5020 2544/4645/2533
f 273/4646/271 1863/4647/1852 5034/4648/5021 1846/4649/1835
f 283/4634/281 3158/4637/3147 5034/4648/5021 1863/4650/1852
f 686/2553/682 2547/4651/2536 5034/4648/5021 3158/4637/3147
f 685/3719/681 3160/4652/3149 5034/4648/5021 2547/4651/2536
f 274/4653/272 1846/4649/1835 5034/4648/5021 3160/4654/3149
f 684/3706/680 3159/4655/3148 5035/4656/5022 2944/3707/2933
f 293/4657/290 3161/4658/3150 5035/4656/5022 3159/4641/3148
f 809/2831/805 2637/4659/2626 5035/4656/5022 3161/4660/3150
f 808/4117/804 3162/4661/3151 5035/4656/5022 2637/4662/2626
f 804/4663/800 2944/4664/2933 5035/4656/5022 3162/4661/3151
f 274/907/272 3160/4665/3149 5036/4666/5023 2069/1351/2058
f 3160/4665/3149 685/3719/681 2948/3718/2937 5036/4666/5023
f 5036/4666/5023 2948/3718/2937 805/4667/801 3163/4668/3152
f 2069/1351/2058 5036/4666/5023 3163/4668/3152 408/1352/404
f 312/4669/309 1919/4670/1908 5037/4671/5024 3164/4672/3153
f 320/4673/317 1920/4674/1909 5037/4671/5024 1919/4670/1908
f 321/4675/318 3165/4676/3154 5037/4671/5024 1920/4677/1909
f 688/3720/684 2549/4678/2538 5037/4671/5024 3165/4676/3154
f 690/2570/686 3164/4679/3153 5037/4671/5024 2549/4680/2538
f 688/4681/684 3165/4682/3154 5038/4683/5025 2949/4684/2938
f 3165/4682/3154 321/1100/318 2072/1355/2061 5038/4683/5025
f 5038/4683/5025 2072/1355/2061 411/1359/407 3166/4685/3155
f 2949/4684/2938 5038/4683/5025 3166/4685/3155 823/4686/819
f 410/4687/406 3167/4688/3156 5039/4689/5026 2071/4690/2060
f 3167/4688/3156 826/3746/822 2958/4691/2947 5039/4689/5026
f 5039/4689/5026 2958/4691/2947 692/4692/688 3168/4693/3157
f 2071/4690/2060 5039/4689/5026 3168/4693/3157 304/4694/301
f 304/4695/301 3168/4696/3157 5040/4697/5027 1899/4698/1888
f 692/2578/688 2554/4699/2543 5040/4697/5027 3168/4693/3157
f 694/2585/690 3169/4700/3158 5040/4697/5027 2554/2586/2543
f 313/4701/310 1906/4702/1895 5040/4697/5027 3169/4700/3158
f 305/4703/302 1899/4704/1888 5040/4697/5027 1906/4705/1895
f 694/2585/690 2557/4706/2546 5041/4707/5028 3169/4700/3158
f 693/3737/689 3170/4708/3159 5041/4707/5028 2557/4706/2546
f 696/4709/692 2559/2596/2548 5041/4707/5028 3170/4710/3159
f 698/2600/694 3171/4711/3160 5041/4707/5028 2559/2601/2548
f 322/4712/319 1921/1064/1910 5041/4707/5028 3171/4713/3160
f 313/4714/310 3169/4715/3158 5041/4707/5028 1921/4716/1910
f 827/3733/823 3172/4717/3161 5042/4718/5029 2955/3734/2944
f 3172/4717/3161 829/4719/825 2963/4720/2952 5042/4718/5029
f 5042/4718/5029 2963/4720/2952 696/2593/692 3170/4710/3159
f 2955/3734/2944 5042/4718/5029 3170/4710/3159 693/3737/689
f 698/2600/694 2562/4721/2551 5043/4722/5030 3171/4723/3160
f 697/3751/693 3173/4724/3162 5043/4722/5030 2562/4725/2551
f 331/4726/328 1937/4727/1926 5043/4722/5030 3173/4728/3162
f 332/4729/329 1938/4730/1927 5043/4722/5030 1937/4731/1926
f 322/4732/319 3171/4733/3160 5043/4722/5030 1938/4730/1927
f 830/4734/826 3174/4735/3163 5044/4736/5031 2960/4737/2949
f 3174/4735/3163 414/4738/410 2075/4739/2064 5044/4736/5031
f 5044/4736/5031 2075/4739/2064 331/1139/328 3173/4740/3162
f 2960/4737/2949 5044/4736/5031 3173/4740/3162 697/3751/693
f 359/1230/355 1994/4741/1983 5045/4742/5032 3175/4743/3164
f 368/4744/364 1995/4745/1984 5045/4742/5032 1994/4746/1983
f 369/4747/365 3176/4748/3165 5045/4742/5032 1995/4749/1984
f 700/4750/696 2564/4751/2553 5045/4742/5032 3176/4752/3165
f 702/2617/698 3175/4743/3164 5045/4742/5032 2564/4753/2553
f 700/3761/696 3176/4754/3165 5046/4755/5033 2964/4756/2953
f 3176/4754/3165 369/1272/365 2078/1377/2067 5046/4755/5033
f 5046/4755/5033 2078/1377/2067 417/1379/413 3177/4757/3166
f 2964/4756/2953 5046/4755/5033 3177/4757/3166 836/3765/832
f 381/1297/377 3091/4218/3080 5047/4758/5034 2424/4759/2413
f 3091/4218/3080 705/4217/701 2971/4760/2960 5047/4758/5034
f 5047/4758/5034 2971/4760/2960 843/2915/839 3178/4761/3167
f 2424/4759/2413 5047/4758/5034 3178/4761/3167 541/2211/537
f 540/4762/536 3179/4763/3168 5048/4764/5035 2426/4765/2415
f 3179/4763/3168 848/3796/844 2974/3795/2963 5048/4764/5035
f 5048/4764/5035 2974/3795/2963 707/4766/703 3180/4767/3169
f 2426/4765/2415 5048/4764/5035 3180/4767/3169 380/4768/376
f 380/4769/376 3180/4770/3169 5049/4771/5036 2040/4772/2029
f 707/4773/703 2569/4774/2558 5049/4771/5036 3180/4775/3169
f 709/2635/705 3181/4776/3170 5049/4771/5036 2569/4774/2558
f 11/5/11 1435/4777/1424 5049/4771/5036 3181/4778/3170
f 1/1/1 2040/4772/2029 5049/4771/5036 1435/4777/1424
f 711/3504/707 3097/4253/3086 5050/4779/5037 2978/4780/2967
f 3097/4253/3086 382/1305/378 2427/2224/2416 5050/4779/5037
f 5050/4779/5037 2427/2224/2416 545/2227/541 3182/4781/3171
f 2978/4780/2967 5050/4779/5037 3182/4781/3171 852/3812/848
f 855/2957/851 3183/4782/3172 5051/4783/5038 2981/4784/2970
f 3183/4782/3172 546/2099/542 2428/2230/2417 5051/4783/5038
f 5051/4783/5038 2428/2230/2417 383/1306/379 3094/4232/3083
f 2981/4784/2970 5051/4783/5038 3094/4232/3083 715/4231/711
f 552/4785/548 3184/4786/3173 5052/4787/5039 2432/4788/2421
f 3184/4786/3173 860/3836/856 2986/4789/2975 5052/4787/5039
f 5052/4787/5039 2986/4789/2975 717/4258/713 3098/4255/3087
f 2432/4788/2421 5052/4787/5039 3098/4255/3087 387/4254/383
f 859/2971/855 3185/4790/3174 5053/4791/5040 2984/3828/2973
f 3185/4790/3174 557/4792/553 2435/4793/2424 5053/4791/5040
f 5053/4791/5040 2435/4793/2424 390/4288/386 3102/4285/3091
f 2984/3828/2973 5053/4791/5040 3102/4285/3091 718/4284/714
f 557/4792/553 3186/4794/3175 5054/4795/5041 2435/4793/2424
f 3186/4794/3175 864/3849/860 2989/4796/2978 5054/4795/5041
f 5054/4795/5041 2989/4796/2978 720/2643/716 3187/4797/3176
f 2435/4793/2424 5054/4795/5041 3187/4797/3176 390/4288/386
f 390/4798/386 3187/4799/3176 5055/4800/5042 2051/4801/2040
f 720/4802/716 2574/4803/2563 5055/4800/5042 3187/4799/3176
f 722/2649/718 3188/4804/3177 5055/4800/5042 2574/4805/2563
f 77/232/77 1540/229/1529 5055/4800/5042 3188/4806/3177
f 67/4278/67 2051/4807/2040 5055/4800/5042 1540/4808/1529
f 392/4323/388 3107/4322/3096 5056/4809/5043 2437/4810/2426
f 3107/4322/3096 725/4321/721 2992/3858/2981 5056/4809/5043
f 5056/4809/5043 2992/3858/2981 867/2998/863 3189/4811/3178
f 2437/4810/2426 5056/4809/5043 3189/4811/3178 561/4812/557
f 724/3545/720 3106/4317/3095 5057/4813/5044 2990/4814/2979
f 3106/4317/3095 395/1337/391 2440/2253/2429 5057/4813/5044
f 5057/4813/5044 2440/2253/2429 566/2256/562 3190/4815/3179
f 2990/4814/2979 5057/4813/5044 3190/4815/3179 868/3852/864
f 564/2250/560 3191/4816/3180 5058/4817/5045 2439/2251/2428
f 3191/4816/3180 872/3867/868 2995/3866/2984 5058/4817/5045
f 5058/4817/5045 2995/3866/2984 727/3567/723 3108/4324/3097
f 2439/2251/2428 5058/4817/5045 3108/4324/3097 394/1330/390
f 871/3010/867 3192/4818/3181 5059/4819/5046 2993/3859/2982
f 3192/4818/3181 569/4820/565 2442/4821/2431 5059/4819/5046
f 5059/4819/5046 2442/4821/2431 397/4352/393 3112/4349/3101
f 2993/3859/2982 5059/4819/5046 3112/4349/3101 728/4348/724
f 569/4820/565 3193/4822/3182 5060/4823/5047 2442/4821/2431
f 3193/4822/3182 876/3879/872 2998/3878/2987 5060/4823/5047
f 5060/4823/5047 2998/3878/2987 730/4824/726 3194/4825/3183
f 2442/4821/2431 5060/4823/5047 3194/4825/3183 397/4352/393
f 397/4826/393 3194/4827/3183 5061/4828/5048 2058/4829/2047
f 730/4830/726 2579/4831/2568 5061/4828/5048 3194/4832/3183
f 732/2664/728 3195/4833/3184 5061/4828/5048 2579/4831/2568
f 125/4834/124 1614/390/1603 5061/4828/5048 3195/4835/3184
f 115/4836/115 2058/4829/2047 5061/4828/5048 1614/4837/1603
f 734/4376/730 3115/4375/3104 5062/4838/5049 2999/3880/2988
f 3115/4375/3104 400/4374/396 2445/4839/2434 5062/4838/5049
f 5062/4838/5049 2445/4839/2434 575/4840/571 3196/4841/3185
f 2999/3880/2988 5062/4838/5049 3196/4841/3185 880/3882/876
f 573/4842/569 3197/4843/3186 5063/4844/5050 2444/4845/2433
f 3197/4843/3186 884/3901/880 3004/3900/2993 5063/4844/5050
f 5063/4844/5050 3004/3900/2993 737/4846/733 3198/4847/3187
f 2444/4845/2433 5063/4844/5050 3198/4847/3187 399/4848/395
f 399/4849/395 3198/4850/3187 5064/4851/5051 2060/4852/2049
f 737/2673/733 2584/4853/2573 5064/4851/5051 3198/4850/3187
f 739/2679/735 3116/4379/3105 5064/4851/5051 2584/4853/2573
f 144/4854/143 1639/4855/1628 5064/4851/5051 3116/4856/3105
f 135/4857/134 2060/4852/2049 5064/4851/5051 1639/4855/1628
f 883/3055/879 3199/4858/3188 5065/4859/5052 3002/4860/2991
f 3199/4858/3188 892/3919/888 3010/3918/2999 5065/4859/5052
f 5065/4859/5052 3010/3918/2999 744/4861/740 3117/4862/3106
f 3002/4860/2991 5065/4859/5052 3117/4862/3106 738/3892/734
f 400/4374/396 3126/4448/3115 5066/4863/5053 2445/4839/2434
f 3126/4448/3115 742/3591/738 3007/3910/2996 5066/4863/5053
f 5066/4863/5053 3007/3910/2996 887/3068/883 3200/4864/3189
f 2445/4839/2434 5066/4863/5053 3200/4864/3189 575/4840/571
f 741/4445/737 3125/4444/3114 5067/4865/5054 3005/3902/2994
f 3125/4444/3114 401/4443/397 2446/4866/2435 5067/4865/5054
f 5067/4865/5054 2446/4866/2435 578/4867/574 3201/4868/3190
f 3005/3902/2994 5067/4865/5054 3201/4868/3190 888/3904/884
f 891/3080/887 3202/4869/3191 5068/4870/5055 3008/3911/2997
f 3202/4869/3191 579/4871/575 2447/4872/2436 5068/4870/5055
f 5068/4870/5055 2447/4872/2436 402/4414/398 3121/4411/3110
f 3008/3911/2997 5068/4870/5055 3121/4411/3110 745/3594/741
f 401/4443/397 3129/4465/3118 5069/4873/5056 2446/4866/2435
f 3129/4465/3118 748/4464/744 3013/4874/3002 5069/4873/5056
f 5069/4873/5056 3013/4874/3002 895/3094/891 3203/4875/3192
f 2446/4866/2435 5069/4873/5056 3203/4875/3192 578/4867/574
f 579/4871/575 3204/4876/3193 5070/4877/5057 2447/4872/2436
f 3204/4876/3193 900/3940/896 3016/3939/3005 5070/4877/5057
f 5070/4877/5057 3016/3939/3005 750/4878/746 3205/4879/3194
f 2447/4872/2436 5070/4877/5057 3205/4879/3194 402/4414/398
f 402/4880/398 3205/4881/3194 5071/4882/5058 2063/4415/2052
f 750/4883/746 2589/4884/2578 5071/4882/5058 3205/4881/3194
f 752/2694/748 3206/4885/3195 5071/4882/5058 2589/4884/2578
f 172/553/170 1686/4886/1675 5071/4882/5058 3206/4887/3195
f 162/4888/161 2063/4415/2052 5071/4882/5058 1686/4889/1675
f 754/4483/750 3132/4482/3121 5072/4890/5059 3017/4891/3006
f 3132/4482/3121 403/4481/399 2448/4892/2437 5072/4890/5059
f 5072/4890/5059 2448/4892/2437 583/4893/579 3207/4894/3196
f 3017/4891/3006 5072/4890/5059 3207/4894/3196 904/3134/900
f 907/3950/903 3208/4895/3197 5073/4896/5060 3020/3951/3009
f 3208/4895/3197 912/3974/908 3025/3973/3014 5073/4896/5060
f 5073/4896/5060 3025/3973/3014 761/3651/757 3134/4490/3123
f 3020/3951/3009 5073/4896/5060 3134/4490/3123 758/2714/754
f 911/3155/907 3209/4897/3198 5074/4898/5061 3023/3966/3012
f 3209/4897/3198 920/3999/916 3031/4899/3020 5074/4898/5061
f 5074/4898/5061 3031/4899/3020 768/4900/764 3138/4901/3127
f 3023/3966/3012 5074/4898/5061 3138/4901/3127 762/4902/758
f 403/4481/399 3210/4903/3199 5075/4904/5062 2448/4892/2437
f 3210/4903/3199 765/3987/761 3028/4905/3017 5075/4904/5062
f 5075/4904/5062 3028/4905/3017 915/3170/911 3211/4906/3200
f 2448/4892/2437 5075/4904/5062 3211/4906/3200 583/4893/579
f 198/4907/196 1740/4908/1729 5076/4909/5063 2064/4910/2053
f 208/4911/206 3212/4912/3201 5076/4909/5063 1740/4913/1729
f 766/2724/762 2602/4914/2591 5076/4909/5063 3212/4912/3201
f 765/3987/761 3210/4915/3199 5076/4909/5063 2602/4916/2591
f 403/4917/399 2064/4918/2053 5076/4909/5063 3210/4919/3199
f 764/4920/760 3213/4921/3202 5077/4922/5064 3026/4923/3015
f 3213/4921/3202 404/4924/400 2449/4925/2438 5077/4922/5064
f 5077/4922/5064 2449/4925/2438 586/4926/582 3214/4927/3203
f 3026/4923/3015 5077/4922/5064 3214/4927/3203 916/3979/912
f 208/4928/206 1758/711/1747 5078/4929/5065 3212/4930/3201
f 218/4931/216 2065/4932/2054 5078/4929/5065 1758/711/1747
f 404/4924/400 3213/4933/3202 5078/4929/5065 2065/4934/2054
f 764/4920/760 2599/4935/2588 5078/4929/5065 3213/4936/3202
f 766/2724/762 3212/4937/3201 5078/4929/5065 2599/4935/2588
f 770/2739/766 2607/4938/2596 5079/4939/5066 3139/4940/3128
f 769/3991/765 3215/4941/3204 5079/4939/5066 2607/4942/2596
f 405/4943/401 2066/4944/2055 5079/4939/5066 3215/4941/3204
f 209/4945/207 1741/4946/1730 5079/4939/5066 2066/4947/2055
f 199/4948/197 3139/4524/3128 5079/4939/5066 1741/4949/1730
f 919/3184/915 3216/4950/3205 5080/4951/5067 3029/4952/3018
f 3216/4950/3205 587/4953/583 2450/4954/2439 5080/4951/5067
f 5080/4951/5067 2450/4954/2439 405/4955/401 3215/4956/3204
f 3029/4952/3018 5080/4951/5067 3215/4956/3204 769/3991/765
f 404/4924/400 3217/4957/3206 5081/4958/5068 2449/4925/2438
f 3217/4957/3206 773/4012/769 3034/4959/3023 5081/4958/5068
f 5081/4958/5068 3034/4959/3023 923/3199/919 3218/4960/3207
f 2449/4925/2438 5081/4958/5068 3218/4960/3207 586/4926/582
f 218/4961/216 1776/4962/1765 5082/4963/5069 2065/4934/2054
f 228/4562/226 3146/4964/3135 5082/4963/5069 1776/4965/1765
f 774/2754/770 2612/4966/2601 5082/4963/5069 3146/4564/3135
f 773/4012/769 3217/4967/3206 5082/4963/5069 2612/4966/2601
f 404/4924/400 2065/4968/2054 5082/4963/5069 3217/4969/3206
f 772/4000/768 3147/4970/3136 5083/4971/5070 3032/4972/3021
f 3147/4970/3136 781/3662/777 3040/4973/3029 5083/4971/5070
f 5083/4971/5070 3040/4973/3029 931/3226/927 3219/4974/3208
f 3032/4972/3021 5083/4971/5070 3219/4974/3208 924/4004/920
f 587/4953/583 3220/4975/3209 5084/4976/5071 2450/4954/2439
f 3220/4975/3209 928/4024/924 3037/4023/3026 5084/4976/5071
f 5084/4976/5071 3037/4023/3026 776/4977/772 3221/4978/3210
f 2450/4954/2439 5084/4976/5071 3221/4978/3210 405/4955/401
f 405/4979/401 3221/4978/3210 5085/4980/5072 2066/4981/2055
f 776/4982/772 2614/2767/2603 5085/4980/5072 3221/4983/3210
f 778/2771/774 3140/4984/3129 5085/4980/5072 2614/4985/2603
f 219/4534/217 1759/4986/1748 5085/4980/5072 3140/4527/3129
f 209/672/207 2066/4981/2055 5085/4980/5072 1759/4987/1748
f 927/3213/923 3222/4988/3211 5086/4989/5073 3035/4990/3024
f 3222/4988/3211 936/4042/932 3043/4991/3032 5086/4989/5073
f 5086/4989/5073 3043/4991/3032 783/4992/779 3141/4993/3130
f 3035/4990/3024 5086/4989/5073 3141/4993/3130 777/4016/773
f 786/3682/782 3150/4587/3139 5087/4994/5074 3044/4043/3033
f 3150/4587/3139 406/1349/402 2451/2264/2440 5087/4994/5074
f 5087/4994/5074 2451/2264/2440 592/2268/588 3223/4995/3212
f 3044/4043/3033 5087/4994/5074 3223/4995/3212 940/4045/936
f 943/3271/939 3224/4996/3213 5088/4997/5075 3047/4998/3036
f 3224/4996/3213 948/4071/944 3052/4070/3041 5088/4997/5075
f 5088/4997/5075 3052/4070/3041 793/4999/789 3152/4595/3141
f 3047/4998/3036 5088/4997/5075 3152/4595/3141 790/4055/786
f 947/3286/943 3225/5000/3214 5089/5001/5076 3050/4063/3039
f 3225/5000/3214 952/4083/948 3055/4082/3044 5089/5001/5076
f 5089/5001/5076 3055/4082/3044 796/5002/792 3156/5003/3145
f 3050/4063/3039 5089/5001/5076 3156/5003/3145 794/3692/790
f 798/2800/794 2627/5004/2616 5090/5005/5077 3157/5006/3146
f 797/4075/793 3226/5007/3215 5090/5005/5077 2627/5008/2616
f 800/2807/796 2629/5009/2618 5090/5005/5077 3226/5010/3215
f 802/2814/798 3227/5011/3216 5090/5005/5077 2629/5012/2618
f 265/5013/263 1830/5014/1819 5090/5005/5077 3227/5015/3216
f 255/4631/253 3157/5016/3146 5090/5005/5077 1830/5017/1819
f 951/3300/947 3228/5018/3217 5091/5019/5078 3053/5020/3042
f 3228/5018/3217 956/4096/952 3058/5021/3047 5091/5019/5078
f 5091/5019/5078 3058/5021/3047 800/5022/796 3226/5007/3215
f 3053/5020/3042 5091/5019/5078 3226/5007/3215 797/4075/793
f 802/2814/798 2632/5023/2621 5092/5024/5079 3227/5011/3216
f 801/4087/797 3229/5025/3218 5092/5024/5079 2632/5026/2621
f 409/5027/405 2070/5028/2059 5092/5024/5079 3229/5025/3218
f 275/5029/273 1848/5030/1837 5092/5024/5079 2070/5031/2059
f 265/5013/263 3227/5032/3216 5092/5024/5079 1848/5033/1837
f 955/3315/951 3230/5034/3219 5093/5035/5080 3056/5036/3045
f 3230/5034/3219 598/5037/594 2454/5038/2443 5093/5035/5080
f 5093/5035/5080 2454/5038/2443 409/5027/405 3229/5039/3218
f 3056/5036/3045 5093/5035/5080 3229/5039/3218 801/4087/797
f 408/1352/404 3163/4668/3152 5094/5040/5081 2453/2270/2442
f 3163/4668/3152 805/4667/801 3061/4105/3050 5094/5040/5081
f 5094/5040/5081 3061/4105/3050 959/3329/955 3231/5041/3220
f 2453/2270/2442 5094/5040/5081 3231/5041/3220 596/2271/592
f 804/5042/800 3162/5043/3151 5095/5044/5082 3059/4097/3048
f 3162/5043/3151 808/4117/804 3064/4116/3053 5095/5044/5082
f 5095/5044/5082 3064/4116/3053 963/3342/959 3232/5045/3221
f 3059/4097/3048 5095/5044/5082 3232/5045/3221 960/4099/956
f 807/5046/803 3233/5047/3222 5096/5048/5083 3062/4106/3051
f 3233/5047/3222 816/4141/812 3070/4140/3059 5096/5048/5083
f 5096/5048/5083 3070/4140/3059 971/3370/967 3234/5049/3223
f 3062/4106/3051 5096/5048/5083 3234/5049/3223 964/4109/960
f 293/5050/290 1898/5051/1887 5097/5052/5084 3161/4660/3150
f 303/5053/300 3235/5054/3224 5097/5052/5084 1898/5051/1887
f 817/2861/813 2647/5055/2636 5097/5052/5084 3235/5056/3224
f 816/4141/812 3233/5057/3222 5097/5052/5084 2647/5055/2636
f 807/5058/803 2634/2832/2623 5097/5052/5084 3233/5059/3222
f 809/2831/805 3161/4660/3150 5097/5052/5084 2634/2832/2623
f 598/5037/594 3236/5060/3225 5098/5061/5085 2454/5038/2443
f 3236/5060/3225 968/4129/964 3067/5062/3056 5098/5061/5085
f 5098/5061/5085 3067/5062/3056 811/5063/807 3237/5064/3226
f 2454/5038/2443 5098/5061/5085 3237/5064/3226 409/5027/405
f 813/2846/809 2642/5065/2631 5099/5066/5086 3238/5067/3227
f 812/4121/808 3239/5068/3228 5099/5066/5086 2642/5069/2631
f 819/5070/815 2649/5071/2638 5099/5066/5086 3239/5072/3228
f 821/2877/817 3240/5073/3229 5099/5066/5086 2649/5071/2638
f 294/980/291 1881/5074/1870 5099/5066/5086 3240/5075/3229
f 284/947/282 3238/5076/3227 5099/5066/5086 1881/5077/1870
f 409/5078/405 3237/5079/3226 5100/5080/5087 2070/5081/2059
f 811/4127/807 2639/5082/2628 5100/5080/5087 3237/5079/3226
f 813/2846/809 3238/5083/3227 5100/5080/5087 2639/5082/2628
f 284/5084/282 1864/5085/1853 5100/5080/5087 3238/5086/3227
f 275/5087/273 2070/5088/2059 5100/5080/5087 1864/5085/1853
f 967/3357/963 3241/5089/3230 5101/5090/5088 3065/5091/3054
f 3241/5089/3230 976/4154/972 3073/5092/3062 5101/5090/5088
f 5101/5090/5088 3073/5092/3062 819/4152/815 3239/5068/3228
f 3065/5091/3054 5101/5090/5088 3239/5068/3228 812/4121/808
f 823/4686/819 3166/4685/3155 5102/5093/5089 3074/5094/3063
f 3166/4685/3155 411/1359/407 2456/2274/2445 5102/5093/5089
f 5102/5093/5089 2456/2274/2445 604/2176/600 3242/5095/3231
f 3074/5094/3063 5102/5093/5089 3242/5095/3231 980/4157/976
f 602/5096/598 3243/5097/3232 5103/5098/5090 2455/5099/2444
f 3243/5097/3232 984/4172/980 3079/5100/3068 5103/5098/5090
f 5103/5098/5090 3079/5100/3068 826/3746/822 3167/4688/3156
f 2455/5099/2444 5103/5098/5090 3167/4688/3156 410/4687/406
f 983/3411/979 3244/5101/3233 5104/5102/5091 3077/5103/3066
f 3244/5101/3233 988/4181/984 3082/5104/3071 5104/5102/5091
f 5104/5102/5091 3082/5104/3071 829/4719/825 3172/4717/3161
f 3077/5103/3066 5104/5102/5091 3172/4717/3161 827/3733/823
f 987/3427/983 3245/5105/3234 5105/5106/5092 3080/5107/3069
f 3245/5105/3234 609/5108/605 2459/5109/2448 5105/5106/5092
f 5105/5106/5092 2459/5109/2448 414/4738/410 3174/4735/3163
f 3080/5107/3069 5105/5106/5092 3174/4735/3163 830/4734/826
f 609/5108/605 3246/5110/3235 5106/5111/5093 2459/5109/2448
f 3246/5110/3235 992/4193/988 3085/4192/3074 5106/5111/5093
f 5106/5111/5093 3085/4192/3074 832/2884/828 3247/5112/3236
f 2459/5109/2448 5106/5111/5093 3247/5112/3236 414/4738/410
f 414/5113/410 3247/5114/3236 5107/5115/5094 2075/4739/2064
f 832/2884/828 2654/5116/2643 5107/5115/5094 3247/5117/3236
f 834/2891/830 3248/5118/3237 5107/5115/5094 2654/5116/2643
f 341/5119/338 1954/5120/1943 5107/5115/5094 3248/5121/3237
f 331/5122/328 2075/4739/2064 5107/5115/5094 1954/5123/1943
f 836/3765/832 3177/4757/3166 5108/5124/5095 3086/5125/3075
f 3177/4757/3166 417/1379/413 2462/2293/2451 5108/5124/5095
f 5108/5124/5095 2462/2293/2451 615/2296/611 3249/5126/3238
f 3086/5125/3075 5108/5124/5095 3249/5126/3238 996/4196/992
f 616/2191/612 3250/5127/3239 5109/5128/5096 2463/2291/2452
f 3250/5127/3239 1000/3801/996 2975/5129/2964 5109/5128/5096
f 5109/5128/5096 2975/5129/2964 839/3797/835 3251/5130/3240
f 2463/2291/2452 5109/5128/5096 3251/5130/3240 418/1374/414
f 841/2907/837 2662/5131/2651 5110/5132/5097 3252/5133/3241
f 840/3809/836 3253/5134/3242 5110/5132/5097 2662/5135/2651
f 380/4768/376 2040/4772/2029 5110/5132/5097 3253/5136/3242
f 1/1/1 2014/5137/2003 5110/5132/5097 2040/5138/2029
f 370/5139/366 3252/5140/3241 5110/5132/5097 2014/5137/2003
f 418/5141/414 3251/5142/3240 5111/5143/5098 2079/5144/2068
f 839/5145/835 2659/5146/2648 5111/5143/5098 3251/5147/3240
f 841/2907/837 3252/5148/3241 5111/5143/5098 2659/5149/2648
f 370/1233/366 1996/5150/1985 5111/5143/5098 3252/5133/3241
f 360/5151/356 2079/5152/2068 5111/5143/5098 1996/5153/1985
f 380/4768/376 3253/5154/3242 5112/5155/5099 2426/4765/2415
f 3253/5154/3242 840/3809/836 2977/3808/2966 5112/5155/5099
f 5112/5155/5099 2977/3808/2966 999/3473/995 3254/5156/3243
f 2426/4765/2415 5112/5155/5099 3254/5156/3243 540/4762/536
f 543/5157/539 2337/5158/2326 5113/5159/5100 3255/5160/3244
f 542/5161/538 2338/2212/2327 5113/5159/5100 2337/5162/2326
f 541/2216/537 3178/4761/3167 5113/5159/5100 2338/5163/2327
f 843/2915/839 2664/5164/2653 5113/5159/5100 3178/5165/3167
f 845/2921/841 3255/5166/3244 5113/5159/5100 2664/5167/2653
f 849/2935/845 2672/5168/2661 5114/5169/5101 3256/5170/3245
f 848/3796/844 3179/5171/3168 5114/5169/5101 2672/5168/2661
f 540/5172/536 2336/5173/2325 5114/5169/5101 3179/5174/3168
f 542/5161/538 2337/5175/2326 5114/5169/5101 2336/5176/2325
f 543/5177/539 3256/5178/3245 5114/5169/5101 2337/5179/2326
f 547/5180/543 2340/5181/2329 5115/5182/5102 2341/5183/2330
f 544/5184/540 3257/5185/3246 5115/5182/5102 2340/5181/2329
f 853/2948/849 2677/5186/2666 5115/5182/5102 3257/5187/3246
f 852/3812/848 3182/5188/3171 5115/5182/5102 2677/5186/2666
f 545/5189/541 2341/5183/2330 5115/5182/5102 3182/5190/3171
f 546/5191/542 3183/5192/3172 5116/5193/5103 2339/5194/2328
f 855/2957/851 2679/2960/2668 5116/5193/5103 3183/4782/3172
f 857/2964/853 3258/5195/3247 5116/5193/5103 2679/5196/2668
f 544/5197/540 2340/5181/2329 5116/5193/5103 3258/5195/3247
f 547/5180/543 2339/5194/2328 5116/5193/5103 2340/5198/2329
f 557/5199/553 3185/5200/3174 5117/5201/5104 2352/5202/2341
f 859/2971/855 2684/5203/2673 5117/5201/5104 3185/5204/3174
f 861/2978/857 3259/5205/3248 5117/5201/5104 2684/2979/2673
f 555/5206/551 2353/5207/2342 5117/5201/5104 3259/5208/3248
f 558/2119/554 2352/5202/2341 5117/5201/5104 2353/5209/2342
f 861/2978/857 2687/5210/2676 5118/5211/5105 3259/5208/3248
f 860/3836/856 3184/4786/3173 5118/5211/5105 2687/5212/2676
f 552/4785/548 2347/5213/2336 5118/5211/5105 3184/5214/3173
f 553/5215/549 2349/5216/2338 5118/5211/5105 2347/5217/2336
f 555/5218/551 3259/5208/3248 5118/5211/5105 2349/5219/2338
f 865/2991/861 2692/5220/2681 5119/5221/5106 3260/5222/3249
f 864/3849/860 3186/4794/3175 5119/5221/5106 2692/5220/2681
f 557/4792/553 2352/5223/2341 5119/5221/5106 3186/4794/3175
f 558/5224/554 2356/5225/2345 5119/5221/5106 2352/5202/2341
f 560/5226/556 3260/5227/3249 5119/5221/5106 2356/5228/2345
f 567/5229/563 2364/5230/2353 5120/5231/5107 2365/5232/2354
f 565/5233/561 3261/5234/3250 5120/5231/5107 2364/5230/2353
f 869/3004/865 2697/5235/2686 5120/5231/5107 3261/5236/3250
f 868/3852/864 3190/5237/3179 5120/5231/5107 2697/5235/2686
f 566/2256/562 2365/5238/2354 5120/5231/5107 3190/5239/3179
f 565/5240/561 2363/5241/2352 5121/5242/5108 3261/5243/3250
f 563/5244/559 2360/5245/2349 5121/5242/5108 2363/5246/2352
f 561/5247/557 3189/4811/3178 5121/5242/5108 2360/5245/2349
f 867/2998/863 2694/5248/2683 5121/5242/5108 3189/5249/3178
f 869/3004/865 3261/5243/3250 5121/5242/5108 2694/5248/2683
f 569/5250/565 3192/5251/3181 5122/5252/5109 2366/5253/2355
f 871/3010/867 2699/5254/2688 5122/5252/5109 3192/5251/3181
f 873/3017/869 3262/5255/3251 5122/5252/5109 2699/3013/2688
f 567/5256/563 2367/5257/2356 5122/5252/5109 3262/5255/3251
f 570/5258/566 2366/5259/2355 5122/5252/5109 2367/5260/2356
f 873/3017/869 2702/5261/2691 5123/5262/5110 3262/5255/3251
f 872/3867/868 3191/4816/3180 5123/5262/5110 2702/5263/2691
f 564/5264/560 2361/5265/2350 5123/5262/5110 3191/4816/3180
f 565/5266/561 2364/5267/2353 5123/5262/5110 2361/5265/2350
f 567/5268/563 3262/5269/3251 5123/5262/5110 2364/5230/2353
f 877/3031/873 2707/5270/2696 5124/5271/5111 3263/5272/3252
f 876/3879/872 3193/5273/3182 5124/5271/5111 2707/5274/2696
f 569/5275/565 2366/5276/2355 5124/5271/5111 3193/5277/3182
f 570/5278/566 2370/5279/2359 5124/5271/5111 2366/5253/2355
f 572/5280/568 3263/5281/3252 5124/5271/5111 2370/5282/2359
f 576/5283/572 2374/5284/2363 5125/5285/5112 2375/5286/2364
f 574/5287/570 3264/5288/3253 5125/5285/5112 2374/5289/2363
f 881/3046/877 2712/5290/2701 5125/5285/5112 3264/5291/3253
f 880/3882/876 3196/5292/3185 5125/5285/5112 2712/5293/2701
f 575/5294/571 2375/5295/2364 5125/5285/5112 3196/5292/3185
f 893/3086/889 2727/5296/2716 5126/5297/5113 3265/5298/3254
f 892/3919/888 3199/5299/3188 5126/5297/5113 2727/5300/2716
f 883/3055/879 2714/5301/2703 5126/5297/5113 3199/5302/3188
f 885/3061/881 3266/5303/3255 5126/5297/5113 2714/3058/2703
f 576/5304/572 2376/5305/2365 5126/5297/5113 3266/5303/3255
f 577/5306/573 3265/5307/3254 5126/5297/5113 2376/5308/2365
f 885/3061/881 2717/5309/2706 5127/5310/5114 3266/5303/3255
f 884/3901/880 3197/5311/3186 5127/5310/5114 2717/5309/2706
f 573/5312/569 2373/5313/2362 5127/5310/5114 3197/5314/3186
f 574/5315/570 2374/5284/2363 5127/5310/5114 2373/5316/2362
f 576/5317/572 3266/5303/3255 5127/5310/5114 2374/5284/2363
f 580/5318/576 2378/5319/2367 5128/5320/5115 2379/5321/2368
f 577/5322/573 3267/5323/3256 5128/5320/5115 2378/5324/2367
f 889/3074/885 2722/5325/2711 5128/5320/5115 3267/5323/3256
f 888/3904/884 3201/5326/3190 5128/5320/5115 2722/5325/2711
f 578/5327/574 2379/5321/2368 5128/5320/5115 3201/5328/3190
f 577/5329/573 2376/5330/2365 5129/5331/5116 3267/5323/3256
f 576/5332/572 2375/5333/2364 5129/5331/5116 2376/5308/2365
f 575/5334/571 3200/4864/3189 5129/5331/5116 2375/5335/2364
f 887/3068/883 2719/5336/2708 5129/5331/5116 3200/5337/3189
f 889/3074/885 3267/5338/3256 5129/5331/5116 2719/5339/2708
f 579/4871/575 3202/4869/3191 5130/5340/5117 2377/5341/2366
f 891/3080/887 2724/5342/2713 5130/5340/5117 3202/4869/3191
f 893/3086/889 3265/5307/3254 5130/5340/5117 2724/5343/2713
f 577/5344/573 2378/5324/2367 5130/5340/5117 3265/5307/3254
f 580/5318/576 2377/5345/2366 5130/5340/5117 2378/5346/2367
f 581/5347/577 2380/5348/2369 5131/5349/5118 3268/5350/3257
f 580/5318/576 2379/5351/2368 5131/5349/5118 2380/5348/2369
f 578/5327/574 3203/4875/3192 5131/5349/5118 2379/5352/2368
f 895/3094/891 2729/5353/2718 5131/5349/5118 3203/4875/3192
f 897/3101/893 3268/5354/3257 5131/5349/5118 2729/5353/2718
f 901/3115/897 2737/5355/2726 5132/5356/5119 3269/5357/3258
f 900/3940/896 3204/4876/3193 5132/5356/5119 2737/5355/2726
f 579/5358/575 2377/5341/2366 5132/5356/5119 3204/5359/3193
f 580/5360/576 2380/5348/2369 5132/5356/5119 2377/5361/2366
f 581/5362/577 3269/5363/3258 5132/5356/5119 2380/5364/2369
f 584/5365/580 2381/5366/2370 5133/5367/5120 2382/5368/2371
f 582/5369/578 3270/5370/3259 5133/5367/5120 2381/5371/2370
f 905/3128/901 2742/5372/2731 5133/5367/5120 3270/5370/3259
f 904/3134/900 3207/5373/3196 5133/5367/5120 2742/5374/2731
f 583/5375/579 2382/5376/2371 5133/5367/5120 3207/5377/3196
f 913/3161/909 2752/5378/2741 5134/5379/5121 3271/5380/3260
f 912/3974/908 3208/5381/3197 5134/5379/5121 2752/5378/2741
f 907/3138/903 2744/3141/2733 5134/5379/5121 3208/5382/3197
f 909/3145/905 3272/5383/3261 5134/5379/5121 2744/5384/2733
f 582/5369/578 2381/5385/2370 5134/5379/5121 3272/5383/3261
f 584/5386/580 3271/5387/3260 5134/5379/5121 2381/5388/2370
f 921/3191/917 2762/5389/2751 5135/5390/5122 3273/5391/3262
f 920/3999/916 3209/4897/3198 5135/5390/5122 2762/5392/2751
f 911/3155/907 2749/5393/2738 5135/5390/5122 3209/5394/3198
f 913/3161/909 3271/5380/3260 5135/5390/5122 2749/3158/2738
f 584/5395/580 2383/5396/2372 5135/5390/5122 3271/5387/3260
f 585/5397/581 3273/5391/3262 5135/5390/5122 2383/5398/2372
f 588/5399/584 2385/5400/2374 5136/5401/5123 2386/5402/2375
f 585/5403/581 3274/5404/3263 5136/5401/5123 2385/5405/2374
f 917/3176/913 2757/5406/2746 5136/5401/5123 3274/5407/3263
f 916/3979/912 3214/5408/3203 5136/5401/5123 2757/5406/2746
f 586/5409/582 2386/5410/2375 5136/5401/5123 3214/5408/3203
f 585/5411/581 2383/5412/2372 5137/5413/5124 3274/5414/3263
f 584/5386/580 2382/5376/2371 5137/5413/5124 2383/5415/2372
f 583/5416/579 3211/4906/3200 5137/5413/5124 2382/5417/2371
f 915/3170/911 2754/5418/2743 5137/5413/5124 3211/5419/3200
f 917/3176/913 3274/5420/3263 5137/5413/5124 2754/5418/2743
f 587/5421/583 3216/5422/3205 5138/5423/5125 2384/5424/2373
f 919/3184/915 2759/5425/2748 5138/5423/5125 3216/5422/3205
f 921/3191/917 3273/5391/3262 5138/5423/5125 2759/5425/2748
f 585/5403/581 2385/5405/2374 5138/5423/5125 3273/5391/3262
f 588/5399/584 2384/5424/2373 5138/5423/5125 2385/5426/2374
f 590/5427/586 2388/5428/2377 5139/5429/5126 3275/5430/3264
f 589/5431/585 3276/5432/3265 5139/5429/5126 2388/5428/2377
f 925/3205/921 2767/5433/2756 5139/5429/5126 3276/5434/3265
f 924/4004/920 3219/4974/3208 5139/5429/5126 2767/5433/2756
f 931/3226/927 2774/5435/2763 5139/5429/5126 3219/4974/3208
f 933/3232/929 3275/5436/3264 5139/5429/5126 2774/5437/2763
f 589/5431/585 2387/5438/2376 5140/5439/5127 3276/5440/3265
f 588/5399/584 2386/5402/2375 5140/5439/5127 2387/5441/2376
f 586/5442/582 3218/4960/3207 5140/5439/5127 2386/5402/2375
f 923/3199/919 2764/3202/2753 5140/5439/5127 3218/5443/3207
f 925/3205/921 3276/5432/3265 5140/5439/5127 2764/5444/2753
f 937/3247/933 2782/5445/2771 5141/5446/5128 3277/5447/3266
f 936/4042/932 3222/5448/3211 5141/5446/5128 2782/5445/2771
f 927/3213/923 2769/5449/2758 5141/5446/5128 3222/5450/3211
f 929/3219/925 3278/5451/3267 5141/5446/5128 2769/3216/2758
f 589/5431/585 2388/5452/2377 5141/5446/5128 3278/5453/3267
f 590/5454/586 3277/5447/3266 5141/5446/5128 2388/5452/2377
f 929/3219/925 2772/5455/2761 5142/5456/5129 3278/5457/3267
f 928/4024/924 3220/4975/3209 5142/5456/5129 2772/5455/2761
f 587/5458/583 2384/5424/2373 5142/5456/5129 3220/4975/3209
f 588/5399/584 2387/5438/2376 5142/5456/5129 2384/5459/2373
f 589/5460/585 3278/5457/3267 5142/5456/5129 2387/5461/2376
f 593/5462/589 2389/5463/2378 5143/5464/5130 2390/5465/2379
f 591/5466/587 3279/5467/3268 5143/5464/5130 2389/5463/2378
f 941/3261/937 2787/5468/2776 5143/5464/5130 3279/5469/3268
f 940/4045/936 3223/5470/3212 5143/5464/5130 2787/5468/2776
f 592/5471/588 2390/5465/2379 5143/5464/5130 3223/5470/3212
f 949/3292/945 2797/5472/2786 5144/5473/5131 3280/5474/3269
f 948/4071/944 3224/4996/3213 5144/5473/5131 2797/5472/2786
f 943/3271/939 2789/5475/2778 5144/5473/5131 3224/5476/3213
f 945/3277/941 3281/5477/3270 5144/5473/5131 2789/3278/2778
f 591/5478/587 2389/5463/2378 5144/5473/5131 3281/5477/3270
f 593/5462/589 3280/5479/3269 5144/5473/5131 2389/5480/2378
f 953/3306/949 2802/5481/2791 5145/5482/5132 3282/5483/3271
f 952/4083/948 3225/5484/3214 5145/5482/5132 2802/5485/2791
f 947/3286/943 2794/5486/2783 5145/5482/5132 3225/5487/3214
f 949/3292/945 3280/5488/3269 5145/5482/5132 2794/5489/2783
f 593/5490/589 2391/5491/2380 5145/5482/5132 3280/5474/3269
f 595/5492/591 3282/5493/3271 5145/5482/5132 2391/2156/2380
f 957/3322/953 2807/5494/2796 5146/5495/5133 3283/5496/3272
f 956/4096/952 3228/5018/3217 5146/5495/5133 2807/5494/2796
f 951/3300/947 2799/5497/2788 5146/5495/5133 3228/5018/3217
f 953/3306/949 3282/5483/3271 5146/5495/5133 2799/5498/2788
f 595/2155/591 2394/5499/2383 5146/5495/5133 3282/5493/3271
f 597/5500/593 3283/5501/3272 5146/5495/5133 2394/5502/2383
f 598/5503/594 3230/5504/3219 5147/5505/5134 2397/5506/2386
f 955/3315/951 2804/5507/2793 5147/5505/5134 3230/5508/3219
f 957/3322/953 3283/5501/3272 5147/5505/5134 2804/5509/2793
f 597/5500/593 2398/5510/2387 5147/5505/5134 3283/5501/3272
f 599/5511/595 2397/5512/2386 5147/5505/5134 2398/5513/2387
f 600/5514/596 2399/5515/2388 5148/5516/5135 3284/5517/3273
f 599/5511/595 3285/5518/3274 5148/5516/5135 2399/5519/2388
f 961/3335/957 2812/5520/2801 5148/5516/5135 3285/5521/3274
f 960/4099/956 3232/5045/3221 5148/5516/5135 2812/5522/2801
f 963/3342/959 2814/3349/2803 5148/5516/5135 3232/5523/3221
f 965/3348/961 3284/5517/3273 5148/5516/5135 2814/5524/2803
f 599/5525/595 2398/5526/2387 5149/5527/5136 3285/5521/3274
f 597/5528/593 2395/5529/2384 5149/5527/5136 2398/5530/2387
f 596/5531/592 3231/5041/3220 5149/5527/5136 2395/5532/2384
f 959/3329/955 2809/5533/2798 5149/5527/5136 3231/5041/3220
f 961/3335/957 3285/5534/3274 5149/5527/5136 2809/5533/2798
f 601/5535/597 2400/5536/2389 5150/5537/5137 3286/5538/3275
f 600/5514/596 3284/5517/3273 5150/5537/5137 2400/5539/2389
f 965/3348/961 2817/5540/2806 5150/5537/5137 3284/5541/3273
f 964/4109/960 3234/5049/3223 5150/5537/5137 2817/5540/2806
f 971/3370/967 2824/5542/2813 5150/5537/5137 3234/5543/3223
f 973/3376/969 3286/5544/3275 5150/5537/5137 2824/5545/2813
f 977/3389/973 2832/5546/2821 5151/5547/5138 3287/5548/3276
f 976/4154/972 3241/5549/3230 5151/5547/5138 2832/5546/2821
f 967/3357/963 2819/5550/2808 5151/5547/5138 3241/5549/3230
f 969/3363/965 3288/5551/3277 5151/5547/5138 2819/3360/2808
f 600/5514/596 2400/5539/2389 5151/5547/5138 3288/5552/3277
f 601/5553/597 3287/5554/3276 5151/5547/5138 2400/5536/2389
f 969/3363/965 2822/5555/2811 5152/5556/5139 3288/5557/3277
f 968/4129/964 3236/5060/3225 5152/5556/5139 2822/5555/2811
f 598/5558/594 2397/5506/2386 5152/5556/5139 3236/5060/3225
f 599/5525/595 2399/5559/2388 5152/5556/5139 2397/5560/2386
f 600/5514/596 3288/5561/3277 5152/5556/5139 2399/5515/2388
f 605/5562/601 2402/5563/2391 5153/5564/5140 2403/5565/2392
f 603/5566/599 3289/5567/3278 5153/5564/5140 2402/5563/2391
f 981/3402/977 2837/5568/2826 5153/5564/5140 3289/5569/3278
f 980/4157/976 3242/5570/3231 5153/5564/5140 2837/5568/2826
f 604/5571/600 2403/5572/2392 5153/5564/5140 3242/5573/3231
f 989/3434/985 2847/5574/2836 5154/5575/5141 3290/5576/3279
f 988/4181/984 3244/5577/3233 5154/5575/5141 2847/5578/2836
f 983/3411/979 2839/5579/2828 5154/5575/5141 3244/5580/3233
f 985/3418/981 3291/5581/3280 5154/5575/5141 2839/3414/2828
f 605/5582/601 2404/5583/2393 5154/5575/5141 3291/5584/3280
f 607/5585/603 3290/5586/3279 5154/5575/5141 2404/5587/2393
f 985/3418/981 2842/5588/2831 5155/5589/5142 3291/5590/3280
f 984/4172/980 3243/5591/3232 5155/5589/5142 2842/5588/2831
f 602/5592/598 2401/5593/2390 5155/5589/5142 3243/5594/3232
f 603/5595/599 2402/5596/2391 5155/5589/5142 2401/5593/2390
f 605/5562/601 3291/5597/3280 5155/5589/5142 2402/5596/2391
f 609/5598/605 3245/5599/3234 5156/5600/5143 2407/5601/2396
f 987/3427/983 2844/5602/2833 5156/5600/5143 3245/5603/3234
f 989/3434/985 3290/5604/3279 5156/5600/5143 2844/3435/2833
f 607/5585/603 2408/2180/2397 5156/5600/5143 3290/5586/3279
f 610/5605/606 2407/5606/2396 5156/5600/5143 2408/5607/2397
f 993/3448/989 2852/5608/2841 5157/5609/5144 3292/5610/3281
f 992/4193/988 3246/5611/3235 5157/5609/5144 2852/5608/2841
f 609/5612/605 2407/5613/2396 5157/5609/5144 3246/5614/3235
f 610/2179/606 2411/5615/2400 5157/5609/5144 2407/5606/2396
f 612/5616/608 3292/5617/3281 5157/5609/5144 2411/5618/2400
f 617/5619/613 2417/5620/2406 5158/5621/5145 2418/5622/2407
f 614/2197/610 3293/5623/3282 5158/5621/5145 2417/5620/2406
f 997/3463/993 2857/5624/2846 5158/5621/5145 3293/5625/3282
f 996/4196/992 3249/5626/3238 5158/5621/5145 2857/5624/2846
f 615/5627/611 2418/5628/2407 5158/5621/5145 3249/5629/3238
f 619/5630/615 2423/5631/2412 5159/5632/5146 3294/5633/3283
f 542/5634/538 2336/5635/2325 5159/5632/5146 2423/5636/2412
f 540/5172/536 3254/5156/3243 5159/5632/5146 2336/5635/2325
f 999/3473/995 2859/5637/2848 5159/5632/5146 3254/5156/3243
f 1001/3479/997 3294/5638/3283 5159/5632/5146 2859/5639/2848
f 1001/3479/997 2862/5640/2851 5160/5641/5147 3294/5642/3283
f 1000/3801/996 3250/5127/3239 5160/5641/5147 2862/5643/2851
f 616/5644/612 2415/5645/2404 5160/5641/5147 3250/5646/3239
f 617/5647/613 2419/2201/2408 5160/5641/5147 2415/5645/2404
f 619/5648/615 3294/5642/3283 5160/5641/5147 2419/2201/2408
f 1004/5649/1000 3296/5650/3285 5161/5651/5148 3295/5652/3284
f 3296/5650/3285 1006/5653/1002 3297/5654/3286 5161/5651/5148
f 5161/5651/5148 3297/5654/3286 1008/5655/1004 3298/5656/3287
f 3295/5652/3284 5161/5651/5148 3298/5656/3287 1005/5657/1001
f 1005/5657/1001 3298/5656/3287 5162/5658/5149 3299/5659/3288
f 3298/5656/3287 1008/5655/1004 3300/5660/3289 5162/5658/5149
f 5162/5658/5149 3300/5660/3289 1007/5661/1003 3301/5662/3290
f 3299/5659/3288 5162/5658/5149 3301/5662/3290 1003/5663/999
f 1006/5653/1002 3302/5664/3291 5163/5665/5150 3297/5654/3286
f 3302/5664/3291 1009/5666/1005 3303/5667/3292 5163/5665/5150
f 5163/5665/5150 3303/5667/3292 1011/5668/1007 3304/5669/3293
f 3297/5654/3286 5163/5665/5150 3304/5669/3293 1008/5655/1004
f 1008/5655/1004 3304/5670/3293 5164/5671/5151 3300/5672/3289
f 3304/5670/3293 1011/5668/1007 3305/5673/3294 5164/5671/5151
f 5164/5671/5151 3305/5673/3294 1010/5674/1006 3306/5675/3295
f 3300/5672/3289 5164/5671/5151 3306/5675/3295 1007/5676/1003
f 1009/5677/1005 3307/5678/3296 5165/5679/5152 3303/5667/3292
f 3307/5678/3296 1012/5680/1008 3308/5681/3297 5165/5679/5152
f 5165/5679/5152 3308/5681/3297 1014/5682/1010 3309/5683/3298
f 3303/5667/3292 5165/5679/5152 3309/5683/3298 1011/5668/1007
f 1011/5668/1007 3309/5683/3298 5166/5684/5153 3305/5673/3294
f 3309/5683/3298 1014/5682/1010 3310/5685/3299 5166/5684/5153
f 5166/5684/5153 3310/5685/3299 1013/5686/1009 3311/5687/3300
f 3305/5673/3294 5166/5684/5153 3311/5687/3300 1010/5674/1006
f 1012/5680/1008 3312/5688/3301 5167/5689/5154 3308/5681/3297
f 3312/5688/3301 1015/5690/1011 3313/5691/3302 5167/5689/5154
f 5167/5689/5154 3313/5691/3302 1017/5692/1013 3314/5693/3303
f 3308/5681/3297 5167/5689/5154 3314/5693/3303 1014/5682/1010
f 1014/5682/1010 3314/5693/3303 5168/5694/5155 3310/5685/3299
f 3314/5693/3303 1017/5692/1013 3315/5695/3304 5168/5694/5155
f 5168/5694/5155 3315/5695/3304 1016/5696/1012 3316/5697/3305
f 3310/5685/3299 5168/5694/5155 3316/5697/3305 1013/5686/1009
f 1019/5698/1015 3318/5699/3307 5169/5700/5156 3317/5701/3306
f 3318/5699/3307 1021/5702/1017 3319/5703/3308 5169/5700/5156
f 5169/5700/5156 3319/5703/3308 1023/5704/1019 3320/5705/3309
f 3317/5701/3306 5169/5700/5156 3320/5705/3309 1020/5706/1016
f 1020/5706/1016 3320/5705/3309 5170/5707/5157 3321/5708/3310
f 3320/5705/3309 1023/5704/1019 3322/5709/3311 5170/5707/5157
f 5170/5707/5157 3322/5709/3311 1022/5710/1018 3323/5711/3312
f 3321/5708/3310 5170/5707/5157 3323/5711/3312 1018/5712/1014
f 1021/5702/1017 3324/5713/3313 5171/5714/5158 3319/5703/3308
f 3324/5713/3313 1024/5715/1020 3325/5716/3314 5171/5714/5158
f 5171/5714/5158 3325/5716/3314 1026/5717/1022 3326/5718/3315
f 3319/5703/3308 5171/5714/5158 3326/5718/3315 1023/5704/1019
f 1023/5704/1019 3326/5718/3315 5172/5719/5159 3322/5709/3311
f 3326/5718/3315 1026/5717/1022 3327/5720/3316 5172/5719/5159
f 5172/5719/5159 3327/5720/3316 1025/5721/1021 3328/5722/3317
f 3322/5709/3311 5172/5719/5159 3328/5722/3317 1022/5710/1018
f 1024/5723/1020 3329/5724/3318 5173/5725/5160 3325/5726/3314
f 3329/5724/3318 1027/5727/1023 3330/5728/3319 5173/5725/5160
f 5173/5725/5160 3330/5728/3319 1029/5729/1025 3331/5730/3320
f 3325/5726/3314 5173/5725/5160 3331/5730/3320 1026/5731/1022
f 1026/5731/1022 3331/5730/3320 5174/5732/5161 3327/5733/3316
f 3331/5730/3320 1029/5729/1025 3332/5734/3321 5174/5732/5161
f 5174/5732/5161 3332/5734/3321 1028/5735/1024 3333/5736/3322
f 3327/5733/3316 5174/5732/5161 3333/5736/3322 1025/5737/1021
f 1027/5727/1023 3334/5738/3323 5175/5739/5162 3330/5728/3319
f 3334/5738/3323 1030/5740/1026 3335/5741/3324 5175/5739/5162
f 5175/5739/5162 3335/5741/3324 1032/5742/1028 3336/5743/3325
f 3330/5728/3319 5175/5739/5162 3336/5743/3325 1029/5729/1025
f 1029/5729/1025 3336/5743/3325 5176/5744/5163 3332/5734/3321
f 3336/5743/3325 1032/5742/1028 3337/5745/3326 5176/5744/5163
f 5176/5744/5163 3337/5745/3326 1031/5746/1027 3338/5747/3327
f 3332/5734/3321 5176/5744/5163 3338/5747/3327 1028/5735/1024
f 1034/5748/1030 3340/5749/3329 5177/5750/5164 3339/5751/3328
f 3340/5749/3329 1036/5752/1032 3341/5753/3330 5177/5750/5164
f 5177/5750/5164 3341/5753/3330 1038/5754/1034 3342/5755/3331
f 3339/5751/3328 5177/5750/5164 3342/5755/3331 1035/5756/1031
f 1035/5756/1031 3342/5755/3331 5178/5757/5165 3343/5758/3332
f 3342/5755/3331 1038/5754/1034 3344/5759/3333 5178/5757/5165
f 5178/5757/5165 3344/5759/3333 1037/5760/1033 3345/5761/3334
f 3343/5758/3332 5178/5757/5165 3345/5761/3334 1033/5762/1029
f 1036/5752/1032 3346/5763/3335 5179/5764/5166 3341/5753/3330
f 3346/5763/3335 1039/5765/1035 3347/5766/3336 5179/5764/5166
f 5179/5764/5166 3347/5766/3336 1041/5767/1037 3348/5768/3337
f 3341/5753/3330 5179/5764/5166 3348/5768/3337 1038/5754/1034
f 1038/5754/1034 3348/5768/3337 5180/5769/5167 3344/5759/3333
f 3348/5768/3337 1041/5767/1037 3349/5770/3338 5180/5769/5167
f 5180/5769/5167 3349/5770/3338 1040/5771/1036 3350/5772/3339
f 3344/5759/3333 5180/5769/5167 3350/5772/3339 1037/5760/1033
f 1039/5765/1035 3351/5773/3340 5181/5774/5168 3347/5766/3336
f 3351/5773/3340 1042/5775/1038 3352/5776/3341 5181/5774/5168
f 5181/5774/5168 3352/5776/3341 1044/5777/1040 3353/5778/3342
f 3347/5766/3336 5181/5774/5168 3353/5778/3342 1041/5767/1037
f 1041/5767/1037 3353/5778/3342 5182/5779/5169 3349/5770/3338
f 3353/5778/3342 1044/5777/1040 3354/5780/3343 5182/5779/5169
f 5182/5779/5169 3354/5780/3343 1043/5781/1039 3355/5782/3344
f 3349/5770/3338 5182/5779/5169 3355/5782/3344 1040/5771/1036
f 1042/5775/1038 3356/5783/3345 5183/5784/5170 3352/5776/3341
f 3356/5783/3345 1045/5785/1041 3357/5786/3346 5183/5784/5170
f 5183/5784/5170 3357/5786/3346 1047/5787/1043 3358/5788/3347
f 3352/5776/3341 5183/5784/5170 3358/5788/3347 1044/5777/1040
f 1044/5777/1040 3358/5788/3347 5184/5789/5171 3354/5780/3343
f 3358/5788/3347 1047/5787/1043 3359/5790/3348 5184/5789/5171
f 5184/5789/5171 3359/5790/3348 1046/5791/1042 3360/5792/3349
f 3354/5780/3343 5184/5789/5171 3360/5792/3349 1043/5781/1039
f 1049/5793/1045 3362/5794/3351 5185/5795/5172 3361/5796/3350
f 3362/5794/3351 1051/5797/1047 3363/5798/3352 5185/5795/5172
f 5185/5795/5172 3363/5798/3352 1053/5799/1049 3364/5800/3353
f 3361/5796/3350 5185/5795/5172 3364/5800/3353 1050/5801/1046
f 1050/5801/1046 3364/5800/3353 5186/5802/5173 3365/5803/3354
f 3364/5800/3353 1053/5799/1049 3366/5804/3355 5186/5802/5173
f 5186/5802/5173 3366/5804/3355 1052/5805/1048 3367/5806/3356
f 3365/5803/3354 5186/5802/5173 3367/5806/3356 1048/5807/1044
f 1051/5797/1047 3368/5808/3357 5187/5809/5174 3363/5798/3352
f 3368/5808/3357 1054/5810/1050 3369/5811/3358 5187/5809/5174
f 5187/5809/5174 3369/5811/3358 1056/5812/1052 3370/5813/3359
f 3363/5798/3352 5187/5809/5174 3370/5813/3359 1053/5799/1049
f 1053/5799/1049 3370/5813/3359 5188/5814/5175 3366/5804/3355
f 3370/5813/3359 1056/5812/1052 3371/5815/3360 5188/5814/5175
f 5188/5814/5175 3371/5815/3360 1055/5816/1051 3372/5817/3361
f 3366/5804/3355 5188/5814/5175 3372/5817/3361 1052/5805/1048
f 1054/5810/1050 3373/5818/3362 5189/5819/5176 3369/5811/3358
f 3373/5818/3362 1057/5820/1053 3374/5821/3363 5189/5819/5176
f 5189/5819/5176 3374/5821/3363 1059/5822/1055 3375/5823/3364
f 3369/5811/3358 5189/5819/5176 3375/5823/3364 1056/5812/1052
f 1056/5812/1052 3375/5823/3364 5190/5824/5177 3371/5815/3360
f 3375/5823/3364 1059/5822/1055 3376/5825/3365 5190/5824/5177
f 5190/5824/5177 3376/5825/3365 1058/5826/1054 3377/5827/3366
f 3371/5815/3360 5190/5824/5177 3377/5827/3366 1055/5816/1051
f 1057/5820/1053 3378/5828/3367 5191/5829/5178 3374/5821/3363
f 3378/5828/3367 1060/5830/1056 3379/5831/3368 5191/5829/5178
f 5191/5829/5178 3379/5831/3368 1062/5832/1058 3380/5833/3369
f 3374/5821/3363 5191/5829/5178 3380/5833/3369 1059/5822/1055
f 1059/5822/1055 3380/5833/3369 5192/5834/5179 3376/5825/3365
f 3380/5833/3369 1062/5832/1058 3381/5835/3370 5192/5834/5179
f 5192/5834/5179 3381/5835/3370 1061/5836/1057 3382/5837/3371
f 3376/5825/3365 5192/5834/5179 3382/5837/3371 1058/5826/1054
f 1064/5838/1060 3384/5839/3373 5193/5840/5180 3383/5841/3372
f 3384/5839/3373 1066/5842/1062 3385/5843/3374 5193/5840/5180
f 5193/5840/5180 3385/5843/3374 1068/5844/1064 3386/5845/3375
f 3383/5841/3372 5193/5840/5180 3386/5845/3375 1065/5846/1061
f 1065/5846/1061 3386/5847/3375 5194/5848/5181 3387/5849/3376
f 3386/5847/3375 1068/5850/1064 3388/5851/3377 5194/5848/5181
f 5194/5848/5181 3388/5851/3377 1067/5852/1063 3389/5853/3378
f 3387/5849/3376 5194/5848/5181 3389/5853/3378 1063/5854/1059
f 1066/5842/1062 3390/5855/3379 5195/5856/5182 3385/5843/3374
f 3390/5855/3379 1069/5857/1065 3391/5858/3380 5195/5856/5182
f 5195/5856/5182 3391/5858/3380 1071/5859/1037 3392/5860/3381
f 3385/5843/3374 5195/5856/5182 3392/5860/3381 1068/5844/1064
f 1068/5844/1064 3392/5860/3381 5196/5861/5183 3388/5851/3377
f 3392/5860/3381 1071/5859/1037 3393/5862/3382 5196/5861/5183
f 5196/5861/5183 3393/5862/3382 1070/5863/1066 3394/5864/3383
f 3388/5851/3377 5196/5861/5183 3394/5864/3383 1067/5865/1063
f 1069/5857/1065 3395/5866/3384 5197/5867/5184 3391/5858/3380
f 3395/5866/3384 1072/5868/1067 3396/5869/3385 5197/5867/5184
f 5197/5867/5184 3396/5869/3385 1074/5870/1069 3397/5871/3386
f 3391/5858/3380 5197/5867/5184 3397/5871/3386 1071/5859/1037
f 1071/5859/1037 3397/5871/3386 5198/5872/5185 3393/5862/3382
f 3397/5871/3386 1074/5870/1069 3398/5873/3387 5198/5872/5185
f 5198/5872/5185 3398/5873/3387 1073/5874/1068 3399/5875/3388
f 3393/5862/3382 5198/5872/5185 3399/5875/3388 1070/5863/1066
f 1072/5868/1067 3400/5876/3389 5199/5877/5186 3396/5869/3385
f 3400/5876/3389 1075/5878/1070 3401/5879/3390 5199/5877/5186
f 5199/5877/5186 3401/5879/3390 1077/5880/1072 3402/5881/3391
f 3396/5869/3385 5199/5877/5186 3402/5881/3391 1074/5870/1069
f 1074/5870/1069 3402/5881/3391 5200/5882/5187 3398/5873/3387
f 3402/5881/3391 1077/5880/1072 3403/5883/3392 5200/5882/5187
f 5200/5882/5187 3403/5883/3392 1076/5884/1071 3404/5885/3393
f 3398/5873/3387 5200/5882/5187 3404/5885/3393 1073/5874/1068
f 1079/5886/1074 3406/5887/3395 5201/5888/5188 3405/5889/3394
f 3406/5887/3395 1081/5890/1076 3407/5891/3396 5201/5888/5188
f 5201/5888/5188 3407/5891/3396 1083/5892/1078 3408/5893/3397
f 3405/5889/3394 5201/5888/5188 3408/5893/3397 1080/5894/1075
f 1080/5894/1075 3408/5893/3397 5202/5895/5189 3409/5896/3398
f 3408/5893/3397 1083/5892/1078 3410/5897/3399 5202/5895/5189
f 5202/5895/5189 3410/5897/3399 1082/5898/1077 3411/5899/3400
f 3409/5896/3398 5202/5895/5189 3411/5899/3400 1078/5900/1073
f 1081/5890/1076 3412/5901/3401 5203/5902/5190 3407/5891/3396
f 3412/5901/3401 1084/5903/1079 3413/5904/3402 5203/5902/5190
f 5203/5902/5190 3413/5904/3402 1086/5905/1052 3414/5906/3403
f 3407/5891/3396 5203/5902/5190 3414/5906/3403 1083/5892/1078
f 1083/5892/1078 3414/5906/3403 5204/5907/5191 3410/5897/3399
f 3414/5906/3403 1086/5905/1052 3415/5908/3404 5204/5907/5191
f 5204/5907/5191 3415/5908/3404 1085/5909/1080 3416/5910/3405
f 3410/5897/3399 5204/5907/5191 3416/5910/3405 1082/5898/1077
f 1084/5903/1079 3417/5911/3406 5205/5912/5192 3413/5904/3402
f 3417/5911/3406 1087/5913/1081 3418/5914/3407 5205/5912/5192
f 5205/5912/5192 3418/5914/3407 1089/5915/1083 3419/5916/3408
f 3413/5904/3402 5205/5912/5192 3419/5916/3408 1086/5905/1052
f 1086/5905/1052 3419/5916/3408 5206/5917/5193 3415/5908/3404
f 3419/5916/3408 1089/5915/1083 3420/5918/3409 5206/5917/5193
f 5206/5917/5193 3420/5918/3409 1088/5919/1082 3421/5920/3410
f 3415/5908/3404 5206/5917/5193 3421/5920/3410 1085/5909/1080
f 1087/5913/1081 3422/5921/3411 5207/5922/5194 3418/5914/3407
f 3422/5921/3411 1090/5923/1084 3423/5924/3412 5207/5922/5194
f 5207/5922/5194 3423/5924/3412 1092/5925/1086 3424/5926/3413
f 3418/5914/3407 5207/5922/5194 3424/5926/3413 1089/5915/1083
f 1089/5915/1083 3424/5926/3413 5208/5927/5195 3420/5918/3409
f 3424/5926/3413 1092/5925/1086 3425/5928/3414 5208/5927/5195
f 5208/5927/5195 3425/5928/3414 1091/5929/1085 3426/5930/3415
f 3420/5918/3409 5208/5927/5195 3426/5930/3415 1088/5919/1082
f 1094/5931/1088 3428/5932/3417 5209/5933/5196 3427/5934/3416
f 3428/5932/3417 1096/5935/1090 3429/5936/3418 5209/5933/5196
f 5209/5933/5196 3429/5936/3418 1098/5937/1092 3430/5938/3419
f 3427/5934/3416 5209/5933/5196 3430/5938/3419 1095/5939/1089
f 1095/5940/1089 3430/5941/3419 5210/5942/5197 3431/5943/3420
f 3430/5941/3419 1098/5944/1092 3432/5945/3421 5210/5942/5197
f 5210/5942/5197 3432/5945/3421 1097/5946/1091 3433/5947/3422
f 3431/5943/3420 5210/5942/5197 3433/5947/3422 1093/5948/1087
f 1096/5935/1090 3434/5949/3423 5211/5950/5198 3429/5936/3418
f 3434/5949/3423 1099/5951/1093 3435/5952/3424 5211/5950/5198
f 5211/5950/5198 3435/5952/3424 1101/5953/1095 3436/5954/3425
f 3429/5936/3418 5211/5950/5198 3436/5954/3425 1098/5937/1092
f 1098/5937/1092 3436/5954/3425 5212/5955/5199 3432/5956/3421
f 3436/5954/3425 1101/5953/1095 3437/5957/3426 5212/5955/5199
f 5212/5955/5199 3437/5957/3426 1100/5958/1094 3438/5959/3427
f 3432/5956/3421 5212/5955/5199 3438/5959/3427 1097/5960/1091
f 1099/5951/1093 3439/5961/3428 5213/5962/5200 3435/5952/3424
f 3439/5961/3428 1102/5963/1096 3440/5964/3429 5213/5962/5200
f 5213/5962/5200 3440/5964/3429 1104/5965/1098 3441/5966/3430
f 3435/5952/3424 5213/5962/5200 3441/5966/3430 1101/5953/1095
f 1101/5953/1095 3441/5966/3430 5214/5967/5201 3437/5957/3426
f 3441/5966/3430 1104/5965/1098 3442/5968/3431 5214/5967/5201
f 5214/5967/5201 3442/5968/3431 1103/5969/1097 3443/5970/3432
f 3437/5957/3426 5214/5967/5201 3443/5970/3432 1100/5958/1094
f 1102/5963/1096 3444/5971/3433 5215/5972/5202 3440/5964/3429
f 3444/5971/3433 1105/5973/1099 3445/5974/3434 5215/5972/5202
f 5215/5972/5202 3445/5974/3434 1107/5975/1101 3446/5976/3435
f 3440/5964/3429 5215/5972/5202 3446/5976/3435 1104/5965/1098
f 1104/5965/1098 3446/5976/3435 5216/5977/5203 3442/5968/3431
f 3446/5976/3435 1107/5975/1101 3447/5978/3436 5216/5977/5203
f 5216/5977/5203 3447/5978/3436 1106/5979/1100 3448/5980/3437
f 3442/5968/3431 5216/5977/5203 3448/5980/3437 1103/5969/1097
f 1109/5981/1103 3450/5982/3439 5217/5983/5204 3449/5984/3438
f 3450/5982/3439 1111/5985/1105 3451/5986/3440 5217/5983/5204
f 5217/5983/5204 3451/5986/3440 1113/5987/1107 3452/5988/3441
f 3449/5984/3438 5217/5983/5204 3452/5988/3441 1110/5989/1104
f 1110/5989/1104 3452/5988/3441 5218/5990/5205 3453/5991/3442
f 3452/5988/3441 1113/5987/1107 3454/5992/3443 5218/5990/5205
f 5218/5990/5205 3454/5992/3443 1112/5993/1106 3455/5994/3444
f 3453/5991/3442 5218/5990/5205 3455/5994/3444 1108/5995/1102
f 1111/5985/1105 3456/5996/3445 5219/5997/5206 3451/5986/3440
f 3456/5996/3445 1114/5998/1108 3457/5999/3446 5219/5997/5206
f 5219/5997/5206 3457/5999/3446 1116/6000/1110 3458/6001/3447
f 3451/5986/3440 5219/5997/5206 3458/6001/3447 1113/5987/1107
f 1113/5987/1107 3458/6001/3447 5220/6002/5207 3454/5992/3443
f 3458/6001/3447 1116/6000/1110 3459/6003/3448 5220/6002/5207
f 5220/6002/5207 3459/6003/3448 1115/6004/1109 3460/6005/3449
f 3454/5992/3443 5220/6002/5207 3460/6005/3449 1112/5993/1106
f 1114/6006/1108 3461/6007/3450 5221/6008/5208 3457/6009/3446
f 3461/6007/3450 1117/6010/1111 3462/6011/3451 5221/6008/5208
f 5221/6008/5208 3462/6011/3451 1119/6012/1113 3463/6013/3452
f 3457/6009/3446 5221/6008/5208 3463/6013/3452 1116/6014/1110
f 1116/6000/1110 3463/6015/3452 5222/6016/5209 3459/6003/3448
f 3463/6015/3452 1119/6017/1113 3464/6018/3453 5222/6016/5209
f 5222/6016/5209 3464/6018/3453 1118/6019/1112 3465/6020/3454
f 3459/6003/3448 5222/6016/5209 3465/6020/3454 1115/6004/1109
f 1117/6010/1111 3466/6021/3455 5223/6022/5210 3462/6011/3451
f 3466/6021/3455 1120/6023/1114 3467/6024/3456 5223/6022/5210
f 5223/6022/5210 3467/6024/3456 1122/6025/1116 3468/6026/3457
f 3462/6011/3451 5223/6022/5210 3468/6026/3457 1119/6012/1113
f 1119/6017/1113 3468/6027/3457 5224/6028/5211 3464/6018/3453
f 3468/6027/3457 1122/6029/1116 3469/6030/3458 5224/6028/5211
f 5224/6028/5211 3469/6030/3458 1121/6031/1115 3470/6032/3459
f 3464/6018/3453 5224/6028/5211 3470/6032/3459 1118/6019/1112
f 1124/6033/1118 3472/6034/3461 5225/6035/5212 3471/6036/3460
f 3472/6034/3461 1126/6037/1120 3473/6038/3462 5225/6035/5212
f 5225/6035/5212 3473/6038/3462 1128/6039/1122 3474/6040/3463
f 3471/6036/3460 5225/6035/5212 3474/6040/3463 1125/6041/1119
f 1125/6041/1119 3474/6040/3463 5226/6042/5213 3475/6043/3464
f 3474/6040/3463 1128/6039/1122 3476/6044/3465 5226/6042/5213
f 5226/6042/5213 3476/6044/3465 1127/6045/1121 3477/6046/3466
f 3475/6043/3464 5226/6042/5213 3477/6046/3466 1123/6047/1117
f 1126/6048/1120 3478/6049/3467 5227/6050/5214 3473/6051/3462
f 3478/6049/3467 1129/6052/1123 3479/6053/3468 5227/6050/5214
f 5227/6050/5214 3479/6053/3468 1131/6054/1125 3480/6055/3469
f 3473/6051/3462 5227/6050/5214 3480/6055/3469 1128/6056/1122
f 1128/6056/1122 3480/6055/3469 5228/6057/5215 3476/6044/3465
f 3480/6055/3469 1131/6054/1125 3481/6058/3470 5228/6057/5215
f 5228/6057/5215 3481/6058/3470 1130/6059/1124 3482/6060/3471
f 3476/6044/3465 5228/6057/5215 3482/6060/3471 1127/6045/1121
f 1129/6052/1123 3483/6061/3472 5229/6062/5216 3479/6053/3468
f 3483/6061/3472 1132/6063/1126 3484/6064/3473 5229/6062/5216
f 5229/6062/5216 3484/6064/3473 1134/6065/1128 3485/6066/3474
f 3479/6053/3468 5229/6062/5216 3485/6066/3474 1131/6054/1125
f 1131/6054/1125 3485/6066/3474 5230/6067/5217 3481/6058/3470
f 3485/6066/3474 1134/6065/1128 3486/6068/3475 5230/6067/5217
f 5230/6067/5217 3486/6068/3475 1133/6069/1127 3487/6070/3476
f 3481/6058/3470 5230/6067/5217 3487/6070/3476 1130/6059/1124
f 1132/6063/1126 3488/6071/3477 5231/6072/5218 3484/6064/3473
f 3488/6071/3477 1135/6073/1129 3489/6074/3478 5231/6072/5218
f 5231/6072/5218 3489/6074/3478 1137/6075/1131 3490/6076/3479
f 3484/6064/3473 5231/6072/5218 3490/6076/3479 1134/6065/1128
f 1134/6065/1128 3490/6076/3479 5232/6077/5219 3486/6068/3475
f 3490/6076/3479 1137/6075/1131 3491/6078/3480 5232/6077/5219
f 5232/6077/5219 3491/6078/3480 1136/6079/1130 3492/6080/3481
f 3486/6068/3475 5232/6077/5219 3492/6080/3481 1133/6069/1127
f 1139/6081/1133 3494/6082/3483 5233/6083/5220 3493/6084/3482
f 3494/6082/3483 1141/6085/1135 3495/6086/3484 5233/6083/5220
f 5233/6083/5220 3495/6086/3484 1143/6087/1137 3496/6088/3485
f 3493/6084/3482 5233/6083/5220 3496/6088/3485 1140/6089/1134
f 1140/6089/1134 3496/6088/3485 5234/6090/5221 3497/6091/3486
f 3496/6088/3485 1143/6087/1137 3498/6092/3487 5234/6090/5221
f 5234/6090/5221 3498/6092/3487 1142/6093/1136 3499/6094/3488
f 3497/6091/3486 5234/6090/5221 3499/6094/3488 1138/6095/1132
f 1141/6085/1135 3500/6096/3489 5235/6097/5222 3495/6086/3484
f 3500/6096/3489 1144/6098/1138 3501/6099/3490 5235/6097/5222
f 5235/6097/5222 3501/6099/3490 1146/6100/1140 3502/6101/3491
f 3495/6086/3484 5235/6097/5222 3502/6101/3491 1143/6087/1137
f 1143/6087/1137 3502/6101/3491 5236/6102/5223 3498/6092/3487
f 3502/6101/3491 1146/6100/1140 3503/6103/3492 5236/6102/5223
f 5236/6102/5223 3503/6103/3492 1145/6104/1139 3504/6105/3493
f 3498/6092/3487 5236/6102/5223 3504/6105/3493 1142/6093/1136
f 1144/6106/1138 3505/6107/3494 5237/6108/5224 3501/6109/3490
f 3505/6107/3494 1147/6110/1141 3506/6111/3495 5237/6108/5224
f 5237/6108/5224 3506/6111/3495 1149/6112/1143 3507/6113/3496
f 3501/6109/3490 5237/6108/5224 3507/6113/3496 1146/6114/1140
f 1146/6114/1140 3507/6113/3496 5238/6115/5225 3503/6116/3492
f 3507/6113/3496 1149/6112/1143 3508/6117/3497 5238/6115/5225
f 5238/6115/5225 3508/6117/3497 1148/6118/1142 3509/6119/3498
f 3503/6116/3492 5238/6115/5225 3509/6119/3498 1145/6120/1139
f 1147/6110/1141 3510/6121/3499 5239/6122/5226 3506/6111/3495
f 3510/6121/3499 1150/6123/1144 3511/6124/3500 5239/6122/5226
f 5239/6122/5226 3511/6124/3500 1152/6125/1146 3512/6126/3501
f 3506/6111/3495 5239/6122/5226 3512/6126/3501 1149/6112/1143
f 1149/6112/1143 3512/6126/3501 5240/6127/5227 3508/6117/3497
f 3512/6126/3501 1152/6125/1146 3513/6128/3502 5240/6127/5227
f 5240/6127/5227 3513/6128/3502 1151/6129/1145 3514/6130/3503
f 3508/6117/3497 5240/6127/5227 3514/6130/3503 1148/6118/1142
f 1154/6131/1148 3516/6132/3505 5241/6133/5228 3515/6134/3504
f 3516/6132/3505 1156/6135/1150 3517/6136/3506 5241/6133/5228
f 5241/6133/5228 3517/6136/3506 1158/6137/1152 3518/6138/3507
f 3515/6134/3504 5241/6133/5228 3518/6138/3507 1155/6139/1149
f 1155/6139/1149 3518/6138/3507 5242/6140/5229 3519/6141/3508
f 3518/6138/3507 1158/6137/1152 3520/6142/3509 5242/6140/5229
f 5242/6140/5229 3520/6142/3509 1157/6143/1151 3521/6144/3510
f 3519/6141/3508 5242/6140/5229 3521/6144/3510 1153/6145/1147
f 1156/6146/1150 3522/6147/3511 5243/6148/5230 3517/6149/3506
f 3522/6147/3511 1159/6150/1153 3523/6151/3512 5243/6148/5230
f 5243/6148/5230 3523/6151/3512 1161/6152/1155 3524/6153/3513
f 3517/6149/3506 5243/6148/5230 3524/6153/3513 1158/6137/1152
f 1158/6137/1152 3524/6154/3513 5244/6155/5231 3520/6142/3509
f 3524/6154/3513 1161/6156/1155 3525/6157/3514 5244/6155/5231
f 5244/6155/5231 3525/6157/3514 1160/6158/1154 3526/6159/3515
f 3520/6142/3509 5244/6155/5231 3526/6159/3515 1157/6143/1151
f 1159/6150/1153 3527/6160/3516 5245/6161/5232 3523/6151/3512
f 3527/6160/3516 1162/6162/1156 3528/6163/3517 5245/6161/5232
f 5245/6161/5232 3528/6163/3517 1164/6164/1158 3529/6165/3518
f 3523/6151/3512 5245/6161/5232 3529/6165/3518 1161/6152/1155
f 1161/6152/1155 3529/6165/3518 5246/6166/5233 3525/6157/3514
f 3529/6165/3518 1164/6164/1158 3530/6167/3519 5246/6166/5233
f 5246/6166/5233 3530/6167/3519 1163/6168/1157 3531/6169/3520
f 3525/6157/3514 5246/6166/5233 3531/6169/3520 1160/6170/1154
f 1162/6162/1156 3532/6171/3521 5247/6172/5234 3528/6163/3517
f 3532/6171/3521 1165/6173/1159 3533/6174/3522 5247/6172/5234
f 5247/6172/5234 3533/6174/3522 1167/6175/1161 3534/6176/3523
f 3528/6163/3517 5247/6172/5234 3534/6176/3523 1164/6164/1158
f 1164/6164/1158 3534/6176/3523 5248/6177/5235 3530/6167/3519
f 3534/6176/3523 1167/6175/1161 3535/6178/3524 5248/6177/5235
f 5248/6177/5235 3535/6178/3524 1166/6179/1160 3536/6180/3525
f 3530/6167/3519 5248/6177/5235 3536/6180/3525 1163/6168/1157
f 1169/6181/1163 3538/6182/3527 5249/6183/5236 3537/6184/3526
f 3538/6182/3527 1171/6185/1165 3539/6186/3528 5249/6183/5236
f 5249/6183/5236 3539/6186/3528 1173/6187/1167 3540/6188/3529
f 3537/6184/3526 5249/6183/5236 3540/6188/3529 1170/6189/1164
f 1170/6189/1164 3540/6188/3529 5250/6190/5237 3541/6191/3530
f 3540/6188/3529 1173/6187/1167 3542/6192/3531 5250/6190/5237
f 5250/6190/5237 3542/6192/3531 1172/6193/1166 3543/6194/3532
f 3541/6191/3530 5250/6190/5237 3543/6194/3532 1168/6195/1162
f 1171/6185/1165 3544/6196/3533 5251/6197/5238 3539/6186/3528
f 3544/6196/3533 1174/6198/1168 3545/6199/3534 5251/6197/5238
f 5251/6197/5238 3545/6199/3534 1176/6200/1170 3546/6201/3535
f 3539/6186/3528 5251/6197/5238 3546/6201/3535 1173/6187/1167
f 1173/6187/1167 3546/6201/3535 5252/6202/5239 3542/6192/3531
f 3546/6201/3535 1176/6200/1170 3547/6203/3536 5252/6202/5239
f 5252/6202/5239 3547/6203/3536 1175/6204/1169 3548/6205/3537
f 3542/6192/3531 5252/6202/5239 3548/6205/3537 1172/6193/1166
f 1174/6206/1168 3549/6207/3538 5253/6208/5240 3545/6199/3534
f 3549/6207/3538 1177/6209/1171 3550/6210/3539 5253/6208/5240
f 5253/6208/5240 3550/6210/3539 1179/6211/1173 3551/6212/3540
f 3545/6199/3534 5253/6208/5240 3551/6212/3540 1176/6213/1170
f 1176/6213/1170 3551/6212/3540 5254/6214/5241 3547/6215/3536
f 3551/6212/3540 1179/6211/1173 3552/6216/3541 5254/6214/5241
f 5254/6214/5241 3552/6216/3541 1178/6217/1172 3553/6218/3542
f 3547/6215/3536 5254/6214/5241 3553/6218/3542 1175/6219/1169
f 1177/6209/1171 3554/6220/3543 5255/6221/5242 3550/6210/3539
f 3554/6220/3543 1180/6222/1174 3555/6223/3544 5255/6221/5242
f 5255/6221/5242 3555/6223/3544 1182/6224/1176 3556/6225/3545
f 3550/6210/3539 5255/6221/5242 3556/6225/3545 1179/6211/1173
f 1179/6211/1173 3556/6225/3545 5256/6226/5243 3552/6216/3541
f 3556/6225/3545 1182/6224/1176 3557/6227/3546 5256/6226/5243
f 5256/6226/5243 3557/6227/3546 1181/6228/1175 3558/6229/3547
f 3552/6216/3541 5256/6226/5243 3558/6229/3547 1178/6217/1172
f 1184/6230/1178 3560/6231/3549 5257/6232/5244 3559/6233/3548
f 3560/6231/3549 1186/6234/1180 3561/6235/3550 5257/6232/5244
f 5257/6232/5244 3561/6235/3550 1188/6236/1182 3562/6237/3551
f 3559/6233/3548 5257/6232/5244 3562/6237/3551 1185/6238/1179
f 1185/6239/1179 3562/6240/3551 5258/6241/5245 3563/6242/3552
f 3562/6240/3551 1188/6236/1182 3564/6243/3553 5258/6241/5245
f 5258/6241/5245 3564/6243/3553 1187/6244/1181 3565/6245/3554
f 3563/6242/3552 5258/6241/5245 3565/6245/3554 1183/6246/1177
f 1186/6234/1180 3566/6247/3555 5259/6248/5246 3561/6235/3550
f 3566/6247/3555 1189/6249/1183 3567/6250/3556 5259/6248/5246
f 5259/6248/5246 3567/6250/3556 1191/6251/1185 3568/6252/3557
f 3561/6235/3550 5259/6248/5246 3568/6252/3557 1188/6236/1182
f 1188/6236/1182 3568/6252/3557 5260/6253/5247 3564/6254/3553
f 3568/6252/3557 1191/6251/1185 3569/6255/3558 5260/6253/5247
f 5260/6253/5247 3569/6255/3558 1190/6256/1184 3570/6257/3559
f 3564/6254/3553 5260/6253/5247 3570/6257/3559 1187/6244/1181
f 1189/6249/1183 3571/6258/3560 5261/6259/5248 3567/6250/3556
f 3571/6258/3560 1192/6260/1186 3572/6261/3561 5261/6259/5248
f 5261/6259/5248 3572/6261/3561 1194/6262/1188 3573/6263/3562
f 3567/6250/3556 5261/6259/5248 3573/6263/3562 1191/6251/1185
f 1191/6251/1185 3573/6263/3562 5262/6264/5249 3569/6255/3558
f 3573/6263/3562 1194/6262/1188 3574/6265/3563 5262/6264/5249
f 5262/6264/5249 3574/6265/3563 1193/6266/1187 3575/6267/3564
f 3569/6255/3558 5262/6264/5249 3575/6267/3564 1190/6256/1184
f 1192/6260/1186 3576/6268/3565 5263/6269/5250 3572/6261/3561
f 3576/6268/3565 1195/6270/1189 3577/6271/3566 5263/6269/5250
f 5263/6269/5250 3577/6271/3566 1197/6272/1191 3578/6273/3567
f 3572/6261/3561 5263/6269/5250 3578/6273/3567 1194/6262/1188
f 1194/6262/1188 3578/6273/3567 5264/6274/5251 3574/6265/3563
f 3578/6273/3567 1197/6272/1191 3579/6275/3568 5264/6274/5251
f 5264/6274/5251 3579/6275/3568 1196/6276/1190 3580/6277/3569
f 3574/6265/3563 5264/6274/5251 3580/6277/3569 1193/6266/1187
f 1199/6278/1193 3582/6279/3571 5265/6280/5252 3581/6281/3570
f 3582/6279/3571 1201/6282/1195 3583/6283/3572 5265/6280/5252
f 5265/6280/5252 3583/6283/3572 1203/6284/1197 3584/6285/3573
f 3581/6281/3570 5265/6280/5252 3584/6285/3573 1200/6286/1194
f 1200/6286/1194 3584/6285/3573 5266/6287/5253 3585/6288/3574
f 3584/6285/3573 1203/6284/1197 3586/6289/3575 5266/6287/5253
f 5266/6287/5253 3586/6289/3575 1202/6290/1196 3587/6291/3576
f 3585/6288/3574 5266/6287/5253 3587/6291/3576 1198/6292/1192
f 1201/6282/1195 3588/6293/3577 5267/6294/5254 3583/6283/3572
f 3588/6293/3577 1204/6295/1198 3589/6296/3578 5267/6294/5254
f 5267/6294/5254 3589/6296/3578 1206/6297/1200 3590/6298/3579
f 3583/6283/3572 5267/6294/5254 3590/6298/3579 1203/6284/1197
f 1203/6284/1197 3590/6298/3579 5268/6299/5255 3586/6289/3575
f 3590/6298/3579 1206/6297/1200 3591/6300/3580 5268/6299/5255
f 5268/6299/5255 3591/6300/3580 1205/6301/1199 3592/6302/3581
f 3586/6289/3575 5268/6299/5255 3592/6302/3581 1202/6290/1196
f 1204/6303/1198 3593/6304/3582 5269/6305/5256 3589/6306/3578
f 3593/6304/3582 1207/6307/1201 3594/6308/3583 5269/6305/5256
f 5269/6305/5256 3594/6308/3583 1209/6309/1203 3595/6310/3584
f 3589/6306/3578 5269/6305/5256 3595/6310/3584 1206/6311/1200
f 1206/6297/1200 3595/6312/3584 5270/6313/5257 3591/6300/3580
f 3595/6312/3584 1209/6314/1203 3596/6315/3585 5270/6313/5257
f 5270/6313/5257 3596/6315/3585 1208/6316/1202 3597/6317/3586
f 3591/6300/3580 5270/6313/5257 3597/6317/3586 1205/6301/1199
f 1207/6307/1201 3598/6318/3587 5271/6319/5258 3594/6308/3583
f 3598/6318/3587 1210/6320/1204 3599/6321/3588 5271/6319/5258
f 5271/6319/5258 3599/6321/3588 1212/6322/1206 3600/6323/3589
f 3594/6308/3583 5271/6319/5258 3600/6323/3589 1209/6309/1203
f 1209/6309/1203 3600/6323/3589 5272/6324/5259 3596/6325/3585
f 3600/6323/3589 1212/6322/1206 3601/6326/3590 5272/6324/5259
f 5272/6324/5259 3601/6326/3590 1211/6327/1205 3602/6328/3591
f 3596/6325/3585 5272/6324/5259 3602/6328/3591 1208/6329/1202
f 1214/6330/1208 3604/6331/3593 5273/6332/5260 3603/6333/3592
f 3604/6331/3593 1216/6334/1210 3605/6335/3594 5273/6332/5260
f 5273/6332/5260 3605/6335/3594 1218/6336/1212 3606/6337/3595
f 3603/6333/3592 5273/6332/5260 3606/6337/3595 1215/6338/1209
f 1215/6339/1209 3606/6340/3595 5274/6341/5261 3607/6342/3596
f 3606/6340/3595 1218/6343/1212 3608/6344/3597 5274/6341/5261
f 5274/6341/5261 3608/6344/3597 1217/6345/1211 3609/6346/3598
f 3607/6342/3596 5274/6341/5261 3609/6346/3598 1213/6347/1207
f 1216/6334/1210 3610/6348/3599 5275/6349/5262 3605/6335/3594
f 3610/6348/3599 1219/6350/1213 3611/6351/3600 5275/6349/5262
f 5275/6349/5262 3611/6351/3600 1221/6352/1215 3612/6353/3601
f 3605/6335/3594 5275/6349/5262 3612/6353/3601 1218/6336/1212
f 1218/6336/1212 3612/6353/3601 5276/6354/5263 3608/6355/3597
f 3612/6353/3601 1221/6352/1215 3613/6356/3602 5276/6354/5263
f 5276/6354/5263 3613/6356/3602 1220/6357/1214 3614/6358/3603
f 3608/6355/3597 5276/6354/5263 3614/6358/3603 1217/6345/1211
f 1219/6350/1213 3615/6359/3604 5277/6360/5264 3611/6351/3600
f 3615/6359/3604 1222/6361/1216 3616/6362/3605 5277/6360/5264
f 5277/6360/5264 3616/6362/3605 1224/6363/1218 3617/6364/3606
f 3611/6351/3600 5277/6360/5264 3617/6364/3606 1221/6352/1215
f 1221/6352/1215 3617/6364/3606 5278/6365/5265 3613/6356/3602
f 3617/6364/3606 1224/6363/1218 3618/6366/3607 5278/6365/5265
f 5278/6365/5265 3618/6366/3607 1223/6367/1217 3619/6368/3608
f 3613/6356/3602 5278/6365/5265 3619/6368/3608 1220/6357/1214
f 1222/6361/1216 3620/6369/3609 5279/6370/5266 3616/6362/3605
f 3620/6369/3609 1225/6371/1219 3621/6372/3610 5279/6370/5266
f 5279/6370/5266 3621/6372/3610 1227/6373/1221 3622/6374/3611
f 3616/6362/3605 5279/6370/5266 3622/6374/3611 1224/6363/1218
f 1224/6363/1218 3622/6374/3611 5280/6375/5267 3618/6366/3607
f 3622/6374/3611 1227/6373/1221 3623/6376/3612 5280/6375/5267
f 5280/6375/5267 3623/6376/3612 1226/6377/1220 3624/6378/3613
f 3618/6366/3607 5280/6375/5267 3624/6378/3613 1223/6367/1217
f 1229/6379/1223 3626/6380/3615 5281/6381/5268 3625/6382/3614
f 3626/6380/3615 1231/6383/1225 3627/6384/3616 5281/6381/5268
f 5281/6381/5268 3627/6384/3616 1233/6385/1227 3628/6386/3617
f 3625/6382/3614 5281/6381/5268 3628/6386/3617 1230/6387/1224
f 1230/6387/1224 3628/6386/3617 5282/6388/5269 3629/6389/3618
f 3628/6386/3617 1233/6385/1227 3630/6390/3619 5282/6388/5269
f 5282/6388/5269 3630/6390/3619 1232/6391/1226 3631/6392/3620
f 3629/6389/3618 5282/6388/5269 3631/6392/3620 1228/6393/1222
f 1231/6383/1225 3632/6394/3621 5283/6395/5270 3627/6384/3616
f 3632/6394/3621 1234/6396/1228 3633/6397/3622 5283/6395/5270
f 5283/6395/5270 3633/6397/3622 1236/6398/1230 3634/6399/3623
f 3627/6384/3616 5283/6395/5270 3634/6399/3623 1233/6385/1227
f 1233/6385/1227 3634/6399/3623 5284/6400/5271 3630/6390/3619
f 3634/6399/3623 1236/6398/1230 3635/6401/3624 5284/6400/5271
f 5284/6400/5271 3635/6401/3624 1235/6402/1229 3636/6403/3625
f 3630/6390/3619 5284/6400/5271 3636/6403/3625 1232/6391/1226
f 1234/6404/1228 3637/6405/3626 5285/6406/5272 3633/6407/3622
f 3637/6405/3626 1237/6408/1231 3638/6409/3627 5285/6406/5272
f 5285/6406/5272 3638/6409/3627 1239/6410/1233 3639/6411/3628
f 3633/6407/3622 5285/6406/5272 3639/6411/3628 1236/6412/1230
f 1236/6398/1230 3639/6413/3628 5286/6414/5273 3635/6401/3624
f 3639/6413/3628 1239/6415/1233 3640/6416/3629 5286/6414/5273
f 5286/6414/5273 3640/6416/3629 1238/6417/1232 3641/6418/3630
f 3635/6401/3624 5286/6414/5273 3641/6418/3630 1235/6402/1229
f 1237/6408/1231 3642/6419/3631 5287/6420/5274 3638/6409/3627
f 3642/6419/3631 1240/6421/1234 3643/6422/3632 5287/6420/5274
f 5287/6420/5274 3643/6422/3632 1242/6423/1236 3644/6424/3633
f 3638/6409/3627 5287/6420/5274 3644/6424/3633 1239/6410/1233
f 1239/6415/1233 3644/6425/3633 5288/6426/5275 3640/6416/3629
f 3644/6425/3633 1242/6427/1236 3645/6428/3634 5288/6426/5275
f 5288/6426/5275 3645/6428/3634 1241/6429/1235 3646/6430/3635
f 3640/6416/3629 5288/6426/5275 3646/6430/3635 1238/6417/1232
f 1030/5740/1026 3647/6431/3636 5289/6432/5276 3335/5741/3324
f 3647/6431/3636 1243/6433/1237 3648/6434/3637 5289/6432/5276
f 5289/6432/5276 3648/6434/3637 1245/6435/1239 3649/6436/3638
f 3335/5741/3324 5289/6432/5276 3649/6436/3638 1032/5742/1028
f 1032/5742/1028 3649/6436/3638 5290/6437/5277 3337/5745/3326
f 3649/6436/3638 1245/6435/1239 3650/6438/3639 5290/6437/5277
f 5290/6437/5277 3650/6438/3639 1244/6439/1238 3651/6440/3640
f 3337/5745/3326 5290/6437/5277 3651/6440/3640 1031/5746/1027
f 1247/6441/1241 3653/6442/3642 5291/6443/5278 3652/6444/3641
f 3653/6442/3642 1004/5649/1000 3295/5652/3284 5291/6443/5278
f 5291/6443/5278 3295/5652/3284 1005/5657/1001 3654/6445/3643
f 3652/6444/3641 5291/6443/5278 3654/6445/3643 1248/6446/1242
f 1248/6446/1242 3654/6445/3643 5292/6447/5279 3655/6448/3644
f 3654/6445/3643 1005/5657/1001 3299/5659/3288 5292/6447/5279
f 5292/6447/5279 3299/5659/3288 1003/5663/999 3656/6449/3645
f 3655/6448/3644 5292/6447/5279 3656/6449/3645 1246/6450/1240
f 1060/5830/1056 3657/6451/3646 5293/6452/5280 3379/5831/3368
f 3657/6451/3646 1249/6453/1243 3658/6454/3647 5293/6452/5280
f 5293/6452/5280 3658/6454/3647 1251/6455/1245 3659/6456/3648
f 3379/5831/3368 5293/6452/5280 3659/6456/3648 1062/5832/1058
f 1062/5832/1058 3659/6456/3648 5294/6457/5281 3381/5835/3370
f 3659/6456/3648 1251/6455/1245 3660/6458/3649 5294/6457/5281
f 5294/6457/5281 3660/6458/3649 1250/6459/1244 3661/6460/3650
f 3381/5835/3370 5294/6457/5281 3661/6460/3650 1061/5836/1057
f 1253/6461/1247 3663/6462/3652 5295/6463/5282 3662/6464/3651
f 3663/6462/3652 1034/5748/1030 3339/5751/3328 5295/6463/5282
f 5295/6463/5282 3339/5751/3328 1035/5756/1031 3664/6465/3653
f 3662/6464/3651 5295/6463/5282 3664/6465/3653 1254/6466/1248
f 1254/6466/1248 3664/6465/3653 5296/6467/5283 3665/6468/3654
f 3664/6465/3653 1035/5756/1031 3343/5758/3332 5296/6467/5283
f 5296/6467/5283 3343/5758/3332 1033/5762/1029 3666/6469/3655
f 3665/6468/3654 5296/6467/5283 3666/6469/3655 1252/6470/1246
f 1090/5923/1084 3667/6471/3656 5297/6472/5284 3423/5924/3412
f 3667/6471/3656 1255/6473/1249 3668/6474/3657 5297/6472/5284
f 5297/6472/5284 3668/6474/3657 1257/6475/1251 3669/6476/3658
f 3423/5924/3412 5297/6472/5284 3669/6476/3658 1092/5925/1086
f 1092/5925/1086 3669/6476/3658 5298/6477/5285 3425/5928/3414
f 3669/6476/3658 1257/6475/1251 3670/6478/3659 5298/6477/5285
f 5298/6477/5285 3670/6478/3659 1256/6479/1250 3671/6480/3660
f 3425/5928/3414 5298/6477/5285 3671/6480/3660 1091/5929/1085
f 1259/6481/1253 3673/6482/3662 5299/6483/5286 3672/6484/3661
f 3673/6482/3662 1064/5838/1060 3383/5841/3372 5299/6483/5286
f 5299/6483/5286 3383/5841/3372 1065/5846/1061 3674/6485/3663
f 3672/6484/3661 5299/6483/5286 3674/6485/3663 1260/6486/1254
f 1260/6487/1254 3674/6488/3663 5300/6489/5287 3675/6490/3664
f 3674/6488/3663 1065/5846/1061 3387/5849/3376 5300/6489/5287
f 5300/6489/5287 3387/5849/3376 1063/5854/1059 3676/6491/3665
f 3675/6490/3664 5300/6489/5287 3676/6491/3665 1258/6492/1252
f 1120/6023/1114 3677/6493/3666 5301/6494/5288 3467/6024/3456
f 3677/6493/3666 1261/6495/1255 3678/6496/3667 5301/6494/5288
f 5301/6494/5288 3678/6496/3667 1263/6497/1257 3679/6498/3668
f 3467/6024/3456 5301/6494/5288 3679/6498/3668 1122/6025/1116
f 1122/6029/1116 3679/6498/3668 5302/6499/5289 3469/6030/3458
f 3679/6498/3668 1263/6500/1257 3680/6501/3669 5302/6499/5289
f 5302/6499/5289 3680/6501/3669 1262/6502/1256 3681/6503/3670
f 3469/6030/3458 5302/6499/5289 3681/6503/3670 1121/6031/1115
f 1265/6504/1259 3683/6505/3672 5303/6506/5290 3682/6507/3671
f 3683/6505/3672 1094/5931/1088 3427/5934/3416 5303/6506/5290
f 5303/6506/5290 3427/5934/3416 1095/5939/1089 3684/6508/3673
f 3682/6507/3671 5303/6506/5290 3684/6508/3673 1266/6509/1260
f 1266/6510/1260 3684/6511/3673 5304/6512/5291 3685/6513/3674
f 3684/6511/3673 1095/5940/1089 3431/5943/3420 5304/6512/5291
f 5304/6512/5291 3431/5943/3420 1093/5948/1087 3686/6514/3675
f 3685/6513/3674 5304/6512/5291 3686/6514/3675 1264/6515/1258
f 1150/6123/1144 3687/6516/3676 5305/6517/5292 3511/6124/3500
f 3687/6516/3676 1267/6518/1261 3688/6519/3677 5305/6517/5292
f 5305/6517/5292 3688/6519/3677 1269/6520/1263 3689/6521/3678
f 3511/6124/3500 5305/6517/5292 3689/6521/3678 1152/6125/1146
f 1152/6125/1146 3689/6521/3678 5306/6522/5293 3513/6128/3502
f 3689/6521/3678 1269/6520/1263 3690/6523/3679 5306/6522/5293
f 5306/6522/5293 3690/6523/3679 1268/6524/1262 3691/6525/3680
f 3513/6128/3502 5306/6522/5293 3691/6525/3680 1151/6129/1145
f 1271/6526/1265 3693/6527/3682 5307/6528/5294 3692/6529/3681
f 3693/6527/3682 1124/6033/1118 3471/6036/3460 5307/6528/5294
f 5307/6528/5294 3471/6036/3460 1125/6041/1119 3694/6530/3683
f 3692/6529/3681 5307/6528/5294 3694/6530/3683 1272/6531/1266
f 1272/6531/1266 3694/6530/3683 5308/6532/5295 3695/6533/3684
f 3694/6530/3683 1125/6041/1119 3475/6043/3464 5308/6532/5295
f 5308/6532/5295 3475/6043/3464 1123/6047/1117 3696/6534/3685
f 3695/6533/3684 5308/6532/5295 3696/6534/3685 1270/6535/1264
f 1180/6222/1174 3697/6536/3686 5309/6537/5296 3555/6223/3544
f 3697/6536/3686 1273/6538/1267 3698/6539/3687 5309/6537/5296
f 5309/6537/5296 3698/6539/3687 1275/6540/1269 3699/6541/3688
f 3555/6223/3544 5309/6537/5296 3699/6541/3688 1182/6224/1176
f 1182/6224/1176 3699/6541/3688 5310/6542/5297 3557/6227/3546
f 3699/6541/3688 1275/6540/1269 3700/6543/3689 5310/6542/5297
f 5310/6542/5297 3700/6543/3689 1274/6544/1268 3701/6545/3690
f 3557/6227/3546 5310/6542/5297 3701/6545/3690 1181/6228/1175
f 1277/6546/1271 3703/6547/3692 5311/6548/5298 3702/6549/3691
f 3703/6547/3692 1154/6131/1148 3515/6134/3504 5311/6548/5298
f 5311/6548/5298 3515/6134/3504 1155/6139/1149 3704/6550/3693
f 3702/6549/3691 5311/6548/5298 3704/6550/3693 1278/6551/1272
f 1278/6551/1272 3704/6550/3693 5312/6552/5299 3705/6553/3694
f 3704/6550/3693 1155/6139/1149 3519/6141/3508 5312/6552/5299
f 5312/6552/5299 3519/6141/3508 1153/6145/1147 3706/6554/3695
f 3705/6553/3694 5312/6552/5299 3706/6554/3695 1276/6555/1270
f 1210/6320/1204 3707/6556/3696 5313/6557/5300 3599/6321/3588
f 3707/6556/3696 1279/6558/1273 3708/6559/3697 5313/6557/5300
f 5313/6557/5300 3708/6559/3697 1281/6560/1275 3709/6561/3698
f 3599/6321/3588 5313/6557/5300 3709/6561/3698 1212/6322/1206
f 1212/6322/1206 3709/6561/3698 5314/6562/5301 3601/6326/3590
f 3709/6561/3698 1281/6560/1275 3710/6563/3699 5314/6562/5301
f 5314/6562/5301 3710/6563/3699 1280/6564/1274 3711/6565/3700
f 3601/6326/3590 5314/6562/5301 3711/6565/3700 1211/6327/1205
f 1283/6566/1277 3713/6567/3702 5315/6568/5302 3712/6569/3701
f 3713/6567/3702 1184/6230/1178 3559/6233/3548 5315/6568/5302
f 5315/6568/5302 3559/6233/3548 1185/6238/1179 3714/6570/3703
f 3712/6569/3701 5315/6568/5302 3714/6570/3703 1284/6571/1278
f 1284/6572/1278 3714/6573/3703 5316/6574/5303 3715/6575/3704
f 3714/6573/3703 1185/6239/1179 3563/6242/3552 5316/6574/5303
f 5316/6574/5303 3563/6242/3552 1183/6246/1177 3716/6576/3705
f 3715/6575/3704 5316/6574/5303 3716/6576/3705 1282/6577/1276
f 1240/6421/1234 3717/6578/3706 5317/6579/5304 3643/6422/3632
f 3717/6578/3706 1285/6580/1279 3718/6581/3707 5317/6579/5304
f 5317/6579/5304 3718/6581/3707 1287/6582/1281 3719/6583/3708
f 3643/6422/3632 5317/6579/5304 3719/6583/3708 1242/6423/1236
f 1242/6427/1236 3719/6584/3708 5318/6585/5305 3645/6428/3634
f 3719/6584/3708 1287/6586/1281 3720/6587/3709 5318/6585/5305
f 5318/6585/5305 3720/6587/3709 1286/6588/1280 3721/6589/3710
f 3645/6428/3634 5318/6585/5305 3721/6589/3710 1241/6429/1235
f 1289/6590/1283 3723/6591/3712 5319/6592/5306 3722/6593/3711
f 3723/6591/3712 1214/6330/1208 3603/6333/3592 5319/6592/5306
f 5319/6592/5306 3603/6333/3592 1215/6338/1209 3724/6594/3713
f 3722/6593/3711 5319/6592/5306 3724/6594/3713 1290/6595/1284
f 1290/6596/1284 3724/6597/3713 5320/6598/5307 3725/6599/3714
f 3724/6597/3713 1215/6339/1209 3607/6342/3596 5320/6598/5307
f 5320/6598/5307 3607/6342/3596 1213/6347/1207 3726/6600/3715
f 3725/6599/3714 5320/6598/5307 3726/6600/3715 1288/6601/1282
f 1292/6602/1286 3728/6603/3717 5321/6604/5308 3727/6605/3716
f 3728/6603/3717 1297/6606/1291 3729/6607/3718 5321/6604/5308
f 5321/6604/5308 3729/6607/3718 1299/6608/1293 3730/6609/3719
f 3727/6605/3716 5321/6604/5308 3730/6609/3719 1293/6610/1287
f 1293/6610/1287 3730/6609/3719 5322/6611/5309 3731/6612/3720
f 3730/6609/3719 1299/6608/1293 3732/6613/3721 5322/6611/5309
f 5322/6611/5309 3732/6613/3721 1298/6614/1292 3733/6615/3722
f 3731/6612/3720 5322/6611/5309 3733/6615/3722 1291/6616/1285
f 1297/6617/1291 3734/6618/3723 5323/6619/5310 3729/6620/3718
f 3734/6618/3723 1294/6621/1288 3735/6622/3724 5323/6619/5310
f 5323/6619/5310 3735/6622/3724 1296/6623/1290 3736/6624/3725
f 3729/6620/3718 5323/6619/5310 3736/6624/3725 1299/6625/1293
f 1299/6625/1293 3736/6624/3725 5324/6626/5311 3732/6627/3721
f 3736/6624/3725 1296/6623/1290 3737/6628/3726 5324/6626/5311
f 5324/6626/5311 3737/6628/3726 1295/6629/1289 3738/6630/3727
f 3732/6627/3721 5324/6626/5311 3738/6630/3727 1298/6631/1292
f 1301/6632/1295 3740/6633/3729 5325/6634/5312 3739/6635/3728
f 3740/6633/3729 1306/6636/1300 3741/6637/3730 5325/6634/5312
f 5325/6634/5312 3741/6637/3730 1308/6638/1302 3742/6639/3731
f 3739/6635/3728 5325/6634/5312 3742/6639/3731 1302/6640/1296
f 1302/6640/1296 3742/6639/3731 5326/6641/5313 3743/6642/3732
f 3742/6639/3731 1308/6638/1302 3744/6643/3733 5326/6641/5313
f 5326/6641/5313 3744/6643/3733 1307/6644/1301 3745/6645/3734
f 3743/6642/3732 5326/6641/5313 3745/6645/3734 1300/6646/1294
f 1306/6647/1300 3746/6648/3735 5327/6649/5314 3741/6650/3730
f 3746/6648/3735 1303/6651/1297 3747/6652/3736 5327/6649/5314
f 5327/6649/5314 3747/6652/3736 1305/6653/1299 3748/6654/3737
f 3741/6650/3730 5327/6649/5314 3748/6654/3737 1308/6655/1302
f 1308/6655/1302 3748/6654/3737 5328/6656/5315 3744/6657/3733
f 3748/6654/3737 1305/6653/1299 3749/6658/3738 5328/6656/5315
f 5328/6656/5315 3749/6658/3738 1304/6659/1298 3750/6660/3739
f 3744/6657/3733 5328/6656/5315 3750/6660/3739 1307/6661/1301
f 1310/6662/1304 3752/6663/3741 5329/6664/5316 3751/6665/3740
f 3752/6663/3741 1315/6666/1309 3753/6667/3742 5329/6664/5316
f 5329/6664/5316 3753/6667/3742 1317/6668/1311 3754/6669/3743
f 3751/6665/3740 5329/6664/5316 3754/6669/3743 1311/6670/1305
f 1311/6670/1305 3754/6669/3743 5330/6671/5317 3755/6672/3744
f 3754/6669/3743 1317/6668/1311 3756/6673/3745 5330/6671/5317
f 5330/6671/5317 3756/6673/3745 1316/6674/1310 3757/6675/3746
f 3755/6672/3744 5330/6671/5317 3757/6675/3746 1309/6676/1303
f 1315/6677/1309 3758/6678/3747 5331/6679/5318 3753/6680/3742
f 3758/6678/3747 1312/6681/1306 3759/6682/3748 5331/6679/5318
f 5331/6679/5318 3759/6682/3748 1314/6683/1308 3760/6684/3749
f 3753/6680/3742 5331/6679/5318 3760/6684/3749 1317/6685/1311
f 1317/6685/1311 3760/6684/3749 5332/6686/5319 3756/6687/3745
f 3760/6684/3749 1314/6683/1308 3761/6688/3750 5332/6686/5319
f 5332/6686/5319 3761/6688/3750 1313/6689/1307 3762/6690/3751
f 3756/6687/3745 5332/6686/5319 3762/6690/3751 1316/6691/1310
f 1319/6692/1313 3764/6693/3753 5333/6694/5320 3763/6695/3752
f 3764/6693/3753 1324/6696/1318 3765/6697/3754 5333/6694/5320
f 5333/6694/5320 3765/6697/3754 1326/6698/1320 3766/6699/3755
f 3763/6695/3752 5333/6694/5320 3766/6699/3755 1320/6700/1314
f 1320/6700/1314 3766/6699/3755 5334/6701/5321 3767/6702/3756
f 3766/6699/3755 1326/6698/1320 3768/6703/3757 5334/6701/5321
f 5334/6701/5321 3768/6703/3757 1325/6704/1319 3769/6705/3758
f 3767/6702/3756 5334/6701/5321 3769/6705/3758 1318/6706/1312
f 1324/6707/1318 3770/6708/3759 5335/6709/5322 3765/6710/3754
f 3770/6708/3759 1321/6711/1315 3771/6712/3760 5335/6709/5322
f 5335/6709/5322 3771/6712/3760 1323/6713/1317 3772/6714/3761
f 3765/6710/3754 5335/6709/5322 3772/6714/3761 1326/6715/1320
f 1326/6715/1320 3772/6714/3761 5336/6716/5323 3768/6717/3757
f 3772/6714/3761 1323/6713/1317 3773/6718/3762 5336/6716/5323
f 5336/6716/5323 3773/6718/3762 1322/6719/1316 3774/6720/3763
f 3768/6717/3757 5336/6716/5323 3774/6720/3763 1325/6721/1319
f 1328/6722/1322 3776/6723/3765 5337/6724/5324 3775/6725/3764
f 3776/6723/3765 1333/6726/1327 3777/6727/3766 5337/6724/5324
f 5337/6724/5324 3777/6727/3766 1335/6728/1329 3778/6729/3767
f 3775/6725/3764 5337/6724/5324 3778/6729/3767 1329/6730/1323
f 1329/6730/1323 3778/6729/3767 5338/6731/5325 3779/6732/3768
f 3778/6729/3767 1335/6728/1329 3780/6733/3769 5338/6731/5325
f 5338/6731/5325 3780/6733/3769 1334/6734/1328 3781/6735/3770
f 3779/6732/3768 5338/6731/5325 3781/6735/3770 1327/6736/1321
f 1333/6737/1327 3782/6738/3771 5339/6739/5326 3777/6740/3766
f 3782/6738/3771 1330/6741/1324 3783/6742/3772 5339/6739/5326
f 5339/6739/5326 3783/6742/3772 1332/6743/1326 3784/6744/3773
f 3777/6740/3766 5339/6739/5326 3784/6744/3773 1335/6745/1329
f 1335/6745/1329 3784/6744/3773 5340/6746/5327 3780/6747/3769
f 3784/6744/3773 1332/6743/1326 3785/6748/3774 5340/6746/5327
f 5340/6746/5327 3785/6748/3774 1331/6749/1325 3786/6750/3775
f 3780/6747/3769 5340/6746/5327 3786/6750/3775 1334/6751/1328
f 1337/6752/1331 3788/6753/3777 5341/6754/5328 3787/6755/3776
f 3788/6753/3777 1342/6756/1336 3789/6757/3778 5341/6754/5328
f 5341/6754/5328 3789/6757/3778 1344/6758/1338 3790/6759/3779
f 3787/6755/3776 5341/6754/5328 3790/6759/3779 1338/6760/1332
f 1338/6760/1332 3790/6759/3779 5342/6761/5329 3791/6762/3780
f 3790/6759/3779 1344/6758/1338 3792/6763/3781 5342/6761/5329
f 5342/6761/5329 3792/6763/3781 1343/6764/1337 3793/6765/3782
f 3791/6762/3780 5342/6761/5329 3793/6765/3782 1336/6766/1330
f 1342/6767/1336 3794/6768/3783 5343/6769/5330 3789/6770/3778
f 3794/6768/3783 1339/6771/1333 3795/6772/3784 5343/6769/5330
f 5343/6769/5330 3795/6772/3784 1341/6773/1335 3796/6774/3785
f 3789/6770/3778 5343/6769/5330 3796/6774/3785 1344/6775/1338
f 1344/6775/1338 3796/6774/3785 5344/6776/5331 3792/6777/3781
f 3796/6774/3785 1341/6773/1335 3797/6778/3786 5344/6776/5331
f 5344/6776/5331 3797/6778/3786 1340/6779/1334 3798/6780/3787
f 3792/6777/3781 5344/6776/5331 3798/6780/3787 1343/6781/1337
f 1346/6782/1340 3800/6783/3789 5345/6784/5332 3799/6785/3788
f 3800/6783/3789 1351/6786/1345 3801/6787/3790 5345/6784/5332
f 5345/6784/5332 3801/6787/3790 1353/6788/1347 3802/6789/3791
f 3799/6785/3788 5345/6784/5332 3802/6789/3791 1347/6790/1341
f 1347/6790/1341 3802/6789/3791 5346/6791/5333 3803/6792/3792
f 3802/6789/3791 1353/6788/1347 3804/6793/3793 5346/6791/5333
f 5346/6791/5333 3804/6793/3793 1352/6794/1346 3805/6795/3794
f 3803/6792/3792 5346/6791/5333 3805/6795/3794 1345/6796/1339
f 1351/6797/1345 3806/6798/3795 5347/6799/5334 3801/6800/3790
f 3806/6798/3795 1348/6801/1342 3807/6802/3796 5347/6799/5334
f 5347/6799/5334 3807/6802/3796 1350/6803/1344 3808/6804/3797
f 3801/6800/3790 5347/6799/5334 3808/6804/3797 1353/6805/1347
f 1353/6805/1347 3808/6804/3797 5348/6806/5335 3804/6807/3793
f 3808/6804/3797 1350/6803/1344 3809/6808/3798 5348/6806/5335
f 5348/6806/5335 3809/6808/3798 1349/6809/1343 3810/6810/3799
f 3804/6807/3793 5348/6806/5335 3810/6810/3799 1352/6811/1346
f 1355/6812/1349 3812/6813/3801 5349/6814/5336 3811/6815/3800
f 3812/6813/3801 1360/6816/1354 3813/6817/3802 5349/6814/5336
f 5349/6814/5336 3813/6817/3802 1362/6818/1356 3814/6819/3803
f 3811/6815/3800 5349/6814/5336 3814/6819/3803 1356/6820/1350
f 1356/6820/1350 3814/6819/3803 5350/6821/5337 3815/6822/3804
f 3814/6819/3803 1362/6818/1356 3816/6823/3805 5350/6821/5337
f 5350/6821/5337 3816/6823/3805 1361/6824/1355 3817/6825/3806
f 3815/6822/3804 5350/6821/5337 3817/6825/3806 1354/6826/1348
f 1360/6827/1354 3818/6828/3807 5351/6829/5338 3813/6830/3802
f 3818/6828/3807 1357/6831/1351 3819/6832/3808 5351/6829/5338
f 5351/6829/5338 3819/6832/3808 1359/6833/1353 3820/6834/3809
f 3813/6830/3802 5351/6829/5338 3820/6834/3809 1362/6835/1356
f 1362/6835/1356 3820/6834/3809 5352/6836/5339 3816/6837/3805
f 3820/6834/3809 1359/6833/1353 3821/6838/3810 5352/6836/5339
f 5352/6836/5339 3821/6838/3810 1358/6839/1352 3822/6840/3811
f 3816/6837/3805 5352/6836/5339 3822/6840/3811 1361/6841/1355
f 1015/5690/1011 3823/6842/3812 5353/6843/5340 3313/5691/3302
f 3823/6842/3812 1292/6844/1286 3727/6845/3716 5353/6843/5340
f 5353/6843/5340 3727/6845/3716 1293/6846/1287 3824/6847/3813
f 3313/5691/3302 5353/6843/5340 3824/6847/3813 1017/5692/1013
f 1017/5692/1013 3824/6847/3813 5354/6848/5341 3315/5695/3304
f 3824/6847/3813 1293/6846/1287 3731/6849/3720 5354/6848/5341
f 5354/6848/5341 3731/6849/3720 1291/6850/1285 3825/6851/3814
f 3315/5695/3304 5354/6848/5341 3825/6851/3814 1016/5696/1012
f 1294/6852/1288 3826/6853/3815 5355/6854/5342 3735/6855/3724
f 3826/6853/3815 1019/5698/1015 3317/5701/3306 5355/6854/5342
f 5355/6854/5342 3317/5701/3306 1020/5706/1016 3827/6856/3816
f 3735/6855/3724 5355/6854/5342 3827/6856/3816 1296/6623/1290
f 1296/6623/1290 3827/6856/3816 5356/6857/5343 3737/6858/3726
f 3827/6856/3816 1020/5706/1016 3321/5708/3310 5356/6857/5343
f 5356/6857/5343 3321/5708/3310 1018/5712/1014 3828/6859/3817
f 3737/6858/3726 5356/6857/5343 3828/6859/3817 1295/6860/1289
f 1045/5785/1041 3829/6861/3818 5357/6862/5344 3357/5786/3346
f 3829/6861/3818 1301/6863/1295 3739/6864/3728 5357/6862/5344
f 5357/6862/5344 3739/6864/3728 1302/6865/1296 3830/6866/3819
f 3357/5786/3346 5357/6862/5344 3830/6866/3819 1047/5787/1043
f 1047/5787/1043 3830/6866/3819 5358/6867/5345 3359/5790/3348
f 3830/6866/3819 1302/6865/1296 3743/6642/3732 5358/6867/5345
f 5358/6867/5345 3743/6642/3732 1300/6868/1294 3831/6869/3820
f 3359/5790/3348 5358/6867/5345 3831/6869/3820 1046/5791/1042
f 1303/6870/1297 3832/6871/3821 5359/6872/5346 3747/6873/3736
f 3832/6871/3821 1049/5793/1045 3361/5796/3350 5359/6872/5346
f 5359/6872/5346 3361/5796/3350 1050/5801/1046 3833/6874/3822
f 3747/6873/3736 5359/6872/5346 3833/6874/3822 1305/6653/1299
f 1305/6653/1299 3833/6874/3822 5360/6875/5347 3749/6876/3738
f 3833/6874/3822 1050/5801/1046 3365/5803/3354 5360/6875/5347
f 5360/6875/5347 3365/5803/3354 1048/5807/1044 3834/6877/3823
f 3749/6876/3738 5360/6875/5347 3834/6877/3823 1304/6878/1298
f 1075/5878/1070 3835/6879/3824 5361/6880/5348 3401/5879/3390
f 3835/6879/3824 1310/6881/1304 3751/6882/3740 5361/6880/5348
f 5361/6880/5348 3751/6882/3740 1311/6883/1305 3836/6884/3825
f 3401/5879/3390 5361/6880/5348 3836/6884/3825 1077/5880/1072
f 1077/5880/1072 3836/6884/3825 5362/6885/5349 3403/5883/3392
f 3836/6884/3825 1311/6883/1305 3755/6886/3744 5362/6885/5349
f 5362/6885/5349 3755/6886/3744 1309/6887/1303 3837/6888/3826
f 3403/5883/3392 5362/6885/5349 3837/6888/3826 1076/5884/1071
f 1312/6681/1306 3838/6889/3827 5363/6890/5350 3759/6891/3748
f 3838/6889/3827 1079/5886/1074 3405/5889/3394 5363/6890/5350
f 5363/6890/5350 3405/5889/3394 1080/5894/1075 3839/6892/3828
f 3759/6891/3748 5363/6890/5350 3839/6892/3828 1314/6893/1308
f 1314/6893/1308 3839/6892/3828 5364/6894/5351 3761/6895/3750
f 3839/6892/3828 1080/5894/1075 3409/5896/3398 5364/6894/5351
f 5364/6894/5351 3409/5896/3398 1078/5900/1073 3840/6896/3829
f 3761/6895/3750 5364/6894/5351 3840/6896/3829 1313/6897/1307
f 1105/5973/1099 3841/6898/3830 5365/6899/5352 3445/5974/3434
f 3841/6898/3830 1319/6900/1313 3763/6901/3752 5365/6899/5352
f 5365/6899/5352 3763/6901/3752 1320/6902/1314 3842/6903/3831
f 3445/5974/3434 5365/6899/5352 3842/6903/3831 1107/5975/1101
f 1107/5975/1101 3842/6903/3831 5366/6904/5353 3447/5978/3436
f 3842/6903/3831 1320/6902/1314 3767/6905/3756 5366/6904/5353
f 5366/6904/5353 3767/6905/3756 1318/6906/1312 3843/6907/3832
f 3447/5978/3436 5366/6904/5353 3843/6907/3832 1106/5979/1100
f 1321/6908/1315 3844/6909/3833 5367/6910/5354 3771/6911/3760
f 3844/6909/3833 1109/5981/1103 3449/5984/3438 5367/6910/5354
f 5367/6910/5354 3449/5984/3438 1110/5989/1104 3845/6912/3834
f 3771/6911/3760 5367/6910/5354 3845/6912/3834 1323/6913/1317
f 1323/6913/1317 3845/6912/3834 5368/6914/5355 3773/6915/3762
f 3845/6912/3834 1110/5989/1104 3453/5991/3442 5368/6914/5355
f 5368/6914/5355 3453/5991/3442 1108/5995/1102 3846/6916/3835
f 3773/6915/3762 5368/6914/5355 3846/6916/3835 1322/6917/1316
f 1135/6073/1129 3847/6918/3836 5369/6919/5356 3489/6074/3478
f 3847/6918/3836 1328/6920/1322 3775/6921/3764 5369/6919/5356
f 5369/6919/5356 3775/6921/3764 1329/6922/1323 3848/6923/3837
f 3489/6074/3478 5369/6919/5356 3848/6923/3837 1137/6075/1131
f 1137/6075/1131 3848/6923/3837 5370/6924/5357 3491/6078/3480
f 3848/6923/3837 1329/6922/1323 3779/6925/3768 5370/6924/5357
f 5370/6924/5357 3779/6925/3768 1327/6926/1321 3849/6927/3838
f 3491/6078/3480 5370/6924/5357 3849/6927/3838 1136/6079/1130
f 1330/6928/1324 3850/6929/3839 5371/6930/5358 3783/6931/3772
f 3850/6929/3839 1139/6081/1133 3493/6084/3482 5371/6930/5358
f 5371/6930/5358 3493/6084/3482 1140/6089/1134 3851/6932/3840
f 3783/6931/3772 5371/6930/5358 3851/6932/3840 1332/6743/1326
f 1332/6743/1326 3851/6932/3840 5372/6933/5359 3785/6934/3774
f 3851/6932/3840 1140/6089/1134 3497/6091/3486 5372/6933/5359
f 5372/6933/5359 3497/6091/3486 1138/6095/1132 3852/6935/3841
f 3785/6934/3774 5372/6933/5359 3852/6935/3841 1331/6936/1325
f 1165/6173/1159 3853/6937/3842 5373/6938/5360 3533/6174/3522
f 3853/6937/3842 1337/6939/1331 3787/6755/3776 5373/6938/5360
f 5373/6938/5360 3787/6755/3776 1338/6940/1332 3854/6941/3843
f 3533/6174/3522 5373/6938/5360 3854/6941/3843 1167/6175/1161
f 1167/6175/1161 3854/6941/3843 5374/6942/5361 3535/6178/3524
f 3854/6941/3843 1338/6940/1332 3791/6943/3780 5374/6942/5361
f 5374/6942/5361 3791/6943/3780 1336/6944/1330 3855/6945/3844
f 3535/6178/3524 5374/6942/5361 3855/6945/3844 1166/6179/1160
f 1339/6946/1333 3856/6947/3845 5375/6948/5362 3795/6949/3784
f 3856/6947/3845 1169/6181/1163 3537/6184/3526 5375/6948/5362
f 5375/6948/5362 3537/6184/3526 1170/6189/1164 3857/6950/3846
f 3795/6949/3784 5375/6948/5362 3857/6950/3846 1341/6951/1335
f 1341/6951/1335 3857/6950/3846 5376/6952/5363 3797/6953/3786
f 3857/6950/3846 1170/6189/1164 3541/6191/3530 5376/6952/5363
f 5376/6952/5363 3541/6191/3530 1168/6195/1162 3858/6954/3847
f 3797/6953/3786 5376/6952/5363 3858/6954/3847 1340/6955/1334
f 1195/6270/1189 3859/6956/3848 5377/6957/5364 3577/6271/3566
f 3859/6956/3848 1346/6958/1340 3799/6959/3788 5377/6957/5364
f 5377/6957/5364 3799/6959/3788 1347/6960/1341 3860/6961/3849
f 3577/6271/3566 5377/6957/5364 3860/6961/3849 1197/6272/1191
f 1197/6272/1191 3860/6961/3849 5378/6962/5365 3579/6275/3568
f 3860/6961/3849 1347/6960/1341 3803/6963/3792 5378/6962/5365
f 5378/6962/5365 3803/6963/3792 1345/6964/1339 3861/6965/3850
f 3579/6275/3568 5378/6962/5365 3861/6965/3850 1196/6276/1190
f 1348/6966/1342 3862/6967/3851 5379/6968/5366 3807/6802/3796
f 3862/6967/3851 1199/6278/1193 3581/6281/3570 5379/6968/5366
f 5379/6968/5366 3581/6281/3570 1200/6286/1194 3863/6969/3852
f 3807/6802/3796 5379/6968/5366 3863/6969/3852 1350/6970/1344
f 1350/6970/1344 3863/6969/3852 5380/6971/5367 3809/6808/3798
f 3863/6969/3852 1200/6286/1194 3585/6288/3574 5380/6971/5367
f 5380/6971/5367 3585/6288/3574 1198/6292/1192 3864/6972/3853
f 3809/6808/3798 5380/6971/5367 3864/6972/3853 1349/6973/1343
f 1225/6371/1219 3865/6974/3854 5381/6975/5368 3621/6372/3610
f 3865/6974/3854 1355/6976/1349 3811/6815/3800 5381/6975/5368
f 5381/6975/5368 3811/6815/3800 1356/6977/1350 3866/6978/3855
f 3621/6372/3610 5381/6975/5368 3866/6978/3855 1227/6373/1221
f 1227/6373/1221 3866/6978/3855 5382/6979/5369 3623/6376/3612
f 3866/6978/3855 1356/6977/1350 3815/6822/3804 5382/6979/5369
f 5382/6979/5369 3815/6822/3804 1354/6980/1348 3867/6981/3856
f 3623/6376/3612 5382/6979/5369 3867/6981/3856 1226/6377/1220
f 1357/6831/1351 3868/6982/3857 5383/6983/5370 3819/6984/3808
f 3868/6982/3857 1229/6379/1223 3625/6382/3614 5383/6983/5370
f 5383/6983/5370 3625/6382/3614 1230/6387/1224 3869/6985/3858
f 3819/6984/3808 5383/6983/5370 3869/6985/3858 1359/6986/1353
f 1359/6986/1353 3869/6985/3858 5384/6987/5371 3821/6988/3810
f 3869/6985/3858 1230/6387/1224 3629/6389/3618 5384/6987/5371
f 5384/6987/5371 3629/6389/3618 1228/6393/1222 3870/6989/3859
f 3821/6988/3810 5384/6987/5371 3870/6989/3859 1358/6990/1352
f 1370/6991/1364 3872/6992/3861 5385/6993/5372 3871/6994/3860
f 3872/6992/3861 1366/6995/1360 3873/6996/3862 5385/6993/5372
f 5385/6993/5372 3873/6996/3862 1368/6997/1362 3874/6998/3863
f 3871/6994/3860 5385/6993/5372 3874/6998/3863 1371/6999/481
f 1371/6999/481 3874/6998/3863 5386/7000/5373 3875/7001/3864
f 3874/6998/3863 1368/6997/1362 3876/7002/3865 5386/7000/5373
f 5386/7000/5373 3876/7002/3865 1367/7003/1361 3877/7004/3866
f 3875/7001/3864 5386/7000/5373 3877/7004/3866 1369/7005/1363
f 1364/7006/1358 3879/7007/3868 5387/7008/5374 3878/7009/3867
f 3879/7007/3868 1370/6991/1364 3871/6994/3860 5387/7008/5374
f 5387/7008/5374 3871/6994/3860 1371/6999/481 3880/7010/3869
f 3878/7009/3867 5387/7008/5374 3880/7010/3869 1365/7011/1359
f 1365/7011/1359 3880/7010/3869 5388/7012/5375 3881/7013/3870
f 3880/7010/3869 1371/6999/481 3875/7001/3864 5388/7012/5375
f 5388/7012/5375 3875/7001/3864 1369/7005/1363 3882/7014/3871
f 3881/7013/3870 5388/7012/5375 3882/7014/3871 1363/7015/1357
f 1379/7016/1372 3884/7017/3873 5389/7018/5376 3883/7019/3872
f 3884/7017/3873 1375/7020/1368 3885/7021/3874 5389/7018/5376
f 5389/7018/5376 3885/7021/3874 1377/7022/1370 3886/7023/3875
f 3883/7019/3872 5389/7018/5376 3886/7023/3875 1380/7024/1338
f 1380/7024/1338 3886/7023/3875 5390/7025/5377 3887/7026/3876
f 3886/7023/3875 1377/7022/1370 3888/7027/3877 5390/7025/5377
f 5390/7025/5377 3888/7027/3877 1376/7028/1369 3889/7029/3878
f 3887/7026/3876 5390/7025/5377 3889/7029/3878 1378/7030/1371
f 1373/7031/1366 3891/7032/3880 5391/7033/5378 3890/7034/3879
f 3891/7032/3880 1379/7016/1372 3883/7019/3872 5391/7033/5378
f 5391/7033/5378 3883/7019/3872 1380/7024/1338 3892/7035/3881
f 3890/7034/3879 5391/7033/5378 3892/7035/3881 1374/7036/1367
f 1374/7036/1367 3892/7035/3881 5392/7037/5379 3893/7038/3882
f 3892/7035/3881 1380/7024/1338 3887/7026/3876 5392/7037/5379
f 5392/7037/5379 3887/7026/3876 1378/7030/1371 3894/7039/3883
f 3893/7038/3882 5392/7037/5379 3894/7039/3883 1372/7040/1365
f 1388/7041/1380 3896/7042/3885 5393/7043/5380 3895/7044/3884
f 3896/7042/3885 1384/7045/1376 3897/7046/3886 5393/7043/5380
f 5393/7043/5380 3897/7046/3886 1386/7047/1378 3898/7048/3887
f 3895/7044/3884 5393/7043/5380 3898/7048/3887 1389/7049/1381
f 1389/7050/1381 3898/7048/3887 5394/7051/5381 3899/7052/3888
f 3898/7048/3887 1386/7053/1378 3900/7054/3889 5394/7051/5381
f 5394/7051/5381 3900/7054/3889 1385/7055/1377 3901/7056/3890
f 3899/7052/3888 5394/7051/5381 3901/7056/3890 1387/7057/1379
f 1382/7058/1374 3903/7059/3892 5395/7060/5382 3902/7061/3891
f 3903/7059/3892 1388/7041/1380 3895/7044/3884 5395/7060/5382
f 5395/7060/5382 3895/7044/3884 1389/7049/1381 3904/7062/3893
f 3902/7061/3891 5395/7060/5382 3904/7062/3893 1383/7063/1375
f 1383/7064/1375 3904/7062/3893 5396/7065/5383 3905/7066/3894
f 3904/7062/3893 1389/7050/1381 3899/7052/3888 5396/7065/5383
f 5396/7065/5383 3899/7052/3888 1387/7057/1379 3906/7067/3895
f 3905/7066/3894 5396/7065/5383 3906/7067/3895 1381/7068/1373
f 1397/7069/1389 3908/7070/3897 5397/7071/5384 3907/7072/3896
f 3908/7070/3897 1393/7073/1385 3909/7074/3898 5397/7071/5384
f 5397/7071/5384 3909/7074/3898 1395/7075/1387 3910/7076/3899
f 3907/7072/3896 5397/7071/5384 3910/7076/3899 1398/7077/1390
f 1398/7077/1390 3910/7076/3899 5398/7078/5385 3911/7079/3900
f 3910/7076/3899 1395/7075/1387 3912/7080/3901 5398/7078/5385
f 5398/7078/5385 3912/7080/3901 1394/7081/1386 3913/7082/3902
f 3911/7079/3900 5398/7078/5385 3913/7082/3902 1396/7083/1388
f 1391/7084/1383 3915/7085/3904 5399/7086/5386 3914/7087/3903
f 3915/7085/3904 1397/7069/1389 3907/7072/3896 5399/7086/5386
f 5399/7086/5386 3907/7072/3896 1398/7077/1390 3916/7088/3905
f 3914/7087/3903 5399/7086/5386 3916/7088/3905 1392/7089/1384
f 1392/7089/1384 3916/7088/3905 5400/7090/5387 3917/7091/3906
f 3916/7088/3905 1398/7077/1390 3911/7079/3900 5400/7090/5387
f 5400/7090/5387 3911/7079/3900 1396/7083/1388 3918/7092/3907
f 3917/7091/3906 5400/7090/5387 3918/7092/3907 1390/7093/1382
f 1406/7094/1398 3920/7095/3909 5401/7096/5388 3919/7097/3908
f 3920/7095/3909 1402/7098/1394 3921/7099/3910 5401/7096/5388
f 5401/7096/5388 3921/7099/3910 1404/7100/1396 3922/7101/3911
f 3919/7097/3908 5401/7096/5388 3922/7101/3911 1407/7102/535
f 1407/7102/535 3922/7101/3911 5402/7103/5389 3923/7104/3912
f 3922/7101/3911 1404/7100/1396 3924/7105/3913 5402/7103/5389
f 5402/7103/5389 3924/7105/3913 1403/7106/1395 3925/7107/3914
f 3923/7104/3912 5402/7103/5389 3925/7107/3914 1405/7108/1397
f 1400/7109/1392 3927/7110/3916 5403/7111/5390 3926/7112/3915
f 3927/7110/3916 1406/7094/1398 3919/7097/3908 5403/7111/5390
f 5403/7111/5390 3919/7097/3908 1407/7102/535 3928/7113/3917
f 3926/7112/3915 5403/7111/5390 3928/7113/3917 1401/7114/1393
f 1401/7114/1393 3928/7113/3917 5404/7115/5391 3929/7116/3918
f 3928/7113/3917 1407/7102/535 3923/7104/3912 5404/7115/5391
f 5404/7115/5391 3923/7104/3912 1405/7108/1397 3930/7117/3919
f 3929/7116/3918 5404/7115/5391 3930/7117/3919 1399/7118/1391
f 1415/7119/1406 3932/7120/3921 5405/7121/5392 3931/7122/3920
f 3932/7120/3921 1411/7123/1402 3933/7124/3922 5405/7121/5392
f 5405/7121/5392 3933/7124/3922 1413/7125/1404 3934/7126/3822
f 3931/7122/3920 5405/7121/5392 3934/7126/3822 1416/7127/1302
f 1416/7127/1302 3934/7126/3822 5406/7128/5393 3935/7129/3923
f 3934/7126/3822 1413/7125/1404 3936/7130/3924 5406/7128/5393
f 5406/7128/5393 3936/7130/3924 1412/7131/1403 3937/7132/3925
f 3935/7129/3923 5406/7128/5393 3937/7132/3925 1414/7133/1405
f 1409/7134/1400 3939/7135/3927 5407/7136/5394 3938/7137/3926
f 3939/7135/3927 1415/7119/1406 3931/7122/3920 5407/7136/5394
f 5407/7136/5394 3931/7122/3920 1416/7127/1302 3940/7138/3819
f 3938/7137/3926 5407/7136/5394 3940/7138/3819 1410/7139/1401
f 1410/7139/1401 3940/7138/3819 5408/7140/5395 3941/7141/3928
f 3940/7138/3819 1416/7127/1302 3935/7129/3923 5408/7140/5395
f 5408/7140/5395 3935/7129/3923 1414/7133/1405 3942/7142/3929
f 3941/7141/3928 5408/7140/5395 3942/7142/3929 1408/7143/1399
f 1424/7144/1414 3944/7145/3931 5409/7146/5396 3943/7147/3930
f 3944/7145/3931 1420/7148/1410 3945/7149/3932 5409/7146/5396
f 5409/7146/5396 3945/7149/3932 1422/7150/1412 3946/7151/3933
f 3943/7147/3930 5409/7146/5396 3946/7151/3933 1425/7152/1415
f 1425/7152/1415 3946/7151/3933 5410/7153/5397 3947/7154/3934
f 3946/7151/3933 1422/7150/1412 3948/7155/3935 5410/7153/5397
f 5410/7153/5397 3948/7155/3935 1421/7156/1411 3949/7157/3936
f 3947/7154/3934 5410/7153/5397 3949/7157/3936 1423/7158/1413
f 1418/7159/1408 3951/7160/3938 5411/7161/5398 3950/7162/3937
f 3951/7160/3938 1424/7144/1414 3943/7147/3930 5411/7161/5398
f 5411/7161/5398 3943/7147/3930 1425/7152/1415 3952/7163/3939
f 3950/7162/3937 5411/7161/5398 3952/7163/3939 1419/7164/1409
f 1419/7164/1409 3952/7163/3939 5412/7165/5399 3953/7166/3940
f 3952/7163/3939 1425/7152/1415 3947/7154/3934 5412/7165/5399
f 5412/7165/5399 3947/7154/3934 1423/7158/1413 3954/7167/3941
f 3953/7166/3940 5412/7165/5399 3954/7167/3941 1417/7168/1407
f 1433/7169/1423 3956/7170/3943 5413/7171/5400 3955/7172/3942
f 3956/7170/3943 1429/7173/1419 3957/7174/3944 5413/7171/5400
f 5413/7171/5400 3957/7174/3944 1431/7175/1421 3958/7176/3945
f 3955/7172/3942 5413/7171/5400 3958/7176/3945 1434/7177/466
f 1434/7177/466 3958/7176/3945 5414/7178/5401 3959/7179/3946
f 3958/7176/3945 1431/7175/1421 3960/7180/3947 5414/7178/5401
f 5414/7178/5401 3960/7180/3947 1430/7181/1420 3961/7182/3948
f 3959/7179/3946 5414/7178/5401 3961/7182/3948 1432/7183/1422
f 1427/7184/1417 3963/7185/3950 5415/7186/5402 3962/7187/3949
f 3963/7185/3950 1433/7169/1423 3955/7172/3942 5415/7186/5402
f 5415/7186/5402 3955/7172/3942 1434/7177/466 3964/7188/3951
f 3962/7187/3949 5415/7186/5402 3964/7188/3951 1428/7189/1418
f 1428/7189/1418 3964/7188/3951 5416/7190/5403 3965/7191/3952
f 3964/7188/3951 1434/7177/466 3959/7179/3946 5416/7190/5403
f 5416/7190/5403 3959/7179/3946 1432/7183/1422 3966/7192/3953
f 3965/7191/3952 5416/7190/5403 3966/7192/3953 1426/7193/1416
f 1243/6433/1237 3967/7194/3954 5417/7195/5404 3648/6434/3637
f 3967/7194/3954 1364/7006/1358 3878/7009/3867 5417/7195/5404
f 5417/7195/5404 3878/7009/3867 1365/7011/1359 3968/7196/3955
f 3648/6434/3637 5417/7195/5404 3968/7196/3955 1245/6435/1239
f 1245/6435/1239 3968/7196/3955 5418/7197/5405 3650/6438/3639
f 3968/7196/3955 1365/7011/1359 3881/7013/3870 5418/7197/5405
f 5418/7197/5405 3881/7013/3870 1363/7015/1357 3969/7198/3956
f 3650/6438/3639 5418/7197/5405 3969/7198/3956 1244/6439/1238
f 1366/6995/1360 3970/7199/3957 5419/7200/5406 3873/6996/3862
f 3970/7199/3957 1247/6441/1241 3652/6444/3641 5419/7200/5406
f 5419/7200/5406 3652/6444/3641 1248/6446/1242 3971/7201/3958
f 3873/6996/3862 5419/7200/5406 3971/7201/3958 1368/6997/1362
f 1368/6997/1362 3971/7201/3958 5420/7202/5407 3876/7002/3865
f 3971/7201/3958 1248/6446/1242 3655/6448/3644 5420/7202/5407
f 5420/7202/5407 3655/6448/3644 1246/6450/1240 3972/7203/3959
f 3876/7002/3865 5420/7202/5407 3972/7203/3959 1367/7003/1361
f 1249/6453/1243 3973/7204/3960 5421/7205/5408 3658/6454/3647
f 3973/7204/3960 1373/7031/1366 3890/7034/3879 5421/7205/5408
f 5421/7205/5408 3890/7034/3879 1374/7036/1367 3974/7206/3961
f 3658/6454/3647 5421/7205/5408 3974/7206/3961 1251/6455/1245
f 1251/6455/1245 3974/7206/3961 5422/7207/5409 3660/6458/3649
f 3974/7206/3961 1374/7036/1367 3893/7038/3882 5422/7207/5409
f 5422/7207/5409 3893/7038/3882 1372/7040/1365 3975/7208/3962
f 3660/6458/3649 5422/7207/5409 3975/7208/3962 1250/6459/1244
f 1375/7020/1368 3976/7209/3963 5423/7210/5410 3885/7021/3874
f 3976/7209/3963 1253/6461/1247 3662/6464/3651 5423/7210/5410
f 5423/7210/5410 3662/6464/3651 1254/6466/1248 3977/7211/3964
f 3885/7021/3874 5423/7210/5410 3977/7211/3964 1377/7022/1370
f 1377/7022/1370 3977/7211/3964 5424/7212/5411 3888/7027/3877
f 3977/7211/3964 1254/6466/1248 3665/6468/3654 5424/7212/5411
f 5424/7212/5411 3665/6468/3654 1252/6470/1246 3978/7213/3965
f 3888/7027/3877 5424/7212/5411 3978/7213/3965 1376/7028/1369
f 1255/6473/1249 3979/7214/3966 5425/7215/5412 3668/6474/3657
f 3979/7214/3966 1382/7058/1374 3902/7061/3891 5425/7215/5412
f 5425/7215/5412 3902/7061/3891 1383/7063/1375 3980/7216/3967
f 3668/6474/3657 5425/7215/5412 3980/7216/3967 1257/6475/1251
f 1257/6475/1251 3980/7216/3967 5426/7217/5413 3670/6478/3659
f 3980/7216/3967 1383/7063/1375 3905/7218/3894 5426/7217/5413
f 5426/7217/5413 3905/7218/3894 1381/7219/1373 3981/7220/3968
f 3670/6478/3659 5426/7217/5413 3981/7220/3968 1256/6479/1250
f 1384/7045/1376 3982/7221/3969 5427/7222/5414 3897/7046/3886
f 3982/7221/3969 1259/6481/1253 3672/6484/3661 5427/7222/5414
f 5427/7222/5414 3672/6484/3661 1260/6486/1254 3983/7223/3970
f 3897/7046/3886 5427/7222/5414 3983/7223/3970 1386/7047/1378
f 1386/7053/1378 3983/7224/3970 5428/7225/5415 3900/7054/3889
f 3983/7224/3970 1260/6487/1254 3675/6490/3664 5428/7225/5415
f 5428/7225/5415 3675/6490/3664 1258/6492/1252 3984/7226/3971
f 3900/7054/3889 5428/7225/5415 3984/7226/3971 1385/7055/1377
f 1261/6495/1255 3985/7227/3972 5429/7228/5416 3678/6496/3667
f 3985/7227/3972 1391/7084/1383 3914/7087/3903 5429/7228/5416
f 5429/7228/5416 3914/7087/3903 1392/7089/1384 3986/7229/3973
f 3678/6496/3667 5429/7228/5416 3986/7229/3973 1263/6497/1257
f 1263/6500/1257 3986/7229/3973 5430/7230/5417 3680/6501/3669
f 3986/7229/3973 1392/7089/1384 3917/7091/3906 5430/7230/5417
f 5430/7230/5417 3917/7091/3906 1390/7231/1382 3987/7232/3974
f 3680/6501/3669 5430/7230/5417 3987/7232/3974 1262/6502/1256
f 1393/7233/1385 3988/7234/3975 5431/7235/5418 3909/7236/3898
f 3988/7234/3975 1265/6504/1259 3682/6507/3671 5431/7235/5418
f 5431/7235/5418 3682/6507/3671 1266/6509/1260 3989/7237/3976
f 3909/7236/3898 5431/7235/5418 3989/7237/3976 1395/7238/1387
f 1395/7075/1387 3989/7239/3976 5432/7240/5419 3912/7080/3901
f 3989/7239/3976 1266/6510/1260 3685/6513/3674 5432/7240/5419
f 5432/7240/5419 3685/6513/3674 1264/6515/1258 3990/7241/3977
f 3912/7080/3901 5432/7240/5419 3990/7241/3977 1394/7081/1386
f 1267/6518/1261 3991/7242/3978 5433/7243/5420 3688/6519/3677
f 3991/7242/3978 1400/7109/1392 3926/7112/3915 5433/7243/5420
f 5433/7243/5420 3926/7112/3915 1401/7114/1393 3992/7244/3979
f 3688/6519/3677 5433/7243/5420 3992/7244/3979 1269/6520/1263
f 1269/6520/1263 3992/7244/3979 5434/7245/5421 3690/6523/3679
f 3992/7244/3979 1401/7114/1393 3929/7116/3918 5434/7245/5421
f 5434/7245/5421 3929/7116/3918 1399/7118/1391 3993/7246/3980
f 3690/6523/3679 5434/7245/5421 3993/7246/3980 1268/6524/1262
f 1402/7098/1394 3994/7247/3981 5435/7248/5422 3921/7099/3910
f 3994/7247/3981 1271/6526/1265 3692/6529/3681 5435/7248/5422
f 5435/7248/5422 3692/6529/3681 1272/6531/1266 3995/7249/3982
f 3921/7099/3910 5435/7248/5422 3995/7249/3982 1404/7100/1396
f 1404/7100/1396 3995/7249/3982 5436/7250/5423 3924/7105/3913
f 3995/7249/3982 1272/6531/1266 3695/6533/3684 5436/7250/5423
f 5436/7250/5423 3695/6533/3684 1270/6535/1264 3996/7251/3983
f 3924/7105/3913 5436/7250/5423 3996/7251/3983 1403/7106/1395
f 1273/6538/1267 3997/7252/3984 5437/7253/5424 3698/6539/3687
f 3997/7252/3984 1409/7134/1400 3938/7137/3926 5437/7253/5424
f 5437/7253/5424 3938/7137/3926 1410/7139/1401 3998/7254/3985
f 3698/6539/3687 5437/7253/5424 3998/7254/3985 1275/6540/1269
f 1275/6540/1269 3998/7254/3985 5438/7255/5425 3700/6543/3689
f 3998/7254/3985 1410/7139/1401 3941/7141/3928 5438/7255/5425
f 5438/7255/5425 3941/7141/3928 1408/7143/1399 3999/7256/3986
f 3700/6543/3689 5438/7255/5425 3999/7256/3986 1274/6544/1268
f 1411/7123/1402 4000/7257/3987 5439/7258/5426 3933/7124/3922
f 4000/7257/3987 1277/6546/1271 3702/6549/3691 5439/7258/5426
f 5439/7258/5426 3702/6549/3691 1278/6551/1272 4001/7259/3988
f 3933/7124/3922 5439/7258/5426 4001/7259/3988 1413/7125/1404
f 1413/7125/1404 4001/7259/3988 5440/7260/5427 3936/7130/3924
f 4001/7259/3988 1278/6551/1272 3705/6553/3694 5440/7260/5427
f 5440/7260/5427 3705/6553/3694 1276/6555/1270 4002/7261/3989
f 3936/7130/3924 5440/7260/5427 4002/7261/3989 1412/7131/1403
f 1279/6558/1273 4003/7262/3990 5441/7263/5428 3708/6559/3697
f 4003/7262/3990 1418/7159/1408 3950/7162/3937 5441/7263/5428
f 5441/7263/5428 3950/7162/3937 1419/7164/1409 4004/7264/3991
f 3708/6559/3697 5441/7263/5428 4004/7264/3991 1281/6560/1275
f 1281/6560/1275 4004/7264/3991 5442/7265/5429 3710/6563/3699
f 4004/7264/3991 1419/7164/1409 3953/7166/3940 5442/7265/5429
f 5442/7265/5429 3953/7166/3940 1417/7168/1407 4005/7266/3992
f 3710/6563/3699 5442/7265/5429 4005/7266/3992 1280/6564/1274
f 1420/7148/1410 4006/7267/3993 5443/7268/5430 3945/7269/3932
f 4006/7267/3993 1283/6566/1277 3712/6569/3701 5443/7268/5430
f 5443/7268/5430 3712/6569/3701 1284/6571/1278 4007/7270/3994
f 3945/7269/3932 5443/7268/5430 4007/7270/3994 1422/7271/1412
f 1422/7150/1412 4007/7272/3994 5444/7273/5431 3948/7155/3935
f 4007/7272/3994 1284/6572/1278 3715/6575/3704 5444/7273/5431
f 5444/7273/5431 3715/6575/3704 1282/6577/1276 4008/7274/3995
f 3948/7155/3935 5444/7273/5431 4008/7274/3995 1421/7156/1411
f 1285/6580/1279 4009/7275/3996 5445/7276/5432 3718/6581/3707
f 4009/7275/3996 1427/7184/1417 3962/7187/3949 5445/7276/5432
f 5445/7276/5432 3962/7187/3949 1428/7189/1418 4010/7277/3997
f 3718/6581/3707 5445/7276/5432 4010/7277/3997 1287/6582/1281
f 1287/6586/1281 4010/7278/3997 5446/7279/5433 3720/6587/3709
f 4010/7278/3997 1428/7280/1418 3965/7281/3952 5446/7279/5433
f 5446/7279/5433 3965/7281/3952 1426/7282/1416 4011/7283/3998
f 3720/6587/3709 5446/7279/5433 4011/7283/3998 1286/6588/1280
f 1429/7284/1419 4012/7285/3999 5447/7286/5434 3957/7287/3944
f 4012/7285/3999 1289/6590/1283 3722/6593/3711 5447/7286/5434
f 5447/7286/5434 3722/6593/3711 1290/6595/1284 4013/7288/4000
f 3957/7287/3944 5447/7286/5434 4013/7288/4000 1431/7289/1421
f 1431/7175/1421 4013/7290/4000 5448/7291/5435 3960/7180/3947
f 4013/7290/4000 1290/6596/1284 3725/6599/3714 5448/7291/5435
f 5448/7291/5435 3725/6599/3714 1288/6601/1282 4014/7292/4001
f 3960/7180/3947 5448/7291/5435 4014/7292/4001 1430/7181/1420
f 709/2635/705 2572/7293/2561 5449/7294/5436 3181/4778/3170
f 708/3787/704 4015/7295/4002 5449/7294/5436 2572/7293/2561
f 1246/7296/1240 3656/7297/3645 5449/7294/5436 4015/7295/4002
f 1003/7298/999 4016/7299/4003 5449/7294/5436 3656/7300/3645
f 11/7301/11 3181/7302/3170 5449/7294/5436 4016/7303/4003
f 11/5/11 4016/7304/4003 5450/7305/5437 1437/6/1426
f 4016/7304/4003 1003/7306/999 3301/5662/3290 5450/7305/5437
f 5450/7305/5437 3301/5662/3290 1007/5676/1003 4017/7307/4004
f 1437/6/1426 5450/7305/5437 4017/7307/4004 12/7/12
f 1247/6441/1241 4018/7308/4005 5451/7309/5438 3653/7310/3642
f 4018/7308/4005 714/3527/710 2878/7311/2867 5451/7309/5438
f 5451/7309/5438 2878/7311/2867 624/7312/620 4019/7313/4006
f 3653/7310/3642 5451/7309/5438 4019/7313/4006 1004/7314/1000
f 1004/7315/1000 4019/7316/4006 5452/7317/5439 3296/7318/3285
f 624/2312/620 2469/7319/2458 5452/7317/5439 4019/7320/4006
f 626/2319/622 3092/7321/3081 5452/7317/5439 2469/7322/2458
f 20/7323/20 4020/7324/4007 5452/7317/5439 3092/4229/3081
f 1006/5653/1002 3296/5650/3285 5452/7317/5439 4020/7325/4007
f 12/13/12 4017/7326/4004 5453/7327/5440 1440/14/1429
f 4017/7326/4004 1007/5676/1003 3306/5675/3295 5453/7327/5440
f 5453/7327/5440 3306/5675/3295 1010/7328/1006 4021/7329/4008
f 1440/14/1429 5453/7327/5440 4021/7329/4008 13/15/13
f 1006/7330/1002 4020/7331/4007 5454/7332/5441 3302/7333/3291
f 4020/7331/4007 20/52/20 1459/55/1448 5454/7332/5441
f 5454/7332/5441 1459/55/1448 21/60/21 4022/7334/4009
f 3302/7333/3291 5454/7332/5441 4022/7334/4009 1009/7335/1005
f 13/15/13 4021/7329/4008 5455/7336/5442 1443/20/1432
f 4021/7329/4008 1010/7328/1006 3311/7337/3300 5455/7336/5442
f 5455/7336/5442 3311/7337/3300 1013/7338/1009 4023/7339/4010
f 1443/20/1432 5455/7336/5442 4023/7339/4010 14/21/14
f 1009/5677/1005 4022/7340/4009 5456/7341/5443 3307/7342/3296
f 4022/7340/4009 21/61/21 1460/64/1449 5456/7341/5443
f 5456/7341/5443 1460/64/1449 22/69/22 4024/7343/4011
f 3307/7342/3296 5456/7341/5443 4024/7343/4011 1012/5680/1008
f 14/21/14 4023/7339/4010 5457/7344/5444 1446/26/1435
f 4023/7339/4010 1013/7338/1009 3316/7345/3305 5457/7344/5444
f 5457/7344/5444 3316/7345/3305 1016/7346/1012 4025/7347/4012
f 1446/26/1435 5457/7344/5444 4025/7347/4012 15/27/15
f 1012/5680/1008 4024/7343/4011 5458/7348/5445 3312/7349/3301
f 4024/7343/4011 22/69/22 1461/71/1450 5458/7348/5445
f 5458/7348/5445 1461/71/1450 23/75/23 4026/7350/4013
f 3312/7349/3301 5458/7348/5445 4026/7350/4013 1015/7351/1011
f 1015/7351/1011 4026/7350/4013 5459/7352/5446 3823/7353/3812
f 4026/7350/4013 23/75/23 2262/1838/2251 5459/7352/5446
f 5459/7352/5446 2262/1838/2251 426/1842/422 4027/7354/4014
f 3823/7353/3812 5459/7352/5446 4027/7354/4014 1292/6602/1286
f 15/27/15 4025/7347/4012 5460/7355/5447 2258/1825/2247
f 4025/7347/4012 1016/7346/1012 3825/7356/3814 5460/7355/5447
f 5460/7355/5447 3825/7356/3814 1291/7357/1285 4028/7358/4015
f 2258/1825/2247 5460/7355/5447 4028/7358/4015 423/1826/419
f 424/1831/420 4029/7359/4016 5461/7360/5448 2260/1832/2249
f 4029/7359/4016 1295/7361/1289 3828/7362/3817 5461/7360/5448
f 5461/7360/5448 3828/7362/3817 1018/5712/1014 4030/7363/4017
f 2260/1832/2249 5461/7360/5448 4030/7363/4017 16/34/16
f 16/34/16 4030/7363/4017 5462/7364/5449 1450/35/1439
f 4030/7363/4017 1018/5712/1014 3323/5711/3312 5462/7364/5449
f 5462/7364/5449 3323/5711/3312 1022/7365/1018 4031/7366/4018
f 1450/35/1439 5462/7364/5449 4031/7366/4018 17/36/17
f 1019/5698/1015 4032/7367/4019 5463/7368/5450 3318/7369/3307
f 4032/7367/4019 24/76/24 1462/79/1451 5463/7368/5450
f 5463/7368/5450 1462/79/1451 25/84/25 4033/7370/4020
f 3318/7369/3307 5463/7368/5450 4033/7370/4020 1021/5702/1017
f 1294/7371/1288 4034/7372/4021 5464/7373/5451 3826/7374/3815
f 4034/7372/4021 427/1843/423 2263/1846/2252 5464/7373/5451
f 5464/7373/5451 2263/1846/2252 24/76/24 4032/7367/4019
f 3826/7374/3815 5464/7373/5451 4032/7367/4019 1019/5698/1015
f 17/36/17 4031/7366/4018 5465/7375/5452 1453/41/1442
f 4031/7366/4018 1022/7365/1018 3328/7376/3317 5465/7375/5452
f 5465/7375/5452 3328/7376/3317 1025/7377/1021 4035/7378/4022
f 1453/41/1442 5465/7375/5452 4035/7378/4022 18/42/18
f 1021/5702/1017 4033/7370/4020 5466/7379/5453 3324/7380/3313
f 4033/7370/4020 25/84/25 1463/86/1452 5466/7379/5453
f 5466/7379/5453 1463/86/1452 26/90/26 4036/7381/4023
f 3324/7380/3313 5466/7379/5453 4036/7381/4023 1024/7382/1020
f 18/42/18 4035/7383/4022 5467/7384/5454 1456/48/1445
f 4035/7383/4022 1025/7385/1021 3333/7386/3322 5467/7384/5454
f 5467/7384/5454 3333/7386/3322 1028/7387/1024 4037/7388/4024
f 1456/48/1445 5467/7384/5454 4037/7388/4024 19/49/19
f 1024/7389/1020 4036/7390/4023 5468/7391/5455 3329/5724/3318
f 4036/7390/4023 26/91/26 1464/93/1453 5468/7391/5455
f 5468/7391/5455 1464/93/1453 27/98/27 4038/7392/4025
f 3329/5724/3318 5468/7391/5455 4038/7392/4025 1027/7393/1023
f 19/49/19 4037/7394/4024 5469/7395/5456 3089/7396/3078
f 1028/5735/1024 3338/7397/3327 5469/7395/5456 4037/7388/4024
f 1031/7398/1027 4039/7399/4026 5469/7395/5456 3338/7400/3327
f 620/7401/616 2464/7402/2453 5469/7395/5456 4039/7403/4026
f 622/2304/618 3089/7404/3078 5469/7395/5456 2464/7405/2453
f 1027/7406/1023 4038/7407/4025 5470/7408/5457 3334/7409/3323
f 27/4236/27 3095/7410/3084 5470/7408/5457 4038/7407/4025
f 630/2335/626 2477/7411/2466 5470/7408/5457 3095/7410/3084
f 629/3513/625 4040/7412/4027 5470/7408/5457 2477/7413/2466
f 1030/7414/1026 3334/7415/3323 5470/7408/5457 4040/7416/4027
f 620/2297/616 4039/7403/4026 5471/7417/5458 2864/7418/2853
f 4039/7403/4026 1031/7419/1027 3651/6440/3640 5471/7417/5458
f 5471/7417/5458 3651/6440/3640 1244/7420/1238 4041/7421/4028
f 2864/7418/2853 5471/7417/5458 4041/7421/4028 704/7422/700
f 1030/7423/1026 4040/7424/4027 5472/7425/5459 3647/6431/3636
f 4040/7424/4027 629/3513/625 2873/7426/2862 5472/7425/5459
f 5472/7425/5459 2873/7426/2862 712/7427/708 4042/7428/4029
f 3647/6431/3636 5472/7425/5459 4042/7428/4029 1243/7429/1237
f 385/7430/381 4043/7431/4030 5473/7432/5460 2046/7433/2035
f 4043/7431/4030 1252/6470/1246 3666/7434/3655 5473/7432/5460
f 5473/7432/5460 3666/7434/3655 1033/7435/1029 4044/7436/4031
f 2046/7433/2035 5473/7432/5460 4044/7436/4031 38/7437/38
f 38/7437/38 4044/7436/4031 5474/7438/5461 1482/7439/1471
f 4044/7436/4031 1033/7435/1029 3345/7440/3334 5474/7438/5461
f 5474/7438/5461 3345/7440/3334 1037/5760/1033 4045/7441/4032
f 1482/7439/1471 5474/7438/5461 4045/7441/4032 39/105/39
f 1034/7442/1030 4046/7443/4033 5475/7444/5462 3340/7445/3329
f 4046/7443/4033 48/4262/48 1499/7446/1488 5475/7444/5462
f 5475/7444/5462 1499/7446/1488 49/143/49 4047/7447/4034
f 3340/7445/3329 5475/7444/5462 4047/7447/4034 1036/5752/1032
f 1253/7448/1247 4048/7449/4035 5476/7450/5463 3663/7451/3652
f 4048/7449/4035 387/4254/383 2048/4257/2037 5476/7450/5463
f 5476/7450/5463 2048/4257/2037 48/4262/48 4046/7443/4033
f 3663/7451/3652 5476/7450/5463 4046/7443/4033 1034/7442/1030
f 39/105/39 4045/7441/4032 5477/7452/5464 1484/108/1473
f 4045/7441/4032 1037/5760/1033 3350/5772/3339 5477/7452/5464
f 5477/7452/5464 3350/5772/3339 1040/7453/1036 4049/7454/4036
f 1484/108/1473 5477/7452/5464 4049/7454/4036 40/113/40
f 1036/5752/1032 4047/7447/4034 5478/7455/5465 3346/7456/3335
f 4047/7447/4034 49/143/49 1500/146/1489 5478/7455/5465
f 5478/7455/5465 1500/146/1489 50/151/50 4050/7457/4037
f 3346/7456/3335 5478/7455/5465 4050/7457/4037 1039/7458/1035
f 40/113/40 4049/7454/4036 5479/7459/5466 1486/114/1475
f 4049/7454/4036 1040/7453/1036 3355/7460/3344 5479/7459/5466
f 5479/7459/5466 3355/7460/3344 1043/7461/1039 4051/7462/4038
f 1486/114/1475 5479/7459/5466 4051/7462/4038 41/115/41
f 1039/7463/1035 4050/7464/4037 5480/7465/5467 3351/7466/3340
f 4050/7464/4037 50/152/50 1501/155/1490 5480/7465/5467
f 5480/7465/5467 1501/155/1490 51/160/51 4052/7467/4039
f 3351/7466/3340 5480/7465/5467 4052/7467/4039 1042/7468/1038
f 41/115/41 4051/7462/4038 5481/7469/5468 1488/118/1477
f 4051/7462/4038 1043/7461/1039 3360/7470/3349 5481/7469/5468
f 5481/7469/5468 3360/7470/3349 1046/7471/1042 4053/7472/4040
f 1488/118/1477 5481/7469/5468 4053/7472/4040 42/119/42
f 1042/7468/1038 4052/7467/4039 5482/7473/5469 3356/7474/3345
f 4052/7467/4039 51/160/51 1502/162/1491 5482/7473/5469
f 5482/7473/5469 1502/162/1491 52/166/52 4054/7475/4041
f 3356/7474/3345 5482/7473/5469 4054/7475/4041 1045/7476/1041
f 1045/7476/1041 4054/7475/4041 5483/7477/5470 3829/7478/3818
f 4054/7475/4041 52/166/52 2268/1858/2257 5483/7477/5470
f 5483/7477/5470 2268/1858/2257 435/1862/431 4055/7479/4042
f 3829/7478/3818 5483/7477/5470 4055/7479/4042 1301/7480/1295
f 42/119/42 4053/7472/4040 5484/7481/5471 2266/1850/2255
f 4053/7472/4040 1046/7471/1042 3831/7482/3820 5484/7481/5471
f 5484/7481/5471 3831/7482/3820 1300/6868/1294 4056/7483/4043
f 2266/1850/2255 5484/7481/5471 4056/7483/4043 432/1851/428
f 433/1855/429 4057/7484/4044 5485/7485/5472 2267/1856/2256
f 4057/7484/4044 1304/6878/1298 3834/6877/3823 5485/7485/5472
f 5485/7485/5472 3834/6877/3823 1048/5807/1044 4058/7486/4045
f 2267/1856/2256 5485/7485/5472 4058/7486/4045 43/123/43
f 43/123/43 4058/7486/4045 5486/7487/5473 1491/124/1480
f 4058/7486/4045 1048/5807/1044 3367/5806/3356 5486/7487/5473
f 5486/7487/5473 3367/5806/3356 1052/7488/1048 4059/7489/4046
f 1491/124/1480 5486/7487/5473 4059/7489/4046 44/125/44
f 1049/7490/1045 4060/7491/4047 5487/7492/5474 3362/7493/3351
f 4060/7491/4047 53/167/53 1503/170/1492 5487/7492/5474
f 5487/7492/5474 1503/170/1492 54/175/54 4061/7494/4048
f 3362/7493/3351 5487/7492/5474 4061/7494/4048 1051/5797/1047
f 1303/6651/1297 4062/7495/4049 5488/7496/5475 3832/7497/3821
f 4062/7495/4049 436/1863/432 2269/1866/2258 5488/7496/5475
f 5488/7496/5475 2269/1866/2258 53/167/53 4060/7491/4047
f 3832/7497/3821 5488/7496/5475 4060/7491/4047 1049/7490/1045
f 44/125/44 4059/7489/4046 5489/7498/5476 1493/128/1482
f 4059/7489/4046 1052/7488/1048 3372/5817/3361 5489/7498/5476
f 5489/7498/5476 3372/5817/3361 1055/7499/1051 4063/7500/4050
f 1493/128/1482 5489/7498/5476 4063/7500/4050 45/129/45
f 1051/5797/1047 4061/7494/4048 5490/7501/5477 3368/7502/3357
f 4061/7494/4048 54/175/54 1504/177/1493 5490/7501/5477
f 5490/7501/5477 1504/177/1493 55/181/55 4064/7503/4051
f 3368/7502/3357 5490/7501/5477 4064/7503/4051 1054/7504/1050
f 45/129/45 4063/7500/4050 5491/7505/5478 1495/134/1484
f 4063/7500/4050 1055/7499/1051 3377/7506/3366 5491/7505/5478
f 5491/7505/5478 3377/7506/3366 1058/7507/1054 4065/7508/4052
f 1495/134/1484 5491/7505/5478 4065/7508/4052 46/7509/46
f 1054/7504/1050 4064/7503/4051 5492/7510/5479 3373/7511/3362
f 4064/7503/4051 55/181/55 1505/183/1494 5492/7510/5479
f 5492/7510/5479 1505/183/1494 56/187/56 4066/7512/4053
f 3373/7511/3362 5492/7510/5479 4066/7512/4053 1057/7513/1053
f 46/7509/46 4065/7508/4052 5493/7514/5480 1497/139/1486
f 4065/7508/4052 1058/7507/1054 3382/7515/3371 5493/7514/5480
f 5493/7514/5480 3382/7515/3371 1061/7516/1057 4067/7517/4054
f 1497/139/1486 5493/7514/5480 4067/7517/4054 47/7518/47
f 1057/7513/1053 4066/7512/4053 5494/7519/5481 3378/7520/3367
f 4066/7512/4053 56/187/56 1506/189/1495 5494/7519/5481
f 5494/7519/5481 1506/189/1495 57/193/57 4068/7521/4055
f 3378/7520/3367 5494/7519/5481 4068/7521/4055 1060/7522/1056
f 1060/7522/1056 4068/7521/4055 5495/7523/5482 3657/7524/3646
f 4068/7521/4055 57/193/57 2047/1313/2036 5495/7523/5482
f 5495/7523/5482 2047/1313/2036 386/1317/382 4069/7525/4056
f 3657/7524/3646 5495/7523/5482 4069/7525/4056 1249/7526/1243
f 47/7518/47 4067/7517/4054 5496/7527/5483 2045/7528/2034
f 4067/7517/4054 1061/7516/1057 3661/7529/3650 5496/7527/5483
f 5496/7527/5483 3661/7529/3650 1250/7530/1244 4070/7531/4057
f 2045/7528/2034 5496/7527/5483 4070/7531/4057 384/1303/380
f 722/2649/718 2577/7532/2566 5497/7533/5484 3188/7534/3177
f 721/3840/717 4071/7535/4058 5497/7533/5484 2577/7532/2566
f 1258/6492/1252 3676/6491/3665 5497/7533/5484 4071/7536/4058
f 1063/7537/1059 4072/7538/4059 5497/7533/5484 3676/7539/3665
f 77/7540/77 3188/7541/3177 5497/7533/5484 4072/7542/4059
f 77/232/77 4072/7543/4059 5498/7544/5485 1541/233/1530
f 4072/7543/4059 1063/7545/1059 3389/5853/3378 5498/7544/5485
f 5498/7544/5485 3389/5853/3378 1067/5865/1063 4073/7546/4060
f 1541/233/1530 5498/7544/5485 4073/7546/4060 78/234/78
f 1064/7547/1060 4074/7548/4061 5499/7549/5486 3384/5839/3373
f 4074/7548/4061 87/7550/87 1558/7551/1547 5499/7549/5486
f 5499/7549/5486 1558/7551/1547 88/7552/88 4075/7553/4062
f 3384/5839/3373 5499/7549/5486 4075/7553/4062 1066/7554/1062
f 1259/6481/1253 4076/7555/4063 5500/7556/5487 3673/7557/3662
f 4076/7555/4063 393/7558/389 2054/7559/2043 5500/7556/5487
f 5500/7556/5487 2054/7559/2043 87/7550/87 4074/7548/4061
f 3673/7557/3662 5500/7556/5487 4074/7548/4061 1064/7547/1060
f 78/234/78 4073/7560/4060 5501/7561/5488 1543/7562/1532
f 4073/7560/4060 1067/5865/1063 3394/7563/3383 5501/7561/5488
f 5501/7561/5488 3394/7563/3383 1070/7564/1066 4077/7565/4064
f 1543/7562/1532 5501/7561/5488 4077/7565/4064 79/242/79
f 1066/7554/1062 4075/7553/4062 5502/7566/5489 3390/7567/3379
f 4075/7553/4062 88/7552/88 1559/278/1548 5502/7566/5489
f 5502/7566/5489 1559/278/1548 89/283/89 4078/7568/4065
f 3390/7567/3379 5502/7566/5489 4078/7568/4065 1069/7569/1065
f 79/242/79 4077/7565/4064 5503/7570/5490 1545/243/1534
f 4077/7565/4064 1070/7564/1066 3399/7571/3388 5503/7570/5490
f 5503/7570/5490 3399/7571/3388 1073/5874/1068 4079/7572/4066
f 1545/243/1534 5503/7570/5490 4079/7572/4066 80/244/80
f 1069/7569/1065 4078/7568/4065 5504/7573/5491 3395/7574/3384
f 4078/7568/4065 89/283/89 1560/286/1549 5504/7573/5491
f 5504/7573/5491 1560/286/1549 90/291/90 4080/7575/4067
f 3395/7574/3384 5504/7573/5491 4080/7575/4067 1072/7576/1067
f 80/244/80 4079/7572/4066 5505/7577/5492 1547/247/1536
f 4079/7572/4066 1073/5874/1068 3404/7578/3393 5505/7577/5492
f 5505/7577/5492 3404/7578/3393 1076/7579/1071 4081/7580/4068
f 1547/247/1536 5505/7577/5492 4081/7580/4068 81/248/81
f 1072/7576/1067 4080/7575/4067 5506/7581/5493 3400/7582/3389
f 4080/7575/4067 90/291/90 1561/293/1550 5506/7581/5493
f 5506/7581/5493 1561/293/1550 91/297/91 4082/7583/4069
f 3400/7582/3389 5506/7581/5493 4082/7583/4069 1075/7584/1070
f 1075/7584/1070 4082/7583/4069 5507/7585/5494 3835/7586/3824
f 4082/7583/4069 91/297/91 2276/1883/2265 5507/7585/5494
f 5507/7585/5494 2276/1883/2265 447/1887/443 4083/7587/4070
f 3835/7586/3824 5507/7585/5494 4083/7587/4070 1310/6881/1304
f 81/248/81 4081/7580/4068 5508/7588/5495 2274/1877/2263
f 4081/7580/4068 1076/7579/1071 3837/7589/3826 5508/7588/5495
f 5508/7588/5495 3837/7589/3826 1309/7590/1303 4084/7591/4071
f 2274/1877/2263 5508/7588/5495 4084/7591/4071 444/1878/440
f 445/1468/441 4085/7592/4072 5509/7593/5496 2275/1881/2264
f 4085/7592/4072 1313/7594/1307 3840/7595/3829 5509/7593/5496
f 5509/7593/5496 3840/7595/3829 1078/5900/1073 4086/7596/4073
f 2275/1881/2264 5509/7593/5496 4086/7596/4073 82/252/82
f 82/252/82 4086/7596/4073 5510/7597/5497 1550/253/1539
f 4086/7596/4073 1078/5900/1073 3411/7598/3400 5510/7597/5497
f 5510/7597/5497 3411/7598/3400 1082/7599/1077 4087/7600/4074
f 1550/253/1539 5510/7597/5497 4087/7600/4074 83/254/83
f 1079/7601/1074 4088/7602/4075 5511/7603/5498 3406/7604/3395
f 4088/7602/4075 92/298/92 1562/301/1551 5511/7603/5498
f 5511/7603/5498 1562/301/1551 93/306/93 4089/7605/4076
f 3406/7604/3395 5511/7603/5498 4089/7605/4076 1081/7606/1076
f 1312/7607/1306 4090/7608/4077 5512/7609/5499 3838/6889/3827
f 4090/7608/4077 448/1487/444 2277/1890/2266 5512/7609/5499
f 5512/7609/5499 2277/1890/2266 92/298/92 4088/7602/4075
f 3838/6889/3827 5512/7609/5499 4088/7602/4075 1079/7601/1074
f 83/254/83 4087/7600/4074 5513/7610/5500 1552/257/1541
f 4087/7600/4074 1082/7599/1077 3416/7611/3405 5513/7610/5500
f 5513/7610/5500 3416/7611/3405 1085/7612/1080 4091/7613/4078
f 1552/257/1541 5513/7610/5500 4091/7613/4078 84/258/84
f 1081/7606/1076 4089/7605/4076 5514/7614/5501 3412/7615/3401
f 4089/7605/4076 93/306/93 1563/308/1552 5514/7614/5501
f 5514/7614/5501 1563/308/1552 94/312/94 4092/7616/4079
f 3412/7615/3401 5514/7614/5501 4092/7616/4079 1084/7617/1079
f 84/258/84 4091/7613/4078 5515/7618/5502 1554/261/1543
f 4091/7613/4078 1085/7612/1080 3421/7619/3410 5515/7618/5502
f 5515/7618/5502 3421/7619/3410 1088/7620/1082 4093/7621/4080
f 1554/261/1543 5515/7618/5502 4093/7621/4080 85/262/85
f 1084/7622/1079 4092/7623/4079 5516/7624/5503 3417/7625/3406
f 4092/7623/4079 94/313/94 1564/315/1553 5516/7624/5503
f 5516/7624/5503 1564/315/1553 95/320/95 4094/7626/4081
f 3417/7625/3406 5516/7624/5503 4094/7626/4081 1087/7627/1081
f 85/262/85 4093/7621/4080 5517/7628/5504 1556/265/1545
f 4093/7621/4080 1088/7620/1082 3426/7629/3415 5517/7628/5504
f 5517/7628/5504 3426/7629/3415 1091/7630/1085 4095/7631/4082
f 1556/265/1545 5517/7628/5504 4095/7631/4082 86/266/86
f 1087/7627/1081 4094/7626/4081 5518/7632/5505 3422/7633/3411
f 4094/7626/4081 95/320/95 1565/7634/1554 5518/7632/5505
f 5518/7632/5505 1565/7634/1554 96/4310/96 4096/7635/4083
f 3422/7633/3411 5518/7632/5505 4096/7635/4083 1090/7636/1084
f 1090/7636/1084 4096/7635/4083 5519/7637/5506 3667/6471/3656
f 4096/7635/4083 96/4310/96 2053/4320/2042 5519/7637/5506
f 5519/7637/5506 2053/4320/2042 392/4323/388 4097/7638/4084
f 3667/6471/3656 5519/7637/5506 4097/7638/4084 1255/7639/1249
f 86/266/86 4095/7631/4082 5520/7640/5507 2052/1323/2041
f 4095/7631/4082 1091/7630/1085 3671/7641/3660 5520/7640/5507
f 5520/7640/5507 3671/7641/3660 1256/7642/1250 4098/7643/4085
f 2052/1323/2041 5520/7640/5507 4098/7643/4085 391/1324/387
f 732/2664/728 2582/7644/2571 5521/7645/5508 3195/7646/3184
f 731/3871/727 4099/7647/4086 5521/7645/5508 2582/7644/2571
f 1264/6515/1258 3686/7648/3675 5521/7645/5508 4099/7649/4086
f 1093/7650/1087 4100/7651/4087 5521/7645/5508 3686/7652/3675
f 125/7653/124 3195/7646/3184 5521/7645/5508 4100/7654/4087
f 125/393/124 4100/7651/4087 5522/7655/5509 1615/394/1604
f 4100/7651/4087 1093/7656/1087 3433/7657/3422 5522/7655/5509
f 5522/7655/5509 3433/7657/3422 1097/5960/1091 4101/7658/4088
f 1615/394/1604 5522/7655/5509 4101/7658/4088 126/395/125
f 1094/7659/1088 4102/7660/4089 5523/7661/5510 3428/7662/3417
f 4102/7660/4089 135/433/134 1632/436/1621 5523/7661/5510
f 5523/7661/5510 1632/436/1621 136/441/135 4103/7663/4090
f 3428/7662/3417 5523/7661/5510 4103/7663/4090 1096/7664/1090
f 1265/6504/1259 4104/7665/4091 5524/7666/5511 3683/7667/3672
f 4104/7665/4091 399/4848/395 2060/7668/2049 5524/7666/5511
f 5524/7666/5511 2060/7668/2049 135/433/134 4102/7660/4089
f 3683/7667/3672 5524/7666/5511 4102/7660/4089 1094/7659/1088
f 126/7669/125 4101/7670/4088 5525/7671/5512 1617/7672/1606
f 4101/7670/4088 1097/7673/1091 3438/7674/3427 5525/7671/5512
f 5525/7671/5512 3438/7674/3427 1100/7675/1094 4105/7676/4092
f 1617/7672/1606 5525/7671/5512 4105/7676/4092 127/403/126
f 1096/5935/1090 4103/7677/4090 5526/7678/5513 3434/7679/3423
f 4103/7677/4090 136/7680/135 1633/443/1622 5526/7678/5513
f 5526/7678/5513 1633/443/1622 137/448/136 4106/7681/4093
f 3434/7679/3423 5526/7678/5513 4106/7681/4093 1099/5951/1093
f 127/403/126 4105/7676/4092 5527/7682/5514 1619/404/1608
f 4105/7676/4092 1100/7675/1094 3443/7683/3432 5527/7682/5514
f 5527/7682/5514 3443/7683/3432 1103/7684/1097 4107/7685/4094
f 1619/404/1608 5527/7682/5514 4107/7685/4094 128/405/127
f 1099/5951/1093 4106/7681/4093 5528/7686/5515 3439/7687/3428
f 4106/7681/4093 137/448/136 1634/451/1623 5528/7686/5515
f 5528/7686/5515 1634/451/1623 138/456/137 4108/7688/4095
f 3439/7687/3428 5528/7686/5515 4108/7688/4095 1102/7689/1096
f 128/405/127 4107/7685/4094 5529/7690/5516 1621/408/1610
f 4107/7685/4094 1103/7684/1097 3448/7691/3437 5529/7690/5516
f 5529/7690/5516 3448/7691/3437 1106/7692/1100 4109/7693/4096
f 1621/408/1610 5529/7690/5516 4109/7693/4096 129/409/128
f 1102/7689/1096 4108/7688/4095 5530/7694/5517 3444/7695/3433
f 4108/7688/4095 138/456/137 1635/458/1624 5530/7694/5517
f 5530/7694/5517 1635/458/1624 139/462/138 4110/7696/4097
f 3444/7695/3433 5530/7694/5517 4110/7696/4097 1105/7697/1099
f 1105/7697/1099 4110/7696/4097 5531/7698/5518 3841/7699/3830
f 4110/7696/4097 139/462/138 2286/1917/2275 5531/7698/5518
f 5531/7698/5518 2286/1917/2275 462/1921/458 4111/7700/4098
f 3841/7699/3830 5531/7698/5518 4111/7700/4098 1319/6692/1313
f 129/409/128 4109/7693/4096 5532/7701/5519 2284/1909/2273
f 4109/7693/4096 1106/7692/1100 3843/7702/3832 5532/7701/5519
f 5532/7701/5519 3843/7702/3832 1318/7703/1312 4112/7704/4099
f 2284/1909/2273 5532/7701/5519 4112/7704/4099 459/1910/455
f 460/1914/456 4113/7705/4100 5533/7706/5520 2285/1915/2274
f 4113/7705/4100 1322/7707/1316 3846/7708/3835 5533/7706/5520
f 5533/7706/5520 3846/7708/3835 1108/5995/1102 4114/7709/4101
f 2285/1915/2274 5533/7706/5520 4114/7709/4101 130/413/129
f 130/413/129 4114/7709/4101 5534/7710/5521 1624/414/1613
f 4114/7709/4101 1108/5995/1102 3455/7711/3444 5534/7710/5521
f 5534/7710/5521 3455/7711/3444 1112/7712/1106 4115/7713/4102
f 1624/414/1613 5534/7710/5521 4115/7713/4102 131/415/130
f 1109/7714/1103 4116/7715/4103 5535/7716/5522 3450/7717/3439
f 4116/7715/4103 140/463/139 1636/466/1625 5535/7716/5522
f 5535/7716/5522 1636/466/1625 141/471/140 4117/7718/4104
f 3450/7717/3439 5535/7716/5522 4117/7718/4104 1111/7719/1105
f 1321/7720/1315 4118/7721/4105 5536/7722/5523 3844/7723/3833
f 4118/7721/4105 463/1922/459 2287/1925/2276 5536/7722/5523
f 5536/7722/5523 2287/1925/2276 140/463/139 4116/7715/4103
f 3844/7723/3833 5536/7722/5523 4116/7715/4103 1109/7714/1103
f 131/415/130 4115/7713/4102 5537/7724/5524 1626/418/1615
f 4115/7713/4102 1112/7712/1106 3460/7725/3449 5537/7724/5524
f 5537/7724/5524 3460/7725/3449 1115/7726/1109 4119/7727/4106
f 1626/418/1615 5537/7724/5524 4119/7727/4106 132/419/131
f 1111/7719/1105 4117/7718/4104 5538/7728/5525 3456/7729/3445
f 4117/7718/4104 141/471/140 1637/473/1626 5538/7728/5525
f 5538/7728/5525 1637/473/1626 142/477/141 4120/7730/4107
f 3456/7729/3445 5538/7728/5525 4120/7730/4107 1114/7731/1108
f 132/419/131 4119/7727/4106 5539/7732/5526 1628/423/1617
f 4119/7727/4106 1115/7726/1109 3465/7733/3454 5539/7732/5526
f 5539/7732/5526 3465/7733/3454 1118/7734/1112 4121/7735/4108
f 1628/423/1617 5539/7732/5526 4121/7735/4108 133/424/132
f 1114/6006/1108 4120/7736/4107 5540/7737/5527 3461/6007/3450
f 4120/7736/4107 142/478/141 1638/480/1627 5540/7737/5527
f 5540/7737/5527 1638/480/1627 143/484/142 4122/7738/4109
f 3461/6007/3450 5540/7737/5527 4122/7738/4109 1117/7739/1111
f 133/424/132 4121/7735/4108 5541/7740/5528 1630/429/1619
f 4121/7735/4108 1118/7734/1112 3470/7741/3459 5541/7740/5528
f 5541/7740/5528 3470/7741/3459 1121/7742/1115 4123/7743/4110
f 1630/429/1619 5541/7740/5528 4123/7743/4110 134/430/133
f 1117/7744/1111 4122/7745/4109 5542/7746/5529 3466/7747/3455
f 143/7748/142 3113/4366/3102 5542/7746/5529 4122/7745/4109
f 646/2400/642 2497/7749/2486 5542/7746/5529 3113/7750/3102
f 645/3580/641 4124/7751/4111 5542/7746/5529 2497/7752/2486
f 1120/7753/1114 3466/7754/3455 5542/7746/5529 4124/7755/4111
f 134/430/133 4123/7743/4110 5543/7756/5530 2059/1340/2048
f 4123/7743/4110 1121/7742/1115 3681/7757/3670 5543/7756/5530
f 5543/7756/5530 3681/7757/3670 1262/7758/1256 4125/7759/4112
f 2059/1340/2048 5543/7756/5530 4125/7759/4112 398/1341/394
f 1120/6023/1114 4124/7760/4111 5544/7761/5531 3677/7762/3666
f 4124/7760/4111 645/3580/641 2898/7763/2887 5544/7761/5531
f 5544/7761/5531 2898/7763/2887 735/7764/731 4126/7765/4113
f 3677/7762/3666 5544/7761/5531 4126/7765/4113 1261/6495/1255
f 752/2694/748 2592/7766/2581 5545/7767/5532 3206/4887/3195
f 751/3932/747 4127/7768/4114 5545/7767/5532 2592/7766/2581
f 1270/6535/1264 3696/7769/3685 5545/7767/5532 4127/7770/4114
f 1123/7771/1117 4128/7772/4115 5545/7767/5532 3696/7773/3685
f 172/7774/170 3206/7775/3195 5545/7767/5532 4128/7776/4115
f 172/553/170 4128/7772/4115 5546/7777/5533 1687/554/1676
f 4128/7772/4115 1123/7778/1117 3477/6046/3466 5546/7777/5533
f 5546/7777/5533 3477/6046/3466 1127/7779/1121 4129/7780/4116
f 1687/554/1676 5546/7777/5533 4129/7780/4116 173/555/171
f 1124/7781/1118 4130/7782/4117 5547/7783/5534 3472/7784/3461
f 4130/7782/4117 181/7785/179 1702/7786/1691 5547/7783/5534
f 5547/7783/5534 1702/7786/1691 182/7787/180 4131/7788/4118
f 3472/7784/3461 5547/7783/5534 4131/7788/4118 1126/7789/1120
f 1271/7790/1265 4132/7791/4119 5548/7792/5535 3693/7793/3682
f 757/3963/753 2594/7794/2583 5548/7792/5535 4132/7795/4119
f 759/7796/755 3133/7797/3122 5548/7792/5535 2594/7798/2583
f 181/7785/179 4130/7799/4117 5548/7792/5535 3133/7797/3122
f 1124/7800/1118 3693/7801/3682 5548/7792/5535 4130/7802/4117
f 173/555/171 4129/7803/4116 5549/7804/5536 1689/7805/1678
f 4129/7803/4116 1127/7806/1121 3482/7807/3471 5549/7804/5536
f 5549/7804/5536 3482/7807/3471 1130/7808/1124 4133/7809/4120
f 1689/7805/1678 5549/7804/5536 4133/7809/4120 174/563/172
f 1126/7789/1120 4131/7788/4118 5550/7810/5537 3478/7811/3467
f 4131/7788/4118 182/7787/180 1703/7812/1692 5550/7810/5537
f 5550/7810/5537 1703/7812/1692 183/7813/181 4134/7814/4121
f 3478/7811/3467 5550/7810/5537 4134/7814/4121 1129/7815/1123
f 174/563/172 4133/7809/4120 5551/7816/5538 1691/564/1680
f 4133/7809/4120 1130/7808/1124 3487/6070/3476 5551/7816/5538
f 5551/7816/5538 3487/6070/3476 1133/6069/1127 4135/7817/4122
f 1691/564/1680 5551/7816/5538 4135/7817/4122 175/565/173
f 1129/7815/1123 4134/7814/4121 5552/7818/5539 3483/7819/3472
f 4134/7814/4121 183/7813/181 1704/7820/1693 5552/7818/5539
f 5552/7818/5539 1704/7820/1693 184/7821/182 4136/7822/4123
f 3483/7819/3472 5552/7818/5539 4136/7822/4123 1132/7823/1126
f 175/565/173 4135/7817/4122 5553/7824/5540 1693/568/1682
f 4135/7817/4122 1133/6069/1127 3492/7825/3481 5553/7824/5540
f 5553/7824/5540 3492/7825/3481 1136/7826/1130 4137/7827/4124
f 1693/568/1682 5553/7824/5540 4137/7827/4124 176/569/174
f 1132/7823/1126 4136/7822/4123 5554/7828/5541 3488/7829/3477
f 4136/7822/4123 184/7821/182 1705/7830/1694 5554/7828/5541
f 5554/7828/5541 1705/7830/1694 185/7831/183 4138/7832/4125
f 3488/7829/3477 5554/7828/5541 4138/7832/4125 1135/7833/1129
f 1135/7833/1129 4138/7832/4125 5555/7834/5542 3847/7835/3836
f 4138/7832/4125 185/7831/183 2296/7836/2285 5555/7834/5542
f 5555/7834/5542 2296/7836/2285 477/7837/473 4139/7838/4126
f 3847/7835/3836 5555/7834/5542 4139/7838/4126 1328/7839/1322
f 176/569/174 4137/7827/4124 5556/7840/5543 2294/1945/2283
f 4137/7827/4124 1136/7826/1130 3849/7841/3838 5556/7840/5543
f 5556/7840/5543 3849/7841/3838 1327/7842/1321 4140/7843/4127
f 2294/1945/2283 5556/7840/5543 4140/7843/4127 474/1946/470
f 475/1950/471 4141/7844/4128 5557/7845/5544 2295/1951/2284
f 4141/7844/4128 1331/7846/1325 3852/7847/3841 5557/7845/5544
f 5557/7845/5544 3852/7847/3841 1138/6095/1132 4142/7848/4129
f 2295/1951/2284 5557/7845/5544 4142/7848/4129 177/573/175
f 177/573/175 4142/7848/4129 5558/7849/5545 1696/574/1685
f 4142/7848/4129 1138/6095/1132 3499/6094/3488 5558/7849/5545
f 5558/7849/5545 3499/6094/3488 1142/7850/1136 4143/7851/4130
f 1696/574/1685 5558/7849/5545 4143/7851/4130 178/575/176
f 1139/7852/1133 4144/7853/4131 5559/7854/5546 3494/7855/3483
f 4144/7853/4131 186/7856/184 1706/7857/1695 5559/7854/5546
f 5559/7854/5546 1706/7857/1695 187/7858/185 4145/7859/4132
f 3494/7855/3483 5559/7854/5546 4145/7859/4132 1141/7860/1135
f 1330/6741/1324 4146/7861/4133 5560/7862/5547 3850/7863/3839
f 4146/7861/4133 478/7864/474 2297/7865/2286 5560/7862/5547
f 5560/7862/5547 2297/7865/2286 186/7856/184 4144/7853/4131
f 3850/7863/3839 5560/7862/5547 4144/7853/4131 1139/7852/1133
f 178/575/176 4143/7851/4130 5561/7866/5548 1698/578/1687
f 4143/7851/4130 1142/7850/1136 3504/7867/3493 5561/7866/5548
f 5561/7866/5548 3504/7867/3493 1145/7868/1139 4147/7869/4134
f 1698/578/1687 5561/7866/5548 4147/7869/4134 179/579/177
f 1141/7860/1135 4145/7859/4132 5562/7870/5549 3500/7871/3489
f 4145/7859/4132 187/7858/185 1707/7872/1696 5562/7870/5549
f 5562/7870/5549 1707/7872/1696 188/7873/186 4148/7874/4135
f 3500/7871/3489 5562/7870/5549 4148/7874/4135 1144/6106/1138
f 179/579/177 4147/7875/4134 5563/7876/5550 1700/583/1689
f 4147/7875/4134 1145/7877/1139 3509/7878/3498 5563/7876/5550
f 5563/7876/5550 3509/7878/3498 1148/7879/1142 4149/7880/4136
f 1700/583/1689 5563/7876/5550 4149/7880/4136 180/584/178
f 1144/6106/1138 4148/7874/4135 5564/7881/5551 3505/6107/3494
f 4148/7874/4135 188/7873/186 1708/7882/1697 5564/7881/5551
f 5564/7881/5551 1708/7882/1697 189/7883/187 4150/7884/4137
f 3505/6107/3494 5564/7881/5551 4150/7884/4137 1147/6110/1141
f 180/584/178 4149/7885/4136 5565/7886/5552 3127/4456/3116
f 1148/6118/1142 3514/6130/3503 5565/7886/5552 4149/7885/4136
f 1151/7887/1145 4151/7888/4138 5565/7886/5552 3514/7889/3503
f 656/3607/652 2509/2447/2498 5565/7886/5552 4151/7890/4138
f 658/2446/654 3127/7891/3116 5565/7886/5552 2509/7892/2498
f 1147/7893/1141 4150/7884/4137 5566/7894/5553 3510/7895/3499
f 189/7883/187 3130/7896/3119 5566/7894/5553 4150/7897/4137
f 662/7898/658 2517/7899/2506 5566/7894/5553 3130/7896/3119
f 661/3637/657 4152/7900/4139 5566/7894/5553 2517/7899/2506
f 1150/7901/1144 3510/7902/3499 5566/7894/5553 4152/7903/4139
f 656/7904/652 4151/7905/4138 5567/7906/5554 2909/3608/2898
f 4151/7905/4138 1151/7907/1145 3691/6525/3680 5567/7906/5554
f 5567/7906/5554 3691/6525/3680 1268/7908/1262 4153/7909/4140
f 2909/3608/2898 5567/7906/5554 4153/7909/4140 747/7910/743
f 1150/7911/1144 4152/7912/4139 5568/7913/5555 3687/7914/3676
f 4152/7912/4139 661/3637/657 2918/7915/2907 5568/7913/5555
f 5568/7913/5555 2918/7915/2907 755/3635/751 4154/7916/4141
f 3687/7914/3676 5568/7913/5555 4154/7916/4141 1267/7917/1261
f 670/2491/666 2527/7918/2516 5569/7919/5556 3143/7920/3132
f 669/3669/665 4155/7921/4142 5569/7919/5556 2527/7918/2516
f 1153/7922/1147 3521/7923/3510 5569/7919/5556 4155/7924/4142
f 1157/7925/1151 4156/7926/4143 5569/7919/5556 3521/7923/3510
f 229/7927/227 3143/7928/3132 5569/7919/5556 4156/7926/4143
f 1154/7929/1148 4157/7930/4144 5570/7931/5557 3516/7932/3505
f 4157/7930/4144 237/7933/235 1791/4605/1780 5570/7931/5557
f 5570/7931/5557 1791/4605/1780 238/784/236 4158/7934/4145
f 3516/7932/3505 5570/7931/5557 4158/7934/4145 1156/6146/1150
f 1277/7935/1271 4159/7936/4146 5571/7937/5558 3703/7938/3692
f 789/7939/785 2619/2786/2608 5571/7937/5558 4159/7940/4146
f 791/2785/787 3151/4590/3140 5571/7937/5558 2619/2781/2608
f 237/4599/235 4157/7941/4144 5571/7937/5558 3151/4590/3140
f 1154/7942/1148 3703/7943/3692 5571/7937/5558 4157/7944/4144
f 784/3665/780 4160/7945/4147 5572/7946/5559 2930/7947/2919
f 4160/7945/4147 1276/7948/1270 3706/6554/3695 5572/7946/5559
f 5572/7946/5559 3706/6554/3695 1153/7949/1147 4155/7950/4142
f 2930/7947/2919 5572/7946/5559 4155/7950/4142 669/3669/665
f 229/755/227 4156/7951/4143 5573/7952/5560 1778/756/1767
f 4156/7951/4143 1157/6143/1151 3526/7953/3515 5573/7952/5560
f 5573/7952/5560 3526/7953/3515 1160/6158/1154 4161/7954/4148
f 1778/756/1767 5573/7952/5560 4161/7954/4148 230/757/228
f 1156/6146/1150 4158/7934/4145 5574/7955/5561 3522/7956/3511
f 4158/7934/4145 238/784/236 1792/787/1781 5574/7955/5561
f 5574/7955/5561 1792/787/1781 239/792/237 4162/7957/4149
f 3522/7956/3511 5574/7955/5561 4162/7957/4149 1159/7958/1153
f 230/761/228 4161/7954/4148 5575/7959/5562 1780/762/1769
f 4161/7954/4148 1160/6158/1154 3531/6169/3520 5575/7959/5562
f 5575/7959/5562 3531/6169/3520 1163/7960/1157 4163/7961/4150
f 1780/762/1769 5575/7959/5562 4163/7961/4150 231/763/229
f 1159/7962/1153 4162/7963/4149 5576/7964/5563 3527/7965/3516
f 4162/7963/4149 239/793/237 1793/796/1782 5576/7964/5563
f 5576/7964/5563 1793/796/1782 240/801/238 4164/7966/4151
f 3527/7965/3516 5576/7964/5563 4164/7966/4151 1162/7967/1156
f 231/763/229 4163/7961/4150 5577/7968/5564 1782/766/1771
f 4163/7961/4150 1163/7960/1157 3536/6180/3525 5577/7968/5564
f 5577/7968/5564 3536/6180/3525 1166/6179/1160 4165/7969/4152
f 1782/766/1771 5577/7968/5564 4165/7969/4152 232/767/230
f 1162/7967/1156 4164/7966/4151 5578/7970/5565 3532/7971/3521
f 4164/7966/4151 240/801/238 1794/803/1783 5578/7970/5565
f 5578/7970/5565 1794/803/1783 241/807/239 4166/7972/4153
f 3532/7971/3521 5578/7970/5565 4166/7972/4153 1165/7973/1159
f 1165/7973/1159 4166/7972/4153 5579/7974/5566 3853/7975/3842
f 4166/7972/4153 241/807/239 2308/1994/2297 5579/7974/5566
f 5579/7974/5566 2308/1994/2297 495/1998/491 4167/7976/4154
f 3853/7975/3842 5579/7974/5566 4167/7976/4154 1337/6939/1331
f 232/767/230 4165/7969/4152 5580/7977/5567 2306/1986/2295
f 4165/7969/4152 1166/6179/1160 3855/7978/3844 5580/7977/5567
f 5580/7977/5567 3855/7978/3844 1336/7979/1330 4168/7980/4155
f 2306/1986/2295 5580/7977/5567 4168/7980/4155 492/1987/488
f 493/1991/489 4169/7981/4156 5581/7982/5568 2307/1992/2296
f 4169/7981/4156 1340/6779/1334 3858/7983/3847 5581/7982/5568
f 5581/7982/5568 3858/7983/3847 1168/6195/1162 4170/7984/4157
f 2307/1992/2296 5581/7982/5568 4170/7984/4157 233/771/231
f 233/771/231 4170/7984/4157 5582/7985/5569 1785/772/1774
f 4170/7984/4157 1168/6195/1162 3543/7986/3532 5582/7985/5569
f 5582/7985/5569 3543/7986/3532 1172/7987/1166 4171/7988/4158
f 1785/772/1774 5582/7985/5569 4171/7988/4158 234/773/232
f 1169/7989/1163 4172/7990/4159 5583/7991/5570 3538/7992/3527
f 4172/7990/4159 242/808/240 1795/811/1784 5583/7991/5570
f 5583/7991/5570 1795/811/1784 243/816/241 4173/7993/4160
f 3538/7992/3527 5583/7991/5570 4173/7993/4160 1171/7994/1165
f 1339/7995/1333 4174/7996/4161 5584/7997/5571 3856/7998/3845
f 4174/7996/4161 496/1999/492 2309/2002/2298 5584/7997/5571
f 5584/7997/5571 2309/2002/2298 242/808/240 4172/7990/4159
f 3856/7998/3845 5584/7997/5571 4172/7990/4159 1169/7989/1163
f 234/773/232 4171/7988/4158 5585/7999/5572 1787/776/1776
f 4171/7988/4158 1172/7987/1166 3548/6205/3537 5585/7999/5572
f 5585/7999/5572 3548/6205/3537 1175/6204/1169 4175/8000/4162
f 1787/776/1776 5585/7999/5572 4175/8000/4162 235/777/233
f 1171/7994/1165 4173/7993/4160 5586/8001/5573 3544/8002/3533
f 4173/7993/4160 243/816/241 1796/818/1785 5586/8001/5573
f 5586/8001/5573 1796/818/1785 244/822/242 4176/8003/4163
f 3544/8002/3533 5586/8001/5573 4176/8003/4163 1174/8004/1168
f 235/780/233 4175/8000/4162 5587/8005/5574 1789/781/1778
f 4175/8000/4162 1175/8006/1169 3553/8007/3542 5587/8005/5574
f 5587/8005/5574 3553/8007/3542 1178/6217/1172 4177/8008/4164
f 1789/781/1778 5587/8005/5574 4177/8008/4164 236/782/234
f 1174/6206/1168 4176/8009/4163 5588/8010/5575 3549/6207/3538
f 4176/8009/4163 244/823/242 1797/826/1786 5588/8010/5575
f 5588/8010/5575 1797/826/1786 245/830/243 4178/8011/4165
f 3549/6207/3538 5588/8010/5575 4178/8011/4165 1177/8012/1171
f 236/4553/234 4177/8013/4164 5589/8014/5576 3144/8015/3133
f 1178/6217/1172 3558/8016/3547 5589/8014/5576 4177/8013/4164
f 1181/8017/1175 4179/8018/4166 5589/8014/5576 3558/8019/3547
f 672/8020/668 2529/8021/2518 5589/8014/5576 4179/8022/4166
f 674/2506/670 3144/4554/3133 5589/8014/5576 2529/8023/2518
f 1177/8024/1171 4178/8025/4165 5590/8026/5577 3554/8027/3543
f 245/4571/243 3148/4582/3137 5590/8026/5577 4178/8028/4165
f 678/2522/674 2537/8029/2526 5590/8026/5577 3148/8030/3137
f 677/3691/673 4180/8031/4167 5590/8026/5577 2537/8029/2526
f 1180/8032/1174 3554/8033/3543 5590/8026/5577 4180/8034/4167
f 672/8035/668 4179/8036/4166 5591/8037/5578 2924/8038/2913
f 4179/8036/4166 1181/8039/1175 3701/8040/3690 5591/8037/5578
f 5591/8037/5578 3701/8040/3690 1274/8041/1268 4181/8042/4168
f 2924/8038/2913 5591/8037/5578 4181/8042/4168 780/3655/776
f 1180/8043/1174 4180/8044/4167 5592/8045/5579 3697/8046/3686
f 4180/8044/4167 677/3691/673 2938/8047/2927 5592/8045/5579
f 5592/8045/5579 2938/8047/2927 787/8048/783 4182/8049/4169
f 3697/8046/3686 5592/8045/5579 4182/8049/4169 1273/8050/1267
f 821/2877/817 2652/8051/2641 5593/8052/5580 3240/5073/3229
f 820/4145/816 4183/8053/4170 5593/8052/5580 2652/8051/2641
f 1282/6577/1276 3716/8054/3705 5593/8052/5580 4183/8055/4170
f 1183/8056/1177 4184/8057/4171 5593/8052/5580 3716/6576/3705
f 294/8058/291 3240/5073/3229 5593/8052/5580 4184/8059/4171
f 294/980/291 4184/8060/4171 5594/8061/5581 1882/981/1871
f 4184/8060/4171 1183/8062/1177 3565/8063/3554 5594/8061/5581
f 5594/8061/5581 3565/8063/3554 1187/8064/1181 4185/8065/4172
f 1882/981/1871 5594/8061/5581 4185/8065/4172 295/982/292
f 1184/8066/1178 4186/8067/4173 5595/8068/5582 3560/8069/3549
f 4186/8067/4173 304/4694/301 1899/4698/1888 5595/8068/5582
f 5595/8068/5582 1899/4698/1888 305/1018/302 4187/8070/4174
f 3560/8069/3549 5595/8068/5582 4187/8070/4174 1186/8071/1180
f 1283/8072/1277 4188/8073/4175 5596/8074/5583 3713/8075/3702
f 4188/8073/4175 410/4687/406 2071/4690/2060 5596/8074/5583
f 5596/8074/5583 2071/4690/2060 304/4694/301 4186/8067/4173
f 3713/8075/3702 5596/8074/5583 4186/8067/4173 1184/8066/1178
f 295/982/292 4185/8065/4172 5597/8076/5584 1884/986/1873
f 4185/8065/4172 1187/6244/1181 3570/6257/3559 5597/8076/5584
f 5597/8076/5584 3570/6257/3559 1190/8077/1184 4189/8078/4176
f 1884/986/1873 5597/8076/5584 4189/8078/4176 296/987/293
f 1186/8071/1180 4187/8070/4174 5598/8079/5585 3566/8080/3555
f 4187/8070/4174 305/1018/302 1900/1021/1889 5598/8079/5585
f 5598/8079/5585 1900/1021/1889 306/1026/303 4190/8081/4177
f 3566/8080/3555 5598/8079/5585 4190/8081/4177 1189/8082/1183
f 296/987/293 4189/8078/4176 5599/8083/5586 1886/990/1875
f 4189/8078/4176 1190/8077/1184 3575/6267/3564 5599/8083/5586
f 5599/8083/5586 3575/6267/3564 1193/6266/1187 4191/8084/4178
f 1886/990/1875 5599/8083/5586 4191/8084/4178 297/991/294
f 1189/8085/1183 4190/8086/4177 5600/8087/5587 3571/8088/3560
f 4190/8086/4177 306/1027/303 1901/1030/1890 5600/8087/5587
f 5600/8087/5587 1901/1030/1890 307/1035/304 4192/8089/4179
f 3571/8088/3560 5600/8087/5587 4192/8089/4179 1192/8090/1186
f 297/991/294 4191/8084/4178 5601/8091/5588 1888/994/1877
f 4191/8084/4178 1193/6266/1187 3580/8092/3569 5601/8091/5588
f 5601/8091/5588 3580/8092/3569 1196/6276/1190 4193/8093/4180
f 1888/994/1877 5601/8091/5588 4193/8093/4180 298/995/295
f 1192/8090/1186 4192/8089/4179 5602/8094/5589 3576/6268/3565
f 4192/8089/4179 307/1035/304 1902/1037/1891 5602/8094/5589
f 5602/8094/5589 1902/1037/1891 308/1041/305 4194/8095/4181
f 3576/6268/3565 5602/8094/5589 4194/8095/4181 1195/8096/1189
f 1195/8096/1189 4194/8095/4181 5603/8097/5590 3859/6956/3848
f 4194/8095/4181 308/1041/305 2322/2046/2311 5603/8097/5590
f 5603/8097/5590 2322/2046/2311 516/2050/512 4195/8098/4182
f 3859/6956/3848 5603/8097/5590 4195/8098/4182 1346/6958/1340
f 298/995/295 4193/8093/4180 5604/8099/5591 2320/2038/2309
f 4193/8093/4180 1196/6276/1190 3861/8100/3850 5604/8099/5591
f 5604/8099/5591 3861/8100/3850 1345/8101/1339 4196/8102/4183
f 2320/2038/2309 5604/8099/5591 4196/8102/4183 513/2039/509
f 514/2043/510 4197/8103/4184 5605/8104/5592 2321/2044/2310
f 4197/8103/4184 1349/6809/1343 3864/6972/3853 5605/8104/5592
f 5605/8104/5592 3864/6972/3853 1198/8105/1192 4198/8106/4185
f 2321/2044/2310 5605/8104/5592 4198/8106/4185 299/999/296
f 299/999/296 4198/8106/4185 5606/8107/5593 1891/1000/1880
f 4198/8106/4185 1198/8105/1192 3587/8108/3576 5606/8107/5593
f 5606/8107/5593 3587/8108/3576 1202/8109/1196 4199/8110/4186
f 1891/1000/1880 5606/8107/5593 4199/8110/4186 300/1001/297
f 1199/6278/1193 4200/8111/4187 5607/8112/5594 3582/6279/3571
f 4200/8111/4187 309/1042/306 1903/1045/1892 5607/8112/5594
f 5607/8112/5594 1903/1045/1892 310/1050/307 4201/8113/4188
f 3582/6279/3571 5607/8112/5594 4201/8113/4188 1201/6282/1195
f 1348/8114/1342 4202/8115/4189 5608/8116/5595 3862/8117/3851
f 4202/8115/4189 517/2051/513 2323/2054/2312 5608/8116/5595
f 5608/8116/5595 2323/2054/2312 309/1042/306 4200/8111/4187
f 3862/8117/3851 5608/8116/5595 4200/8111/4187 1199/6278/1193
f 300/1001/297 4199/8110/4186 5609/8118/5596 1893/1004/1882
f 4199/8110/4186 1202/8109/1196 3592/8119/3581 5609/8118/5596
f 5609/8118/5596 3592/8119/3581 1205/8120/1199 4203/8121/4190
f 1893/1004/1882 5609/8118/5596 4203/8121/4190 301/1005/298
f 1201/6282/1195 4201/8113/4188 5610/8122/5597 3588/8123/3577
f 4201/8113/4188 310/1050/307 1904/1052/1893 5610/8122/5597
f 5610/8122/5597 1904/1052/1893 311/1056/308 4204/8124/4191
f 3588/8123/3577 5610/8122/5597 4204/8124/4191 1204/8125/1198
f 301/1005/298 4203/8121/4190 5611/8126/5598 1895/8127/1884
f 4203/8121/4190 1205/8120/1199 3597/8128/3586 5611/8126/5598
f 5611/8126/5598 3597/8128/3586 1208/8129/1202 4205/8130/4192
f 1895/8127/1884 5611/8126/5598 4205/8130/4192 302/8131/299
f 1204/8132/1198 4204/8133/4191 5612/8134/5599 3593/6304/3582
f 4204/8133/4191 311/1057/308 1905/1059/1894 5612/8134/5599
f 5612/8134/5599 1905/1059/1894 312/1063/309 4206/8135/4193
f 3593/6304/3582 5612/8134/5599 4206/8135/4193 1207/8136/1201
f 302/1010/299 4205/8137/4192 5613/8138/5600 1897/1014/1886
f 4205/8137/4192 1208/8129/1202 3602/8139/3591 5613/8138/5600
f 5613/8138/5600 3602/8139/3591 1211/8140/1205 4207/8141/4194
f 1897/1014/1886 5613/8138/5600 4207/8141/4194 303/1015/300
f 1207/8142/1201 4206/8143/4193 5614/8144/5601 3598/8145/3587
f 312/8146/309 3164/4672/3153 5614/8144/5601 4206/8147/4193
f 690/2570/686 2552/8148/2541 5614/8144/5601 3164/8149/3153
f 689/3732/685 4208/8150/4195 5614/8144/5601 2552/8151/2541
f 1210/8152/1204 3598/8153/3587 5614/8144/5601 4208/8154/4195
f 303/5053/300 4207/8155/4194 5615/8156/5602 3235/8157/3224
f 1211/8158/1205 3711/8159/3700 5615/8156/5602 4207/8160/4194
f 1280/8161/1274 4209/8162/4196 5615/8156/5602 3711/8163/3700
f 815/2854/811 2644/8164/2633 5615/8156/5602 4209/8162/4196
f 817/2861/813 3235/8165/3224 5615/8156/5602 2644/8166/2633
f 1210/8167/1204 4208/8168/4195 5616/8169/5603 3707/6556/3696
f 4208/8168/4195 689/3732/685 2953/8170/2942 5616/8169/5603
f 5616/8169/5603 2953/8170/2942 824/8171/820 4210/8172/4197
f 3707/6556/3696 5616/8169/5603 4210/8172/4197 1279/8173/1273
f 834/2891/830 2657/8174/2646 5617/8175/5604 3248/8176/3237
f 833/4185/829 4211/8177/4198 5617/8175/5604 2657/8174/2646
f 1288/8178/1282 3726/8179/3715 5617/8175/5604 4211/8180/4198
f 1213/8181/1207 4212/8182/4199 5617/8175/5604 3726/8183/3715
f 341/5119/338 3248/5121/3237 5617/8175/5604 4212/8184/4199
f 341/1143/338 4212/8185/4199 5618/8186/5605 1955/1144/1944
f 4212/8185/4199 1213/8187/1207 3609/8188/3598 5618/8186/5605
f 5618/8186/5605 3609/8188/3598 1217/6345/1211 4213/8189/4200
f 1955/1144/1944 5618/8186/5605 4213/8189/4200 342/1145/339
f 1214/8190/1208 4214/8191/4201 5619/8192/5606 3604/8193/3593
f 4214/8191/4201 351/1179/347 1972/8194/1961 5619/8192/5606
f 5619/8192/5606 1972/8194/1961 352/1188/348 4215/8195/4202
f 3604/8193/3593 5619/8192/5606 4215/8195/4202 1216/8196/1210
f 1289/6590/1283 4216/8197/4203 5620/8198/5607 3723/8199/3712
f 4216/8197/4203 416/8200/412 2077/8201/2066 5620/8198/5607
f 5620/8198/5607 2077/8201/2066 351/1179/347 4214/8191/4201
f 3723/8199/3712 5620/8198/5607 4214/8191/4201 1214/8190/1208
f 342/8202/339 4213/8189/4200 5621/8203/5608 1957/8204/1946
f 4213/8189/4200 1217/8205/1211 3614/6358/3603 5621/8203/5608
f 5621/8203/5608 3614/6358/3603 1220/8206/1214 4217/8207/4204
f 1957/8204/1946 5621/8203/5608 4217/8207/4204 343/1153/340
f 1216/8196/1210 4215/8195/4202 5622/8208/5609 3610/8209/3599
f 4215/8195/4202 352/1188/348 1973/1191/1962 5622/8208/5609
f 5622/8208/5609 1973/1191/1962 353/1195/349 4218/8210/4205
f 3610/8209/3599 5622/8208/5609 4218/8210/4205 1219/6350/1213
f 343/1153/340 4217/8207/4204 5623/8211/5610 1959/1154/1948
f 4217/8207/4204 1220/8206/1214 3619/6368/3608 5623/8211/5610
f 5623/8211/5610 3619/6368/3608 1223/6367/1217 4219/8212/4206
f 1959/1154/1948 5623/8211/5610 4219/8212/4206 344/1155/341
f 1219/6350/1213 4218/8210/4205 5624/8213/5611 3615/8214/3604
f 4218/8210/4205 353/1195/349 1974/1197/1963 5624/8213/5611
f 5624/8213/5611 1974/1197/1963 354/1201/350 4220/8215/4207
f 3615/8214/3604 5624/8213/5611 4220/8215/4207 1222/8216/1216
f 344/1155/341 4219/8212/4206 5625/8217/5612 1961/1158/1950
f 4219/8212/4206 1223/6367/1217 3624/6378/3613 5625/8217/5612
f 5625/8217/5612 3624/6378/3613 1226/8218/1220 4221/8219/4208
f 1961/1158/1950 5625/8217/5612 4221/8219/4208 345/1159/342
f 1222/8216/1216 4220/8215/4207 5626/8220/5613 3620/8221/3609
f 4220/8215/4207 354/1201/350 1975/1203/1964 5626/8220/5613
f 5626/8220/5613 1975/1203/1964 355/1207/351 4222/8222/4209
f 3620/8221/3609 5626/8220/5613 4222/8222/4209 1225/6371/1219
f 1225/6371/1219 4222/8222/4209 5627/8223/5614 3865/8224/3854
f 4222/8222/4209 355/1207/351 2332/2080/2321 5627/8223/5614
f 5627/8223/5614 2332/2080/2321 531/2084/527 4223/8225/4210
f 3865/8224/3854 5627/8223/5614 4223/8225/4210 1355/8226/1349
f 345/1159/342 4221/8219/4208 5628/8227/5615 2330/2072/2319
f 4221/8219/4208 1226/8218/1220 3867/8228/3856 5628/8227/5615
f 5628/8227/5615 3867/8228/3856 1354/8229/1348 4224/8230/4211
f 2330/2072/2319 5628/8227/5615 4224/8230/4211 528/2073/524
f 529/2077/525 4225/8231/4212 5629/8232/5616 2331/2078/2320
f 4225/8231/4212 1358/8233/1352 3870/6989/3859 5629/8232/5616
f 5629/8232/5616 3870/6989/3859 1228/8234/1222 4226/8235/4213
f 2331/2078/2320 5629/8232/5616 4226/8235/4213 346/1163/343
f 346/1163/343 4226/8235/4213 5630/8236/5617 1964/1164/1953
f 4226/8235/4213 1228/8234/1222 3631/6392/3620 5630/8236/5617
f 5630/8236/5617 3631/6392/3620 1232/8237/1226 4227/8238/4214
f 1964/1164/1953 5630/8236/5617 4227/8238/4214 347/1165/344
f 1229/6379/1223 4228/8239/4215 5631/8240/5618 3626/8241/3615
f 4228/8239/4215 356/1208/352 1976/1211/1965 5631/8240/5618
f 5631/8240/5618 1976/1211/1965 357/1216/353 4229/8242/4216
f 3626/8241/3615 5631/8240/5618 4229/8242/4216 1231/6383/1225
f 1357/8243/1351 4230/8244/4217 5632/8245/5619 3868/8246/3857
f 4230/8244/4217 532/2085/528 2333/2088/2322 5632/8245/5619
f 5632/8245/5619 2333/2088/2322 356/1208/352 4228/8239/4215
f 3868/8246/3857 5632/8245/5619 4228/8239/4215 1229/6379/1223
f 347/1165/344 4227/8238/4214 5633/8247/5620 1966/1168/1955
f 4227/8238/4214 1232/8237/1226 3636/8248/3625 5633/8247/5620
f 5633/8247/5620 3636/8248/3625 1235/6402/1229 4231/8249/4218
f 1966/1168/1955 5633/8247/5620 4231/8249/4218 348/1169/55
f 1231/6383/1225 4229/8242/4216 5634/8250/5621 3632/6394/3621
f 4229/8242/4216 357/1216/353 1977/1218/1966 5634/8250/5621
f 5634/8250/5621 1977/1218/1966 358/1222/354 4232/8251/4219
f 3632/6394/3621 5634/8250/5621 4232/8251/4219 1234/8252/1228
f 348/1169/55 4231/8249/4218 5635/8253/5622 1968/1172/1957
f 4231/8249/4218 1235/6402/1229 3641/8254/3630 5635/8253/5622
f 5635/8253/5622 3641/8254/3630 1238/8255/1232 4233/8256/4220
f 1968/1172/1957 5635/8253/5622 4233/8256/4220 349/1173/345
f 1234/8257/1228 4232/8258/4219 5636/8259/5623 3637/8260/3626
f 4232/8258/4219 358/1223/354 1978/1226/1967 5636/8259/5623
f 5636/8259/5623 1978/1226/1967 359/1230/355 4234/8261/4221
f 3637/8260/3626 5636/8259/5623 4234/8261/4221 1237/6408/1231
f 349/1173/345 4233/8256/4220 5637/8262/5624 1970/1176/1959
f 4233/8256/4220 1238/8255/1232 3646/8263/3635 5637/8262/5624
f 5637/8262/5624 3646/8263/3635 1241/8264/1235 4235/8265/4222
f 1970/1176/1959 5637/8262/5624 4235/8265/4222 350/1177/346
f 1237/8266/1231 4234/8267/4221 5638/8268/5625 3642/8269/3631
f 359/8270/355 3175/8271/3164 5638/8268/5625 4234/8272/4221
f 702/2617/698 2567/8273/2556 5638/8268/5625 3175/8274/3164
f 701/3774/697 4236/8275/4223 5638/8268/5625 2567/8276/2556
f 1240/8277/1234 3642/8278/3631 5638/8268/5625 4236/8279/4223
f 350/1177/346 4235/8265/4222 5639/8280/5626 2076/1367/2065
f 4235/8265/4222 1241/8264/1235 3721/8281/3710 5639/8280/5626
f 5639/8280/5626 3721/8281/3710 1286/8282/1280 4237/8283/4224
f 2076/1367/2065 5639/8280/5626 4237/8283/4224 415/1368/411
f 1240/8284/1234 4236/8285/4223 5640/8286/5627 3717/8287/3706
f 4236/8285/4223 701/3774/697 2968/8288/2957 5640/8286/5627
f 5640/8286/5627 2968/8288/2957 837/8289/833 4238/8290/4225
f 3717/8287/3706 5640/8286/5627 4238/8290/4225 1285/6580/1279
f 704/7422/700 4041/7421/4028 5641/8291/5628 2969/8292/2958
f 4041/7421/4028 1244/7420/1238 3969/8293/3956 5641/8291/5628
f 5641/8291/5628 3969/8293/3956 1363/8294/1357 4239/8295/4226
f 2969/8292/2958 5641/8291/5628 4239/8295/4226 844/3777/840
f 1243/7429/1237 4042/7428/4029 5642/8296/5629 3967/7194/3954
f 4042/7428/4029 712/7427/708 2980/8297/2969 5642/8296/5629
f 5642/8296/5629 2980/8297/2969 851/2942/847 4240/8298/4227
f 3967/7194/3954 5642/8296/5629 4240/8298/4227 1364/8299/1358
f 1366/8300/1360 4241/8301/4228 5643/8302/5630 3970/7199/3957
f 4241/8301/4228 856/3827/852 2983/8303/2972 5643/8302/5630
f 5643/8302/5630 2983/8303/2972 714/3527/710 4018/7308/4005
f 3970/7199/3957 5643/8302/5630 4018/7308/4005 1247/6441/1241
f 847/2929/843 4242/8304/4229 5644/8305/5631 2972/3784/2961
f 4242/8304/4229 1367/7003/1361 3972/8306/3959 5644/8305/5631
f 5644/8305/5631 3972/8306/3959 1246/6450/1240 4015/7295/4002
f 2972/3784/2961 5644/8305/5631 4015/7295/4002 708/3787/704
f 384/1303/380 4070/7531/4057 5645/8307/5632 2429/2225/2418
f 4070/7531/4057 1250/7530/1244 3975/7208/3962 5645/8307/5632
f 5645/8307/5632 3975/7208/3962 1372/8308/1365 4243/8309/4230
f 2429/2225/2418 5645/8307/5632 4243/8309/4230 548/8310/544
f 1249/7526/1243 4069/7525/4056 5646/8311/5633 3973/7204/3960
f 4069/7525/4056 386/1317/382 2431/2233/2420 5646/8311/5633
f 5646/8311/5633 2431/2233/2420 551/2237/547 4244/8312/4231
f 3973/7204/3960 5646/8311/5633 4244/8312/4231 1373/8313/1366
f 549/8314/545 4245/8315/4232 5647/8316/5634 2430/8317/2419
f 4245/8315/4232 1376/8318/1369 3978/7213/3965 5647/8316/5634
f 5647/8316/5634 3978/7213/3965 1252/6470/1246 4043/7431/4030
f 2430/8317/2419 5647/8316/5634 4043/7431/4030 385/7430/381
f 1375/8319/1368 4246/8320/4233 5648/8321/5635 3976/7209/3963
f 4246/8320/4233 552/4785/548 2432/4788/2421 5648/8321/5635
f 5648/8321/5635 2432/4788/2421 387/4254/383 4048/7449/4035
f 3976/7209/3963 5648/8321/5635 4048/7449/4035 1253/7448/1247
f 391/1324/387 4098/7643/4085 5649/8322/5636 2436/2243/2425
f 4098/7643/4085 1256/7642/1250 3981/8323/3968 5649/8322/5636
f 5649/8322/5636 3981/8323/3968 1381/8324/1373 4247/8325/4234
f 2436/2243/2425 5649/8322/5636 4247/8325/4234 559/2244/555
f 1255/7639/1249 4097/7638/4084 5650/8326/5637 3979/8327/3966
f 4097/7638/4084 392/4323/388 2437/4810/2426 5650/8326/5637
f 5650/8326/5637 2437/4810/2426 561/4812/557 4248/8328/4235
f 3979/8327/3966 5650/8326/5637 4248/8328/4235 1382/8329/1374
f 1384/8330/1376 4249/8331/4236 5651/8332/5638 3982/8333/3969
f 4249/8331/4236 562/2135/558 2438/2249/2427 5651/8332/5638
f 5651/8332/5638 2438/2249/2427 393/7558/389 4076/7555/4063
f 3982/8333/3969 5651/8332/5638 4076/7555/4063 1259/6481/1253
f 863/2985/859 4250/8334/4237 5652/8335/5639 2987/8336/2976
f 4250/8334/4237 1385/7055/1377 3984/7226/3971 5652/8335/5639
f 5652/8335/5639 3984/7226/3971 1258/6492/1252 4071/7535/4058
f 2987/8336/2976 5652/8335/5639 4071/7535/4058 721/3840/717
f 398/1341/394 4125/7759/4112 5653/8337/5640 2443/2259/2432
f 4125/7759/4112 1262/7758/1256 3987/8338/3974 5653/8337/5640
f 5653/8337/5640 3987/8338/3974 1390/8339/1382 4251/8340/4238
f 2443/2259/2432 5653/8337/5640 4251/8340/4238 571/2260/567
f 1261/6495/1255 4126/7765/4113 5654/8341/5641 3985/8342/3972
f 4126/7765/4113 735/7764/731 3001/3888/2990 5654/8341/5641
f 5654/8341/5641 3001/3888/2990 879/3040/875 4252/8343/4239
f 3985/8342/3972 5654/8341/5641 4252/8343/4239 1391/7084/1383
f 1393/7073/1385 4253/8344/4240 5655/8345/5642 3988/8346/3975
f 4253/8344/4240 573/4842/569 2444/4845/2433 5655/8345/5642
f 5655/8345/5642 2444/4845/2433 399/4848/395 4104/7665/4091
f 3988/8346/3975 5655/8345/5642 4104/7665/4091 1265/6504/1259
f 875/3024/871 4254/8347/4241 5656/8348/5643 2996/3868/2985
f 4254/8347/4241 1394/8349/1386 3990/8350/3977 5656/8348/5643
f 5656/8348/5643 3990/8350/3977 1264/8351/1258 4099/7649/4086
f 2996/3868/2985 5656/8348/5643 4099/7649/4086 731/3871/727
f 747/7910/743 4153/7909/4140 5657/8352/5644 3011/8353/3000
f 4153/7909/4140 1268/7908/1262 3993/7246/3980 5657/8352/5644
f 5657/8352/5644 3993/7246/3980 1399/7118/1391 4255/8354/4242
f 3011/8353/3000 5657/8352/5644 4255/8354/4242 896/3922/892
f 1267/7917/1261 4154/7916/4141 5658/8355/5645 3991/8356/3978
f 4154/7916/4141 755/3635/751 3019/8357/3008 5658/8355/5645
f 5658/8355/5645 3019/8357/3008 903/3948/899 4256/8358/4243
f 3991/8356/3978 5658/8355/5645 4256/8358/4243 1400/8359/1392
f 1402/8360/1394 4257/8361/4244 5659/8362/5646 3994/7247/3981
f 4257/8361/4244 908/3965/904 3022/8363/3011 5659/8362/5646
f 5659/8362/5646 3022/8363/3011 757/3963/753 4132/7791/4119
f 3994/7247/3981 5659/8362/5646 4132/7791/4119 1271/6526/1265
f 899/3108/895 4258/8364/4245 5660/8365/5647 3014/3929/3003
f 4258/8364/4245 1403/8366/1395 3996/7251/3983 5660/8365/5647
f 5660/8365/5647 3996/7251/3983 1270/6535/1264 4127/7770/4114
f 3014/3929/3003 5660/8365/5647 4127/7770/4114 751/3932/747
f 780/3655/776 4181/8042/4168 5661/8367/5648 3038/8368/3027
f 4181/8042/4168 1274/8041/1268 3999/8369/3986 5661/8367/5648
f 5661/8367/5648 3999/8369/3986 1408/8370/1399 4259/8371/4246
f 3038/8368/3027 5661/8367/5648 4259/8371/4246 932/4027/928
f 1273/8050/1267 4182/8049/4169 5662/8372/5649 3997/8373/3984
f 4182/8049/4169 787/8048/783 3046/8374/3035 5662/8372/5649
f 5662/8372/5649 3046/8374/3035 939/3254/935 4260/8375/4247
f 3997/8373/3984 5662/8372/5649 4260/8375/4247 1409/8376/1400
f 1411/8377/1402 4261/8378/4248 5663/8379/5650 4000/8380/3987
f 4261/8378/4248 944/4062/940 3049/4061/3038 5663/8379/5650
f 5663/8379/5650 3049/4061/3038 789/8381/785 4159/8382/4146
f 4000/8380/3987 5663/8379/5650 4159/8382/4146 1277/8383/1271
f 935/3241/931 4262/8384/4249 5664/8385/5651 3041/4034/3030
f 4262/8384/4249 1412/7131/1403 4002/8386/3989 5664/8385/5651
f 5664/8385/5651 4002/8386/3989 1276/7948/1270 4160/7945/4147
f 3041/4034/3030 5664/8385/5651 4160/7945/4147 784/3665/780
f 815/8387/811 4209/8388/4196 5665/8389/5652 3068/8390/3057
f 4209/8388/4196 1280/6564/1274 4005/8391/3992 5665/8389/5652
f 5665/8389/5652 4005/8391/3992 1417/7168/1407 4263/8392/4250
f 3068/8390/3057 5665/8389/5652 4263/8392/4250 972/4133/968
f 1279/8173/1273 4210/8172/4197 5666/8393/5653 4003/8394/3990
f 4210/8172/4197 824/8171/820 3076/8395/3065 5666/8393/5653
f 5666/8393/5653 3076/8395/3065 979/3396/975 4264/8396/4251
f 4003/8394/3990 5666/8393/5653 4264/8396/4251 1418/7159/1408
f 1420/8397/1410 4265/8398/4252 5667/8399/5654 4006/7267/3993
f 4265/8398/4252 602/5096/598 2455/5099/2444 5667/8399/5654
f 5667/8399/5654 2455/5099/2444 410/4687/406 4188/8073/4175
f 4006/7267/3993 5667/8399/5654 4188/8073/4175 1283/8072/1277
f 975/3383/971 4266/8400/4253 5668/8401/5655 3071/4142/3060
f 4266/8400/4253 1421/7156/1411 4008/8402/3995 5668/8401/5655
f 5668/8401/5655 4008/8402/3995 1282/8403/1276 4183/8055/4170
f 3071/4142/3060 5668/8401/5655 4183/8055/4170 820/4145/816
f 415/1368/411 4237/8283/4224 5669/8404/5656 2460/2284/2449
f 4237/8283/4224 1286/8282/1280 4011/8405/3998 5669/8404/5656
f 5669/8404/5656 4011/8405/3998 1426/7282/1416 4267/8406/4254
f 2460/2284/2449 5669/8404/5656 4267/8406/4254 611/2285/607
f 1285/6580/1279 4238/8290/4225 5670/8407/5657 4009/8408/3996
f 4238/8290/4225 837/8289/833 3088/8409/3077 5670/8407/5657
f 5670/8407/5657 3088/8409/3077 995/3456/991 4268/8410/4255
f 4009/8408/3996 5670/8407/5657 4268/8410/4255 1427/8411/1417
f 1429/8412/1419 4269/8413/4256 5671/8414/5658 4012/7285/3999
f 4269/8413/4256 613/2287/609 2461/8415/2450 5671/8414/5658
f 5671/8414/5658 2461/8415/2450 416/8200/412 4216/8197/4203
f 4012/7285/3999 5671/8414/5658 4216/8197/4203 1289/6590/1283
f 991/3442/987 4270/8416/4257 5672/8417/5659 3083/8418/3072
f 4270/8416/4257 1430/8419/1420 4014/7292/4001 5672/8417/5659
f 5672/8417/5659 4014/7292/4001 1288/8420/1282 4211/8421/4198
f 3083/8418/3072 5672/8417/5659 4211/8421/4198 833/4185/829
f 423/1384/419 4028/8422/4015 5673/8423/5660 2082/1385/2071
f 4028/8422/4015 1291/6850/1285 3733/8424/3722 5673/8423/5660
f 5673/8423/5660 3733/8424/3722 1298/6614/1292 4271/8425/4258
f 2082/1385/2071 5673/8423/5660 4271/8425/4258 425/1386/421
f 1292/8426/1286 4027/8427/4014 5674/8428/5661 3728/8429/3717
f 4027/8427/4014 426/1398/422 2087/1401/2076 5674/8428/5661
f 5674/8428/5661 2087/1401/2076 428/1406/424 4272/8430/4259
f 3728/8429/3717 5674/8428/5661 4272/8430/4259 1297/6606/1291
f 1297/6617/1291 4272/8431/4259 5675/8432/5662 3734/8433/3723
f 4272/8431/4259 428/1407/424 2088/1410/2077 5675/8432/5662
f 5675/8432/5662 2088/1410/2077 427/1415/423 4034/8434/4021
f 3734/8433/3723 5675/8432/5662 4034/8434/4021 1294/8435/1288
f 425/1393/421 4271/8436/4258 5676/8437/5663 2085/1394/2074
f 4271/8436/4258 1298/6631/1292 3738/8438/3727 5676/8437/5663
f 5676/8437/5663 3738/8438/3727 1295/6860/1289 4029/8439/4016
f 2085/1394/2074 5676/8437/5663 4029/8439/4016 424/1395/420
f 432/1418/428 4056/8440/4043 5677/8441/5664 2095/1419/2084
f 4056/8440/4043 1300/8442/1294 3745/8443/3734 5677/8441/5664
f 5677/8441/5664 3745/8443/3734 1307/6644/1301 4273/8444/4260
f 2095/1419/2084 5677/8441/5664 4273/8444/4260 434/1420/430
f 1301/8445/1295 4055/8446/4042 5678/8447/5665 3740/8448/3729
f 4055/8446/4042 435/1428/431 2099/1431/2088 5678/8447/5665
f 5678/8447/5665 2099/1431/2088 437/1436/433 4274/8449/4261
f 3740/8448/3729 5678/8447/5665 4274/8449/4261 1306/6636/1300
f 1306/6647/1300 4274/8450/4261 5679/8451/5666 3746/8452/3735
f 4274/8450/4261 437/1437/433 2100/1440/2089 5679/8451/5666
f 5679/8451/5666 2100/1440/2089 436/1445/432 4062/8453/4049
f 3746/8452/3735 5679/8451/5666 4062/8453/4049 1303/8454/1297
f 434/1424/430 4273/8455/4260 5680/8456/5667 2097/1425/2086
f 4273/8455/4260 1307/6661/1301 3750/8457/3739 5680/8456/5667
f 5680/8456/5667 3750/8457/3739 1304/6659/1298 4057/8458/4044
f 2097/1425/2086 5680/8456/5667 4057/8458/4044 433/1426/429
f 444/1460/440 4084/8459/4071 5681/8460/5668 2112/1461/2101
f 4084/8459/4071 1309/6887/1303 3757/8461/3746 5681/8460/5668
f 5681/8460/5668 3757/8461/3746 1316/6674/1310 4275/8462/4262
f 2112/1461/2101 5681/8460/5668 4275/8462/4262 446/1462/442
f 1310/8463/1304 4083/8464/4070 5682/8465/5669 3752/8466/3741
f 4083/8464/4070 447/1470/443 2116/1473/2105 5682/8465/5669
f 5682/8465/5669 2116/1473/2105 449/1478/445 4276/8467/4263
f 3752/8466/3741 5682/8465/5669 4276/8467/4263 1315/6666/1309
f 1315/6677/1309 4276/8468/4263 5683/8469/5670 3758/8470/3747
f 4276/8468/4263 449/1479/445 2117/1482/2106 5683/8469/5670
f 5683/8469/5670 2117/1482/2106 448/1487/444 4090/8471/4077
f 3758/8470/3747 5683/8469/5670 4090/8471/4077 1312/8472/1306
f 446/1466/442 4275/8473/4262 5684/8474/5671 2114/1467/2103
f 4275/8473/4262 1316/6691/1310 3762/8475/3751 5684/8474/5671
f 5684/8474/5671 3762/8475/3751 1313/6897/1307 4085/7592/4072
f 2114/1467/2103 5684/8474/5671 4085/7592/4072 445/1468/441
f 459/1514/455 4112/8476/4099 5685/8477/5672 2134/1515/2123
f 4112/8476/4099 1318/8478/1312 3769/8479/3758 5685/8477/5672
f 5685/8477/5672 3769/8479/3758 1325/6704/1319 4277/8480/4264
f 2134/1515/2123 5685/8477/5672 4277/8480/4264 461/1516/457
f 1319/8481/1313 4111/8482/4098 5686/8483/5673 3764/8484/3753
f 4111/8482/4098 462/1524/458 2138/1527/2127 5686/8483/5673
f 5686/8483/5673 2138/1527/2127 464/1532/460 4278/8485/4265
f 3764/8484/3753 5686/8483/5673 4278/8485/4265 1324/6696/1318
f 1324/6707/1318 4278/8486/4265 5687/8487/5674 3770/8488/3759
f 4278/8486/4265 464/1533/460 2139/1536/2128 5687/8487/5674
f 5687/8487/5674 2139/1536/2128 463/1541/459 4118/8489/4105
f 3770/8488/3759 5687/8487/5674 4118/8489/4105 1321/8490/1315
f 461/1520/457 4277/8491/4264 5688/8492/5675 2136/1521/2125
f 4277/8491/4264 1325/6721/1319 3774/8493/3763 5688/8492/5675
f 5688/8492/5675 3774/8493/3763 1322/8494/1316 4113/8495/4100
f 2136/1521/2125 5688/8492/5675 4113/8495/4100 460/1522/456
f 474/1568/470 4140/8496/4127 5689/8497/5676 2156/1569/2145
f 4140/8496/4127 1327/6736/1321 3781/8498/3770 5689/8497/5676
f 5689/8497/5676 3781/8498/3770 1334/6734/1328 4279/8499/4266
f 2156/1569/2145 5689/8497/5676 4279/8499/4266 476/1570/472
f 1328/7839/1322 4139/7838/4126 5690/8500/5677 3776/8501/3765
f 4139/7838/4126 477/7837/473 2160/8502/2149 5690/8500/5677
f 5690/8500/5677 2160/8502/2149 479/8503/475 4280/8504/4267
f 3776/8501/3765 5690/8500/5677 4280/8504/4267 1333/6726/1327
f 1333/6737/1327 4280/8505/4267 5691/8506/5678 3782/6738/3771
f 4280/8505/4267 479/8507/475 2161/8508/2150 5691/8506/5678
f 5691/8506/5678 2161/8508/2150 478/7864/474 4146/7861/4133
f 3782/6738/3771 5691/8506/5678 4146/7861/4133 1330/6741/1324
f 476/1574/472 4279/8509/4266 5692/8510/5679 2158/1575/2147
f 4279/8509/4266 1334/6751/1328 3786/6750/3775 5692/8510/5679
f 5692/8510/5679 3786/6750/3775 1331/6749/1325 4141/7844/4128
f 2158/1575/2147 5692/8510/5679 4141/7844/4128 475/1576/471
f 492/1634/488 4168/8511/4155 5693/8512/5680 2183/1635/2172
f 4168/8511/4155 1336/8513/1330 3793/8514/3782 5693/8512/5680
f 5693/8512/5680 3793/8514/3782 1343/6764/1337 4281/8515/4268
f 2183/1635/2172 5693/8512/5680 4281/8515/4268 494/1636/490
f 1337/8516/1331 4167/8517/4154 5694/8518/5681 3788/8519/3777
f 4167/8517/4154 495/1644/491 2187/1647/2176 5694/8518/5681
f 5694/8518/5681 2187/1647/2176 497/1652/493 4282/8520/4269
f 3788/8519/3777 5694/8518/5681 4282/8520/4269 1342/6756/1336
f 1342/6767/1336 4282/8521/4269 5695/8522/5682 3794/6768/3783
f 4282/8521/4269 497/1653/493 2188/1656/2177 5695/8522/5682
f 5695/8522/5682 2188/1656/2177 496/1661/492 4174/8523/4161
f 3794/6768/3783 5695/8522/5682 4174/8523/4161 1339/8524/1333
f 494/1640/490 4281/8525/4268 5696/8526/5683 2185/1641/2174
f 4281/8525/4268 1343/6781/1337 3798/6780/3787 5696/8526/5683
f 5696/8526/5683 3798/6780/3787 1340/8527/1334 4169/8528/4156
f 2185/1641/2174 5696/8526/5683 4169/8528/4156 493/1642/489
f 513/1712/509 4196/8529/4183 5697/8530/5684 2215/1713/2204
f 4196/8529/4183 1345/6964/1339 3805/8531/3794 5697/8530/5684
f 5697/8530/5684 3805/8531/3794 1352/6794/1346 4283/8532/4270
f 2215/1713/2204 5697/8530/5684 4283/8532/4270 515/1714/511
f 1346/8533/1340 4195/8534/4182 5698/8535/5685 3800/8536/3789
f 4195/8534/4182 516/1722/512 2219/1725/2208 5698/8535/5685
f 5698/8535/5685 2219/1725/2208 518/1730/514 4284/8537/4271
f 3800/8536/3789 5698/8535/5685 4284/8537/4271 1351/6786/1345
f 1351/6797/1345 4284/8538/4271 5699/8539/5686 3806/8540/3795
f 4284/8538/4271 518/1731/514 2220/1734/2209 5699/8539/5686
f 5699/8539/5686 2220/1734/2209 517/1739/513 4202/8115/4189
f 3806/8540/3795 5699/8539/5686 4202/8115/4189 1348/6801/1342
f 515/1718/511 4283/8541/4270 5700/8542/5687 2217/1719/2206
f 4283/8541/4270 1352/6811/1346 3810/6810/3799 5700/8542/5687
f 5700/8542/5687 3810/6810/3799 1349/8543/1343 4197/8103/4184
f 2217/1719/2206 5700/8542/5687 4197/8103/4184 514/1720/510
f 528/1766/524 4224/8544/4211 5701/8545/5688 2237/1767/2226
f 4224/8544/4211 1354/8229/1348 3817/8546/3806 5701/8545/5688
f 5701/8545/5688 3817/8546/3806 1361/6824/1355 4285/8547/4272
f 2237/1767/2226 5701/8545/5688 4285/8547/4272 530/1768/526
f 1355/8548/1349 4223/8549/4210 5702/8550/5689 3812/8551/3801
f 4223/8549/4210 531/1776/527 2241/1779/2230 5702/8550/5689
f 5702/8550/5689 2241/1779/2230 533/1784/529 4286/8552/4273
f 3812/8551/3801 5702/8550/5689 4286/8552/4273 1360/6816/1354
f 1360/6827/1354 4286/8553/4273 5703/8554/5690 3818/8555/3807
f 4286/8553/4273 533/1785/529 2242/1788/2231 5703/8554/5690
f 5703/8554/5690 2242/1788/2231 532/1793/528 4230/8556/4217
f 3818/8555/3807 5703/8554/5690 4230/8556/4217 1357/8557/1351
f 530/1772/526 4285/8558/4272 5704/8559/5691 2239/1773/2228
f 4285/8558/4272 1361/6841/1355 3822/6840/3811 5704/8559/5691
f 5704/8559/5691 3822/6840/3811 1358/8560/1352 4225/8231/4212
f 2239/1773/2228 5704/8559/5691 4225/8231/4212 529/1774/525
f 544/8561/540 4287/8562/4274 5705/8563/5692 3257/8564/3246
f 1370/8565/1364 3879/8566/3868 5705/8563/5692 4287/8562/4274
f 1364/8567/1358 4240/8298/4227 5705/8563/5692 3879/7007/3868
f 851/2942/847 2674/8568/2663 5705/8563/5692 4240/8569/4227
f 853/2948/849 3257/5185/3246 5705/8563/5692 2674/8568/2663
f 1369/8570/1363 4288/8571/4275 5706/8572/5693 3882/8573/3871
f 543/5157/539 3255/8574/3244 5706/8572/5693 4288/8575/4275
f 845/2921/841 2667/8576/2656 5706/8572/5693 3255/8577/3244
f 844/3777/840 4239/8578/4226 5706/8572/5693 2667/8576/2656
f 1363/8579/1357 3882/8573/3871 5706/8572/5693 4239/8580/4226
f 857/2964/853 2682/8581/2671 5707/8582/5694 3258/5195/3247
f 856/3827/852 4241/8583/4228 5707/8582/5694 2682/8584/2671
f 1366/8585/1360 3872/8586/3861 5707/8582/5694 4241/8587/4228
f 1370/8588/1364 4287/8589/4274 5707/8582/5694 3872/8590/3861
f 544/5197/540 3258/8591/3247 5707/8582/5694 4287/8562/4274
f 1367/7003/1361 4242/8592/4229 5708/8593/5695 3877/8594/3866
f 847/2929/843 2669/2932/2658 5708/8593/5695 4242/8304/4229
f 849/2935/845 3256/5170/3245 5708/8593/5695 2669/8595/2658
f 543/8596/539 4288/8597/4275 5708/8593/5695 3256/5170/3245
f 1369/7005/1363 3877/7004/3866 5708/8593/5695 4288/8571/4275
f 553/2114/549 4289/8598/4276 5709/8599/5696 2348/2115/2337
f 4289/8598/4276 1379/7016/1372 3891/8600/3880 5709/8599/5696
f 5709/8599/5696 3891/8600/3880 1373/7031/1366 4244/8601/4231
f 2348/2115/2337 5709/8599/5696 4244/8601/4231 551/2116/547
f 1378/7030/1371 4290/8602/4277 5710/8603/5697 3894/7039/3883
f 4290/8602/4277 550/8604/546 2345/8605/2334 5710/8603/5697
f 5710/8603/5697 2345/8605/2334 548/8606/544 4243/8607/4230
f 3894/7039/3883 5710/8603/5697 4243/8607/4230 1372/8308/1365
f 552/8608/548 4246/8609/4233 5711/8610/5698 2347/5213/2336
f 4246/8609/4233 1375/8319/1368 3884/7017/3873 5711/8610/5698
f 5711/8610/5698 3884/7017/3873 1379/7016/1372 4289/8598/4276
f 2347/5213/2336 5711/8610/5698 4289/8598/4276 553/2114/549
f 1376/8318/1369 4245/8611/4232 5712/8612/5699 3889/7029/3878
f 4245/8611/4232 549/8613/545 2342/2098/2331 5712/8612/5699
f 5712/8612/5699 2342/2098/2331 550/8604/546 4290/8602/4277
f 3889/7029/3878 5712/8612/5699 4290/8602/4277 1378/7030/1371
f 563/2137/559 4291/8614/4278 5713/8615/5700 2360/8616/2349
f 4291/8614/4278 1388/8617/1380 3903/8618/3892 5713/8615/5700
f 5713/8615/5700 3903/8618/3892 1382/8329/1374 4248/8619/4235
f 2360/8616/2349 5713/8615/5700 4248/8619/4235 561/8620/557
f 1387/8621/1379 4292/8622/4279 5714/8623/5701 3906/8624/3895
f 4292/8622/4279 560/2125/556 2357/2128/2346 5714/8623/5701
f 5714/8623/5701 2357/2128/2346 559/2130/555 4247/8625/4234
f 3906/8624/3895 5714/8623/5701 4247/8625/4234 1381/7219/1373
f 1385/7055/1377 4250/8626/4237 5715/8627/5702 3901/8628/3890
f 863/2985/859 2689/8629/2678 5715/8627/5702 4250/8334/4237
f 865/2991/861 3260/8630/3249 5715/8627/5702 2689/8631/2678
f 560/8632/556 4292/8633/4279 5715/8627/5702 3260/5227/3249
f 1387/8634/1379 3901/7056/3890 5715/8627/5702 4292/8633/4279
f 562/2135/558 4249/8635/4236 5716/8636/5703 2359/2136/2348
f 4249/8635/4236 1384/8637/1376 3896/8638/3885 5716/8636/5703
f 5716/8636/5703 3896/8638/3885 1388/8617/1380 4291/8614/4278
f 2359/2136/2348 5716/8636/5703 4291/8614/4278 563/2137/559
f 574/8639/570 4293/8640/4280 5717/8641/5704 3264/8642/3253
f 1397/8643/1389 3915/8644/3904 5717/8641/5704 4293/8645/4280
f 1391/8646/1383 4252/8343/4239 5717/8641/5704 3915/8647/3904
f 879/3040/875 2709/8648/2698 5717/8641/5704 4252/8649/4239
f 881/3046/877 3264/8650/3253 5717/8641/5704 2709/3043/2698
f 1396/8651/1388 4294/8652/4281 5718/8653/5705 3918/8654/3907
f 4294/8652/4281 572/2149/568 2371/2152/2360 5718/8653/5705
f 5718/8653/5705 2371/2152/2360 571/2154/567 4251/8655/4238
f 3918/8654/3907 5718/8653/5705 4251/8655/4238 1390/8656/1382
f 1394/8657/1386 4254/8658/4241 5719/8659/5706 3913/8660/3902
f 875/3024/871 2704/3032/2693 5719/8659/5706 4254/8661/4241
f 877/3031/873 3263/8662/3252 5719/8659/5706 2704/8663/2693
f 572/8664/568 4294/8665/4281 5719/8659/5706 3263/5281/3252
f 1396/8666/1388 3913/8660/3902 5719/8659/5706 4294/8665/4281
f 573/8667/569 4253/8344/4240 5720/8668/5707 2373/8669/2362
f 4253/8344/4240 1393/7073/1385 3908/8670/3897 5720/8668/5707
f 5720/8668/5707 3908/8670/3897 1397/8671/1389 4293/8645/4280
f 2373/8669/2362 5720/8668/5707 4293/8645/4280 574/5287/570
f 582/8672/578 4295/8673/4282 5721/8674/5708 3270/8675/3259
f 1406/8676/1398 3927/8677/3916 5721/8674/5708 4295/8678/4282
f 1400/8679/1392 4256/8358/4243 5721/8674/5708 3927/8680/3916
f 903/3948/899 2739/8681/2728 5721/8674/5708 4256/8682/4243
f 905/8683/901 3270/8675/3259 5721/8674/5708 2739/8681/2728
f 1405/8684/1397 4296/8685/4283 5722/8686/5709 3930/8687/3919
f 581/8688/577 3268/5354/3257 5722/8686/5709 4296/8689/4283
f 897/3101/893 2732/8690/2721 5722/8686/5709 3268/8691/3257
f 896/3922/892 4255/8354/4242 5722/8686/5709 2732/8690/2721
f 1399/8692/1391 3930/8693/3919 5722/8686/5709 4255/8694/4242
f 909/8695/905 2747/8696/2736 5723/8697/5710 3272/8698/3261
f 908/3965/904 4257/8699/4244 5723/8697/5710 2747/8696/2736
f 1402/8700/1394 3920/8701/3909 5723/8697/5710 4257/8702/4244
f 1406/8676/1398 4295/8673/4282 5723/8697/5710 3920/8703/3909
f 582/8672/578 3272/8698/3261 5723/8697/5710 4295/8704/4282
f 1403/8705/1395 4258/8706/4245 5724/8707/5711 3925/8708/3914
f 899/3108/895 2734/3116/2723 5724/8707/5711 4258/8709/4245
f 901/3115/897 3269/8710/3258 5724/8707/5711 2734/8711/2723
f 581/5362/577 4296/8712/4283 5724/8707/5711 3269/8710/3258
f 1405/8713/1397 3925/8708/3914 5724/8707/5711 4296/8685/4283
f 591/5466/587 4297/8714/4284 5725/8715/5712 3279/8716/3268
f 1415/8717/1406 3939/8718/3927 5725/8715/5712 4297/8714/4284
f 1409/8719/1400 4260/8375/4247 5725/8715/5712 3939/8720/3927
f 939/3254/935 2784/8721/2773 5725/8715/5712 4260/8722/4247
f 941/3261/937 3279/8723/3268 5725/8715/5712 2784/8724/2773
f 1414/8725/1405 4298/8726/4285 5726/8727/5713 3942/8728/3929
f 590/8729/586 3275/8730/3264 5726/8727/5713 4298/8731/4285
f 933/3232/929 2777/8732/2766 5726/8727/5713 3275/8733/3264
f 932/4027/928 4259/8371/4246 5726/8727/5713 2777/8732/2766
f 1408/8734/1399 3942/8735/3929 5726/8727/5713 4259/8736/4246
f 945/3277/941 2792/8737/2781 5727/8738/5714 3281/8739/3270
f 944/4062/940 4261/8740/4248 5727/8738/5714 2792/8741/2781
f 1411/8742/1402 3932/8743/3921 5727/8738/5714 4261/8744/4248
f 1415/8745/1406 4297/8746/4284 5727/8738/5714 3932/7120/3921
f 591/5466/587 3281/8747/3270 5727/8738/5714 4297/8748/4284
f 1412/7131/1403 4262/8749/4249 5728/8750/5715 3937/8751/3925
f 935/3241/931 2779/8752/2768 5728/8750/5715 4262/8753/4249
f 937/3247/933 3277/5447/3266 5728/8750/5715 2779/3244/2768
f 590/5454/586 4298/8754/4285 5728/8750/5715 3277/8755/3266
f 1414/7133/1405 3937/8756/3925 5728/8750/5715 4298/8754/4285
f 603/8757/599 4299/8758/4286 5729/8759/5716 3289/8760/3278
f 1424/8761/1414 3951/8762/3938 5729/8759/5716 4299/8763/4286
f 1418/8764/1408 4264/8396/4251 5729/8759/5716 3951/8765/3938
f 979/3396/975 2834/8766/2823 5729/8759/5716 4264/8396/4251
f 981/3402/977 3289/8760/3278 5729/8759/5716 2834/8766/2823
f 1423/8767/1413 4300/8768/4287 5730/8769/5717 3954/8770/3941
f 601/5553/597 3286/8771/3275 5730/8769/5717 4300/8768/4287
f 973/3376/969 2827/8772/2816 5730/8769/5717 3286/8773/3275
f 972/4133/968 4263/8392/4250 5730/8769/5717 2827/8772/2816
f 1417/8774/1407 3954/8775/3941 5730/8769/5717 4263/8776/4250
f 1421/7156/1411 4266/8777/4253 5731/8778/5718 3949/8779/3936
f 975/3383/971 2829/8780/2818 5731/8778/5718 4266/8781/4253
f 977/3389/973 3287/5554/3276 5731/8778/5718 2829/8780/2818
f 601/5535/597 4300/8782/4287 5731/8778/5718 3287/8783/3276
f 1423/8784/1413 3949/7157/3936 5731/8778/5718 4300/8768/4287
f 602/8785/598 4265/8786/4252 5732/8787/5719 2401/8788/2390
f 4265/8786/4252 1420/8789/1410 3944/8790/3931 5732/8787/5719
f 5732/8787/5719 3944/8790/3931 1424/8791/1414 4299/8763/4286
f 2401/8788/2390 5732/8787/5719 4299/8763/4286 603/8792/599
f 614/2197/610 4301/8793/4288 5733/8794/5720 3293/5625/3282
f 1433/8795/1423 3963/7185/3950 5733/8794/5720 4301/8793/4288
f 1427/8796/1417 4268/8410/4255 5733/8794/5720 3963/7185/3950
f 995/3456/991 2854/8797/2843 5733/8794/5720 4268/8410/4255
f 997/3463/993 3293/8798/3282 5733/8794/5720 2854/8799/2843
f 1432/8800/1422 4302/8801/4289 5734/8802/5721 3966/8803/3953
f 4302/8801/4289 612/2185/608 2412/2188/2401 5734/8802/5721
f 5734/8802/5721 2412/2188/2401 611/2190/607 4267/8804/4254
f 3966/8803/3953 5734/8802/5721 4267/8804/4254 1426/8805/1416
f 1430/8806/1420 4270/8807/4257 5735/8808/5722 3961/8809/3948
f 991/3442/987 2849/8810/2838 5735/8808/5722 4270/8416/4257
f 993/3448/989 3292/8811/3281 5735/8808/5722 2849/8812/2838
f 612/8813/608 4302/8814/4289 5735/8808/5722 3292/5617/3281
f 1432/8815/1422 3961/8816/3948 5735/8808/5722 4302/8817/4289
f 613/2195/609 4269/8818/4256 5736/8819/5723 2414/2196/2403
f 4269/8818/4256 1429/8820/1419 3956/8821/3943 5736/8819/5723
f 5736/8819/5723 3956/8821/3943 1433/8822/1423 4301/8823/4288
f 2414/2196/2403 5736/8819/5723 4301/8823/4288 614/2197/610
