mtllib Swim_ring_2.mtl
g g0
v -0.129961 0.260966 -0.305003
v 0.224479 0.324427 -0.0396799
v 0.231905 0.329153 -0.0356294
v 0.227179 0.327803 -0.0275282
v 0.208275 0.329153 -0.102467
v 0.215702 0.328478 -0.0997659
v 0.210976 0.325102 -0.0909898
v 0.20355 0.327128 -0.0950403
v 0.210976 0.325102 -0.0909898
v 0.219753 0.327803 -0.0315787
v 0.224479 0.324427 -0.0396799
v 0.212326 0.337254 -0.0828881
v 0.2049 0.344006 -0.0835633
v 0.209626 0.350082 -0.0889642
v 0.217727 0.344681 -0.088289
v 0.212326 0.337254 -0.0828881
v 0.217052 0.34063 -0.0633094
v 0.221778 0.335229 -0.0464312
v 0.216377 0.341981 -0.03968
v 0.210976 0.347382 -0.060609
v 0.217052 0.353458 -0.0619594
v 0.223128 0.348057 -0.03833
v 0.221778 0.335229 -0.0464312
v 0.217052 0.34063 -0.0633094
v 0.223128 0.348732 -0.0646595
v 0.228529 0.342655 -0.0444061
v 0.23393 0.328478 -0.026853
v 0.227854 0.327803 -0.022802
v 0.219753 0.327803 -0.022802
v 0.217727 0.329828 -0.0423807
v 0.225153 0.329828 -0.0444061
v 0.23258 0.329153 -0.0417056
v 0.213676 0.329153 -0.0356294
v 0.214352 0.328478 -0.0282034
v 0.235955 0.328478 -0.034279
v 0.216377 0.325102 -0.0437312
v 0.217727 0.329828 -0.0423807
v 0.225153 0.325102 -0.0464312
v 0.225153 0.329828 -0.0444061
v 0.233255 0.324427 -0.0430559
v 0.23258 0.329153 -0.0417056
v 0.237306 0.323752 -0.0349542
v 0.235955 0.328478 -0.034279
v 0.235281 0.323077 -0.0261778
v 0.23393 0.328478 -0.026853
v 0.227854 0.323077 -0.0207769
v 0.227854 0.327803 -0.022802
v 0.219077 0.323077 -0.0214521
v 0.219753 0.327803 -0.022802
v 0.214352 0.328478 -0.0282034
v 0.213676 0.329153 -0.0356294
v 0.211651 0.324427 -0.0363047
v 0.212326 0.323752 -0.0275282
v 0.218403 0.331854 -0.0889642
v 0.212326 0.331178 -0.0842385
v 0.2049 0.331178 -0.0849134
v 0.202875 0.333204 -0.103817
v 0.209626 0.333204 -0.106517
v 0.217052 0.332529 -0.103142
v 0.198149 0.332529 -0.0977411
v 0.198824 0.331854 -0.0903146
v 0.220428 0.332529 -0.0963906
v 0.201524 0.328478 -0.105842
v 0.202875 0.333204 -0.103817
v 0.209626 0.328478 -0.108543
v 0.209626 0.333204 -0.106517
v 0.218403 0.327803 -0.104492
v 0.217052 0.332529 -0.103142
v 0.222453 0.327128 -0.0963906
v 0.220428 0.332529 -0.0963906
v 0.219753 0.326453 -0.0882889
v 0.218403 0.331854 -0.0889642
v 0.213001 0.326453 -0.0828881
v 0.212326 0.331178 -0.0842385
v 0.20355 0.326453 -0.082888
v 0.2049 0.331178 -0.0849134
v 0.198824 0.331854 -0.0903146
v 0.198149 0.332529 -0.0977411
v 0.196123 0.327803 -0.0984155
v 0.197474 0.327128 -0.0896393
v 0.220428 0.323752 -0.00187343
v 0.240682 0.324428 -0.00592391
v 0.2049 0.323752 -0.0106501
v 0.254184 0.325777 -0.023477
v 0.20625 0.330503 -0.135548
v 0.185996 0.329828 -0.132172
v 0.169794 0.327128 -0.0936899
v 0.256884 0.327128 -0.0444061
v 0.221778 0.330503 -0.126771
v 0.172494 0.328478 -0.113944
v 0.222453 0.3143 -0.129471
v 0.221778 0.330503 -0.126771
v 0.20625 0.3143 -0.138923
v 0.20625 0.330503 -0.135548
v 0.185996 0.313625 -0.134872
v 0.185996 0.329828 -0.132172
v 0.171819 0.312275 -0.116644
v 0.172494 0.328478 -0.113944
v 0.169118 0.310925 -0.0950403
v 0.169794 0.327128 -0.0936899
v 0.256884 0.327128 -0.0444061
v 0.25891 0.310925 -0.0450813
v 0.254184 0.325777 -0.023477
v 0.255534 0.309575 -0.023477
v 0.240682 0.324428 -0.00592391
v 0.242032 0.307549 -0.00457398
v 0.2049 0.306874 -0.00997491
v 0.221103 0.306874 -0.00119822
v 0.220428 0.323752 -0.00187343
v 0.2049 0.323752 -0.0106501
v -0.303467 0.346706 -0.00930011
v -0.308868 0.344006 -0.00457416
v -0.31562 0.339955 -0.0052489
v -0.31562 0.336579 -0.0241524
v -0.308868 0.339955 -0.026178
v -0.303467 0.344006 -0.0234772
v -0.31967 0.335229 -0.0180763
v -0.31967 0.336579 -0.0106503
v -0.301442 0.346706 -0.0160514
v -0.314269 0.331854 -0.0248276
v -0.31562 0.336579 -0.0241524
v -0.306843 0.335905 -0.0275284
v -0.308868 0.339955 -0.026178
v -0.300091 0.34063 -0.0234772
v -0.303467 0.344006 -0.0234772
v -0.297391 0.343331 -0.0153762
v -0.301442 0.346706 -0.0160514
v -0.300091 0.343331 -0.0072745
v -0.303467 0.346706 -0.00930011
v -0.306843 0.34063 -0.0018736
v -0.308868 0.344006 -0.00457416
v -0.314269 0.335905 -0.00254879
v -0.31562 0.339955 -0.0052489
v -0.31967 0.336579 -0.0106503
v -0.31967 0.335229 -0.0180763
v -0.31967 0.329828 -0.0180763
v -0.31967 0.331854 -0.00862488
v -0.302117 0.329828 -0.0768121
v -0.29469 0.331178 -0.0835634
v -0.304143 0.33928 -0.076137
v -0.296716 0.34198 -0.082213
v -0.300767 0.329828 -0.0896395
v -0.302117 0.329828 -0.0768121
v -0.308193 0.329153 -0.0842386
v -0.302792 0.34198 -0.0882891
v -0.310219 0.34063 -0.082213
v -0.304143 0.33928 -0.076137
v -0.310219 0.345356 -0.0228022
v -0.309543 0.33793 -0.0201019
v -0.304143 0.350757 -0.0174011
v -0.302792 0.34063 -0.0133506
v -0.312244 0.352107 -0.0133506
v -0.310219 0.339955 -0.0072745
v -0.309543 0.33793 -0.0201019
v -0.316295 0.336579 -0.0133506
v -0.317645 0.348732 -0.0180763
v -0.310219 0.345356 -0.0228022
v -0.306843 0.352107 -0.0687109
v -0.314269 0.358184 -0.0734366
v -0.308193 0.36426 -0.0768121
v -0.300767 0.360209 -0.0734366
v -0.306843 0.352107 -0.0687109
v -0.309543 0.358184 -0.0498074
v -0.310894 0.354808 -0.0322541
v -0.318995 0.361559 -0.0288783
v -0.31697 0.36426 -0.0504826
v -0.310894 0.37101 -0.0504826
v -0.313594 0.36831 -0.0255028
v -0.310894 0.354808 -0.0322541
v -0.309543 0.358184 -0.0498074
v -0.303467 0.366285 -0.0498074
v -0.305492 0.363584 -0.0282036
v -0.295366 0.33928 -0.0774873
v -0.301442 0.336579 -0.0727614
v -0.307518 0.333204 -0.0734366
v -0.307518 0.329153 -0.0923396
v -0.301442 0.333204 -0.0943653
v -0.295366 0.336579 -0.0916649
v -0.312244 0.327803 -0.0862635
v -0.312244 0.329153 -0.0788375
v -0.29334 0.33928 -0.0849136
v -0.306168 0.324427 -0.0930148
v -0.307518 0.329153 -0.0923396
v -0.298742 0.328478 -0.0957156
v -0.301442 0.333204 -0.0943653
v -0.29199 0.333204 -0.0916649
v -0.295366 0.336579 -0.0916649
v -0.289289 0.336579 -0.0835634
v -0.29334 0.33928 -0.0849136
v -0.29199 0.336579 -0.0754617
v -0.295366 0.33928 -0.0774873
v -0.298742 0.333204 -0.0700608
v -0.301442 0.336579 -0.0727614
v -0.306168 0.328478 -0.0707361
v -0.307518 0.333204 -0.0734366
v -0.312244 0.329153 -0.0788375
v -0.312244 0.327803 -0.0862635
v -0.311568 0.323077 -0.0862636
v -0.311568 0.324427 -0.0768121
v -0.34465 0.322402 0.0150045
v -0.329122 0.333204 0.022431
v -0.310219 0.342655 0.0150045
v -0.350726 0.316326 -0.00119843
v -0.282538 0.337254 -0.103817
v -0.298066 0.327128 -0.111243
v -0.31697 0.317001 -0.103817
v -0.329797 0.312275 -0.0882891
v -0.296716 0.348057 -0.000523194
v -0.276463 0.344006 -0.0882891
v -0.267011 0.330503 -0.0869387
v -0.276463 0.344006 -0.0882891
v -0.273762 0.323752 -0.103142
v -0.282538 0.337254 -0.103817
v -0.289289 0.31295 -0.111243
v -0.298066 0.327128 -0.111243
v -0.308868 0.302823 -0.103142
v -0.31697 0.317001 -0.103817
v -0.32237 0.297422 -0.0869387
v -0.329797 0.312275 -0.0882891
v -0.296716 0.348057 -0.000523194
v -0.28794 0.334554 0.00285234
v -0.310219 0.342655 0.0150045
v -0.301442 0.329153 0.019055
v -0.329122 0.333204 0.022431
v -0.321021 0.319026 0.0271567
v -0.3433 0.302148 0.0028523
v -0.337223 0.308224 0.019055
v -0.34465 0.322402 0.0150045
v -0.350726 0.316326 -0.00119843
v -0.0529969 0.248139 0.353241
v -0.0523218 0.252864 0.351891
v -0.0543472 0.252189 0.356616
v -0.137387 0.249489 0.331637
v -0.138737 0.25354 0.335013
v -0.136712 0.25489 0.330287
v -0.216377 0.250164 0.287754
v -0.218402 0.254215 0.29113
v -0.215026 0.255565 0.286404
v -0.279838 0.248814 0.225643
v -0.282538 0.252864 0.227668
v -0.278488 0.254215 0.224292
v -0.325071 0.246788 0.149354
v -0.350051 0.249489 0.0609128
v -0.324396 0.252189 0.147329
v -0.329122 0.250839 0.149354
v -0.354101 0.253539 0.0595628
v -0.3487 0.25489 0.0602376
v -0.34465 0.255565 -0.0491322
v -0.351401 0.264341 -0.00524891
v -0.356802 0.262991 -0.00524895
v -0.352751 0.25894 -0.00524893
v -0.346 0.250164 -0.0511571
v -0.350051 0.254215 -0.0504826
v -0.331147 0.233286 -0.114619
v -0.329122 0.238012 -0.114619
v -0.334523 0.236661 -0.116644
v -0.221777 0.208306 -0.252344
v -0.287264 0.214382 -0.191583
v -0.291315 0.213032 -0.194959
v -0.28794 0.208981 -0.193608
v -0.225828 0.206956 -0.255719
v -0.224478 0.202905 -0.252344
v -0.189371 0.208981 -0.275973
v -0.155615 0.230585 -0.298252
v -0.189371 0.213707 -0.274623
v -0.192072 0.212357 -0.278673
v -0.15629 0.229235 -0.303653
v -0.15494 0.225859 -0.298927
v -0.129961 0.25894 -0.31108
v -0.12726 0.25624 -0.307029
v -0.10228 0.270417 -0.309054
v -0.104981 0.273793 -0.311755
v -0.104306 0.275818 -0.306354
v -0.0590728 0.277169 -0.31243
v -0.0610979 0.281219 -0.31378
v -0.0590728 0.28257 -0.309054
v -0.0151899 0.273793 -0.315805
v -0.015865 0.277169 -0.319856
v -0.015865 0.279194 -0.314455
v 0.0570481 0.235986 -0.320531
v 0.0293682 0.265016 -0.323907
v 0.0280179 0.264341 -0.328633
v 0.0259926 0.260291 -0.324582
v 0.0543479 0.230585 -0.321206
v 0.0570481 0.233961 -0.325932
v 0.079327 0.219108 -0.31648
v 0.0813526 0.222484 -0.319856
v 0.0800022 0.224509 -0.31513
v 0.115109 0.217083 -0.307029
v 0.116459 0.221133 -0.31108
v 0.114433 0.222484 -0.306354
v 0.192748 0.217758 -0.263821
v 0.195449 0.221133 -0.267196
v 0.192073 0.222484 -0.263146
v 0.25756 0.217758 -0.20171
v 0.26026 0.221809 -0.20441
v 0.256209 0.223159 -0.201035
v 0.303468 0.219783 -0.124746
v 0.307519 0.223834 -0.126771
v 0.302793 0.225184 -0.124746
v 0.328448 0.222484 -0.0383299
v 0.332498 0.226535 -0.0390051
v 0.327097 0.227885 -0.03833
v 0.329797 0.226535 0.0514616
v 0.333849 0.230585 0.0514616
v 0.328448 0.231936 0.0507863
v 0.308194 0.23126 0.138552
v 0.312244 0.234636 0.139227
v 0.306843 0.235986 0.137202
v 0.264986 0.235986 0.216866
v 0.267686 0.239362 0.218892
v 0.263636 0.241387 0.215516
v 0.202199 0.240712 0.281003
v 0.2049 0.244763 0.283703
v 0.201524 0.246113 0.279653
v 0.125236 0.245438 0.326911
v 0.0381448 0.244088 0.351891
v 0.127261 0.248814 0.330287
v 0.125236 0.250164 0.325561
v 0.0401699 0.249489 0.349865
v 0.0401699 0.248139 0.355267
v 0.119159 0.194129 0.31881
v 0.057048 0.237337 0.169608
v 0.0631241 0.178601 0.190536
v 0.194098 0.190078 0.274252
v 0.123885 0.159022 0.244547
v 0.0955302 0.234636 0.146654
v 0.105657 0.1759 0.164882
v 0.254184 0.185352 0.211465
v 0.126586 0.232611 0.114248
v 0.140763 0.1732 0.128425
v 0.296041 0.180626 0.135852
v 0.219752 0.151596 0.145303
v 0.14819 0.22991 0.0750907
v 0.165068 0.170499 0.0845423
v 0.31697 0.176575 0.0514616
v 0.158992 0.227885 0.0312076
v 0.17722 0.167799 0.0359338
v 0.31562 0.172525 -0.0349542
v 0.253509 0.144845 0.0109542
v 0.158317 0.225859 -0.0133505
v 0.176545 0.165774 -0.0140256
v 0.291316 0.169824 -0.117994
v 0.146164 0.224509 -0.0565585
v 0.162367 0.164423 -0.061959
v 0.246758 0.167799 -0.192933
v 0.215027 0.140794 -0.122045
v 0.12321 0.223834 -0.0950403
v 0.136713 0.163073 -0.105167
v 0.184646 0.167799 -0.253019
v 0.0908041 0.223159 -0.126096
v 0.100931 0.163073 -0.139598
v 0.108357 0.168474 -0.294876
v 0.115784 0.139444 -0.218588
v 0.0516471 0.223834 -0.1477
v 0.0570481 0.163073 -0.163903
v 0.0246423 0.169824 -0.315805
v 0.00776424 0.224509 -0.159177
v 0.00843936 0.164423 -0.176055
v -0.0624483 0.1732 -0.314455
v -0.0185655 0.142819 -0.252344
v -0.0367938 0.225859 -0.157827
v -0.0421948 0.166449 -0.17538
v -0.145489 0.176575 -0.290826
v -0.0800016 0.227885 -0.145674
v -0.0901283 0.168474 -0.161877
v -0.219752 0.181301 -0.246268
v -0.15224 0.14822 -0.214537
v -0.118484 0.230585 -0.12272
v -0.132661 0.170499 -0.136223
v -0.280513 0.186027 -0.184157
v -0.149539 0.232611 -0.0903147
v -0.167768 0.1732 -0.0997661
v -0.32237 0.190078 -0.108543
v -0.248107 0.155646 -0.114619
v -0.171143 0.235311 -0.051157
v -0.192072 0.1759 -0.0558835
v -0.343299 0.194804 -0.0241524
v -0.182621 0.237337 -0.00794965
v -0.204224 0.178601 -0.00727445
v -0.341949 0.198179 0.0622631
v -0.281864 0.163073 0.0197302
v -0.18127 0.239362 0.0372836
v -0.203549 0.180626 0.0426845
v -0.317645 0.20088 0.145978
v -0.169118 0.240712 0.0798162
v -0.189371 0.182652 0.0906183
v -0.273087 0.202905 0.220242
v -0.243381 0.167124 0.15273
v -0.146164 0.241387 0.118298
v -0.163717 0.183327 0.133826
v -0.210301 0.203581 0.280328
v -0.113758 0.242062 0.150029
v -0.12726 0.184002 0.168257
v 0.0361192 0.19818 0.342439
v -0.0502965 0.20088 0.34379
v -0.134687 0.202905 0.32286
v -0.144138 0.168474 0.249272
v -0.0746007 0.241387 0.171633
v -0.0840523 0.183327 0.192562
v -0.00911394 0.165098 0.282353
v 0.0151904 0.180626 0.204039
v -0.0354437 0.181976 0.204714
v -0.0307178 0.240712 0.182435
v 0.0138402 0.239362 0.18176
v 0.0361192 0.19818 0.342439
v -0.0496213 0.251514 0.351216
v -0.0502965 0.20088 0.34379
v -0.136037 0.25354 0.328936
v -0.134687 0.202905 0.32286
v -0.214351 0.254215 0.285729
v -0.210301 0.203581 0.280328
v -0.278488 0.25354 0.223617
v -0.273087 0.202905 0.220242
v -0.325071 0.252189 0.147328
v -0.317645 0.20088 0.145978
v -0.349376 0.248814 0.0609127
v -0.341949 0.198179 0.0622631
v -0.351401 0.245438 -0.0282031
v -0.343299 0.194804 -0.0241524
v -0.329797 0.240712 -0.114619
v -0.32237 0.190078 -0.108543
v -0.285914 0.235986 -0.192933
v -0.280513 0.186027 -0.184157
v -0.224478 0.23126 -0.25707
v -0.219752 0.181301 -0.246268
v -0.147514 0.226534 -0.302978
v -0.145489 0.176575 -0.290826
v -0.0617732 0.222484 -0.327282
v -0.0624483 0.1732 -0.314455
v 0.0273428 0.219783 -0.328633
v 0.0246423 0.169824 -0.315805
v 0.114433 0.217758 -0.307029
v 0.108357 0.168474 -0.294876
v 0.192748 0.217083 -0.263821
v 0.184646 0.167799 -0.253019
v 0.256885 0.217758 -0.20171
v 0.246758 0.167799 -0.192933
v 0.302793 0.219783 -0.124746
v 0.291316 0.169824 -0.117994
v 0.327772 0.222484 -0.0390051
v 0.31562 0.172525 -0.0349542
v 0.329123 0.226535 0.0501112
v 0.31697 0.176575 0.0514616
v 0.307518 0.230585 0.136527
v 0.296041 0.180626 0.135852
v 0.264311 0.235311 0.214841
v 0.254184 0.185352 0.211465
v 0.202199 0.240037 0.278978
v 0.194098 0.190078 0.274252
v 0.119159 0.194129 0.31881
v 0.0394947 0.248814 0.34919
v 0.125911 0.244763 0.324886
v 0.057048 0.237337 0.169608
v 0.0658248 0.302149 0.182435
v 0.0881037 0.334554 0.229018
v 0.12456 0.287971 0.31881
v 0.113083 0.317001 0.288429
v 0.0955302 0.234636 0.146654
v 0.108357 0.299448 0.15678
v 0.142114 0.331854 0.196613
v 0.200174 0.28392 0.273577
v 0.181271 0.31295 0.247922
v 0.126586 0.232611 0.114248
v 0.142789 0.296747 0.121674
v 0.185321 0.328478 0.151379
v 0.260935 0.279194 0.21079
v 0.23663 0.308899 0.190537
v 0.14819 0.22991 0.0750907
v 0.166418 0.294047 0.0784662
v 0.216377 0.325103 0.0960193
v 0.303468 0.274468 0.133826
v 0.275113 0.304174 0.120999
v 0.158992 0.227885 0.0312076
v 0.17857 0.291346 0.0305324
v 0.23123 0.321727 0.0352586
v 0.325072 0.269742 0.0480855
v 0.294691 0.300798 0.0433598
v 0.158317 0.225859 -0.0133505
v 0.17722 0.289321 -0.0187513
v 0.230554 0.319026 -0.0275282
v 0.323047 0.266367 -0.0396799
v 0.293341 0.297422 -0.0363046
v 0.146164 0.224509 -0.0565585
v 0.163718 0.287971 -0.0660099
v 0.213001 0.317001 -0.0882889
v 0.298742 0.263666 -0.12407
v 0.271062 0.294722 -0.113268
v 0.12321 0.223834 -0.0950403
v 0.138738 0.28662 -0.108543
v 0.180596 0.315651 -0.142299
v 0.253509 0.261641 -0.199684
v 0.22988 0.292697 -0.181456
v 0.0908041 0.223159 -0.126096
v 0.102956 0.28662 -0.142974
v 0.135363 0.315651 -0.186182
v 0.190047 0.260966 -0.26112
v 0.172494 0.292697 -0.236816
v 0.0516471 0.223834 -0.1477
v 0.0597488 0.287296 -0.166604
v 0.0800022 0.315651 -0.216562
v 0.102956 0.293372 -0.275298
v 0.113084 0.261641 -0.303653
v 0.00776424 0.224509 -0.159177
v 0.011815 0.287971 -0.178756
v 0.0185663 0.317001 -0.23209
v 0.028018 0.263666 -0.325257
v 0.0253175 0.294722 -0.294877
v -0.0367938 0.225859 -0.157827
v -0.0374689 0.289996 -0.178081
v -0.0442202 0.319026 -0.23074
v -0.0597481 0.266367 -0.323232
v -0.054347 0.297422 -0.293526
v -0.0800016 0.227885 -0.145674
v -0.0847273 0.292021 -0.164578
v -0.104981 0.321727 -0.213862
v -0.144813 0.270417 -0.299603
v -0.130636 0.300798 -0.271923
v -0.118484 0.230585 -0.12272
v -0.12726 0.294047 -0.138923
v -0.158991 0.325102 -0.181456
v -0.219752 0.275143 -0.254369
v -0.199498 0.304849 -0.23074
v -0.149539 0.232611 -0.0903147
v -0.161691 0.296747 -0.103817
v -0.202199 0.328478 -0.136223
v -0.281188 0.279869 -0.190908
v -0.254858 0.308899 -0.173355
v -0.171143 0.235311 -0.051157
v -0.185321 0.299448 -0.0606091
v -0.233255 0.331854 -0.0808626
v -0.323721 0.284595 -0.113944
v -0.29334 0.313625 -0.103817
v -0.182621 0.237337 -0.00794965
v -0.197473 0.302148 -0.0126753
v -0.248107 0.335229 -0.0201019
v -0.34465 0.288646 -0.0288784
v -0.312919 0.317676 -0.026178
v -0.18127 0.239362 0.0372836
v -0.196123 0.304174 0.0366084
v -0.246757 0.33793 0.0433597
v -0.3433 0.292697 0.0588878
v -0.311568 0.321052 0.0534863
v -0.169118 0.240712 0.0798162
v -0.182621 0.305524 0.083867
v -0.229879 0.339955 0.103446
v -0.318995 0.295397 0.143953
v -0.28929 0.323077 0.129775
v -0.146164 0.241387 0.118298
v -0.157641 0.306874 0.1264
v -0.197473 0.341306 0.157455
v -0.273762 0.296748 0.218892
v -0.248107 0.325103 0.198638
v -0.113758 0.242062 0.150029
v -0.121859 0.306874 0.160831
v -0.151565 0.341305 0.201338
v -0.210301 0.297422 0.280327
v -0.190722 0.325778 0.253998
v -0.0746007 0.241387 0.171633
v -0.0786518 0.306874 0.18446
v -0.0968797 0.341306 0.231719
v -0.133337 0.296748 0.32286
v -0.121184 0.325103 0.29248
v 0.0138402 0.239362 0.18176
v -0.0307178 0.240712 0.182435
v 0.0185661 0.304174 0.195938
v -0.0307178 0.305524 0.196613
v 0.0273427 0.337255 0.246572
v -0.0354438 0.339955 0.247247
v 0.0361192 0.320377 0.310708
v -0.0435452 0.323077 0.312059
v -0.0482711 0.294722 0.344464
v 0.0401699 0.292022 0.343114
vn -0.278798 0.922789 -0.265956
vn -0.393321 0.873237 -0.287671
vn -0.640829 0.740628 -0.20201
vn -0.393321 0.873237 -0.287671
vn -0.636221 0.731904 -0.244006
vn -0.640829 0.740628 -0.20201
vn -0.636221 0.731904 -0.244006
vn -0.633958 0.765681 -0.108766
vn -0.640829 0.740628 -0.20201
vn -0.633958 0.765681 -0.108766
vn -0.654644 0.748568 -0.105293
vn -0.640829 0.740628 -0.20201
vn 0.591492 -0.322978 -0.738797
vn 0.674306 -0.454242 -0.582216
vn 0.675562 -0.463458 -0.57343
vn 0.60332 -0.323097 -0.729119
vn 0.591492 -0.322978 -0.738797
vn 0.675562 -0.463458 -0.57343
vn 0.774667 0.44272 0.451542
vn 0.708997 0.50033 0.496984
vn 0.777877 0.543397 0.315637
vn 0.749904 0.643846 0.152005
vn 0.774667 0.44272 0.451542
vn 0.777877 0.543397 0.315637
vn -0.45801 0.351035 0.816702
vn -0.615857 0.59522 0.516172
vn -0.54991 0.474731 0.68719
vn -0.446481 0.36141 0.818558
vn -0.45801 0.351035 0.816702
vn -0.54991 0.474731 0.68719
vn -0.802734 0.592184 -0.0702509
vn -0.845313 0.336294 -0.415153
vn -0.847368 0.465804 -0.25494
vn -0.845313 0.336294 -0.415153
vn -0.828843 0.35842 -0.429597
vn -0.847368 0.465804 -0.25494
vn 0.495321 0.674493 -0.547463
vn 0.472652 0.688604 -0.549931
vn 0.360512 0.499694 -0.787615
vn 0.472652 0.688604 -0.549931
vn 0.333704 0.51675 -0.788423
vn 0.360512 0.499694 -0.787615
vn 0.866329 -0.348124 0.358167
vn 0.874731 -0.34812 0.337133
vn 0.863851 -0.452505 0.221362
vn 0.836541 -0.5426 0.0760548
vn 0.866329 -0.348124 0.358167
vn 0.863851 -0.452505 0.221362
vn -0.601394 -0.598275 0.529521
vn -0.519031 -0.45186 0.725555
vn -0.498539 -0.451057 0.740274
vn -0.592934 -0.598217 0.539042
vn -0.601394 -0.598275 0.529521
vn -0.498539 -0.451057 0.740274
vn -0.86197 -0.397842 -0.314214
vn -0.855628 -0.394915 -0.334578
vn -0.847634 -0.490083 -0.20331
vn -0.808169 -0.581885 -0.0909577
vn -0.86197 -0.397842 -0.314214
vn -0.847634 -0.490083 -0.20331
vn -0.601394 -0.598275 0.529521
vn -0.592934 -0.598217 0.539042
vn -0.693758 -0.695883 0.185595
vn -0.847368 0.465804 -0.25494
vn -0.688179 0.691956 0.218191
vn -0.802734 0.592184 -0.0702509
vn -0.728729 -0.677165 0.101988
vn -0.601394 -0.598275 0.529521
vn -0.693758 -0.695883 0.185595
vn -0.688179 0.691956 0.218191
vn -0.666624 0.714114 0.213669
vn -0.802734 0.592184 -0.0702509
vn 0.495321 0.674493 -0.547463
vn 0.568583 0.805983 -0.164637
vn 0.472652 0.688604 -0.549931
vn 0.568583 0.805983 -0.164637
vn 0.626713 0.775688 -0.0744228
vn 0.472652 0.688604 -0.549931
vn 0.836541 -0.5426 0.0760548
vn 0.863851 -0.452505 0.221362
vn 0.769087 -0.613993 -0.177532
vn 0.752973 -0.594164 -0.282843
vn 0.836541 -0.5426 0.0760548
vn 0.769087 -0.613993 -0.177532
vn -0.693758 -0.695883 0.185595
vn -0.808169 -0.581885 -0.0909576
vn -0.728729 -0.677165 0.101988
vn -0.808169 -0.581885 -0.0909576
vn -0.847634 -0.490083 -0.20331
vn -0.728729 -0.677165 0.101988
vn -0.54991 0.474731 0.68719
vn -0.615857 0.59522 0.516172
vn -0.688179 0.691956 0.218191
vn -0.615857 0.59522 0.516172
vn -0.666624 0.714114 0.213669
vn -0.688179 0.691956 0.218191
vn 0.568583 0.805983 -0.164637
vn 0.749904 0.643846 0.152005
vn 0.626713 0.775688 -0.0744228
vn 0.749904 0.643846 0.152005
vn 0.777877 0.543397 0.315637
vn 0.626713 0.775688 -0.0744228
vn 0.674306 -0.454242 -0.582216
vn 0.752973 -0.594164 -0.282843
vn 0.675562 -0.463458 -0.57343
vn 0.752973 -0.594164 -0.282843
vn 0.769087 -0.613993 -0.177532
vn 0.675562 -0.463458 -0.57343
vn -0.134458 0.990241 -0.0366652
vn -0.0114243 0.998283 0.0574557
vn -0.0674589 0.997661 0.011062
vn -0.0114243 0.998283 0.0574557
vn 0.0136501 0.996868 0.0779008
vn -0.0674589 0.997661 0.011062
vn 0.0136501 0.996868 0.0779008
vn -0.0114243 0.998283 0.0574557
vn 0.0260568 0.995358 0.0926501
vn 0.0323574 0.99241 0.118636
vn 0.031212 0.99405 0.104357
vn 0.0372977 0.991453 0.125023
vn 0.031212 0.99405 0.104357
vn 0.0338319 0.993869 0.105256
vn 0.0372977 0.991453 0.125023
vn 0.0338319 0.993869 0.105256
vn 0.031212 0.99405 0.104357
vn -0.0114243 0.998283 0.0574557
vn 0.031212 0.99405 0.104357
vn 0.0260568 0.995358 0.0926501
vn -0.0114243 0.998283 0.0574557
vn -0.892177 0.409514 -0.190575
vn -0.895785 0.405343 -0.18239
vn -0.662417 0.388519 -0.640513
vn -0.895785 0.405343 -0.18239
vn -0.472354 0.382326 -0.794172
vn -0.662417 0.388519 -0.640513
vn -0.662417 0.388519 -0.640513
vn -0.472354 0.382326 -0.794172
vn -0.0476802 0.378764 -0.924264
vn -0.472354 0.382326 -0.794172
vn 0.17089 0.365409 -0.915026
vn -0.0476802 0.378764 -0.924264
vn -0.0476802 0.378764 -0.924264
vn 0.17089 0.365409 -0.915026
vn 0.567036 0.321097 -0.758529
vn 0.17089 0.365409 -0.915026
vn 0.745682 0.30192 -0.593972
vn 0.567036 0.321097 -0.758529
vn 0.567036 0.321097 -0.758529
vn 0.745682 0.30192 -0.593972
vn 0.942123 0.273998 -0.193207
vn 0.745682 0.30192 -0.593972
vn 0.959008 0.280363 0.0412262
vn 0.942123 0.273998 -0.193207
vn 0.942123 0.273998 -0.193207
vn 0.959008 0.280363 0.0412262
vn 0.856285 0.259687 0.446474
vn 0.959008 0.280363 0.0412262
vn 0.702199 0.298242 0.646505
vn 0.856285 0.259687 0.446474
vn 0.856285 0.259687 0.446474
vn 0.702199 0.298242 0.646505
vn 0.347507 0.340956 0.873492
vn 0.702199 0.298242 0.646505
vn 0.146598 0.349108 0.925545
vn 0.347507 0.340956 0.873492
vn 0.347507 0.340956 0.873492
vn 0.146598 0.349108 0.925545
vn -0.242251 0.336806 0.909877
vn 0.146598 0.349108 0.925545
vn -0.442556 0.330947 0.833438
vn -0.242251 0.336806 0.909877
vn -0.242251 0.336806 0.909877
vn -0.442556 0.330947 0.833438
vn -0.816805 0.384299 0.430284
vn -0.442556 0.330947 0.833438
vn -0.810533 0.407561 0.420631
vn -0.816805 0.384299 0.430284
vn -0.810533 0.407561 0.420631
vn -0.895785 0.405343 -0.18239
vn -0.816805 0.384299 0.430284
vn -0.895785 0.405343 -0.18239
vn -0.892177 0.409514 -0.190575
vn -0.816805 0.384299 0.430284
vn -0.0512459 0.995749 0.0765351
vn -0.0126649 0.996824 0.0786206
vn -0.0303697 0.995441 0.0904193
vn -0.0126649 0.996824 0.0786206
vn -0.00324677 0.993639 0.11257
vn -0.0303697 0.995441 0.0904193
vn -0.00324677 0.993639 0.11257
vn -0.0126649 0.996824 0.0786206
vn -0.00126818 0.994369 0.105962
vn 0.0635426 0.985251 0.15888
vn 0.0232568 0.995383 0.0931254
vn 0.0491866 0.988875 0.140384
vn 0.0232568 0.995383 0.0931254
vn 0.0174367 0.997984 0.0610278
vn 0.0491866 0.988875 0.140384
vn 0.0174367 0.997984 0.0610278
vn 0.0232568 0.995383 0.0931254
vn -0.0126649 0.996824 0.0786206
vn 0.0232568 0.995383 0.0931254
vn -0.00126818 0.994369 0.105962
vn -0.0126649 0.996824 0.0786206
vn -0.893412 0.409391 -0.18497
vn -0.895451 0.396834 -0.201719
vn -0.614565 0.442135 -0.65332
vn -0.895451 0.396834 -0.201719
vn -0.469733 0.43056 -0.770694
vn -0.614565 0.442135 -0.653319
vn -0.614565 0.442135 -0.653319
vn -0.469733 0.43056 -0.770694
vn -0.0762041 0.416979 -0.905716
vn -0.469733 0.43056 -0.770694
vn 0.17203 0.387626 -0.905622
vn -0.0762041 0.416979 -0.905716
vn -0.0762041 0.416979 -0.905716
vn 0.17203 0.387626 -0.905622
vn 0.583733 0.373321 -0.721032
vn 0.17203 0.387626 -0.905622
vn 0.734189 0.358673 -0.576473
vn 0.583733 0.373321 -0.721032
vn 0.583733 0.373321 -0.721032
vn 0.734189 0.358673 -0.576473
vn 0.917336 0.357119 -0.175959
vn 0.734189 0.358673 -0.576473
vn 0.943649 0.325065 0.0621252
vn 0.917336 0.357119 -0.175959
vn 0.917336 0.357119 -0.175959
vn 0.943649 0.325065 0.0621252
vn 0.834163 0.291352 0.468281
vn 0.943649 0.325065 0.0621252
vn 0.727217 0.281954 0.625826
vn 0.834163 0.291352 0.468281
vn 0.834163 0.291352 0.468281
vn 0.727217 0.281954 0.625826
vn 0.407824 0.286242 0.867032
vn 0.727217 0.281954 0.625826
vn 0.168698 0.345639 0.923079
vn 0.407824 0.286242 0.867032
vn 0.407824 0.286242 0.867032
vn 0.168698 0.345639 0.923079
vn -0.255487 0.401498 0.879503
vn 0.168698 0.345639 0.923079
vn -0.468305 0.398791 0.788452
vn -0.255487 0.401498 0.879503
vn -0.255487 0.401498 0.879503
vn -0.468305 0.398791 0.788452
vn -0.824587 0.365854 0.431517
vn -0.468305 0.398791 0.788452
vn -0.838933 0.304135 0.451323
vn -0.824587 0.365854 0.431517
vn -0.838933 0.304135 0.451323
vn -0.895451 0.396834 -0.201719
vn -0.824587 0.365854 0.431517
vn -0.895451 0.396834 -0.201719
vn -0.893412 0.409391 -0.18497
vn -0.824587 0.365854 0.431517
vn -0.0246226 0.998747 0.0435633
vn -0.0254686 0.998424 0.0500141
vn -0.0261243 0.99837 0.0507372
vn -0.0254686 0.998424 0.0500141
vn -0.0292376 0.99799 0.0562214
vn -0.0261243 0.99837 0.0507372
vn -0.0261243 0.99837 0.0507372
vn -0.0292376 0.99799 0.0562214
vn -0.0321282 0.997799 0.0580079
vn -0.0292376 0.99799 0.0562214
vn -0.0320953 0.997793 0.0581321
vn -0.0321282 0.997799 0.0580079
vn -0.0257017 0.998635 0.0454707
vn -0.0263374 0.998416 0.0497093
vn -0.0266707 0.99836 0.0506582
vn -0.0263374 0.998416 0.0497093
vn -0.0297653 0.997981 0.0561091
vn -0.0266707 0.99836 0.0506582
vn -0.0321282 0.997799 0.0580079
vn -0.0320953 0.997793 0.0581321
vn -0.0297653 0.997981 0.0561091
vn -0.0320953 0.997793 0.0581321
vn -0.0266707 0.99836 0.0506582
vn -0.0297653 0.997981 0.0561091
vn 0.663214 0.15506 -0.732191
vn 0.967909 0.120534 -0.22051
vn 0.81148 0.13801 -0.56785
vn 0.967909 0.120534 -0.22051
vn 0.992975 0.113662 -0.0329025
vn 0.81148 0.13801 -0.56785
vn 0.81148 0.13801 -0.56785
vn 0.276312 0.190972 -0.941903
vn 0.663214 0.15506 -0.732191
vn 0.276312 0.190972 -0.941903
vn 0.0415467 0.190065 -0.980892
vn 0.663214 0.15506 -0.732191
vn 0.276312 0.190972 -0.941903
vn -0.408605 0.163763 -0.8979
vn 0.0415467 0.190065 -0.980892
vn -0.408605 0.163763 -0.8979
vn -0.624547 0.139896 -0.768356
vn 0.0415467 0.190065 -0.980892
vn -0.408605 0.163763 -0.8979
vn -0.887186 0.100696 -0.45029
vn -0.624547 0.139896 -0.768356
vn -0.887186 0.100696 -0.45029
vn -0.95468 0.0837119 -0.285618
vn -0.624547 0.139896 -0.768356
vn -0.887186 0.100696 -0.45029
vn -0.998007 0.0410605 0.0479157
vn -0.95468 0.0837119 -0.285618
vn -0.998007 0.0410605 0.0479157
vn -0.974408 0.0253668 0.223351
vn -0.95468 0.0837119 -0.285618
vn -0.998007 0.0410605 0.0479157
vn -0.813468 0.0199535 0.581268
vn -0.974408 0.0253668 0.223351
vn -0.813468 0.0199535 0.581268
vn -0.661699 0.0230867 0.749414
vn -0.974408 0.0253668 0.223351
vn 0.992975 0.113662 -0.0329025
vn 0.967909 0.120534 -0.22051
vn 0.946162 0.0910019 0.31064
vn 0.88138 0.0885455 0.464035
vn 0.992975 0.113662 -0.0329025
vn 0.946162 0.0910019 0.31064
vn 0.88138 0.0885455 0.464035
vn 0.946162 0.0910019 0.31064
vn 0.631411 0.0956646 0.769525
vn 0.41049 0.0891274 0.907499
vn 0.88138 0.0885455 0.464035
vn 0.631411 0.0956646 0.769525
vn 0.41049 0.0891273 0.907499
vn 0.631411 0.0956646 0.769525
vn -0.0500176 0.0543428 0.997269
vn -0.283862 0.0336516 0.958274
vn 0.41049 0.0891273 0.907499
vn -0.0500176 0.0543428 0.997269
vn -0.813468 0.0199535 0.581268
vn -0.283862 0.0336516 0.958274
vn -0.661699 0.0230867 0.749414
vn -0.283862 0.0336516 0.958274
vn -0.0500176 0.0543428 0.997269
vn -0.661699 0.0230867 0.749414
vn -0.553285 0.816293 -0.165955
vn -0.51899 0.841382 -0.150748
vn -0.527797 0.836972 -0.144599
vn -0.51899 0.841382 -0.150748
vn -0.507247 0.851368 -0.133688
vn -0.527797 0.836972 -0.144599
vn -0.507247 0.851368 -0.133688
vn -0.51899 0.841382 -0.150748
vn -0.513585 0.845026 -0.148866
vn -0.472766 0.872813 -0.121198
vn -0.504773 0.847855 -0.162311
vn -0.496336 0.852396 -0.164533
vn -0.504773 0.847855 -0.162311
vn -0.515378 0.836285 -0.187118
vn -0.496336 0.852396 -0.164533
vn -0.515378 0.836285 -0.187118
vn -0.504773 0.847855 -0.162311
vn -0.51899 0.841382 -0.150748
vn -0.504773 0.847855 -0.162311
vn -0.513585 0.845026 -0.148866
vn -0.51899 0.841382 -0.150748
vn -0.943629 0 -0.331005
vn -0.947959 -0.0394113 -0.315943
vn -0.673785 -0.0407942 -0.7378
vn -0.947959 -0.0394113 -0.315943
vn -0.527432 0.00644276 -0.849573
vn -0.673785 -0.0407942 -0.7378
vn -0.673785 -0.0407942 -0.7378
vn -0.527432 0.00644276 -0.849573
vn -0.163551 0.204283 -0.965152
vn -0.527432 0.00644276 -0.849573
vn 0.0550144 0.284768 -0.957016
vn -0.163551 0.204283 -0.965152
vn -0.163551 0.204283 -0.965152
vn 0.0550144 0.284768 -0.957016
vn 0.40355 0.464868 -0.788064
vn 0.0550144 0.284768 -0.957016
vn 0.542956 0.558024 -0.627541
vn 0.40355 0.464868 -0.788064
vn 0.40355 0.464868 -0.788064
vn 0.542956 0.558024 -0.627541
vn 0.652831 0.72421 -0.222108
vn 0.542956 0.558024 -0.627541
vn 0.649381 0.760434 -0.00667931
vn 0.652831 0.72421 -0.222108
vn 0.652831 0.72421 -0.222108
vn 0.649381 0.760434 -0.00667931
vn 0.526133 0.764228 0.373015
vn 0.649381 0.760434 -0.00667931
vn 0.402433 0.739248 0.539963
vn 0.526133 0.764228 0.373015
vn 0.526133 0.764228 0.373015
vn 0.402433 0.739248 0.539963
vn 0.057374 0.638714 0.767302
vn 0.402433 0.739248 0.539963
vn -0.159627 0.552275 0.818236
vn 0.057374 0.638714 0.767302
vn 0.057374 0.638714 0.767302
vn -0.159627 0.552275 0.818237
vn -0.514865 0.353848 0.780836
vn -0.159627 0.552275 0.818237
vn -0.686688 0.275829 0.672591
vn -0.514865 0.353848 0.780836
vn -0.514865 0.353848 0.780836
vn -0.686688 0.275828 0.672591
vn -0.952708 0.0929931 0.28931
vn -0.686688 0.275828 0.672591
vn -0.959419 0.111099 0.259177
vn -0.952708 0.0929931 0.28931
vn -0.959419 0.111099 0.259177
vn -0.947959 -0.0394113 -0.315943
vn -0.952708 0.0929931 0.28931
vn -0.947959 -0.0394113 -0.315943
vn -0.943629 0 -0.331005
vn -0.952708 0.0929931 0.28931
vn 0.684609 -0.0741103 0.725133
vn 0.66115 0.0885038 0.745016
vn 0.64539 0.0546428 0.761897
vn 0.669453 0.286297 -0.685468
vn 0.66642 0.214267 -0.714125
vn 0.680276 0.203539 -0.704128
vn 0.650066 -0.0902677 0.754497
vn 0.684609 -0.0741103 0.725133
vn 0.64539 0.0546428 0.761897
vn -0.737748 0.520409 -0.430003
vn -0.640388 0.143152 -0.754593
vn -0.708181 0.369178 -0.60182
vn 0.57555 0.692105 -0.435583
vn 0.596647 0.681215 -0.424216
vn 0.637547 0.377066 -0.671829
vn 0.809455 -0.437319 0.391836
vn 0.684609 -0.0741103 0.725133
vn 0.780138 -0.31131 0.542652
vn 0.684609 -0.0741103 0.725133
vn 0.650066 -0.0902677 0.754497
vn 0.780138 -0.31131 0.542652
vn 0.596647 0.681215 -0.424216
vn 0.669453 0.286297 -0.685468
vn 0.637547 0.377066 -0.671829
vn 0.637547 0.377066 -0.671829
vn 0.669453 0.286297 -0.685468
vn 0.680276 0.203539 -0.704128
vn -0.640388 0.143152 -0.754593
vn -0.610974 0.00961302 -0.791592
vn -0.624459 0.0800667 -0.776943
vn -0.610974 0.00961302 -0.791592
vn -0.590023 0.0381837 -0.806483
vn -0.624459 0.0800667 -0.776943
vn -0.748226 -0.205438 0.630835
vn -0.719256 -0.340891 0.605362
vn -0.730646 -0.223822 0.645027
vn -0.719256 -0.340891 0.605362
vn -0.700631 -0.346797 0.623576
vn -0.730646 -0.223822 0.645027
vn -0.741698 0.317482 0.590838
vn -0.799636 0.570318 0.187936
vn -0.793464 0.472286 0.383876
vn 0.796032 -0.291692 -0.530329
vn 0.872775 -0.435228 -0.221
vn 0.849276 -0.467143 -0.245983
vn -0.640388 0.143152 -0.754593
vn -0.624459 0.0800667 -0.776943
vn -0.708181 0.369178 -0.60182
vn -0.700422 -0.618663 0.3559
vn -0.700631 -0.346797 0.623576
vn -0.719256 -0.340891 0.605362
vn -0.715963 -0.60782 0.343441
vn -0.700422 -0.618663 0.3559
vn -0.719256 -0.340891 0.605362
vn 0.551016 0.765604 0.332011
vn 0.495868 0.495832 0.712927
vn 0.520284 0.683834 0.511542
vn 0.752205 -0.232993 -0.616361
vn 0.796032 -0.291692 -0.530329
vn 0.849276 -0.467143 -0.245983
vn 0.495868 0.495832 0.712927
vn 0.452721 0.498468 0.739306
vn 0.520284 0.683834 0.511543
vn 0.732576 -0.169603 -0.659217
vn 0.796032 -0.291692 -0.530329
vn 0.752205 -0.232993 -0.616361
vn 0.729835 -0.167709 -0.662732
vn 0.732576 -0.169603 -0.659217
vn 0.752205 -0.232993 -0.616361
vn 0.503855 0.414954 0.75759
vn 0.452721 0.498468 0.739306
vn 0.495868 0.495832 0.712927
vn 0.541979 0.446352 0.71206
vn 0.503855 0.414954 0.75759
vn 0.495868 0.495832 0.712927
vn -0.734309 0.259831 0.627119
vn -0.741698 0.317482 0.590838
vn -0.793464 0.472286 0.383876
vn -0.729186 0.191564 0.656956
vn -0.741698 0.317482 0.590838
vn -0.734309 0.259831 0.627119
vn -0.742386 0.169569 0.648159
vn -0.729186 0.191564 0.656956
vn -0.734309 0.259831 0.627119
vn -0.639323 -0.313509 -0.702124
vn -0.62508 -0.329348 -0.707676
vn -0.638965 -0.443169 -0.628749
vn -0.62508 -0.329348 -0.707676
vn -0.616022 -0.448929 -0.647286
vn -0.638965 -0.443169 -0.628749
vn -0.638965 -0.443169 -0.628749
vn -0.616022 -0.448929 -0.647286
vn -0.663592 -0.620458 -0.417944
vn -0.660447 -0.693277 -0.288405
vn -0.638965 -0.443169 -0.628749
vn -0.663592 -0.620458 -0.417944
vn -0.700422 -0.618663 0.3559
vn -0.715963 -0.60782 0.343441
vn -0.649127 -0.760335 0.0229167
vn -0.708181 0.369178 -0.60182
vn -0.755308 0.643433 -0.124513
vn -0.737748 0.520409 -0.430003
vn -0.645251 -0.760324 -0.0745546
vn -0.700422 -0.618663 0.3559
vn -0.649127 -0.760335 0.0229167
vn -0.755308 0.643433 -0.124513
vn -0.737401 0.663766 -0.125117
vn -0.737748 0.520409 -0.430003
vn 0.57555 0.692105 -0.435583
vn 0.535314 0.842853 -0.0551145
vn 0.596647 0.681215 -0.424216
vn 0.535314 0.842853 -0.0551145
vn 0.537953 0.841458 0.0505536
vn 0.596647 0.681215 -0.424216
vn 0.809455 -0.437319 0.391836
vn 0.780138 -0.31131 0.542652
vn 0.808364 -0.562361 0.174062
vn 0.817509 -0.569144 0.0880614
vn 0.809455 -0.437319 0.391836
vn 0.808364 -0.562361 0.174062
vn -0.649127 -0.760335 0.0229167
vn -0.660447 -0.693277 -0.288405
vn -0.645251 -0.760324 -0.0745546
vn -0.660447 -0.693277 -0.288405
vn -0.663592 -0.620458 -0.417944
vn -0.645251 -0.760324 -0.0745546
vn -0.793464 0.472286 0.383876
vn -0.799636 0.570318 0.187936
vn -0.755308 0.643433 -0.124513
vn -0.799636 0.570318 0.187936
vn -0.737401 0.663766 -0.125117
vn -0.755308 0.643433 -0.124513
vn 0.535314 0.842853 -0.0551145
vn 0.551016 0.765604 0.332011
vn 0.537953 0.841458 0.0505536
vn 0.551016 0.765604 0.332011
vn 0.520284 0.683834 0.511543
vn 0.537953 0.841458 0.0505536
vn 0.872775 -0.435228 -0.221
vn 0.817509 -0.569144 0.0880614
vn 0.849276 -0.467143 -0.245983
vn 0.817509 -0.569144 0.0880614
vn 0.808364 -0.562361 0.174062
vn 0.849276 -0.467143 -0.245983
vn -0.487075 0.863192 -0.132881
vn -0.494841 0.854834 -0.156175
vn -0.479462 0.868375 -0.126652
vn -0.494841 0.854834 -0.156175
vn -0.491068 0.857653 -0.152588
vn -0.479462 0.868375 -0.126652
vn -0.491068 0.857653 -0.152588
vn -0.494841 0.854834 -0.156175
vn -0.507161 0.845022 -0.169487
vn -0.596327 0.745287 -0.298232
vn -0.521469 0.835839 -0.171587
vn -0.540593 0.823568 -0.171738
vn -0.521469 0.835839 -0.171587
vn -0.486975 0.865823 -0.114915
vn -0.540593 0.823568 -0.171738
vn -0.486975 0.865823 -0.114915
vn -0.521469 0.835839 -0.171587
vn -0.494841 0.854834 -0.156175
vn -0.521469 0.835839 -0.171587
vn -0.507161 0.845022 -0.169487
vn -0.494841 0.854834 -0.156175
vn -0.935437 -0.133798 -0.327193
vn -0.93614 -0.13652 -0.324043
vn -0.651049 -0.0716199 -0.755649
vn -0.93614 -0.13652 -0.324043
vn -0.510192 -0.0117793 -0.85998
vn -0.651049 -0.0716199 -0.755649
vn -0.651049 -0.0716199 -0.755649
vn -0.510191 -0.0117793 -0.85998
vn -0.161985 0.173872 -0.971354
vn -0.510191 -0.0117793 -0.85998
vn 0.0573958 0.255324 -0.965151
vn -0.161985 0.173872 -0.971354
vn -0.161985 0.173872 -0.971354
vn 0.0573958 0.255323 -0.965151
vn 0.399948 0.450521 -0.798168
vn 0.0573958 0.255323 -0.965151
vn 0.523938 0.550237 -0.650176
vn 0.399948 0.450521 -0.798168
vn 0.399948 0.450521 -0.798168
vn 0.523938 0.550237 -0.650176
vn 0.606194 0.751003 -0.26177
vn 0.523938 0.550237 -0.650176
vn 0.580358 0.813205 -0.0433904
vn 0.606194 0.751003 -0.26177
vn 0.606194 0.751003 -0.26177
vn 0.580358 0.813205 -0.0433904
vn 0.433939 0.831677 0.346424
vn 0.580358 0.813205 -0.0433904
vn 0.330702 0.784996 0.523849
vn 0.433939 0.831677 0.346424
vn 0.433939 0.831677 0.346424
vn 0.330702 0.784996 0.523849
vn 0.0167774 0.642341 0.766236
vn 0.330702 0.784996 0.523849
vn -0.155698 0.530577 0.833215
vn 0.0167774 0.642341 0.766236
vn 0.0167774 0.642341 0.766236
vn -0.155698 0.530576 0.833215
vn -0.498329 0.324232 0.804079
vn -0.155698 0.530576 0.833215
vn -0.658325 0.231316 0.716311
vn -0.498329 0.324232 0.804079
vn -0.498329 0.324232 0.804079
vn -0.658325 0.231316 0.716311
vn -0.943794 -0.00207302 0.330528
vn -0.658325 0.231316 0.716311
vn -0.945544 0.00423249 0.325466
vn -0.943794 -0.00207302 0.330528
vn -0.945544 0.00423249 0.325466
vn -0.93614 -0.13652 -0.324043
vn -0.943794 -0.00207302 0.330528
vn -0.93614 -0.13652 -0.324043
vn -0.935437 -0.133798 -0.327193
vn -0.943794 -0.00207302 0.330528
vn -0.528861 0.840618 -0.116907
vn -0.510387 0.848559 -0.139469
vn -0.504977 0.851025 -0.144063
vn -0.510387 0.848559 -0.139469
vn -0.495982 0.8553 -0.149877
vn -0.504977 0.851025 -0.144063
vn -0.495982 0.8553 -0.149877
vn -0.501387 0.851943 -0.15101
vn -0.504977 0.851025 -0.144063
vn -0.501387 0.851943 -0.15101
vn -0.502825 0.849828 -0.157983
vn -0.504977 0.851025 -0.144063
vn -0.47071 0.861489 -0.190446
vn -0.490823 0.855135 -0.166845
vn -0.497903 0.851957 -0.162052
vn -0.490823 0.855135 -0.166845
vn -0.507647 0.848243 -0.150925
vn -0.497904 0.851957 -0.162052
vn -0.507647 0.848243 -0.150925
vn -0.502825 0.849828 -0.157983
vn -0.497904 0.851957 -0.162052
vn -0.502825 0.849828 -0.157983
vn -0.501387 0.851943 -0.15101
vn -0.497904 0.851957 -0.162052
vn 0.799172 0.525856 -0.291202
vn 0.745424 0.574603 0.337898
vn 0.823179 0.564357 -0.0622655
vn 0.745424 0.574603 0.337898
vn 0.656109 0.563048 0.502492
vn 0.823179 0.564357 -0.0622655
vn 0.823179 0.564357 -0.0622655
vn 0.638425 0.385766 -0.666032
vn 0.799172 0.525856 -0.291202
vn 0.638425 0.385766 -0.666032
vn 0.494152 0.293105 -0.818476
vn 0.799172 0.525856 -0.291202
vn 0.638425 0.385766 -0.666032
vn 0.132793 0.0697736 -0.988685
vn 0.494152 0.293105 -0.818476
vn 0.132793 0.0697736 -0.988685
vn -0.0860526 -0.0646974 -0.994188
vn 0.494152 0.293105 -0.818476
vn 0.132793 0.0697736 -0.988685
vn -0.41017 -0.265414 -0.872534
vn -0.0860526 -0.0646975 -0.994188
vn -0.41017 -0.265414 -0.872534
vn -0.533327 -0.335516 -0.776525
vn -0.0860526 -0.0646975 -0.994188
vn -0.41017 -0.265414 -0.872534
vn -0.744196 -0.424772 -0.5155
vn -0.533327 -0.335516 -0.776525
vn -0.744196 -0.424772 -0.5155
vn -0.816709 -0.459219 -0.349434
vn -0.533327 -0.335516 -0.776525
vn -0.744196 -0.424772 -0.5155
vn -0.896351 -0.442583 0.0259828
vn -0.816709 -0.459219 -0.349434
vn -0.896351 -0.442583 0.0259828
vn -0.886334 -0.395416 0.240955
vn -0.816709 -0.459219 -0.349434
vn 0.656109 0.563048 0.502492
vn 0.745424 0.574603 0.337898
vn 0.431205 0.495283 0.754159
vn 0.301585 0.453425 0.838721
vn 0.656109 0.563048 0.502492
vn 0.431205 0.495283 0.754159
vn 0.301585 0.453425 0.838721
vn 0.431205 0.495283 0.754159
vn -0.0417114 0.288883 0.956455
vn -0.262463 0.159864 0.951608
vn 0.301585 0.453425 0.838721
vn -0.0417114 0.288883 0.956455
vn -0.262463 0.159864 0.951608
vn -0.0417114 0.288883 0.956455
vn -0.617306 -0.0928112 0.781229
vn -0.75393 -0.21785 0.619783
vn -0.262463 0.159864 0.951608
vn -0.617306 -0.0928112 0.781229
vn -0.896351 -0.442583 0.0259828
vn -0.75393 -0.21785 0.619783
vn -0.886333 -0.395416 0.240955
vn -0.75393 -0.21785 0.619783
vn -0.617306 -0.0928112 0.781229
vn -0.886333 -0.395416 0.240955
vn -0.136335 -0.660637 0.738222
vn 0.0921687 -0.68413 0.723513
vn -0.0764846 -0.650612 0.755549
vn 0.0921687 -0.68413 0.723513
vn 0.0954458 -0.665003 0.740716
vn -0.0764846 -0.650612 0.755549
vn 0.0526695 0.973303 0.2234
vn 0.0510696 0.968898 0.242135
vn 0.0247015 0.983377 0.179888
vn -0.00547308 0.982886 0.184135
vn 0.0526695 0.973303 0.2234
vn 0.0247015 0.983377 0.179888
vn -0.305431 -0.678356 0.668241
vn -0.136335 -0.660637 0.738222
vn -0.25258 -0.667733 0.70024
vn -0.136335 -0.660637 0.738222
vn -0.0764846 -0.650612 0.755549
vn -0.25258 -0.667733 0.70024
vn -0.00547308 0.982886 0.184135
vn 0.0247015 0.983377 0.179888
vn -0.0708082 0.97609 0.205513
vn -0.0831487 0.967053 0.240612
vn -0.00547308 0.982886 0.184135
vn -0.0708082 0.97609 0.205513
vn -0.465225 -0.676116 0.571344
vn -0.305431 -0.678356 0.668241
vn -0.408582 -0.685813 0.602263
vn -0.305431 -0.678356 0.668241
vn -0.25258 -0.667733 0.70024
vn -0.408582 -0.685813 0.602263
vn -0.131739 0.971986 0.194651
vn -0.0831487 0.967053 0.240612
vn -0.0708082 0.97609 0.205513
vn -0.154247 0.972444 0.174817
vn -0.131739 0.971986 0.194651
vn -0.0708082 0.97609 0.205513
vn -0.614283 -0.643197 0.457115
vn -0.465225 -0.676116 0.571344
vn -0.566125 -0.656788 0.49813
vn -0.465225 -0.676116 0.571344
vn -0.408582 -0.685813 0.602263
vn -0.566125 -0.656788 0.49813
vn -0.195655 0.969996 0.144314
vn -0.131739 0.971986 0.194651
vn -0.154247 0.972444 0.174817
vn -0.214207 0.968114 0.129888
vn -0.195655 0.969996 0.144314
vn -0.154247 0.972444 0.174817
vn -0.67665 -0.67665 0.290326
vn -0.614283 -0.643197 0.457115
vn -0.685542 -0.66646 0.293024
vn -0.614283 -0.643197 0.457115
vn -0.566125 -0.656788 0.49813
vn -0.685542 -0.66646 0.293024
vn -0.236693 0.96596 0.104391
vn -0.195655 0.969996 0.144314
vn -0.214207 0.968114 0.129888
vn -0.23202 0.967208 0.10332
vn -0.236693 0.96596 0.10439
vn -0.214207 0.968114 0.129888
vn -0.710556 -0.701659 0.0527611
vn -0.67665 -0.67665 0.290326
vn -0.685542 -0.66646 0.293024
vn -0.706212 -0.707995 -0.00275253
vn -0.710556 -0.701659 0.0527611
vn -0.702346 -0.71078 -0.0387579
vn -0.710556 -0.701659 0.0527611
vn -0.714943 -0.697139 0.0534196
vn -0.702346 -0.71078 -0.0387579
vn -0.714943 -0.697139 0.0534196
vn -0.710556 -0.701659 0.0527611
vn -0.685542 -0.66646 0.293024
vn -0.236693 0.96596 0.104391
vn -0.23202 0.967208 0.10332
vn -0.246531 0.96125 0.123376
vn -0.255401 0.958761 0.12469
vn -0.236693 0.96596 0.104391
vn -0.246531 0.96125 0.123376
vn -0.248424 0.968279 0.0268519
vn -0.255401 0.958761 0.12469
vn -0.246531 0.96125 0.123376
vn -0.223751 0.969669 -0.0983768
vn -0.248424 0.968279 0.0268519
vn -0.246531 0.96125 0.123376
vn -0.117642 0.941897 -0.314627
vn -0.113092 0.944465 -0.308539
vn -0.159633 0.950973 -0.264892
vn -0.113092 0.944465 -0.308539
vn -0.195085 0.950262 -0.242782
vn -0.159633 0.950973 -0.264892
vn -0.223751 0.969669 -0.0983768
vn -0.159633 0.950973 -0.264892
vn -0.195085 0.950262 -0.242782
vn -0.248424 0.968279 0.0268519
vn -0.223751 0.969669 -0.0983768
vn -0.195085 0.950262 -0.242782
vn -0.706212 -0.707995 -0.00275253
vn -0.702346 -0.71078 -0.0387579
vn -0.707089 -0.706626 0.0265317
vn -0.704515 -0.709145 0.0278072
vn -0.706212 -0.707995 -0.00275253
vn -0.707089 -0.706626 0.0265317
vn -0.702821 -0.707701 -0.0721229
vn -0.704515 -0.709145 0.0278072
vn -0.707089 -0.706626 0.0265317
vn -0.687387 -0.723782 -0.0603189
vn -0.702821 -0.707701 -0.0721229
vn -0.707089 -0.706626 0.0265317
vn -0.621483 -0.656703 -0.427199
vn -0.702821 -0.707701 -0.0721229
vn -0.656778 -0.694818 -0.293037
vn -0.702821 -0.707701 -0.0721229
vn -0.687387 -0.723782 -0.0603189
vn -0.656778 -0.694818 -0.293037
vn -0.117642 0.941897 -0.314627
vn -0.103096 0.953926 -0.281773
vn -0.113092 0.944465 -0.308539
vn -0.103096 0.953926 -0.281773
vn -0.0901543 0.957315 -0.274628
vn -0.113092 0.944465 -0.308539
vn -0.186103 0.965729 -0.180925
vn -0.181044 0.968644 -0.170151
vn -0.36446 0.925406 -0.103888
vn -0.181044 0.968644 -0.170151
vn -0.186103 0.965729 -0.180925
vn -0.103096 0.953926 -0.281773
vn -0.186103 0.965729 -0.180925
vn -0.0901543 0.957315 -0.274628
vn -0.103096 0.953926 -0.281773
vn -0.621483 -0.656703 -0.427199
vn -0.656778 -0.694818 -0.293037
vn -0.488439 -0.650693 -0.5814
vn -0.40096 -0.68197 -0.611676
vn -0.621483 -0.656703 -0.427199
vn -0.488439 -0.650693 -0.5814
vn -0.346025 0.934739 -0.0808113
vn -0.186103 0.965729 -0.180925
vn -0.36446 0.925406 -0.103888
vn -0.40096 -0.68197 -0.611676
vn -0.488439 -0.650693 -0.5814
vn -0.200786 -0.732078 -0.650958
vn -0.216992 -0.709674 -0.670281
vn -0.40096 -0.68197 -0.611676
vn -0.200786 -0.732078 -0.650958
vn 0.211987 -0.708385 -0.67324
vn -0.216992 -0.709674 -0.670281
vn -0.200786 -0.732078 -0.650958
vn -0.654644 0.748568 -0.105293
vn -0.633958 0.765681 -0.108766
vn -0.36446 0.925406 -0.103888
vn -0.633958 0.765681 -0.108766
vn -0.346025 0.934739 -0.0808113
vn -0.36446 0.925406 -0.103888
vn 0.265388 -0.747068 -0.609474
vn 0.211987 -0.708385 -0.67324
vn -0.200786 -0.732078 -0.650958
vn 0.211987 -0.708385 -0.67324
vn 0.265388 -0.747068 -0.609474
vn 0.445329 -0.615727 -0.650048
vn 0.343299 -0.580805 -0.738114
vn 0.211987 -0.708385 -0.67324
vn 0.445329 -0.615727 -0.650048
vn 0.343299 -0.580805 -0.738114
vn 0.445329 -0.615727 -0.650048
vn 0.217008 -0.585519 -0.781073
vn 0.0863084 -0.478737 -0.873706
vn 0.343299 -0.580805 -0.738114
vn 0.217008 -0.585519 -0.781073
vn -0.0988042 -0.5099 -0.85454
vn 0.0863084 -0.478737 -0.873706
vn -0.0392356 -0.439 -0.89763
vn 0.0863084 -0.478737 -0.873706
vn 0.217008 -0.585519 -0.781073
vn -0.0392356 -0.439 -0.89763
vn -0.0948359 0.955908 -0.27793
vn -0.393321 0.873237 -0.287671
vn -0.278798 0.922789 -0.265956
vn -0.0272027 0.957869 -0.285915
vn -0.0948359 0.955908 -0.27793
vn -0.278798 0.922789 -0.265956
vn -0.265735 -0.707272 -0.655097
vn -0.0988042 -0.5099 -0.85454
vn -0.205884 -0.656356 -0.725816
vn -0.0988042 -0.5099 -0.85454
vn -0.0392356 -0.439 -0.89763
vn -0.205884 -0.656356 -0.725816
vn -0.0948359 0.955908 -0.27793
vn -0.0272027 0.957869 -0.285915
vn 0.0919309 0.939365 -0.330366
vn -0.0272027 0.957869 -0.285915
vn 0.161632 0.939252 -0.30279
vn 0.0919309 0.939365 -0.330366
vn -0.434204 -0.54263 -0.719041
vn -0.265735 -0.707272 -0.655097
vn -0.383258 -0.614794 -0.689306
vn -0.265735 -0.707272 -0.655097
vn -0.205884 -0.656356 -0.725816
vn -0.383258 -0.614794 -0.689306
vn 0.400245 0.86851 -0.292394
vn 0.0919309 0.939365 -0.330366
vn 0.161632 0.939252 -0.30279
vn 0.577228 0.774949 -0.257414
vn 0.400245 0.86851 -0.292394
vn 0.161632 0.939252 -0.30279
vn 0.243659 0.929654 -0.276357
vn 0.36298 0.88081 -0.304006
vn 0.560098 0.78532 -0.263746
vn 0.36298 0.88081 -0.304007
vn 0.635965 0.716788 -0.285945
vn 0.560098 0.78532 -0.263746
vn 0.577228 0.774949 -0.257414
vn 0.560098 0.78532 -0.263746
vn 0.635965 0.716788 -0.285945
vn 0.400245 0.86851 -0.292394
vn 0.577228 0.774949 -0.257414
vn 0.635965 0.716788 -0.285945
vn -0.434204 -0.54263 -0.719041
vn -0.383258 -0.614794 -0.689306
vn -0.329491 -0.622314 -0.710043
vn -0.359527 -0.64986 -0.669643
vn -0.434204 -0.54263 -0.719041
vn -0.329491 -0.622314 -0.710043
vn -0.0173181 -0.72425 -0.689319
vn -0.359527 -0.64986 -0.669643
vn -0.329491 -0.622314 -0.710043
vn 0.00415784 -0.708345 -0.705854
vn -0.0173181 -0.72425 -0.68932
vn -0.329491 -0.622314 -0.710043
vn 0.262171 -0.746766 -0.611234
vn -0.0173181 -0.72425 -0.68932
vn 0.204759 -0.731213 -0.650693
vn -0.0173181 -0.72425 -0.68932
vn 0.00415784 -0.708345 -0.705854
vn 0.204759 -0.731213 -0.650693
vn 0.36298 0.88081 -0.304007
vn 0.243659 0.929654 -0.276357
vn 0.121747 0.954899 -0.270822
vn 0.243659 0.929654 -0.276357
vn 0.120508 0.96719 -0.223654
vn 0.121747 0.954899 -0.270822
vn 0.416979 -0.756388 -0.50399
vn 0.262171 -0.746766 -0.611234
vn 0.360849 -0.76687 -0.530753
vn 0.262171 -0.746766 -0.611234
vn 0.204759 -0.731213 -0.650693
vn 0.360849 -0.76687 -0.530753
vn 0.138157 0.96808 -0.209127
vn 0.121747 0.954899 -0.270822
vn 0.120508 0.96719 -0.223654
vn 0.153067 0.968524 -0.196298
vn 0.138157 0.96808 -0.209127
vn 0.120508 0.96719 -0.223654
vn 0.576629 -0.68307 -0.448235
vn 0.416979 -0.756388 -0.50399
vn 0.543523 -0.727475 -0.418763
vn 0.416979 -0.756388 -0.50399
vn 0.360849 -0.76687 -0.530753
vn 0.543523 -0.727475 -0.418763
vn 0.138157 0.96808 -0.209127
vn 0.153067 0.968524 -0.196298
vn 0.178892 0.96875 -0.171816
vn 0.153067 0.968524 -0.196298
vn 0.193008 0.967741 -0.161945
vn 0.178892 0.96875 -0.171816
vn 0.576629 -0.68307 -0.448235
vn 0.543523 -0.727475 -0.418763
vn 0.628484 -0.721864 -0.28969
vn 0.543523 -0.727475 -0.418763
vn 0.640963 -0.733973 -0.22461
vn 0.628484 -0.721864 -0.28969
vn 0.178892 0.96875 -0.171816
vn 0.193008 0.967741 -0.161945
vn 0.215098 0.967552 -0.132577
vn 0.193008 0.967741 -0.161945
vn 0.225097 0.967503 -0.115195
vn 0.215098 0.967552 -0.132577
vn 0.628484 -0.721864 -0.28969
vn 0.640963 -0.733973 -0.22461
vn 0.684813 -0.720936 -0.106216
vn 0.640963 -0.733973 -0.22461
vn 0.702207 -0.710642 -0.0435188
vn 0.684813 -0.720936 -0.106216
vn 0.23399 0.968979 -0.0795582
vn 0.215098 0.967552 -0.132577
vn 0.225097 0.967503 -0.115195
vn 0.238363 0.969113 -0.0632631
vn 0.23399 0.968979 -0.0795582
vn 0.225097 0.967503 -0.115195
vn 0.684813 -0.720936 -0.106216
vn 0.702207 -0.710642 -0.0435188
vn 0.705104 -0.7041 0.0840924
vn 0.702207 -0.710642 -0.0435188
vn 0.672933 -0.726459 0.139349
vn 0.705104 -0.7041 0.0840924
vn 0.241978 0.969913 -0.0267473
vn 0.23399 0.968979 -0.0795582
vn 0.238363 0.969113 -0.0632631
vn 0.242272 0.970187 -0.00645341
vn 0.241978 0.969913 -0.0267473
vn 0.238363 0.969113 -0.0632631
vn 0.705104 -0.7041 0.0840924
vn 0.672933 -0.726459 0.139349
vn 0.624577 -0.739415 0.251335
vn 0.672933 -0.726459 0.139349
vn 0.593514 -0.743763 0.307503
vn 0.624577 -0.739415 0.251335
vn 0.232597 0.972077 0.0310641
vn 0.241978 0.969913 -0.0267473
vn 0.242272 0.970187 -0.00645341
vn 0.270955 0.96003 0.0701863
vn 0.232597 0.972077 0.0310641
vn 0.242272 0.970187 -0.00645341
vn 0.624577 -0.739415 0.251335
vn 0.593514 -0.743763 0.307503
vn 0.550781 -0.72077 0.420869
vn 0.593514 -0.743763 0.307503
vn 0.527464 -0.700367 0.480903
vn 0.550781 -0.72077 0.420869
vn 0.289893 0.947517 0.134812
vn 0.232597 0.972077 0.0310641
vn 0.270955 0.96003 0.0701863
vn 0.289248 0.943819 0.159819
vn 0.289893 0.947517 0.134812
vn 0.270955 0.96003 0.0701863
vn 0.550781 -0.72077 0.420869
vn 0.527464 -0.700367 0.480903
vn 0.443806 -0.688252 0.573886
vn 0.527464 -0.700367 0.480903
vn 0.384909 -0.708397 0.591625
vn 0.443806 -0.688252 0.573886
vn 0.289893 0.947517 0.134812
vn 0.289248 0.943819 0.159819
vn 0.225436 0.957776 0.178449
vn 0.289248 0.943819 0.159819
vn 0.184606 0.966857 0.176373
vn 0.225436 0.957776 0.178449
vn 0.443806 -0.688252 0.573886
vn 0.384909 -0.708397 0.591625
vn 0.283855 -0.728488 0.623483
vn 0.384909 -0.708397 0.591625
vn 0.235603 -0.733298 0.637782
vn 0.283855 -0.728488 0.623483
vn 0.225436 0.957776 0.178449
vn 0.184606 0.966857 0.176373
vn 0.133262 0.967966 0.212799
vn 0.184606 0.966857 0.176373
vn 0.0994126 0.967837 0.231104
vn 0.133262 0.967966 0.212799
vn 0.283855 -0.728488 0.623483
vn 0.235603 -0.733298 0.637782
vn 0.0921687 -0.68413 0.723513
vn 0.235603 -0.733298 0.637782
vn 0.0954458 -0.665003 0.740716
vn 0.0921687 -0.68413 0.723513
vn 0.133262 0.967966 0.212799
vn 0.0994126 0.967837 0.231104
vn 0.0526695 0.973303 0.2234
vn 0.0994126 0.967837 0.231104
vn 0.0510696 0.968898 0.242135
vn 0.0526695 0.973303 0.2234
vn 0.143299 -0.891183 0.430416
vn 0.0470872 -0.890367 0.452802
vn -0.0134569 -0.992414 0.122202
vn 0.0470872 -0.890367 0.452802
vn -0.0541895 -0.991059 0.121926
vn -0.0134569 -0.992414 0.122202
vn -0.0134569 -0.992414 0.122202
vn -0.0541895 -0.991059 0.121926
vn -0.12562 -0.970206 -0.207173
vn -0.0541895 -0.991059 0.121926
vn -0.0665312 -0.97459 -0.213888
vn -0.12562 -0.970206 -0.207173
vn -0.187526 -0.352384 -0.916875
vn -0.105975 -0.35403 -0.929211
vn -0.347976 -0.346111 -0.871275
vn -0.42635 -0.341826 -0.837484
vn -0.187526 -0.352384 -0.916875
vn -0.347976 -0.346111 -0.871275
vn 0.246896 -0.8999 0.359475
vn 0.143299 -0.891183 0.430416
vn -0.0134569 -0.992414 0.122202
vn -0.42635 -0.341826 -0.837484
vn -0.347976 -0.346111 -0.871275
vn -0.569192 -0.33228 -0.752071
vn -0.197132 -0.967262 -0.159821
vn -0.0134569 -0.992414 0.122202
vn -0.12562 -0.970206 -0.207173
vn -0.634435 -0.326697 -0.700544
vn -0.42635 -0.341826 -0.837484
vn -0.569192 -0.33228 -0.752071
vn 0.31989 -0.90095 0.29319
vn 0.246896 -0.8999 0.359475
vn 0.0256825 -0.994395 0.102565
vn 0.246896 -0.8999 0.359475
vn -0.0134569 -0.992414 0.122202
vn 0.0256825 -0.994395 0.102565
vn 0.0256825 -0.994395 0.102565
vn -0.0134569 -0.992414 0.122202
vn -0.236429 -0.963371 -0.126561
vn -0.0134569 -0.992414 0.122202
vn -0.197132 -0.967262 -0.159821
vn -0.236429 -0.963371 -0.126561
vn -0.634435 -0.326697 -0.700544
vn -0.569192 -0.33228 -0.752071
vn -0.748696 -0.317612 -0.581873
vn -0.797552 -0.314118 -0.515016
vn -0.634435 -0.326697 -0.700544
vn -0.748696 -0.317612 -0.581873
vn 0.370867 -0.911268 0.17902
vn 0.31989 -0.90095 0.29319
vn 0.0256825 -0.994395 0.102565
vn -0.797552 -0.314118 -0.515016
vn -0.748696 -0.317612 -0.581873
vn -0.876538 -0.306982 -0.370732
vn -0.275833 -0.959884 -0.0503784
vn 0.0256825 -0.994395 0.102565
vn -0.236429 -0.963371 -0.126561
vn -0.905935 -0.304381 -0.294338
vn -0.797552 -0.314118 -0.515016
vn -0.876538 -0.306982 -0.370732
vn 0.401025 -0.91201 0.0861234
vn 0.370867 -0.911268 0.17902
vn 0.0486856 -0.99677 0.0638673
vn 0.370867 -0.911268 0.17902
vn 0.0256825 -0.994395 0.102565
vn 0.0486856 -0.99677 0.0638673
vn 0.0486856 -0.99677 0.0638673
vn 0.0256825 -0.994395 0.102565
vn -0.291719 -0.956501 -0.00224878
vn 0.0256825 -0.994395 0.102565
vn -0.275833 -0.959884 -0.0503784
vn -0.291719 -0.956501 -0.00224878
vn -0.905935 -0.304381 -0.294338
vn -0.876538 -0.306982 -0.370732
vn -0.945184 -0.297172 -0.135337
vn -0.954077 -0.294495 -0.0548552
vn -0.905935 -0.304381 -0.294338
vn -0.945184 -0.297172 -0.135337
vn 0.382623 -0.923114 -0.0382131
vn 0.401025 -0.91201 0.0861234
vn 0.0486856 -0.99677 0.0638673
vn -0.954077 -0.294495 -0.0548552
vn -0.945184 -0.297172 -0.135337
vn -0.95129 -0.288966 0.107451
vn -0.285202 -0.955258 0.0783725
vn 0.0486856 -0.99677 0.0638673
vn -0.291719 -0.956501 -0.00224878
vn -0.939332 -0.284101 0.192204
vn -0.954077 -0.294495 -0.0548552
vn -0.95129 -0.288966 0.107451
vn 0.358651 -0.924154 -0.131564
vn 0.382623 -0.923114 -0.0382131
vn 0.046915 -0.998639 0.0227803
vn 0.382623 -0.923114 -0.0382131
vn 0.0486856 -0.99677 0.0638673
vn 0.046915 -0.998639 0.0227803
vn 0.046915 -0.998639 0.0227803
vn 0.0486856 -0.99677 0.0638673
vn -0.275474 -0.952092 0.132796
vn 0.0486856 -0.99677 0.0638673
vn -0.285202 -0.955258 0.0783725
vn -0.275474 -0.952092 0.132796
vn -0.939332 -0.284101 0.192204
vn -0.95129 -0.288966 0.107451
vn -0.894872 -0.276176 0.350616
vn -0.862398 -0.270709 0.427768
vn -0.939332 -0.284101 0.192204
vn -0.894872 -0.276176 0.350616
vn 0.287705 -0.929244 -0.231801
vn 0.358651 -0.924154 -0.131564
vn 0.046915 -0.998639 0.0227803
vn -0.862398 -0.270709 0.427768
vn -0.894872 -0.276176 0.350616
vn -0.777451 -0.26794 0.569015
vn -0.228109 -0.952977 0.199504
vn 0.046915 -0.998639 0.0227803
vn -0.275474 -0.952092 0.132796
vn -0.724378 -0.268307 0.635049
vn -0.862398 -0.270709 0.427768
vn -0.777451 -0.26794 0.569015
vn 0.223038 -0.922874 -0.313939
vn 0.287705 -0.929244 -0.231801
vn 0.0261832 -0.999513 -0.0169954
vn 0.287705 -0.929244 -0.231801
vn 0.046915 -0.998639 0.0227803
vn 0.0261832 -0.999513 -0.0169954
vn 0.0261832 -0.999513 -0.0169954
vn 0.046915 -0.998639 0.0227803
vn -0.195244 -0.950143 0.243119
vn 0.046915 -0.998639 0.0227803
vn -0.228109 -0.952977 0.199504
vn -0.195244 -0.950143 0.243119
vn -0.724378 -0.268307 0.635049
vn -0.777451 -0.26794 0.569015
vn -0.604469 -0.268749 0.749928
vn -0.538332 -0.269543 0.798464
vn -0.724378 -0.268307 0.635049
vn -0.604469 -0.268749 0.749928
vn 0.110753 -0.926827 -0.358783
vn 0.223038 -0.922874 -0.313939
vn 0.0261832 -0.999513 -0.0169954
vn -0.538332 -0.269543 0.798464
vn -0.604469 -0.268749 0.749928
vn -0.396975 -0.269905 0.877247
vn -0.12248 -0.95219 0.279881
vn 0.0261832 -0.999513 -0.0169954
vn -0.195244 -0.950143 0.243119
vn -0.320491 -0.268884 0.908288
vn -0.538332 -0.269543 0.798464
vn -0.396975 -0.269905 0.877247
vn 0.0152416 -0.923743 -0.38271
vn 0.110753 -0.926827 -0.358783
vn -0.010656 -0.999259 -0.0369844
vn 0.110753 -0.926827 -0.358783
vn 0.0261832 -0.999513 -0.0169954
vn -0.010656 -0.999259 -0.0369844
vn -0.010656 -0.999259 -0.0369844
vn 0.0261832 -0.999513 -0.0169954
vn -0.0787757 -0.951875 0.296189
vn 0.0261832 -0.999513 -0.0169954
vn -0.12248 -0.95219 0.279881
vn -0.0787757 -0.951875 0.296189
vn -0.320491 -0.268884 0.908288
vn -0.396975 -0.269905 0.877247
vn -0.157019 -0.270572 0.949808
vn -0.073317 -0.274853 0.958687
vn -0.320491 -0.268884 0.908288
vn -0.157019 -0.270572 0.949808
vn -0.106229 -0.920577 -0.375836
vn 0.0152416 -0.923743 -0.38271
vn -0.010656 -0.999259 -0.0369844
vn -0.073317 -0.274853 0.958687
vn -0.157019 -0.270572 0.949808
vn 0.0899982 -0.284736 0.954372
vn 0.00575042 -0.955445 0.295113
vn -0.010656 -0.999259 -0.0369844
vn -0.0787757 -0.951875 0.296189
vn 0.166118 -0.292875 0.94161
vn -0.073317 -0.274853 0.958687
vn 0.0899982 -0.284736 0.954372
vn -0.205228 -0.911327 -0.356882
vn -0.106229 -0.920577 -0.375836
vn -0.0521768 -0.997851 -0.0396257
vn -0.106229 -0.920577 -0.375836
vn -0.010656 -0.999259 -0.0369844
vn -0.0521768 -0.997851 -0.0396257
vn -0.0521768 -0.997851 -0.0396257
vn -0.010656 -0.999259 -0.0369844
vn 0.0662289 -0.955459 0.287596
vn -0.010656 -0.999259 -0.0369844
vn 0.00575042 -0.955445 0.295113
vn 0.0662289 -0.955459 0.287596
vn 0.166118 -0.292875 0.94161
vn 0.0899982 -0.284736 0.954372
vn 0.323927 -0.300367 0.897135
vn 0.403419 -0.301697 0.863847
vn 0.166118 -0.292875 0.94161
vn 0.323927 -0.300367 0.897135
vn -0.308694 -0.907563 -0.284672
vn -0.205228 -0.911327 -0.356882
vn -0.0521768 -0.997851 -0.0396257
vn 0.403419 -0.301697 0.863847
vn 0.323927 -0.300367 0.897135
vn 0.547594 -0.307074 0.778361
vn 0.135091 -0.961396 0.239727
vn -0.0521768 -0.997851 -0.0396257
vn 0.0662289 -0.955459 0.287596
vn 0.61469 -0.309314 0.72559
vn 0.403419 -0.301697 0.863847
vn 0.547594 -0.307074 0.778361
vn -0.375695 -0.90064 -0.218407
vn -0.308694 -0.907563 -0.284672
vn -0.0919313 -0.995624 -0.016749
vn -0.308694 -0.907563 -0.284672
vn -0.0521768 -0.997851 -0.0396257
vn -0.0919313 -0.995624 -0.016749
vn -0.0919313 -0.995624 -0.016749
vn -0.0521768 -0.997851 -0.0396257
vn 0.171845 -0.962964 0.207771
vn -0.0521768 -0.997851 -0.0396257
vn 0.135091 -0.961396 0.239727
vn 0.171845 -0.962964 0.207771
vn 0.61469 -0.309314 0.72559
vn 0.547594 -0.307074 0.778361
vn 0.727152 -0.318472 0.608133
vn 0.77479 -0.323947 0.542916
vn 0.61469 -0.309314 0.72559
vn 0.727152 -0.318472 0.608133
vn -0.426267 -0.899029 -0.100215
vn -0.375695 -0.90064 -0.218407
vn -0.0919313 -0.995624 -0.016749
vn 0.77479 -0.323947 0.542916
vn 0.727152 -0.318472 0.608133
vn 0.852356 -0.332544 0.403613
vn 0.207327 -0.968736 0.136259
vn -0.0919313 -0.995624 -0.016749
vn 0.171845 -0.962964 0.207771
vn 0.883689 -0.334569 0.327349
vn 0.77479 -0.323947 0.542916
vn 0.852356 -0.332544 0.403613
vn -0.455054 -0.890438 -0.00679649
vn -0.426267 -0.899029 -0.100215
vn -0.113036 -0.993355 0.0216586
vn -0.426267 -0.899029 -0.100215
vn -0.0919313 -0.995624 -0.016749
vn -0.113036 -0.993355 0.0216586
vn -0.113036 -0.993355 0.0216587
vn -0.0919313 -0.995624 -0.016749
vn 0.224335 -0.970637 0.0868156
vn -0.0919313 -0.995624 -0.016749
vn 0.207327 -0.968736 0.136259
vn 0.224335 -0.970637 0.0868156
vn 0.883689 -0.334569 0.327349
vn 0.852356 -0.332544 0.403613
vn 0.925334 -0.341566 0.164589
vn 0.934736 -0.346453 0.0789877
vn 0.883689 -0.334569 0.327349
vn 0.925334 -0.341566 0.164589
vn -0.441031 -0.890239 0.113871
vn -0.455054 -0.890438 -0.00679649
vn -0.113036 -0.993355 0.0216586
vn 0.934736 -0.346453 0.0789877
vn 0.925334 -0.341566 0.164589
vn 0.930228 -0.35678 -0.0859289
vn 0.217142 -0.976124 0.00559366
vn -0.113036 -0.993355 0.0216586
vn 0.224335 -0.970637 0.0868156
vn 0.917331 -0.361924 -0.165876
vn 0.934736 -0.346453 0.0789877
vn 0.930228 -0.35678 -0.0859289
vn -0.420284 -0.881983 0.213232
vn -0.441031 -0.890239 0.113871
vn -0.11092 -0.991827 0.0630598
vn -0.441031 -0.890239 0.113871
vn -0.113036 -0.993355 0.0216587
vn -0.11092 -0.991827 0.0630598
vn -0.11092 -0.991827 0.0630598
vn -0.113036 -0.993355 0.0216587
vn 0.21305 -0.975684 -0.0514864
vn -0.113036 -0.993355 0.0216587
vn 0.217142 -0.976124 0.00559366
vn 0.21305 -0.975684 -0.0514864
vn 0.917331 -0.361924 -0.165876
vn 0.930228 -0.35678 -0.0859289
vn 0.872116 -0.366071 -0.324663
vn 0.839488 -0.367619 -0.400145
vn 0.917331 -0.361924 -0.165876
vn 0.872116 -0.366071 -0.324663
vn -0.348609 -0.882498 0.315703
vn -0.420284 -0.881983 0.213232
vn -0.11092 -0.991827 0.0630598
vn 0.839488 -0.367619 -0.400145
vn 0.872116 -0.366071 -0.324663
vn 0.757002 -0.37213 -0.537092
vn 0.170074 -0.977915 -0.121476
vn -0.11092 -0.991827 0.0630598
vn 0.21305 -0.975684 -0.0514864
vn 0.70444 -0.370356 -0.605476
vn 0.839488 -0.367619 -0.400145
vn 0.757002 -0.37213 -0.537092
vn -0.283598 -0.877195 0.387429
vn -0.348609 -0.882498 0.315703
vn -0.0938837 -0.990287 0.102554
vn -0.348609 -0.882498 0.315703
vn -0.11092 -0.991827 0.0630598
vn -0.0938837 -0.990287 0.102554
vn -0.0938837 -0.990287 0.102554
vn -0.11092 -0.991827 0.0630598
vn 0.135198 -0.977963 -0.159089
vn -0.11092 -0.991827 0.0630598
vn 0.170074 -0.977915 -0.121476
vn 0.135198 -0.977963 -0.159089
vn 0.70444 -0.370356 -0.605476
vn 0.757002 -0.37213 -0.537092
vn 0.58502 -0.367962 -0.722742
vn 0.517098 -0.365377 -0.774021
vn 0.70444 -0.370356 -0.605476
vn 0.58502 -0.367962 -0.722742
vn -0.170524 -0.884004 0.435267
vn -0.283598 -0.877195 0.387429
vn -0.0938837 -0.990287 0.102554
vn 0.517098 -0.365377 -0.774021
vn 0.58502 -0.367962 -0.722742
vn 0.374257 -0.365748 -0.85215
vn 0.0550623 -0.978658 -0.197982
vn -0.0938837 -0.990287 0.102554
vn 0.135198 -0.977963 -0.159089
vn 0.29744 -0.366027 -0.88179
vn 0.517098 -0.365377 -0.774021
vn 0.374257 -0.365748 -0.85215
vn 0.0470872 -0.890367 0.452802
vn -0.0742974 -0.882591 0.464234
vn -0.0541895 -0.991059 0.121926
vn -0.0742974 -0.882591 0.464234
vn -0.170524 -0.884004 0.435267
vn -0.0541895 -0.991059 0.121926
vn -0.170524 -0.884004 0.435267
vn -0.0938837 -0.990287 0.102554
vn -0.0541895 -0.991059 0.121926
vn -0.0541895 -0.991059 0.121926
vn -0.0938837 -0.990287 0.102554
vn 0.0100887 -0.976215 -0.216568
vn -0.0938837 -0.990287 0.102554
vn 0.0550623 -0.978658 -0.197982
vn 0.0100887 -0.976215 -0.216568
vn 0.29744 -0.366027 -0.88179
vn 0.374257 -0.365748 -0.85215
vn 0.137362 -0.361178 -0.922324
vn 0.0570013 -0.358746 -0.931693
vn 0.29744 -0.366027 -0.88179
vn 0.137362 -0.361178 -0.922324
vn -0.0665312 -0.97459 -0.213888
vn -0.0541895 -0.991059 0.121926
vn 0.0100887 -0.976215 -0.216568
vn -0.187526 -0.352384 -0.916875
vn 0.0570013 -0.358746 -0.931693
vn -0.105975 -0.35403 -0.929211
vn 0.0570013 -0.358746 -0.931693
vn 0.137362 -0.361178 -0.922324
vn -0.105975 -0.35403 -0.929211
vn 0.575247 0.459395 0.676792
vn 0.378434 0.470669 0.797031
vn 0.621083 -0.0252327 0.783338
vn 0.575247 0.459395 0.676792
vn 0.621083 -0.0252327 0.783338
vn 0.801641 -0.0423027 0.596307
vn 0.736458 0.449446 0.505597
vn 0.575247 0.459395 0.676792
vn 0.801641 -0.0423027 0.596308
vn 0.736457 0.449446 0.505597
vn 0.801641 -0.0423027 0.596308
vn 0.928261 -0.0546199 0.367897
vn 0.845977 0.440786 0.300051
vn 0.736458 0.449446 0.505597
vn 0.928261 -0.0546199 0.367897
vn 0.845977 0.440786 0.300051
vn 0.928261 -0.0546199 0.367897
vn 0.990678 -0.0678228 0.118144
vn 0.899891 0.429443 0.0759922
vn 0.845977 0.440786 0.300051
vn 0.990678 -0.0678228 0.118144
vn 0.899891 0.429443 0.0759922
vn 0.990678 -0.0678228 0.118144
vn 0.98636 -0.0745767 -0.146736
vn 0.893167 0.420904 -0.158403
vn 0.899891 0.429443 0.0759922
vn 0.98636 -0.0745766 -0.146736
vn 0.893167 0.420904 -0.158403
vn 0.98636 -0.0745766 -0.146736
vn 0.915048 -0.0826563 -0.394785
vn 0.827647 0.413801 -0.379168
vn 0.893167 0.420904 -0.158403
vn 0.915048 -0.0826563 -0.394785
vn 0.827647 0.413801 -0.379168
vn 0.915048 -0.0826563 -0.394785
vn 0.781613 -0.0875685 -0.617587
vn 0.704561 0.413512 -0.576717
vn 0.827647 0.413801 -0.379168
vn 0.781613 -0.0875685 -0.617587
vn 0.704561 0.413512 -0.576717
vn 0.781613 -0.0875685 -0.617587
vn 0.591994 -0.0910534 -0.800783
vn 0.537131 0.410283 -0.736993
vn 0.704561 0.413512 -0.576717
vn 0.591994 -0.0910535 -0.800783
vn 0.537131 0.410283 -0.736993
vn 0.591994 -0.0910535 -0.800783
vn 0.36311 -0.0907591 -0.927315
vn 0.315054 0.454357 -0.833247
vn 0.537131 0.410283 -0.736993
vn 0.36311 -0.0907591 -0.927315
vn 0.315054 0.454357 -0.833247
vn 0.36311 -0.0907591 -0.927315
vn 0.1119 -0.0892024 -0.989708
vn 0.0879832 0.3492 -0.932908
vn 0.315054 0.454357 -0.833247
vn 0.1119 -0.0892024 -0.989708
vn 0.0879832 0.3492 -0.932909
vn 0.1119 -0.0892024 -0.989708
vn -0.148706 -0.0780012 -0.9858
vn -0.123498 0.421469 -0.898394
vn 0.0879832 0.3492 -0.932909
vn -0.148706 -0.0780012 -0.9858
vn -0.123498 0.421469 -0.898394
vn -0.148706 -0.0780012 -0.9858
vn -0.397436 -0.0682018 -0.915092
vn -0.344189 0.430178 -0.834554
vn -0.123498 0.421469 -0.898394
vn -0.397436 -0.0682018 -0.915092
vn -0.344189 0.430178 -0.834554
vn -0.397436 -0.0682018 -0.915092
vn -0.623272 -0.0531423 -0.780197
vn -0.545238 0.444103 -0.710977
vn -0.344189 0.430178 -0.834554
vn -0.623272 -0.0531422 -0.780197
vn -0.545238 0.444103 -0.710977
vn -0.623272 -0.0531422 -0.780197
vn -0.804076 -0.0358438 -0.593445
vn -0.705581 0.453979 -0.544112
vn -0.545238 0.444103 -0.710977
vn -0.804076 -0.0358438 -0.593445
vn -0.705581 0.453979 -0.544112
vn -0.804076 -0.0358438 -0.593445
vn -0.930077 -0.0243979 -0.366553
vn -0.816488 0.467384 -0.338969
vn -0.705581 0.453979 -0.544112
vn -0.930077 -0.0243979 -0.366553
vn -0.816488 0.467384 -0.338969
vn -0.930077 -0.0243979 -0.366553
vn -0.993768 -0.00596183 -0.111312
vn -0.874258 0.471996 -0.113546
vn -0.816488 0.467384 -0.338969
vn -0.993768 -0.00596183 -0.111312
vn 0.153905 0.476609 0.865539
vn -0.0799054 0.483397 0.871747
vn 0.14671 -0.000884565 0.989179
vn -0.0799054 0.483397 0.871747
vn -0.115081 0.00762782 0.993327
vn 0.14671 -0.000884562 0.989179
vn -0.0799054 0.483397 0.871747
vn -0.309108 0.485087 0.818012
vn -0.115081 0.00762782 0.993327
vn -0.309108 0.485087 0.818012
vn -0.368071 0.0132565 0.929703
vn -0.115081 0.00762782 0.993327
vn -0.309108 0.485087 0.818012
vn -0.514192 0.485532 0.707012
vn -0.368071 0.0132565 0.929703
vn -0.514192 0.485532 0.707012
vn -0.59581 0.0135157 0.803011
vn -0.368071 0.0132565 0.929703
vn -0.514192 0.485532 0.707012
vn -0.683273 0.487012 0.544019
vn -0.59581 0.0135157 0.803011
vn -0.683273 0.487012 0.544019
vn -0.780823 0.0140917 0.624594
vn -0.595811 0.0135157 0.803011
vn -0.683273 0.487012 0.544019
vn -0.80039 0.489385 0.346234
vn -0.780823 0.0140917 0.624594
vn -0.80039 0.489385 0.346234
vn -0.916963 0.00879231 0.398874
vn -0.780823 0.0140917 0.624594
vn -0.80039 0.489385 0.346234
vn -0.871401 0.476454 0.116841
vn -0.916963 0.00879231 0.398874
vn -0.871401 0.476454 0.116841
vn -0.989031 0.00258432 0.147685
vn -0.916963 0.00879231 0.398874
vn -0.871401 0.476454 0.116841
vn -0.874258 0.471996 -0.113546
vn -0.989031 0.00258433 0.147685
vn -0.874258 0.471996 -0.113546
vn -0.993768 -0.00596183 -0.111312
vn -0.989031 0.00258432 0.147685
vn 0.0985951 -0.142124 0.984926
vn 0.343358 -0.155289 0.926278
vn 0.14671 -0.000884565 0.989179
vn 0.0985951 -0.142125 0.984926
vn 0.14671 -0.000884565 0.989179
vn -0.115081 0.00762782 0.993327
vn -0.161568 -0.135827 0.97747
vn 0.0985951 -0.142125 0.984926
vn -0.115081 0.00762782 0.993327
vn -0.161568 -0.135827 0.97747
vn -0.115081 0.00762782 0.993327
vn -0.368071 0.0132565 0.929703
vn -0.406122 -0.124318 0.905323
vn -0.161568 -0.135827 0.97747
vn -0.368071 0.0132565 0.929703
vn -0.406122 -0.124318 0.905323
vn -0.368071 0.0132565 0.929703
vn -0.595811 0.0135157 0.803011
vn -0.624842 -0.12862 0.770084
vn -0.406122 -0.124318 0.905323
vn -0.595811 0.0135157 0.803011
vn -0.624842 -0.12862 0.770084
vn -0.595811 0.0135157 0.803011
vn -0.780823 0.0140917 0.624594
vn -0.799088 -0.128282 0.587369
vn -0.624842 -0.12862 0.770084
vn -0.780823 0.0140917 0.624594
vn -0.799088 -0.128282 0.587369
vn -0.780823 0.0140917 0.624594
vn -0.916963 0.00879231 0.398874
vn -0.923389 -0.138695 0.357933
vn -0.799088 -0.128282 0.587369
vn -0.916963 0.00879231 0.398874
vn -0.923389 -0.138695 0.357933
vn -0.916963 0.00879231 0.398874
vn -0.989031 0.00258433 0.147685
vn -0.983171 -0.145292 0.110752
vn -0.923389 -0.138695 0.357933
vn -0.989031 0.00258432 0.147685
vn -0.983171 -0.145292 0.110752
vn -0.989031 0.00258432 0.147685
vn -0.993768 -0.00596183 -0.111312
vn -0.975062 -0.166532 -0.146701
vn -0.983171 -0.145292 0.110752
vn -0.993768 -0.00596182 -0.111312
vn -0.975062 -0.166532 -0.146701
vn -0.993768 -0.00596182 -0.111312
vn -0.930077 -0.0243979 -0.366553
vn -0.902327 -0.177082 -0.392999
vn -0.975062 -0.166532 -0.146701
vn -0.930077 -0.0243979 -0.366553
vn -0.902327 -0.177082 -0.392999
vn -0.930077 -0.0243979 -0.366553
vn -0.804076 -0.0358438 -0.593445
vn -0.768047 -0.196109 -0.609627
vn -0.902327 -0.177082 -0.392999
vn -0.804076 -0.0358438 -0.593445
vn -0.768047 -0.196109 -0.609627
vn -0.804076 -0.0358438 -0.593445
vn -0.623272 -0.0531422 -0.780197
vn -0.579905 -0.222542 -0.7837
vn -0.768047 -0.196109 -0.609627
vn -0.623272 -0.0531422 -0.780197
vn -0.579905 -0.222542 -0.7837
vn -0.623272 -0.0531422 -0.780197
vn -0.397436 -0.0682018 -0.915092
vn -0.356648 -0.234733 -0.904269
vn -0.579905 -0.222542 -0.7837
vn -0.397436 -0.0682018 -0.915092
vn -0.356648 -0.234733 -0.904269
vn -0.397436 -0.0682018 -0.915092
vn -0.148706 -0.0780012 -0.9858
vn -0.107989 -0.24764 -0.962815
vn -0.356648 -0.234733 -0.904269
vn -0.148706 -0.0780012 -0.9858
vn -0.107989 -0.24764 -0.962815
vn -0.148706 -0.0780012 -0.9858
vn 0.1119 -0.0892024 -0.989708
vn 0.145392 -0.255436 -0.955831
vn -0.107989 -0.24764 -0.962815
vn 0.1119 -0.0892024 -0.989708
vn 0.145392 -0.255436 -0.955831
vn 0.1119 -0.0892024 -0.989708
vn 0.36311 -0.0907591 -0.927315
vn 0.388289 -0.264164 -0.882864
vn 0.145392 -0.255436 -0.955831
vn 0.36311 -0.0907591 -0.927315
vn 0.388289 -0.264164 -0.882864
vn 0.36311 -0.0907591 -0.927315
vn 0.591994 -0.0910534 -0.800783
vn 0.606899 -0.26268 -0.750115
vn 0.388289 -0.264164 -0.882864
vn 0.591994 -0.0910534 -0.800783
vn 0.606899 -0.26268 -0.750115
vn 0.591994 -0.0910534 -0.800783
vn 0.781613 -0.0875685 -0.617587
vn 0.785521 -0.258891 -0.562079
vn 0.606899 -0.26268 -0.750115
vn 0.781613 -0.0875685 -0.617587
vn 0.785521 -0.258891 -0.562079
vn 0.781613 -0.0875685 -0.617587
vn 0.915048 -0.0826564 -0.394785
vn 0.905143 -0.253482 -0.341267
vn 0.785521 -0.258891 -0.562079
vn 0.915048 -0.0826563 -0.394785
vn 0.905143 -0.253483 -0.341267
vn 0.915048 -0.0826563 -0.394785
vn 0.98636 -0.0745766 -0.146736
vn 0.965866 -0.242296 -0.0916239
vn 0.905143 -0.253483 -0.341267
vn 0.98636 -0.0745766 -0.146736
vn 0.965866 -0.242296 -0.0916239
vn 0.98636 -0.0745766 -0.146736
vn 0.990678 -0.0678228 0.118144
vn 0.959817 -0.228105 0.163459
vn 0.965866 -0.242296 -0.0916239
vn 0.990678 -0.0678228 0.118144
vn 0.959817 -0.228105 0.163459
vn 0.990678 -0.0678228 0.118144
vn 0.928261 -0.0546199 0.367897
vn 0.888946 -0.210773 0.406631
vn 0.959817 -0.228105 0.163459
vn 0.928261 -0.0546199 0.367897
vn 0.888946 -0.210773 0.406631
vn 0.928261 -0.0546199 0.367897
vn 0.801641 -0.0423027 0.596308
vn 0.756596 -0.192249 0.624982
vn 0.888946 -0.210773 0.406631
vn 0.801641 -0.0423027 0.596308
vn 0.756596 -0.192249 0.624982
vn 0.801641 -0.0423027 0.596308
vn 0.621083 -0.0252327 0.783338
vn 0.571891 -0.171083 0.802291
vn 0.756596 -0.192249 0.624982
vn 0.621083 -0.0252327 0.783338
vn 0.378434 0.470669 0.797031
vn 0.396148 -0.0123049 0.918104
vn 0.621083 -0.0252327 0.783338
vn 0.571891 -0.171083 0.802291
vn 0.621083 -0.0252327 0.783338
vn 0.396148 -0.0123049 0.918104
vn 0.343358 -0.155289 0.926278
vn 0.571891 -0.171083 0.802291
vn 0.396148 -0.0123049 0.918104
vn 0.343358 -0.155289 0.926278
vn 0.396148 -0.0123049 0.918104
vn 0.14671 -0.000884565 0.989179
vn 0.153905 0.476609 0.865539
vn 0.14671 -0.000884565 0.989179
vn 0.396148 -0.0123049 0.918104
vn 0.378434 0.470669 0.797031
vn 0.153905 0.476609 0.865539
vn 0.396148 -0.0123049 0.918104
vn -0.413955 0.228847 -0.881062
vn -0.175093 0.221379 -0.95934
vn -0.298054 0.404038 -0.864822
vn -0.175093 0.221379 -0.95934
vn -0.109475 0.505392 -0.855917
vn -0.298054 0.404038 -0.864822
vn -0.239508 0.642795 -0.727634
vn -0.125733 0.726785 -0.675259
vn -0.157858 0.844459 -0.511829
vn -0.125733 0.726785 -0.675259
vn -0.0235712 0.836634 -0.547256
vn -0.157858 0.844459 -0.511829
vn 0.15702 0.962479 0.221312
vn 0.0891625 0.966198 0.241891
vn 0.235273 0.877343 0.418229
vn 0.0891625 0.966198 0.241891
vn 0.113458 0.882801 0.45584
vn 0.235273 0.877343 0.418229
vn 0.113458 0.882801 0.45584
vn 0.153905 0.476609 0.865539
vn 0.378434 0.470669 0.797031
vn 0.235273 0.877343 0.418229
vn 0.113458 0.882801 0.45584
vn 0.378434 0.470669 0.797031
vn -0.624825 0.243067 -0.741965
vn -0.413955 0.228847 -0.881062
vn -0.505057 0.411002 -0.758943
vn -0.413955 0.228847 -0.881062
vn -0.321459 0.512538 -0.796221
vn -0.485767 0.516961 -0.704828
vn -0.412839 0.647315 -0.64074
vn -0.288155 0.732524 -0.616746
vn -0.27663 0.84806 -0.451963
vn -0.288155 0.732524 -0.616746
vn -0.157858 0.844459 -0.511829
vn -0.27663 0.84806 -0.451963
vn 0.221475 0.958094 0.181671
vn 0.15702 0.962479 0.221312
vn 0.345263 0.870502 0.350742
vn 0.15702 0.962479 0.221312
vn 0.235273 0.877343 0.418229
vn 0.345263 0.870502 0.350742
vn 0.235273 0.877343 0.418229
vn 0.378434 0.470669 0.797031
vn 0.575247 0.459395 0.676792
vn 0.345263 0.870502 0.350742
vn 0.235273 0.877343 0.418229
vn 0.575247 0.459395 0.676792
vn -0.794125 0.262771 -0.548012
vn -0.624825 0.243067 -0.741966
vn -0.617321 0.598448 -0.510661
vn -0.624825 0.243067 -0.741966
vn -0.509818 0.518781 -0.686259
vn -0.679541 0.426911 -0.596633
vn -0.617321 0.598448 -0.510661
vn -0.455372 0.650723 -0.607615
vn -0.376371 0.851118 -0.365982
vn -0.428473 0.736735 -0.523099
vn -0.27663 0.84806 -0.451963
vn -0.376371 0.851118 -0.365982
vn 0.275537 0.953641 0.12103
vn 0.221475 0.958094 0.181671
vn 0.436333 0.86377 0.25202
vn 0.221475 0.958094 0.181671
vn 0.345263 0.870502 0.350742
vn 0.436333 0.86377 0.25202
vn 0.345263 0.870502 0.350742
vn 0.575247 0.459395 0.676792
vn 0.736458 0.449446 0.505597
vn 0.436333 0.86377 0.25202
vn 0.345263 0.870502 0.350742
vn 0.736458 0.449446 0.505597
vn -0.903896 0.276508 -0.326368
vn -0.794125 0.262771 -0.548012
vn -0.758186 0.544162 -0.359223
vn -0.794125 0.262771 -0.548012
vn -0.617321 0.598448 -0.510661
vn -0.720038 0.610441 -0.33001
vn -0.720038 0.610441 -0.33001
vn -0.59008 0.662447 -0.461486
vn -0.44748 0.858737 -0.249664
vn -0.59008 0.662447 -0.461486
vn -0.376371 0.851118 -0.365982
vn -0.44748 0.858737 -0.249664
vn 0.308241 0.949631 0.056472
vn 0.275537 0.953641 0.12103
vn 0.499016 0.855202 0.140046
vn 0.275537 0.953641 0.12103
vn 0.436333 0.86377 0.25202
vn 0.499016 0.855202 0.140046
vn 0.436333 0.86377 0.25202
vn 0.736458 0.449446 0.505597
vn 0.845977 0.440786 0.300051
vn 0.499016 0.855202 0.140046
vn 0.436333 0.86377 0.25202
vn 0.845977 0.440786 0.300051
vn -0.953981 0.290115 -0.0758462
vn -0.903896 0.276508 -0.326368
vn -0.817385 0.557073 -0.146803
vn -0.903896 0.276508 -0.326368
vn -0.720038 0.610441 -0.33001
vn -0.817385 0.557073 -0.146803
vn -0.771784 0.623112 -0.126806
vn -0.720038 0.610441 -0.33001
vn -0.486521 0.865018 -0.122646
vn -0.680153 0.672852 -0.290968
vn -0.44748 0.858737 -0.249664
vn -0.486521 0.865018 -0.122646
vn 0.316195 0.948434 -0.0222083
vn 0.308241 0.949631 0.056472
vn 0.529691 0.848087 0.0132886
vn 0.308241 0.949631 0.056472
vn 0.499016 0.855202 0.140046
vn 0.529691 0.848087 0.0132886
vn 0.499016 0.855202 0.140046
vn 0.845977 0.440786 0.300051
vn 0.899891 0.429443 0.0759922
vn 0.529691 0.848087 0.0132886
vn 0.499016 0.855202 0.140046
vn 0.899891 0.429443 0.0759922
vn -0.940721 0.29346 0.170072
vn -0.953981 0.290115 -0.0758462
vn -0.883118 0.464509 0.0658284
vn -0.953981 0.290115 -0.0758462
vn -0.771784 0.623112 -0.126806
vn -0.820021 0.567184 0.0766049
vn -0.720856 0.691624 0.0449638
vn -0.640972 0.765538 -0.0557365
vn -0.486654 0.87342 0.017476
vn -0.771784 0.623112 -0.126806
vn -0.486521 0.865018 -0.122646
vn -0.486654 0.87342 0.017476
vn 0.312538 0.945061 -0.0958153
vn 0.316195 0.948434 -0.0222083
vn 0.523474 0.843548 -0.120009
vn 0.316195 0.948434 -0.0222083
vn 0.529691 0.848087 0.0132886
vn 0.523474 0.843548 -0.120009
vn 0.529691 0.848087 0.0132886
vn 0.899891 0.429443 0.0759922
vn 0.893167 0.420904 -0.158403
vn 0.523474 0.843548 -0.120009
vn 0.529691 0.848087 0.0132886
vn 0.893167 0.420904 -0.158403
vn -0.862518 0.301751 0.406213
vn -0.940721 0.29346 0.170072
vn -0.83419 0.469277 0.289665
vn -0.940721 0.29346 0.170072
vn -0.815831 0.568683 0.104974
vn -0.770518 0.570792 0.283722
vn -0.680855 0.695463 0.229714
vn -0.622092 0.773918 0.118539
vn -0.452144 0.879604 0.147856
vn -0.712969 0.694086 0.099596
vn -0.486654 0.87342 0.017476
vn -0.452144 0.879604 0.147856
vn 0.290352 0.941689 -0.170054
vn 0.312538 0.945061 -0.0958153
vn 0.482292 0.840505 -0.24687
vn 0.312538 0.945061 -0.0958153
vn 0.523474 0.843548 -0.120009
vn 0.482292 0.840505 -0.24687
vn 0.523474 0.843548 -0.120009
vn 0.893167 0.420904 -0.158403
vn 0.827647 0.413801 -0.379168
vn 0.482292 0.840505 -0.24687
vn 0.523474 0.843548 -0.120009
vn 0.827647 0.413801 -0.379168
vn -0.71874 0.310794 0.621948
vn -0.862518 0.301751 0.406213
vn -0.662404 0.577109 0.477667
vn -0.862518 0.301751 0.406213
vn -0.759727 0.571813 0.309589
vn -0.726003 0.476174 0.496163
vn -0.59051 0.699065 0.403245
vn -0.660432 0.69731 0.278546
vn -0.392975 0.880475 0.265207
vn -0.566383 0.777153 0.274306
vn -0.452144 0.879604 0.147856
vn -0.392975 0.880475 0.265206
vn 0.254929 0.939128 -0.230323
vn 0.290352 0.941689 -0.170054
vn 0.414616 0.837424 -0.356111
vn 0.290352 0.941689 -0.170054
vn 0.482292 0.840505 -0.24687
vn 0.414616 0.837424 -0.356111
vn 0.482292 0.840505 -0.24687
vn 0.827647 0.413801 -0.379168
vn 0.704561 0.413512 -0.576717
vn 0.414616 0.837424 -0.356111
vn 0.482292 0.840505 -0.24687
vn 0.704561 0.413512 -0.576717
vn -0.527157 0.310508 0.791006
vn -0.71874 0.310794 0.621948
vn -0.503643 0.579864 0.640391
vn -0.71874 0.310794 0.621948
vn -0.641753 0.578164 0.503864
vn -0.503643 0.579865 0.640391
vn -0.459805 0.644713 0.610675
vn -0.463132 0.779349 0.422047
vn -0.298016 0.880443 0.368791
vn -0.554277 0.701304 0.448274
vn -0.392975 0.880475 0.265206
vn -0.298017 0.880443 0.368791
vn 0.192338 0.9404 -0.280453
vn 0.254929 0.939128 -0.230323
vn 0.322406 0.835436 -0.445085
vn 0.254929 0.939128 -0.230323
vn 0.414616 0.837424 -0.356111
vn 0.322406 0.835436 -0.445085
vn 0.414616 0.837424 -0.356111
vn 0.704561 0.413512 -0.576717
vn 0.537131 0.410283 -0.736993
vn 0.322406 0.835436 -0.445085
vn 0.414616 0.837424 -0.356111
vn 0.537131 0.410283 -0.736993
vn -0.309555 0.305927 0.900324
vn -0.527157 0.310508 0.791006
vn -0.35926 0.47979 0.800459
vn -0.527157 0.310508 0.791006
vn -0.459805 0.644713 0.610675
vn -0.314887 0.580016 0.751284
vn -0.2858 0.703823 0.650347
vn -0.324499 0.78141 0.533009
vn -0.18038 0.883418 0.432477
vn -0.459805 0.644713 0.610675
vn -0.298017 0.880443 0.368791
vn -0.18038 0.883418 0.432477
vn 0.120303 0.942305 -0.312392
vn 0.192338 0.9404 -0.280453
vn 0.201708 0.8631 -0.463003
vn 0.192338 0.9404 -0.280453
vn 0.322406 0.835436 -0.445085
vn 0.201708 0.8631 -0.463003
vn 0.322406 0.835436 -0.445085
vn 0.537131 0.410283 -0.736993
vn 0.315054 0.454357 -0.833247
vn 0.201708 0.8631 -0.463003
vn 0.322406 0.835436 -0.445085
vn 0.315054 0.454357 -0.833247
vn -0.0584441 0.300695 0.951928
vn -0.309555 0.305927 0.900324
vn -0.145564 0.47252 0.869216
vn -0.309555 0.305927 0.900324
vn -0.2899 0.579748 0.761479
vn -0.145564 0.47252 0.869216
vn -0.106151 0.699187 0.707015
vn -0.237209 0.70363 0.669804
vn -0.0548275 0.880806 0.470292
vn -0.171129 0.781345 0.600179
vn -0.18038 0.883418 0.432477
vn -0.0548275 0.880806 0.470292
vn 0.0507005 0.943322 -0.327984
vn 0.120303 0.942305 -0.312392
vn 0.0916637 0.823422 -0.559977
vn 0.120303 0.942305 -0.312392
vn 0.201708 0.8631 -0.463003
vn 0.0916637 0.823422 -0.559977
vn 0.0916637 0.823422 -0.559977
vn 0.201708 0.8631 -0.463003
vn 0.315054 0.454357 -0.833247
vn 0.0879832 0.3492 -0.932908
vn 0.0916637 0.823422 -0.559977
vn 0.315054 0.454357 -0.833247
vn 0.195896 0.296519 0.93472
vn -0.0584441 0.300695 0.951928
vn 0.100974 0.468696 0.877569
vn -0.0584441 0.300695 0.951928
vn -0.0781214 0.574102 0.815049
vn 0.100974 0.468696 0.877569
vn 0.0950384 0.694554 0.713136
vn 0.000212159 0.775621 0.631198
vn 0.0826939 0.876669 0.473934
vn 0.000212159 0.775621 0.631198
vn -0.0548275 0.880806 0.470292
vn 0.0826939 0.876669 0.473934
vn -0.0239109 0.946261 -0.322519
vn 0.0507004 0.943322 -0.327984
vn -0.0536541 0.845837 -0.530736
vn 0.0507004 0.943322 -0.327984
vn 0.0916637 0.823422 -0.559977
vn -0.0536541 0.845837 -0.530736
vn 0.0916637 0.823422 -0.559977
vn 0.0879832 0.3492 -0.932908
vn -0.123498 0.421469 -0.898394
vn -0.0536542 0.845837 -0.530736
vn 0.0916637 0.823422 -0.559977
vn -0.123498 0.421469 -0.898394
vn 0.431091 0.284346 0.856334
vn 0.195896 0.296519 0.93472
vn 0.326318 0.561073 0.760733
vn 0.195896 0.296519 0.93472
vn 0.145323 0.569307 0.809179
vn 0.326318 0.561073 0.760733
vn 0.280363 0.687347 0.670038
vn 0.17248 0.771856 0.611955
vn 0.210309 0.872826 0.440391
vn 0.17248 0.771856 0.611955
vn 0.0826939 0.876669 0.473934
vn 0.210309 0.872826 0.440391
vn -0.0939344 0.948782 -0.301645
vn -0.0239109 0.946261 -0.322519
vn -0.177014 0.853848 -0.4895
vn -0.0239109 0.946261 -0.322519
vn -0.0536541 0.845837 -0.530736
vn -0.177014 0.853848 -0.4895
vn -0.0536541 0.845837 -0.530736
vn -0.123498 0.421469 -0.898394
vn -0.344189 0.430178 -0.834554
vn -0.177014 0.853848 -0.4895
vn -0.0536541 0.845837 -0.530736
vn -0.344189 0.430178 -0.834554
vn 0.640425 0.273958 0.717497
vn 0.431091 0.284346 0.856334
vn 0.518926 0.547799 0.656225
vn 0.431091 0.284346 0.856334
vn 0.353935 0.560036 0.749059
vn 0.518926 0.547799 0.656225
vn 0.506824 0.612293 0.606816
vn 0.326132 0.625755 0.708568
vn 0.330805 0.863799 0.380026
vn 0.333609 0.763259 0.5533
vn 0.210309 0.872826 0.440391
vn 0.330805 0.863799 0.380026
vn -0.160176 0.952109 -0.260447
vn -0.0939344 0.948782 -0.301645
vn -0.28801 0.860227 -0.420786
vn -0.0939344 0.948782 -0.301645
vn -0.177014 0.853848 -0.4895
vn -0.28801 0.860227 -0.420786
vn -0.177014 0.853848 -0.4895
vn -0.344189 0.430178 -0.834554
vn -0.545238 0.444103 -0.710977
vn -0.28801 0.860227 -0.420786
vn -0.177014 0.853848 -0.4895
vn -0.545238 0.444103 -0.710977
vn 0.809763 0.263264 0.524381
vn 0.640425 0.273958 0.717497
vn 0.654318 0.60244 0.457094
vn 0.640425 0.273958 0.717497
vn 0.506824 0.612293 0.606816
vn 0.678202 0.537572 0.501058
vn 0.654318 0.60244 0.457094
vn 0.506824 0.612293 0.606816
vn 0.432302 0.853154 0.291964
vn 0.475628 0.75096 0.45808
vn 0.330805 0.863799 0.380026
vn 0.432302 0.853154 0.291964
vn -0.208611 0.956224 -0.205225
vn -0.160176 0.952109 -0.260447
vn -0.377085 0.86662 -0.326767
vn -0.160176 0.952109 -0.260447
vn -0.28801 0.860227 -0.420786
vn -0.377085 0.86662 -0.326767
vn -0.28801 0.860227 -0.420786
vn -0.545238 0.444103 -0.710977
vn -0.705581 0.453979 -0.544112
vn -0.377085 0.86662 -0.326767
vn -0.28801 0.860227 -0.420786
vn -0.705581 0.453979 -0.544112
vn 0.919204 0.245189 0.308133
vn 0.809763 0.263264 0.524381
vn 0.758193 0.592124 0.273007
vn 0.809763 0.263264 0.524381
vn 0.654318 0.60244 0.457094
vn 0.758193 0.592124 0.273007
vn 0.758193 0.592124 0.273007
vn 0.631402 0.662479 0.403055
vn 0.502355 0.847274 0.172528
vn 0.654318 0.60244 0.457094
vn 0.432302 0.853154 0.291964
vn 0.502355 0.847274 0.172528
vn -0.239942 0.961119 -0.136667
vn -0.208611 0.956224 -0.205225
vn -0.440033 0.872054 -0.214229
vn -0.208611 0.956224 -0.205225
vn -0.377085 0.86662 -0.326767
vn -0.440033 0.872053 -0.214229
vn -0.377085 0.86662 -0.326767
vn -0.705581 0.453979 -0.544112
vn -0.816488 0.467384 -0.338969
vn -0.440033 0.872054 -0.214229
vn -0.377085 0.86662 -0.326767
vn -0.816488 0.467384 -0.338969
vn 0.972171 0.227641 0.0553377
vn 0.919204 0.245189 0.308133
vn 0.902514 0.408094 0.137579
vn 0.919204 0.245189 0.308133
vn 0.758193 0.592124 0.273007
vn 0.812171 0.578438 0.0760754
vn 0.759498 0.643003 0.0985398
vn 0.758193 0.592124 0.273007
vn 0.541242 0.839829 0.0417515
vn 0.758193 0.592124 0.273007
vn 0.502355 0.847274 0.172528
vn 0.541242 0.839829 0.0417515
vn -0.255107 0.964907 -0.0622474
vn -0.239942 0.961119 -0.136667
vn -0.47259 0.876908 -0.0876965
vn -0.239942 0.961119 -0.136667
vn -0.440033 0.872054 -0.214229
vn -0.47259 0.876908 -0.0876965
vn -0.440033 0.872054 -0.214229
vn -0.816488 0.467384 -0.338969
vn -0.874258 0.471996 -0.113546
vn -0.47259 0.876908 -0.0876965
vn -0.440033 0.872054 -0.214229
vn -0.874258 0.471996 -0.113546
vn 0.956004 0.2172 -0.197181
vn 0.972171 0.227641 0.0553377
vn 0.811651 0.568225 -0.135437
vn 0.972171 0.227641 0.0553377
vn 0.856578 0.510977 0.0719484
vn 0.912344 0.395536 -0.105735
vn 0.767293 0.633021 -0.102695
vn 0.766861 0.640613 0.0392265
vn 0.544424 0.833832 -0.0912482
vn 0.766861 0.640613 0.0392265
vn 0.541242 0.839829 0.0417515
vn 0.544424 0.833832 -0.0912482
vn -0.25314 0.967287 0.0166123
vn -0.255107 0.964907 -0.0622474
vn -0.463678 0.884727 0.0475587
vn -0.255107 0.964907 -0.0622474
vn -0.47259 0.876908 -0.0876965
vn -0.463678 0.884727 0.0475587
vn -0.47259 0.876908 -0.0876965
vn -0.874258 0.471996 -0.113546
vn -0.871401 0.476454 0.116841
vn -0.463678 0.884727 0.0475587
vn -0.47259 0.876908 -0.0876965
vn -0.871401 0.476454 0.116841
vn 0.87827 0.210844 -0.429169
vn 0.956004 0.2172 -0.197181
vn 0.862507 0.38772 -0.325199
vn 0.956004 0.2172 -0.197181
vn 0.852734 0.499911 -0.15144
vn 0.862507 0.38772 -0.325199
vn 0.724239 0.62652 -0.288013
vn 0.759857 0.631546 -0.154162
vn 0.512979 0.829808 -0.21971
vn 0.759857 0.631546 -0.154162
vn 0.544424 0.833832 -0.0912482
vn 0.512979 0.829808 -0.21971
vn -0.235406 0.968144 0.085326
vn -0.25314 0.967287 0.0166123
vn -0.427369 0.887606 0.171788
vn -0.25314 0.967287 0.0166123
vn -0.463678 0.884727 0.0475587
vn -0.427369 0.887606 0.171788
vn -0.463678 0.884727 0.0475587
vn -0.871401 0.476454 0.116841
vn -0.80039 0.489385 0.346234
vn -0.427369 0.887606 0.171788
vn -0.463678 0.884727 0.0475587
vn -0.80039 0.489385 0.346234
vn 0.738561 0.207396 -0.641494
vn 0.87827 0.210844 -0.429169
vn 0.653212 0.558219 -0.511572
vn 0.87827 0.210844 -0.429169
vn 0.79251 0.493157 -0.358781
vn 0.752367 0.384308 -0.535025
vn 0.653212 0.558219 -0.511572
vn 0.614886 0.71122 -0.340707
vn 0.448256 0.826309 -0.340999
vn 0.614886 0.71122 -0.340707
vn 0.512979 0.829808 -0.21971
vn 0.448256 0.826309 -0.340999
vn -0.18533 0.971419 0.148317
vn -0.235406 0.968144 0.085326
vn -0.364474 0.88733 0.282497
vn -0.235406 0.968144 0.085326
vn -0.427369 0.887606 0.171788
vn -0.364474 0.88733 0.282497
vn -0.427369 0.887606 0.171788
vn -0.80039 0.489385 0.346234
vn -0.683273 0.487012 0.544019
vn -0.364474 0.88733 0.282497
vn -0.427369 0.887606 0.171788
vn -0.683273 0.487012 0.544019
vn 0.547222 0.202078 -0.812227
vn 0.738561 0.207396 -0.641494
vn 0.591314 0.380671 -0.710941
vn 0.738561 0.207396 -0.641494
vn 0.653212 0.558219 -0.511572
vn 0.54063 0.487429 -0.685661
vn 0.496901 0.620977 -0.606199
vn 0.599219 0.622523 -0.50339
vn 0.355006 0.824842 -0.440008
vn 0.599219 0.622523 -0.50339
vn 0.448256 0.826309 -0.340999
vn 0.355006 0.824842 -0.440008
vn -0.127922 0.972243 0.195906
vn -0.18533 0.971419 0.148317
vn -0.262458 0.889935 0.373004
vn -0.18533 0.971419 0.148317
vn -0.364474 0.88733 0.282497
vn -0.262458 0.889935 0.373004
vn -0.364474 0.88733 0.282497
vn -0.683273 0.487012 0.544019
vn -0.514192 0.485532 0.707012
vn -0.262458 0.889935 0.373004
vn -0.364474 0.88733 0.282497
vn -0.514192 0.485532 0.707012
vn 0.321975 0.203401 -0.92464
vn 0.547222 0.202078 -0.812227
vn 0.388906 0.378642 -0.839871
vn 0.547222 0.202078 -0.812227
vn 0.514465 0.488313 -0.704894
vn 0.35105 0.485688 -0.800544
vn 0.330881 0.619745 -0.711641
vn 0.373979 0.707804 -0.599294
vn 0.234602 0.825955 -0.512601
vn 0.451235 0.621308 -0.640596
vn 0.355006 0.824842 -0.440008
vn 0.234602 0.825955 -0.512601
vn -0.0650475 0.969963 0.234393
vn -0.127922 0.972243 0.195906
vn -0.147685 0.888748 0.433954
vn -0.127922 0.972243 0.195906
vn -0.262458 0.889935 0.373004
vn -0.147685 0.888748 0.433954
vn -0.262458 0.889935 0.373004
vn -0.514192 0.485532 0.707012
vn -0.309108 0.485087 0.818012
vn -0.147685 0.888748 0.433954
vn -0.262458 0.889935 0.373004
vn -0.309108 0.485087 0.818012
vn 0.0741657 0.213308 -0.974166
vn 0.321975 0.203401 -0.92464
vn 0.143865 0.490889 -0.859262
vn 0.321975 0.203401 -0.92464
vn 0.326072 0.486158 -0.810757
vn 0.169046 0.383783 -0.907818
vn 0.148732 0.624909 -0.766399
vn 0.28138 0.620842 -0.731697
vn 0.115543 0.827171 -0.549944
vn 0.220848 0.708415 -0.670354
vn 0.234602 0.825955 -0.512601
vn 0.115543 0.827171 -0.549944
vn 0.0134199 0.967955 0.250765
vn -0.0650475 0.969963 0.234393
vn -0.0192726 0.885711 0.463838
vn -0.0650475 0.969963 0.234393
vn -0.147685 0.888748 0.433954
vn -0.0192726 0.885711 0.463838
vn -0.147685 0.888748 0.433954
vn -0.309108 0.485087 0.818012
vn -0.0799054 0.483397 0.871747
vn -0.0192726 0.885711 0.463838
vn -0.147685 0.888748 0.433954
vn -0.0799054 0.483397 0.871747
vn -0.175093 0.221379 -0.95934
vn 0.0741657 0.213308 -0.974166
vn -0.0689783 0.395929 -0.915687
vn 0.0741657 0.213308 -0.974166
vn 0.112577 0.494598 -0.8618
vn -0.0689783 0.395929 -0.915687
vn -0.0499801 0.636487 -0.769666
vn 0.052633 0.715339 -0.696792
vn -0.0235712 0.836634 -0.547256
vn 0.0940139 0.627759 -0.772709
vn 0.115543 0.827171 -0.549944
vn -0.0235712 0.836634 -0.547256
vn 0.0891625 0.966198 0.241891
vn 0.0134199 0.967955 0.250765
vn 0.113458 0.882801 0.45584
vn 0.0134199 0.967955 0.250765
vn -0.0192726 0.885711 0.463838
vn 0.113458 0.882801 0.45584
vn 0.113458 0.882801 0.45584
vn -0.0192726 0.885711 0.463838
vn 0.153905 0.476609 0.865539
vn -0.0192726 0.885711 0.463838
vn -0.0799054 0.483397 0.871747
vn 0.153905 0.476609 0.865539
vt 0.531528 0.786426
vt 0.53539 0.790289
vt 0.531528 0.809599
vt 0.53539 0.790289
vt 0.53539 0.809599
vt 0.531528 0.809599
vt 0.53539 0.809599
vt 0.531528 0.840496
vt 0.531528 0.809599
vt 0.531528 0.840496
vt 0.527666 0.840496
vt 0.531528 0.809599
vt 0.593322 0.728495
vt 0.628081 0.728495
vt 0.628081 0.751668
vt 0.593322 0.751668
vt 0.593322 0.728495
vt 0.628081 0.751668
vt 0.593322 0.770978
vt 0.593322 0.751668
vt 0.628081 0.751668
vt 0.628081 0.770978
vt 0.593322 0.770978
vt 0.628081 0.751668
vt 0.593322 0.770978
vt 0.628081 0.770978
vt 0.628081 0.790289
vt 0.593322 0.790289
vt 0.593322 0.770978
vt 0.628081 0.790289
vt 0.728495 0.770978
vt 0.767116 0.770978
vt 0.728495 0.790289
vt 0.767116 0.770978
vt 0.767116 0.790289
vt 0.728495 0.790289
vt 0.728495 0.770978
vt 0.728495 0.751668
vt 0.767116 0.770978
vt 0.728495 0.751668
vt 0.767116 0.751668
vt 0.767116 0.770978
vt 0.767116 0.728495
vt 0.767116 0.751668
vt 0.728495 0.751668
vt 0.728495 0.728495
vt 0.767116 0.728495
vt 0.728495 0.751668
vt 0.728495 0.790289
vt 0.767116 0.790289
vt 0.767116 0.813461
vt 0.728495 0.813461
vt 0.728495 0.790289
vt 0.767116 0.813461
vt 0.593322 0.813461
vt 0.593322 0.790289
vt 0.628081 0.790289
vt 0.628081 0.813461
vt 0.593322 0.813461
vt 0.628081 0.790289
vt 0.728495 0.790289
vt 0.728495 0.813461
vt 0.674426 0.813461
vt 0.728495 0.790289
vt 0.674426 0.790289
vt 0.728495 0.770978
vt 0.674426 0.790289
vt 0.728495 0.790289
vt 0.674426 0.813461
vt 0.674426 0.790289
vt 0.674426 0.770978
vt 0.728495 0.770978
vt 0.728495 0.770978
vt 0.674426 0.770978
vt 0.728495 0.751668
vt 0.674426 0.770978
vt 0.674426 0.751668
vt 0.728495 0.751668
vt 0.728495 0.728495
vt 0.728495 0.751668
vt 0.674426 0.751668
vt 0.674426 0.728495
vt 0.728495 0.728495
vt 0.674426 0.751668
vt 0.674426 0.813461
vt 0.628081 0.813461
vt 0.674426 0.790289
vt 0.628081 0.813461
vt 0.628081 0.790289
vt 0.674426 0.790289
vt 0.628081 0.790289
vt 0.628081 0.770978
vt 0.674426 0.790289
vt 0.628081 0.770978
vt 0.674426 0.770978
vt 0.674426 0.790289
vt 0.674426 0.770978
vt 0.628081 0.770978
vt 0.674426 0.751668
vt 0.628081 0.770978
vt 0.628081 0.751668
vt 0.674426 0.751668
vt 0.628081 0.728495
vt 0.674426 0.728495
vt 0.628081 0.751668
vt 0.674426 0.728495
vt 0.674426 0.751668
vt 0.628081 0.751668
vt 0.948634 0.601046
vt 0.967945 0.631943
vt 0.913876 0.58946
vt 0.967945 0.631943
vt 0.879117 0.601046
vt 0.913876 0.58946
vt 0.879117 0.601046
vt 0.967945 0.631943
vt 0.859806 0.631943
vt 0.894565 0.686012
vt 0.863668 0.666702
vt 0.933186 0.686012
vt 0.863668 0.666702
vt 0.964083 0.666702
vt 0.933186 0.686012
vt 0.964083 0.666702
vt 0.863668 0.666702
vt 0.967945 0.631943
vt 0.863668 0.666702
vt 0.859806 0.631943
vt 0.967945 0.631943
vt 0.844358 0.678288
vt 0.863668 0.666702
vt 0.886841 0.709185
vt 0.863668 0.666702
vt 0.894565 0.686012
vt 0.886841 0.709185
vt 0.886841 0.709185
vt 0.894565 0.686012
vt 0.94091 0.709185
vt 0.894565 0.686012
vt 0.933186 0.686012
vt 0.94091 0.709185
vt 0.94091 0.709185
vt 0.933186 0.686012
vt 0.983393 0.678288
vt 0.933186 0.686012
vt 0.964083 0.666702
vt 0.983393 0.678288
vt 0.983393 0.678288
vt 0.964083 0.666702
vt 0.991117 0.624219
vt 0.964083 0.666702
vt 0.967945 0.631943
vt 0.991117 0.624219
vt 0.991117 0.624219
vt 0.967945 0.631943
vt 0.964083 0.581735
vt 0.967945 0.631943
vt 0.948634 0.601046
vt 0.964083 0.581735
vt 0.964083 0.581735
vt 0.948634 0.601046
vt 0.913876 0.562425
vt 0.948634 0.601046
vt 0.913876 0.58946
vt 0.913876 0.562425
vt 0.913876 0.562425
vt 0.913876 0.58946
vt 0.863668 0.577873
vt 0.913876 0.58946
vt 0.879117 0.601046
vt 0.863668 0.577873
vt 0.863668 0.577873
vt 0.879117 0.601046
vt 0.832771 0.624219
vt 0.879117 0.601046
vt 0.859806 0.631943
vt 0.832771 0.624219
vt 0.859806 0.631943
vt 0.863668 0.666702
vt 0.832771 0.624219
vt 0.863668 0.666702
vt 0.844358 0.678288
vt 0.832771 0.624219
vt 0.828909 0.886841
vt 0.852082 0.913876
vt 0.794151 0.871392
vt 0.852082 0.913876
vt 0.759392 0.882979
vt 0.794151 0.871392
vt 0.759392 0.882979
vt 0.852082 0.913876
vt 0.740081 0.913876
vt 0.77484 0.971807
vt 0.747805 0.948634
vt 0.813461 0.971807
vt 0.747805 0.948634
vt 0.844358 0.948634
vt 0.813461 0.971807
vt 0.844358 0.948634
vt 0.747805 0.948634
vt 0.852082 0.913876
vt 0.747805 0.948634
vt 0.740081 0.913876
vt 0.852082 0.913876
vt 0.724633 0.960221
vt 0.747805 0.948634
vt 0.767116 0.994979
vt 0.747805 0.948634
vt 0.77484 0.971807
vt 0.767116 0.994979
vt 0.767116 0.994979
vt 0.77484 0.971807
vt 0.821185 0.994979
vt 0.77484 0.971807
vt 0.813461 0.971807
vt 0.821185 0.994979
vt 0.821185 0.994979
vt 0.813461 0.971807
vt 0.863668 0.964083
vt 0.813461 0.971807
vt 0.844358 0.948634
vt 0.863668 0.964083
vt 0.863668 0.964083
vt 0.844358 0.948634
vt 0.875255 0.910013
vt 0.844358 0.948634
vt 0.852082 0.913876
vt 0.875255 0.910013
vt 0.875255 0.910013
vt 0.852082 0.913876
vt 0.844358 0.863668
vt 0.852082 0.913876
vt 0.828909 0.886841
vt 0.844358 0.863668
vt 0.844358 0.863668
vt 0.828909 0.886841
vt 0.794151 0.84822
vt 0.828909 0.886841
vt 0.794151 0.871392
vt 0.794151 0.84822
vt 0.794151 0.84822
vt 0.794151 0.871392
vt 0.743943 0.863668
vt 0.794151 0.871392
vt 0.759392 0.882979
vt 0.743943 0.863668
vt 0.743943 0.863668
vt 0.759392 0.882979
vt 0.713047 0.910013
vt 0.759392 0.882979
vt 0.740081 0.913876
vt 0.713047 0.910013
vt 0.740081 0.913876
vt 0.747805 0.948634
vt 0.713047 0.910013
vt 0.747805 0.948634
vt 0.724633 0.960221
vt 0.713047 0.910013
vt 0.334562 0.0719393
vt 0.346148 0.114422
vt 0.307527 0.0449047
vt 0.346148 0.114422
vt 0.326837 0.156905
vt 0.307527 0.0449047
vt 0.307527 0.0449047
vt 0.326837 0.156905
vt 0.106698 0.0449047
vt 0.326837 0.156905
vt 0.292079 0.18394
vt 0.106698 0.0449047
vt 0.0642151 0.156905
vt 0.0526288 0.114422
vt 0.0912498 0.18394
vt 0.0526288 0.114422
vt 0.0719393 0.0719393
vt 0.0912498 0.18394
vt 0.106698 0.0449047
vt 0.292079 0.18394
vt 0.0719393 0.0719393
vt 0.292079 0.18394
vt 0.0912498 0.18394
vt 0.0719393 0.0719393
vt 0.0912498 0.18394
vt 0.292079 0.18394
vt 0.0758014 0.214837
vt 0.292079 0.18394
vt 0.303665 0.214837
vt 0.0758014 0.214837
vt 0.0758014 0.214837
vt 0.0333184 0.176216
vt 0.0912498 0.18394
vt 0.0333184 0.176216
vt 0.0642151 0.156905
vt 0.0912498 0.18394
vt 0.0333184 0.176216
vt 0.01787 0.114422
vt 0.0642151 0.156905
vt 0.01787 0.114422
vt 0.0526288 0.114422
vt 0.0642151 0.156905
vt 0.01787 0.114422
vt 0.0410426 0.0526288
vt 0.0526288 0.114422
vt 0.0410426 0.0526288
vt 0.0719393 0.0719393
vt 0.0526288 0.114422
vt 0.0410426 0.0526288
vt 0.0951119 0.0140079
vt 0.0719393 0.0719393
vt 0.0951119 0.0140079
vt 0.106698 0.0449047
vt 0.0719393 0.0719393
vt 0.0951119 0.0140079
vt 0.322975 0.0140079
vt 0.106698 0.0449047
vt 0.322975 0.0140079
vt 0.307527 0.0449047
vt 0.106698 0.0449047
vt 0.303665 0.214837
vt 0.292079 0.18394
vt 0.326837 0.156905
vt 0.353872 0.176216
vt 0.303665 0.214837
vt 0.326837 0.156905
vt 0.353872 0.176216
vt 0.326837 0.156905
vt 0.346148 0.114422
vt 0.380907 0.114422
vt 0.353872 0.176216
vt 0.346148 0.114422
vt 0.380907 0.114422
vt 0.346148 0.114422
vt 0.334562 0.0719393
vt 0.365458 0.0526288
vt 0.380907 0.114422
vt 0.334562 0.0719393
vt 0.322975 0.0140079
vt 0.365458 0.0526288
vt 0.307527 0.0449047
vt 0.365458 0.0526288
vt 0.334562 0.0719393
vt 0.307527 0.0449047
vt 0.94091 0.763254
vt 0.960221 0.794151
vt 0.902289 0.751668
vt 0.960221 0.794151
vt 0.86753 0.763254
vt 0.902289 0.751668
vt 0.86753 0.763254
vt 0.960221 0.794151
vt 0.84822 0.794151
vt 0.886841 0.84822
vt 0.855944 0.828909
vt 0.925462 0.84822
vt 0.855944 0.828909
vt 0.952496 0.828909
vt 0.925462 0.84822
vt 0.952496 0.828909
vt 0.855944 0.828909
vt 0.960221 0.794151
vt 0.855944 0.828909
vt 0.84822 0.794151
vt 0.960221 0.794151
vt 0.836634 0.840496
vt 0.855944 0.828909
vt 0.879117 0.871392
vt 0.855944 0.828909
vt 0.886841 0.84822
vt 0.879117 0.871392
vt 0.879117 0.871392
vt 0.886841 0.84822
vt 0.933186 0.871392
vt 0.886841 0.84822
vt 0.925462 0.84822
vt 0.933186 0.871392
vt 0.933186 0.871392
vt 0.925462 0.84822
vt 0.975669 0.840496
vt 0.925462 0.84822
vt 0.952496 0.828909
vt 0.975669 0.840496
vt 0.975669 0.840496
vt 0.952496 0.828909
vt 0.983393 0.786426
vt 0.952496 0.828909
vt 0.960221 0.794151
vt 0.983393 0.786426
vt 0.983393 0.786426
vt 0.960221 0.794151
vt 0.952496 0.740081
vt 0.960221 0.794151
vt 0.94091 0.763254
vt 0.952496 0.740081
vt 0.952496 0.740081
vt 0.94091 0.763254
vt 0.902289 0.724633
vt 0.94091 0.763254
vt 0.902289 0.751668
vt 0.902289 0.724633
vt 0.902289 0.724633
vt 0.902289 0.751668
vt 0.852082 0.743943
vt 0.902289 0.751668
vt 0.86753 0.763254
vt 0.852082 0.743943
vt 0.852082 0.743943
vt 0.86753 0.763254
vt 0.825047 0.786426
vt 0.86753 0.763254
vt 0.84822 0.794151
vt 0.825047 0.786426
vt 0.84822 0.794151
vt 0.855944 0.828909
vt 0.825047 0.786426
vt 0.855944 0.828909
vt 0.836634 0.840496
vt 0.825047 0.786426
vt 0.77484 0.624219
vt 0.798013 0.624219
vt 0.798013 0.647391
vt 0.77484 0.647391
vt 0.798013 0.647391
vt 0.798013 0.666702
vt 0.77484 0.647391
vt 0.77484 0.624219
vt 0.798013 0.647391
vt 0.732357 0.666702
vt 0.77484 0.666702
vt 0.732357 0.686012
vt 0.732357 0.666702
vt 0.732357 0.647391
vt 0.77484 0.666702
vt 0.732357 0.624219
vt 0.77484 0.624219
vt 0.732357 0.647391
vt 0.77484 0.624219
vt 0.77484 0.647391
vt 0.732357 0.647391
vt 0.732357 0.647391
vt 0.77484 0.647391
vt 0.77484 0.666702
vt 0.77484 0.666702
vt 0.77484 0.647391
vt 0.798013 0.666702
vt 0.77484 0.666702
vt 0.798013 0.666702
vt 0.77484 0.686012
vt 0.798013 0.666702
vt 0.798013 0.686012
vt 0.77484 0.686012
vt 0.798013 0.709185
vt 0.77484 0.709185
vt 0.798013 0.686012
vt 0.77484 0.709185
vt 0.77484 0.686012
vt 0.798013 0.686012
vt 0.593322 0.666702
vt 0.628081 0.666702
vt 0.628081 0.686012
vt 0.593322 0.624219
vt 0.628081 0.624219
vt 0.628081 0.647391
vt 0.77484 0.666702
vt 0.77484 0.686012
vt 0.732357 0.686012
vt 0.732357 0.686012
vt 0.77484 0.686012
vt 0.77484 0.709185
vt 0.732357 0.709185
vt 0.732357 0.686012
vt 0.77484 0.709185
vt 0.628081 0.666702
vt 0.593322 0.666702
vt 0.628081 0.647391
vt 0.593322 0.647391
vt 0.593322 0.624219
vt 0.628081 0.647391
vt 0.593322 0.666702
vt 0.593322 0.647391
vt 0.628081 0.647391
vt 0.570149 0.624219
vt 0.593322 0.624219
vt 0.593322 0.647391
vt 0.570149 0.647391
vt 0.570149 0.624219
vt 0.593322 0.647391
vt 0.570149 0.647391
vt 0.593322 0.647391
vt 0.593322 0.666702
vt 0.570149 0.666702
vt 0.570149 0.647391
vt 0.593322 0.666702
vt 0.593322 0.686012
vt 0.593322 0.666702
vt 0.628081 0.686012
vt 0.570149 0.666702
vt 0.593322 0.666702
vt 0.593322 0.686012
vt 0.570149 0.686012
vt 0.570149 0.666702
vt 0.593322 0.686012
vt 0.570149 0.709185
vt 0.570149 0.686012
vt 0.593322 0.709185
vt 0.570149 0.686012
vt 0.593322 0.686012
vt 0.593322 0.709185
vt 0.593322 0.709185
vt 0.593322 0.686012
vt 0.628081 0.686012
vt 0.628081 0.709185
vt 0.593322 0.709185
vt 0.628081 0.686012
vt 0.732357 0.686012
vt 0.732357 0.709185
vt 0.678288 0.709185
vt 0.732357 0.686012
vt 0.678288 0.686012
vt 0.732357 0.666702
vt 0.678288 0.686012
vt 0.732357 0.686012
vt 0.678288 0.709185
vt 0.678288 0.686012
vt 0.678288 0.666702
vt 0.732357 0.666702
vt 0.732357 0.666702
vt 0.678288 0.666702
vt 0.732357 0.647391
vt 0.678288 0.666702
vt 0.678288 0.647391
vt 0.732357 0.647391
vt 0.732357 0.624219
vt 0.732357 0.647391
vt 0.678288 0.647391
vt 0.678288 0.624219
vt 0.732357 0.624219
vt 0.678288 0.647391
vt 0.678288 0.709185
vt 0.628081 0.709185
vt 0.678288 0.686012
vt 0.628081 0.709185
vt 0.628081 0.686012
vt 0.678288 0.686012
vt 0.628081 0.686012
vt 0.628081 0.666702
vt 0.678288 0.686012
vt 0.628081 0.666702
vt 0.678288 0.666702
vt 0.678288 0.686012
vt 0.678288 0.666702
vt 0.628081 0.666702
vt 0.678288 0.647391
vt 0.628081 0.666702
vt 0.628081 0.647391
vt 0.678288 0.647391
vt 0.628081 0.624219
vt 0.678288 0.624219
vt 0.628081 0.647391
vt 0.678288 0.624219
vt 0.678288 0.647391
vt 0.628081 0.647391
vt 0.651253 0.882979
vt 0.674426 0.913876
vt 0.616494 0.871392
vt 0.674426 0.913876
vt 0.581735 0.882979
vt 0.616494 0.871392
vt 0.581735 0.882979
vt 0.674426 0.913876
vt 0.562425 0.913876
vt 0.601046 0.967945
vt 0.570149 0.948634
vt 0.635805 0.967945
vt 0.570149 0.948634
vt 0.666702 0.948634
vt 0.635805 0.967945
vt 0.666702 0.948634
vt 0.570149 0.948634
vt 0.674426 0.913876
vt 0.570149 0.948634
vt 0.562425 0.913876
vt 0.674426 0.913876
vt 0.546977 0.960221
vt 0.570149 0.948634
vt 0.593322 0.991117
vt 0.570149 0.948634
vt 0.601046 0.967945
vt 0.593322 0.991117
vt 0.593322 0.991117
vt 0.601046 0.967945
vt 0.643529 0.991117
vt 0.601046 0.967945
vt 0.635805 0.967945
vt 0.643529 0.991117
vt 0.643529 0.991117
vt 0.635805 0.967945
vt 0.686012 0.960221
vt 0.635805 0.967945
vt 0.666702 0.948634
vt 0.686012 0.960221
vt 0.686012 0.960221
vt 0.666702 0.948634
vt 0.70146 0.906151
vt 0.666702 0.948634
vt 0.674426 0.913876
vt 0.70146 0.906151
vt 0.70146 0.906151
vt 0.674426 0.913876
vt 0.666702 0.863668
vt 0.674426 0.913876
vt 0.651253 0.882979
vt 0.666702 0.863668
vt 0.666702 0.863668
vt 0.651253 0.882979
vt 0.616494 0.844358
vt 0.651253 0.882979
vt 0.616494 0.871392
vt 0.616494 0.844358
vt 0.616494 0.844358
vt 0.616494 0.871392
vt 0.566287 0.863668
vt 0.616494 0.871392
vt 0.581735 0.882979
vt 0.566287 0.863668
vt 0.566287 0.863668
vt 0.581735 0.882979
vt 0.539253 0.906151
vt 0.581735 0.882979
vt 0.562425 0.913876
vt 0.539253 0.906151
vt 0.562425 0.913876
vt 0.570149 0.948634
vt 0.539253 0.906151
vt 0.570149 0.948634
vt 0.546977 0.960221
vt 0.539253 0.906151
vt 0.3307 0.288217
vt 0.338424 0.3307
vt 0.299803 0.265044
vt 0.338424 0.3307
vt 0.319113 0.373183
vt 0.299803 0.265044
vt 0.319113 0.373183
vt 0.284354 0.400217
vt 0.299803 0.265044
vt 0.284354 0.400217
vt 0.098974 0.265044
vt 0.299803 0.265044
vt 0.0564909 0.377045
vt 0.0487668 0.334562
vt 0.0835256 0.400217
vt 0.0487668 0.334562
vt 0.0680772 0.288217
vt 0.0835256 0.400217
vt 0.0680772 0.288217
vt 0.098974 0.265044
vt 0.0835256 0.400217
vt 0.098974 0.265044
vt 0.284354 0.400217
vt 0.0835256 0.400217
vt 0.0835256 0.400217
vt 0.284354 0.400217
vt 0.0719393 0.431114
vt 0.284354 0.400217
vt 0.299803 0.431114
vt 0.0719393 0.431114
vt 0.0719393 0.431114
vt 0.0255942 0.392493
vt 0.0835256 0.400217
vt 0.0255942 0.392493
vt 0.0564909 0.377045
vt 0.0835256 0.400217
vt 0.0255942 0.392493
vt 0.0140079 0.334562
vt 0.0564909 0.377045
vt 0.0140079 0.334562
vt 0.0487668 0.334562
vt 0.0564909 0.377045
vt 0.0140079 0.334562
vt 0.0371805 0.268906
vt 0.0487668 0.334562
vt 0.0371805 0.268906
vt 0.0680772 0.288217
vt 0.0487668 0.334562
vt 0.0371805 0.268906
vt 0.0873877 0.230285
vt 0.0680772 0.288217
vt 0.0873877 0.230285
vt 0.098974 0.265044
vt 0.0680772 0.288217
vt 0.0873877 0.230285
vt 0.315251 0.230285
vt 0.098974 0.265044
vt 0.315251 0.230285
vt 0.299803 0.265044
vt 0.098974 0.265044
vt 0.299803 0.431114
vt 0.284354 0.400217
vt 0.319113 0.373183
vt 0.35001 0.396355
vt 0.299803 0.431114
vt 0.319113 0.373183
vt 0.35001 0.396355
vt 0.319113 0.373183
vt 0.338424 0.3307
vt 0.373183 0.3307
vt 0.35001 0.396355
vt 0.338424 0.3307
vt 0.373183 0.3307
vt 0.338424 0.3307
vt 0.3307 0.288217
vt 0.357734 0.268906
vt 0.373183 0.3307
vt 0.3307 0.288217
vt 0.315251 0.230285
vt 0.357734 0.268906
vt 0.299803 0.265044
vt 0.357734 0.268906
vt 0.3307 0.288217
vt 0.299803 0.265044
vt 0.01787 0.75553
vt 0.0101458 0.686012
vt 0.0217321 0.75553
vt 0.0101458 0.686012
vt 0.0140079 0.686012
vt 0.0217321 0.75553
vt 0.0140079 0.686012
vt 0.01787 0.686012
vt 0.0255942 0.75553
vt 0.0217321 0.75553
vt 0.0140079 0.686012
vt 0.0255942 0.75553
vt 0.0333184 0.821185
vt 0.01787 0.75553
vt 0.0371805 0.821185
vt 0.01787 0.75553
vt 0.0217321 0.75553
vt 0.0371805 0.821185
vt 0.0217321 0.75553
vt 0.0255942 0.75553
vt 0.0410426 0.817323
vt 0.0371805 0.821185
vt 0.0217321 0.75553
vt 0.0410426 0.817323
vt 0.0680772 0.882979
vt 0.0333184 0.821185
vt 0.0719393 0.879117
vt 0.0333184 0.821185
vt 0.0371805 0.821185
vt 0.0719393 0.879117
vt 0.0719393 0.879117
vt 0.0371805 0.821185
vt 0.0410426 0.817323
vt 0.0758014 0.879117
vt 0.0719393 0.879117
vt 0.0410426 0.817323
vt 0.118284 0.933186
vt 0.0680772 0.882979
vt 0.122147 0.929324
vt 0.0680772 0.882979
vt 0.0719393 0.879117
vt 0.122147 0.929324
vt 0.122147 0.929324
vt 0.0719393 0.879117
vt 0.0758014 0.879117
vt 0.122147 0.925462
vt 0.122147 0.929324
vt 0.0758014 0.879117
vt 0.176216 0.967945
vt 0.118284 0.933186
vt 0.180078 0.964083
vt 0.118284 0.933186
vt 0.122147 0.929324
vt 0.180078 0.964083
vt 0.180078 0.964083
vt 0.122147 0.929324
vt 0.122147 0.925462
vt 0.18394 0.960221
vt 0.180078 0.964083
vt 0.122147 0.925462
vt 0.249596 0.983393
vt 0.176216 0.967945
vt 0.180078 0.964083
vt 0.299803 0.987255
vt 0.249596 0.983393
vt 0.299803 0.983393
vt 0.249596 0.983393
vt 0.249596 0.979531
vt 0.299803 0.983393
vt 0.249596 0.979531
vt 0.249596 0.983393
vt 0.180078 0.964083
vt 0.180078 0.964083
vt 0.18394 0.960221
vt 0.249596 0.975669
vt 0.249596 0.979531
vt 0.180078 0.964083
vt 0.249596 0.975669
vt 0.299803 0.983393
vt 0.249596 0.979531
vt 0.249596 0.975669
vt 0.299803 0.979531
vt 0.299803 0.983393
vt 0.249596 0.975669
vt 0.388631 0.964083
vt 0.388631 0.967945
vt 0.334562 0.975669
vt 0.388631 0.967945
vt 0.334562 0.979531
vt 0.334562 0.975669
vt 0.299803 0.979531
vt 0.334562 0.975669
vt 0.334562 0.979531
vt 0.299803 0.983393
vt 0.299803 0.979531
vt 0.334562 0.979531
vt 0.299803 0.987255
vt 0.299803 0.983393
vt 0.334562 0.979531
vt 0.338424 0.983393
vt 0.299803 0.987255
vt 0.334562 0.979531
vt 0.392493 0.971807
vt 0.338424 0.983393
vt 0.334562 0.979531
vt 0.388631 0.967945
vt 0.392493 0.971807
vt 0.334562 0.979531
vt 0.454286 0.937048
vt 0.392493 0.971807
vt 0.454286 0.937048
vt 0.392493 0.971807
vt 0.388631 0.967945
vt 0.454286 0.937048
vt 0.388631 0.964083
vt 0.450424 0.933186
vt 0.388631 0.967945
vt 0.450424 0.933186
vt 0.454286 0.937048
vt 0.388631 0.967945
vt 0.492907 0.902289
vt 0.489045 0.898427
vt 0.508356 0.875255
vt 0.489045 0.898427
vt 0.492907 0.902289
vt 0.450424 0.933186
vt 0.492907 0.902289
vt 0.454286 0.937048
vt 0.450424 0.933186
vt 0.454286 0.937048
vt 0.454286 0.937048
vt 0.492907 0.902289
vt 0.492907 0.906151
vt 0.454286 0.937048
vt 0.492907 0.902289
vt 0.512218 0.875255
vt 0.492907 0.902289
vt 0.508356 0.875255
vt 0.492907 0.906151
vt 0.492907 0.902289
vt 0.512218 0.875255
vt 0.51608 0.879117
vt 0.492907 0.906151
vt 0.512218 0.875255
vt 0.53539 0.840496
vt 0.51608 0.879117
vt 0.512218 0.875255
vt 0.527666 0.840496
vt 0.531528 0.840496
vt 0.508356 0.875255
vt 0.531528 0.840496
vt 0.512218 0.875255
vt 0.508356 0.875255
vt 0.531528 0.840496
vt 0.53539 0.840496
vt 0.512218 0.875255
vt 0.53539 0.840496
vt 0.531528 0.840496
vt 0.53539 0.809599
vt 0.539253 0.809599
vt 0.53539 0.840496
vt 0.53539 0.809599
vt 0.539253 0.809599
vt 0.53539 0.809599
vt 0.53539 0.790289
vt 0.539253 0.790289
vt 0.539253 0.809599
vt 0.53539 0.790289
vt 0.539253 0.770978
vt 0.539253 0.790289
vt 0.53539 0.767116
vt 0.539253 0.790289
vt 0.53539 0.790289
vt 0.53539 0.767116
vt 0.53539 0.767116
vt 0.53539 0.790289
vt 0.531528 0.786426
vt 0.531528 0.767116
vt 0.53539 0.767116
vt 0.531528 0.786426
vt 0.539253 0.732357
vt 0.539253 0.770978
vt 0.53539 0.736219
vt 0.539253 0.770978
vt 0.53539 0.767116
vt 0.53539 0.736219
vt 0.53539 0.767116
vt 0.531528 0.767116
vt 0.53539 0.736219
vt 0.531528 0.767116
vt 0.531528 0.736219
vt 0.53539 0.736219
vt 0.539253 0.697598
vt 0.539253 0.732357
vt 0.53539 0.697598
vt 0.539253 0.732357
vt 0.53539 0.736219
vt 0.53539 0.697598
vt 0.53539 0.697598
vt 0.53539 0.736219
vt 0.531528 0.736219
vt 0.531528 0.70146
vt 0.53539 0.697598
vt 0.531528 0.736219
vt 0.51608 0.624219
vt 0.519942 0.624219
vt 0.527666 0.662839
vt 0.519942 0.624219
vt 0.531528 0.662839
vt 0.527666 0.662839
vt 0.531528 0.70146
vt 0.527666 0.662839
vt 0.531528 0.662839
vt 0.53539 0.697598
vt 0.531528 0.70146
vt 0.531528 0.662839
vt 0.539253 0.697598
vt 0.53539 0.697598
vt 0.531528 0.662839
vt 0.53539 0.658977
vt 0.539253 0.697598
vt 0.531528 0.662839
vt 0.523804 0.624219
vt 0.53539 0.658977
vt 0.531528 0.662839
vt 0.519942 0.624219
vt 0.523804 0.624219
vt 0.531528 0.662839
vt 0.512218 0.593322
vt 0.523804 0.624219
vt 0.508356 0.593322
vt 0.523804 0.624219
vt 0.519942 0.624219
vt 0.508356 0.593322
vt 0.519942 0.624219
vt 0.51608 0.624219
vt 0.508356 0.593322
vt 0.51608 0.624219
vt 0.504494 0.597184
vt 0.508356 0.593322
vt 0.485183 0.546977
vt 0.512218 0.593322
vt 0.481321 0.550839
vt 0.512218 0.593322
vt 0.508356 0.593322
vt 0.481321 0.550839
vt 0.481321 0.550839
vt 0.508356 0.593322
vt 0.504494 0.597184
vt 0.477459 0.554701
vt 0.481321 0.550839
vt 0.504494 0.597184
vt 0.434976 0.500632
vt 0.485183 0.546977
vt 0.431114 0.500632
vt 0.485183 0.546977
vt 0.481321 0.550839
vt 0.431114 0.500632
vt 0.481321 0.550839
vt 0.477459 0.554701
vt 0.431114 0.500632
vt 0.477459 0.554701
vt 0.431114 0.504494
vt 0.431114 0.500632
vt 0.434976 0.500632
vt 0.431114 0.500632
vt 0.373183 0.465873
vt 0.431114 0.500632
vt 0.373183 0.469735
vt 0.373183 0.465873
vt 0.431114 0.500632
vt 0.431114 0.504494
vt 0.373183 0.469735
vt 0.431114 0.504494
vt 0.36932 0.473597
vt 0.373183 0.469735
vt 0.373183 0.465873
vt 0.373183 0.469735
vt 0.307527 0.446562
vt 0.373183 0.469735
vt 0.303665 0.450424
vt 0.307527 0.446562
vt 0.303665 0.450424
vt 0.373183 0.469735
vt 0.36932 0.473597
vt 0.303665 0.454286
vt 0.303665 0.450424
vt 0.36932 0.473597
vt 0.307527 0.446562
vt 0.303665 0.450424
vt 0.238009 0.450424
vt 0.303665 0.450424
vt 0.238009 0.454286
vt 0.238009 0.450424
vt 0.238009 0.454286
vt 0.303665 0.450424
vt 0.303665 0.454286
vt 0.238009 0.458149
vt 0.238009 0.454286
vt 0.303665 0.454286
vt 0.238009 0.450424
vt 0.238009 0.454286
vt 0.168492 0.465873
vt 0.238009 0.454286
vt 0.168492 0.469735
vt 0.168492 0.465873
vt 0.168492 0.469735
vt 0.238009 0.454286
vt 0.238009 0.458149
vt 0.172354 0.473597
vt 0.168492 0.469735
vt 0.238009 0.458149
vt 0.168492 0.465873
vt 0.168492 0.469735
vt 0.11056 0.504494
vt 0.168492 0.469735
vt 0.114422 0.508356
vt 0.11056 0.504494
vt 0.114422 0.508356
vt 0.168492 0.469735
vt 0.172354 0.473597
vt 0.114422 0.512218
vt 0.114422 0.508356
vt 0.172354 0.473597
vt 0.11056 0.504494
vt 0.114422 0.508356
vt 0.0642151 0.558563
vt 0.114422 0.508356
vt 0.0680772 0.562425
vt 0.0642151 0.558563
vt 0.114422 0.508356
vt 0.114422 0.512218
vt 0.0680772 0.562425
vt 0.114422 0.512218
vt 0.0719393 0.562425
vt 0.0680772 0.562425
vt 0.0642151 0.558563
vt 0.0680772 0.562425
vt 0.0294563 0.620356
vt 0.0680772 0.562425
vt 0.0333184 0.620356
vt 0.0294563 0.620356
vt 0.0680772 0.562425
vt 0.0719393 0.562425
vt 0.0333184 0.620356
vt 0.0719393 0.562425
vt 0.0371805 0.620356
vt 0.0333184 0.620356
vt 0.0294563 0.620356
vt 0.0333184 0.620356
vt 0.0101458 0.686012
vt 0.0333184 0.620356
vt 0.0140079 0.686012
vt 0.0101458 0.686012
vt 0.0333184 0.620356
vt 0.0371805 0.620356
vt 0.0140079 0.686012
vt 0.0371805 0.620356
vt 0.01787 0.686012
vt 0.0140079 0.686012
vt 0.180078 0.770978
vt 0.199388 0.794151
vt 0.126009 0.778702
vt 0.199388 0.794151
vt 0.176216 0.844358
vt 0.126009 0.778702
vt 0.126009 0.778702
vt 0.176216 0.844358
vt 0.098974 0.817323
vt 0.176216 0.844358
vt 0.129871 0.859806
vt 0.098974 0.817323
vt 0.129871 0.859806
vt 0.102836 0.890703
vt 0.0642151 0.836634
vt 0.098974 0.817323
vt 0.129871 0.859806
vt 0.0642151 0.836634
vt 0.168492 0.743943
vt 0.180078 0.770978
vt 0.126009 0.778702
vt 0.098974 0.817323
vt 0.0642151 0.836634
vt 0.0371805 0.778702
vt 0.0796635 0.767116
vt 0.126009 0.778702
vt 0.098974 0.817323
vt 0.0796635 0.767116
vt 0.098974 0.817323
vt 0.0371805 0.778702
vt 0.16463 0.716909
vt 0.168492 0.743943
vt 0.114422 0.693736
vt 0.168492 0.743943
vt 0.126009 0.778702
vt 0.114422 0.693736
vt 0.114422 0.693736
vt 0.126009 0.778702
vt 0.0719393 0.716909
vt 0.126009 0.778702
vt 0.0796635 0.767116
vt 0.0719393 0.716909
vt 0.0796635 0.767116
vt 0.0371805 0.778702
vt 0.0294563 0.716909
vt 0.0719393 0.716909
vt 0.0796635 0.767116
vt 0.0294563 0.716909
vt 0.168492 0.686012
vt 0.16463 0.716909
vt 0.114422 0.693736
vt 0.0719393 0.716909
vt 0.0294563 0.716909
vt 0.0410426 0.651253
vt 0.0796635 0.662839
vt 0.114422 0.693736
vt 0.0719393 0.716909
vt 0.0796635 0.662839
vt 0.0719393 0.716909
vt 0.0410426 0.651253
vt 0.180078 0.658977
vt 0.168492 0.686012
vt 0.149181 0.616494
vt 0.168492 0.686012
vt 0.114422 0.693736
vt 0.149181 0.616494
vt 0.149181 0.616494
vt 0.114422 0.693736
vt 0.098974 0.612632
vt 0.114422 0.693736
vt 0.0796635 0.662839
vt 0.098974 0.612632
vt 0.0796635 0.662839
vt 0.0410426 0.651253
vt 0.0642151 0.593322
vt 0.098974 0.612632
vt 0.0796635 0.662839
vt 0.0642151 0.593322
vt 0.199388 0.639667
vt 0.180078 0.658977
vt 0.149181 0.616494
vt 0.098974 0.612632
vt 0.0642151 0.593322
vt 0.102836 0.543115
vt 0.133733 0.570149
vt 0.149181 0.616494
vt 0.098974 0.612632
vt 0.133733 0.570149
vt 0.098974 0.612632
vt 0.102836 0.543115
vt 0.222561 0.620356
vt 0.199388 0.639667
vt 0.214837 0.566287
vt 0.199388 0.639667
vt 0.149181 0.616494
vt 0.214837 0.566287
vt 0.214837 0.566287
vt 0.149181 0.616494
vt 0.176216 0.539253
vt 0.149181 0.616494
vt 0.133733 0.570149
vt 0.176216 0.539253
vt 0.133733 0.570149
vt 0.102836 0.543115
vt 0.153043 0.504494
vt 0.176216 0.539253
vt 0.133733 0.570149
vt 0.153043 0.504494
vt 0.245733 0.60877
vt 0.222561 0.620356
vt 0.214837 0.566287
vt 0.176216 0.539253
vt 0.153043 0.504494
vt 0.214837 0.481321
vt 0.222561 0.519942
vt 0.214837 0.566287
vt 0.176216 0.539253
vt 0.222561 0.519942
vt 0.176216 0.539253
vt 0.214837 0.481321
vt 0.27663 0.604908
vt 0.245733 0.60877
vt 0.299803 0.554701
vt 0.245733 0.60877
vt 0.214837 0.566287
vt 0.299803 0.554701
vt 0.299803 0.554701
vt 0.214837 0.566287
vt 0.27663 0.512218
vt 0.214837 0.566287
vt 0.222561 0.519942
vt 0.27663 0.512218
vt 0.222561 0.519942
vt 0.214837 0.481321
vt 0.27663 0.469735
vt 0.27663 0.512218
vt 0.222561 0.519942
vt 0.27663 0.469735
vt 0.303665 0.60877
vt 0.27663 0.604908
vt 0.299803 0.554701
vt 0.27663 0.512218
vt 0.27663 0.469735
vt 0.342286 0.481321
vt 0.3307 0.519942
vt 0.299803 0.554701
vt 0.27663 0.512218
vt 0.3307 0.519942
vt 0.27663 0.512218
vt 0.342286 0.481321
vt 0.3307 0.620356
vt 0.303665 0.60877
vt 0.377045 0.58946
vt 0.303665 0.60877
vt 0.299803 0.554701
vt 0.377045 0.58946
vt 0.377045 0.58946
vt 0.299803 0.554701
vt 0.380907 0.539253
vt 0.299803 0.554701
vt 0.3307 0.519942
vt 0.380907 0.539253
vt 0.3307 0.519942
vt 0.342286 0.481321
vt 0.400217 0.504494
vt 0.380907 0.539253
vt 0.3307 0.519942
vt 0.400217 0.504494
vt 0.353872 0.639667
vt 0.3307 0.620356
vt 0.377045 0.58946
vt 0.380907 0.539253
vt 0.400217 0.504494
vt 0.450424 0.543115
vt 0.419528 0.574011
vt 0.377045 0.58946
vt 0.380907 0.539253
vt 0.419528 0.574011
vt 0.380907 0.539253
vt 0.450424 0.543115
vt 0.373183 0.662839
vt 0.353872 0.639667
vt 0.427252 0.655115
vt 0.353872 0.639667
vt 0.377045 0.58946
vt 0.427252 0.655115
vt 0.427252 0.655115
vt 0.377045 0.58946
vt 0.454286 0.616494
vt 0.377045 0.58946
vt 0.419528 0.574011
vt 0.454286 0.616494
vt 0.419528 0.574011
vt 0.450424 0.543115
vt 0.489045 0.593322
vt 0.454286 0.616494
vt 0.419528 0.574011
vt 0.489045 0.593322
vt 0.384769 0.689874
vt 0.373183 0.662839
vt 0.427252 0.655115
vt 0.454286 0.616494
vt 0.489045 0.593322
vt 0.512218 0.655115
vt 0.473597 0.662839
vt 0.427252 0.655115
vt 0.454286 0.616494
vt 0.473597 0.662839
vt 0.454286 0.616494
vt 0.512218 0.655115
vt 0.388631 0.716909
vt 0.384769 0.689874
vt 0.434976 0.740081
vt 0.384769 0.689874
vt 0.427252 0.655115
vt 0.434976 0.740081
vt 0.434976 0.740081
vt 0.427252 0.655115
vt 0.481321 0.716909
vt 0.427252 0.655115
vt 0.473597 0.662839
vt 0.481321 0.716909
vt 0.473597 0.662839
vt 0.512218 0.655115
vt 0.519942 0.716909
vt 0.481321 0.716909
vt 0.473597 0.662839
vt 0.519942 0.716909
vt 0.384769 0.743943
vt 0.388631 0.716909
vt 0.434976 0.740081
vt 0.481321 0.716909
vt 0.519942 0.716909
vt 0.512218 0.782564
vt 0.473597 0.770978
vt 0.434976 0.740081
vt 0.481321 0.716909
vt 0.473597 0.770978
vt 0.481321 0.716909
vt 0.512218 0.782564
vt 0.373183 0.77484
vt 0.384769 0.743943
vt 0.404079 0.817323
vt 0.384769 0.743943
vt 0.434976 0.740081
vt 0.404079 0.817323
vt 0.404079 0.817323
vt 0.434976 0.740081
vt 0.454286 0.821185
vt 0.434976 0.740081
vt 0.473597 0.770978
vt 0.454286 0.821185
vt 0.473597 0.770978
vt 0.512218 0.782564
vt 0.489045 0.840496
vt 0.454286 0.821185
vt 0.473597 0.770978
vt 0.489045 0.840496
vt 0.353872 0.794151
vt 0.373183 0.77484
vt 0.404079 0.817323
vt 0.454286 0.821185
vt 0.489045 0.840496
vt 0.450424 0.890703
vt 0.419528 0.859806
vt 0.404079 0.817323
vt 0.454286 0.821185
vt 0.419528 0.859806
vt 0.454286 0.821185
vt 0.450424 0.890703
vt 0.3307 0.813461
vt 0.353872 0.794151
vt 0.338424 0.86753
vt 0.353872 0.794151
vt 0.404079 0.817323
vt 0.338424 0.86753
vt 0.338424 0.86753
vt 0.404079 0.817323
vt 0.377045 0.894565
vt 0.404079 0.817323
vt 0.419528 0.859806
vt 0.377045 0.894565
vt 0.419528 0.859806
vt 0.450424 0.890703
vt 0.396355 0.929324
vt 0.377045 0.894565
vt 0.419528 0.859806
vt 0.396355 0.929324
vt 0.303665 0.825047
vt 0.3307 0.813461
vt 0.338424 0.86753
vt 0.377045 0.894565
vt 0.396355 0.929324
vt 0.338424 0.952496
vt 0.326837 0.913876
vt 0.338424 0.86753
vt 0.377045 0.894565
vt 0.326837 0.913876
vt 0.377045 0.894565
vt 0.338424 0.952496
vt 0.27663 0.828909
vt 0.303665 0.825047
vt 0.253458 0.879117
vt 0.303665 0.825047
vt 0.338424 0.86753
vt 0.253458 0.879117
vt 0.253458 0.879117
vt 0.338424 0.86753
vt 0.27663 0.9216
vt 0.338424 0.86753
vt 0.326837 0.913876
vt 0.27663 0.9216
vt 0.326837 0.913876
vt 0.338424 0.952496
vt 0.27663 0.960221
vt 0.27663 0.9216
vt 0.326837 0.913876
vt 0.27663 0.960221
vt 0.245733 0.825047
vt 0.27663 0.828909
vt 0.253458 0.879117
vt 0.27663 0.9216
vt 0.27663 0.960221
vt 0.210975 0.952496
vt 0.222561 0.913876
vt 0.253458 0.879117
vt 0.27663 0.9216
vt 0.222561 0.913876
vt 0.27663 0.9216
vt 0.210975 0.952496
vt 0.199388 0.794151
vt 0.218699 0.813461
vt 0.176216 0.844358
vt 0.218699 0.813461
vt 0.245733 0.825047
vt 0.176216 0.844358
vt 0.245733 0.825047
vt 0.253458 0.879117
vt 0.176216 0.844358
vt 0.176216 0.844358
vt 0.253458 0.879117
vt 0.172354 0.894565
vt 0.253458 0.879117
vt 0.222561 0.913876
vt 0.172354 0.894565
vt 0.222561 0.913876
vt 0.210975 0.952496
vt 0.153043 0.929324
vt 0.172354 0.894565
vt 0.222561 0.913876
vt 0.153043 0.929324
vt 0.129871 0.859806
vt 0.176216 0.844358
vt 0.172354 0.894565
vt 0.129871 0.859806
vt 0.172354 0.894565
vt 0.102836 0.890703
vt 0.172354 0.894565
vt 0.153043 0.929324
vt 0.102836 0.890703
vt 0.458149 0.36932
vt 0.481321 0.427252
vt 0.4427 0.373183
vt 0.458149 0.36932
vt 0.4427 0.373183
vt 0.434976 0.307527
vt 0.450424 0.307527
vt 0.458149 0.36932
vt 0.434976 0.307527
vt 0.450424 0.307527
vt 0.434976 0.307527
vt 0.446562 0.241871
vt 0.458149 0.245733
vt 0.450424 0.307527
vt 0.446562 0.241871
vt 0.458149 0.245733
vt 0.446562 0.241871
vt 0.469735 0.180078
vt 0.481321 0.187802
vt 0.458149 0.245733
vt 0.469735 0.180078
vt 0.481321 0.187802
vt 0.469735 0.180078
vt 0.512218 0.129871
vt 0.519942 0.137595
vt 0.481321 0.187802
vt 0.512218 0.129871
vt 0.519942 0.137595
vt 0.512218 0.129871
vt 0.566287 0.0873877
vt 0.570149 0.098974
vt 0.519942 0.137595
vt 0.566287 0.0873877
vt 0.570149 0.098974
vt 0.566287 0.0873877
vt 0.628081 0.0642151
vt 0.631943 0.0758014
vt 0.570149 0.098974
vt 0.628081 0.0642151
vt 0.631943 0.0758014
vt 0.628081 0.0642151
vt 0.693736 0.0564909
vt 0.693736 0.0719393
vt 0.631943 0.0758014
vt 0.693736 0.0564909
vt 0.693736 0.0719393
vt 0.693736 0.0564909
vt 0.759392 0.0642151
vt 0.75553 0.0796635
vt 0.693736 0.0719393
vt 0.759392 0.0642151
vt 0.75553 0.0796635
vt 0.759392 0.0642151
vt 0.821185 0.0912498
vt 0.813461 0.102836
vt 0.75553 0.0796635
vt 0.821185 0.0912498
vt 0.813461 0.102836
vt 0.821185 0.0912498
vt 0.871392 0.133733
vt 0.863668 0.141457
vt 0.813461 0.102836
vt 0.871392 0.133733
vt 0.863668 0.141457
vt 0.871392 0.133733
vt 0.910013 0.187802
vt 0.898427 0.191664
vt 0.863668 0.141457
vt 0.910013 0.187802
vt 0.898427 0.191664
vt 0.910013 0.187802
vt 0.937048 0.249596
vt 0.9216 0.249596
vt 0.898427 0.191664
vt 0.937048 0.249596
vt 0.9216 0.249596
vt 0.937048 0.249596
vt 0.944772 0.315251
vt 0.929324 0.315251
vt 0.9216 0.249596
vt 0.944772 0.315251
vt 0.929324 0.315251
vt 0.944772 0.315251
vt 0.933186 0.380907
vt 0.9216 0.377045
vt 0.929324 0.315251
vt 0.933186 0.380907
vt 0.9216 0.377045
vt 0.933186 0.380907
vt 0.910013 0.4427
vt 0.898427 0.434976
vt 0.9216 0.377045
vt 0.910013 0.4427
vt 0.51608 0.477459
vt 0.566287 0.51608
vt 0.508356 0.489045
vt 0.566287 0.51608
vt 0.558563 0.527666
vt 0.508356 0.489045
vt 0.566287 0.51608
vt 0.624219 0.543115
vt 0.558563 0.527666
vt 0.624219 0.543115
vt 0.620356 0.554701
vt 0.558563 0.527666
vt 0.624219 0.543115
vt 0.686012 0.550839
vt 0.620356 0.554701
vt 0.686012 0.550839
vt 0.686012 0.566287
vt 0.620356 0.554701
vt 0.686012 0.550839
vt 0.747805 0.543115
vt 0.686012 0.566287
vt 0.747805 0.543115
vt 0.751668 0.558563
vt 0.686012 0.566287
vt 0.747805 0.543115
vt 0.805737 0.519942
vt 0.751668 0.558563
vt 0.805737 0.519942
vt 0.813461 0.531528
vt 0.751668 0.558563
vt 0.805737 0.519942
vt 0.855944 0.481321
vt 0.813461 0.531528
vt 0.855944 0.481321
vt 0.86753 0.492907
vt 0.813461 0.531528
vt 0.855944 0.481321
vt 0.898427 0.434976
vt 0.86753 0.492907
vt 0.898427 0.434976
vt 0.910013 0.4427
vt 0.86753 0.492907
vt 0.477459 0.519942
vt 0.431114 0.458149
vt 0.508356 0.489045
vt 0.477459 0.519942
vt 0.508356 0.489045
vt 0.558563 0.527666
vt 0.53539 0.566287
vt 0.477459 0.519942
vt 0.558563 0.527666
vt 0.53539 0.566287
vt 0.558563 0.527666
vt 0.620356 0.554701
vt 0.60877 0.597184
vt 0.53539 0.566287
vt 0.620356 0.554701
vt 0.60877 0.597184
vt 0.620356 0.554701
vt 0.686012 0.566287
vt 0.686012 0.60877
vt 0.60877 0.597184
vt 0.686012 0.566287
vt 0.686012 0.60877
vt 0.686012 0.566287
vt 0.751668 0.558563
vt 0.763254 0.601046
vt 0.686012 0.60877
vt 0.751668 0.558563
vt 0.763254 0.601046
vt 0.751668 0.558563
vt 0.813461 0.531528
vt 0.836634 0.570149
vt 0.763254 0.601046
vt 0.813461 0.531528
vt 0.836634 0.570149
vt 0.813461 0.531528
vt 0.86753 0.492907
vt 0.898427 0.523804
vt 0.836634 0.570149
vt 0.86753 0.492907
vt 0.898427 0.523804
vt 0.86753 0.492907
vt 0.910013 0.4427
vt 0.944772 0.462011
vt 0.898427 0.523804
vt 0.910013 0.4427
vt 0.944772 0.462011
vt 0.910013 0.4427
vt 0.933186 0.380907
vt 0.975669 0.392493
vt 0.944772 0.462011
vt 0.933186 0.380907
vt 0.975669 0.392493
vt 0.933186 0.380907
vt 0.944772 0.315251
vt 0.987255 0.315251
vt 0.975669 0.392493
vt 0.944772 0.315251
vt 0.987255 0.315251
vt 0.944772 0.315251
vt 0.937048 0.249596
vt 0.979531 0.238009
vt 0.987255 0.315251
vt 0.937048 0.249596
vt 0.979531 0.238009
vt 0.937048 0.249596
vt 0.910013 0.187802
vt 0.948634 0.16463
vt 0.979531 0.238009
vt 0.910013 0.187802
vt 0.948634 0.16463
vt 0.910013 0.187802
vt 0.871392 0.133733
vt 0.902289 0.102836
vt 0.948634 0.16463
vt 0.871392 0.133733
vt 0.902289 0.102836
vt 0.871392 0.133733
vt 0.821185 0.0912498
vt 0.840496 0.0526288
vt 0.902289 0.102836
vt 0.821185 0.0912498
vt 0.840496 0.0526288
vt 0.821185 0.0912498
vt 0.759392 0.0642151
vt 0.770978 0.0217321
vt 0.840496 0.0526288
vt 0.759392 0.0642151
vt 0.770978 0.0217321
vt 0.759392 0.0642151
vt 0.693736 0.0564909
vt 0.693736 0.0140079
vt 0.770978 0.0217321
vt 0.693736 0.0564909
vt 0.693736 0.0140079
vt 0.693736 0.0564909
vt 0.628081 0.0642151
vt 0.616494 0.0217321
vt 0.693736 0.0140079
vt 0.628081 0.0642151
vt 0.616494 0.0217321
vt 0.628081 0.0642151
vt 0.566287 0.0873877
vt 0.543115 0.0487668
vt 0.616494 0.0217321
vt 0.566287 0.0873877
vt 0.543115 0.0487668
vt 0.566287 0.0873877
vt 0.512218 0.129871
vt 0.481321 0.098974
vt 0.543115 0.0487668
vt 0.512218 0.129871
vt 0.481321 0.098974
vt 0.512218 0.129871
vt 0.469735 0.180078
vt 0.434976 0.156905
vt 0.481321 0.098974
vt 0.469735 0.180078
vt 0.434976 0.156905
vt 0.469735 0.180078
vt 0.446562 0.241871
vt 0.404079 0.230285
vt 0.434976 0.156905
vt 0.446562 0.241871
vt 0.404079 0.230285
vt 0.446562 0.241871
vt 0.434976 0.307527
vt 0.392493 0.307527
vt 0.404079 0.230285
vt 0.434976 0.307527
vt 0.392493 0.307527
vt 0.434976 0.307527
vt 0.4427 0.373183
vt 0.400217 0.384769
vt 0.392493 0.307527
vt 0.4427 0.373183
vt 0.481321 0.427252
vt 0.465873 0.434976
vt 0.4427 0.373183
vt 0.400217 0.384769
vt 0.4427 0.373183
vt 0.465873 0.434976
vt 0.431114 0.458149
vt 0.400217 0.384769
vt 0.465873 0.434976
vt 0.431114 0.458149
vt 0.465873 0.434976
vt 0.508356 0.489045
vt 0.51608 0.477459
vt 0.508356 0.489045
vt 0.465873 0.434976
vt 0.481321 0.427252
vt 0.51608 0.477459
vt 0.465873 0.434976
vt 0.624219 0.35001
vt 0.635805 0.365458
vt 0.581735 0.36932
vt 0.635805 0.365458
vt 0.601046 0.396355
vt 0.581735 0.36932
vt 0.581735 0.36932
vt 0.601046 0.396355
vt 0.546977 0.392493
vt 0.601046 0.396355
vt 0.574011 0.42339
vt 0.546977 0.392493
vt 0.546977 0.392493
vt 0.574011 0.42339
vt 0.508356 0.411803
vt 0.574011 0.42339
vt 0.539253 0.454286
vt 0.508356 0.411803
vt 0.539253 0.454286
vt 0.51608 0.477459
vt 0.481321 0.427252
vt 0.508356 0.411803
vt 0.539253 0.454286
vt 0.481321 0.427252
vt 0.616494 0.3307
vt 0.624219 0.35001
vt 0.570149 0.342286
vt 0.624219 0.35001
vt 0.581735 0.36932
vt 0.570149 0.342286
vt 0.570149 0.342286
vt 0.581735 0.36932
vt 0.531528 0.35001
vt 0.581735 0.36932
vt 0.546977 0.392493
vt 0.531528 0.35001
vt 0.531528 0.35001
vt 0.546977 0.392493
vt 0.489045 0.361596
vt 0.546977 0.392493
vt 0.508356 0.411803
vt 0.489045 0.361596
vt 0.508356 0.411803
vt 0.481321 0.427252
vt 0.458149 0.36932
vt 0.489045 0.361596
vt 0.508356 0.411803
vt 0.458149 0.36932
vt 0.612632 0.311389
vt 0.616494 0.3307
vt 0.566287 0.307527
vt 0.616494 0.3307
vt 0.570149 0.342286
vt 0.566287 0.307527
vt 0.566287 0.307527
vt 0.570149 0.342286
vt 0.527666 0.307527
vt 0.570149 0.342286
vt 0.531528 0.35001
vt 0.527666 0.307527
vt 0.527666 0.307527
vt 0.531528 0.35001
vt 0.481321 0.307527
vt 0.531528 0.35001
vt 0.489045 0.361596
vt 0.481321 0.307527
vt 0.489045 0.361596
vt 0.458149 0.36932
vt 0.450424 0.307527
vt 0.481321 0.307527
vt 0.489045 0.361596
vt 0.450424 0.307527
vt 0.616494 0.288217
vt 0.612632 0.311389
vt 0.570149 0.27663
vt 0.612632 0.311389
vt 0.566287 0.307527
vt 0.570149 0.27663
vt 0.570149 0.27663
vt 0.566287 0.307527
vt 0.531528 0.265044
vt 0.566287 0.307527
vt 0.527666 0.307527
vt 0.531528 0.265044
vt 0.531528 0.265044
vt 0.527666 0.307527
vt 0.489045 0.253458
vt 0.527666 0.307527
vt 0.481321 0.307527
vt 0.489045 0.253458
vt 0.481321 0.307527
vt 0.450424 0.307527
vt 0.458149 0.245733
vt 0.489045 0.253458
vt 0.481321 0.307527
vt 0.458149 0.245733
vt 0.624219 0.272768
vt 0.616494 0.288217
vt 0.585598 0.249596
vt 0.616494 0.288217
vt 0.570149 0.27663
vt 0.585598 0.249596
vt 0.585598 0.249596
vt 0.570149 0.27663
vt 0.550839 0.226423
vt 0.570149 0.27663
vt 0.531528 0.265044
vt 0.550839 0.226423
vt 0.550839 0.226423
vt 0.531528 0.265044
vt 0.512218 0.20325
vt 0.531528 0.265044
vt 0.489045 0.253458
vt 0.512218 0.20325
vt 0.489045 0.253458
vt 0.458149 0.245733
vt 0.481321 0.187802
vt 0.512218 0.20325
vt 0.489045 0.253458
vt 0.481321 0.187802
vt 0.635805 0.25732
vt 0.624219 0.272768
vt 0.604908 0.222561
vt 0.624219 0.272768
vt 0.585598 0.249596
vt 0.604908 0.222561
vt 0.604908 0.222561
vt 0.585598 0.249596
vt 0.574011 0.195526
vt 0.585598 0.249596
vt 0.550839 0.226423
vt 0.574011 0.195526
vt 0.574011 0.195526
vt 0.550839 0.226423
vt 0.543115 0.160767
vt 0.550839 0.226423
vt 0.512218 0.20325
vt 0.543115 0.160767
vt 0.512218 0.20325
vt 0.481321 0.187802
vt 0.519942 0.137595
vt 0.543115 0.160767
vt 0.512218 0.20325
vt 0.519942 0.137595
vt 0.651253 0.241871
vt 0.635805 0.25732
vt 0.628081 0.20325
vt 0.635805 0.25732
vt 0.604908 0.222561
vt 0.628081 0.20325
vt 0.628081 0.20325
vt 0.604908 0.222561
vt 0.60877 0.168492
vt 0.604908 0.222561
vt 0.574011 0.195526
vt 0.60877 0.168492
vt 0.60877 0.168492
vt 0.574011 0.195526
vt 0.58946 0.129871
vt 0.574011 0.195526
vt 0.543115 0.160767
vt 0.58946 0.129871
vt 0.543115 0.160767
vt 0.519942 0.137595
vt 0.570149 0.098974
vt 0.58946 0.129871
vt 0.543115 0.160767
vt 0.570149 0.098974
vt 0.670564 0.238009
vt 0.651253 0.241871
vt 0.658977 0.191664
vt 0.651253 0.241871
vt 0.628081 0.20325
vt 0.658977 0.191664
vt 0.658977 0.191664
vt 0.628081 0.20325
vt 0.647391 0.153043
vt 0.628081 0.20325
vt 0.60877 0.168492
vt 0.647391 0.153043
vt 0.647391 0.153043
vt 0.60877 0.168492
vt 0.639667 0.11056
vt 0.60877 0.168492
vt 0.58946 0.129871
vt 0.639667 0.11056
vt 0.58946 0.129871
vt 0.570149 0.098974
vt 0.631943 0.0758014
vt 0.639667 0.11056
vt 0.58946 0.129871
vt 0.631943 0.0758014
vt 0.689874 0.234147
vt 0.670564 0.238009
vt 0.689874 0.187802
vt 0.670564 0.238009
vt 0.658977 0.191664
vt 0.689874 0.187802
vt 0.689874 0.187802
vt 0.658977 0.191664
vt 0.689874 0.149181
vt 0.658977 0.191664
vt 0.647391 0.153043
vt 0.689874 0.149181
vt 0.689874 0.149181
vt 0.647391 0.153043
vt 0.693736 0.102836
vt 0.647391 0.153043
vt 0.639667 0.11056
vt 0.693736 0.102836
vt 0.639667 0.11056
vt 0.631943 0.0758014
vt 0.693736 0.0719393
vt 0.693736 0.102836
vt 0.639667 0.11056
vt 0.693736 0.0719393
vt 0.709185 0.238009
vt 0.689874 0.234147
vt 0.724633 0.191664
vt 0.689874 0.234147
vt 0.689874 0.187802
vt 0.724633 0.191664
vt 0.724633 0.191664
vt 0.689874 0.187802
vt 0.732357 0.153043
vt 0.689874 0.187802
vt 0.689874 0.149181
vt 0.732357 0.153043
vt 0.732357 0.153043
vt 0.689874 0.149181
vt 0.747805 0.11056
vt 0.689874 0.149181
vt 0.693736 0.102836
vt 0.747805 0.11056
vt 0.693736 0.102836
vt 0.693736 0.0719393
vt 0.75553 0.0796635
vt 0.747805 0.11056
vt 0.693736 0.102836
vt 0.75553 0.0796635
vt 0.728495 0.245733
vt 0.709185 0.238009
vt 0.751668 0.207113
vt 0.709185 0.238009
vt 0.724633 0.191664
vt 0.751668 0.207113
vt 0.751668 0.207113
vt 0.724633 0.191664
vt 0.77484 0.168492
vt 0.724633 0.191664
vt 0.732357 0.153043
vt 0.77484 0.168492
vt 0.77484 0.168492
vt 0.732357 0.153043
vt 0.794151 0.133733
vt 0.732357 0.153043
vt 0.747805 0.11056
vt 0.794151 0.133733
vt 0.794151 0.133733
vt 0.747805 0.11056
vt 0.75553 0.0796635
vt 0.813461 0.102836
vt 0.794151 0.133733
vt 0.75553 0.0796635
vt 0.743943 0.25732
vt 0.728495 0.245733
vt 0.778702 0.226423
vt 0.728495 0.245733
vt 0.751668 0.207113
vt 0.778702 0.226423
vt 0.778702 0.226423
vt 0.751668 0.207113
vt 0.805737 0.195526
vt 0.751668 0.207113
vt 0.77484 0.168492
vt 0.805737 0.195526
vt 0.805737 0.195526
vt 0.77484 0.168492
vt 0.840496 0.16463
vt 0.77484 0.168492
vt 0.794151 0.133733
vt 0.840496 0.16463
vt 0.794151 0.133733
vt 0.813461 0.102836
vt 0.863668 0.141457
vt 0.840496 0.16463
vt 0.794151 0.133733
vt 0.863668 0.141457
vt 0.75553 0.272768
vt 0.743943 0.25732
vt 0.798013 0.249596
vt 0.743943 0.25732
vt 0.778702 0.226423
vt 0.798013 0.249596
vt 0.798013 0.249596
vt 0.778702 0.226423
vt 0.832771 0.230285
vt 0.778702 0.226423
vt 0.805737 0.195526
vt 0.832771 0.230285
vt 0.832771 0.230285
vt 0.805737 0.195526
vt 0.871392 0.207113
vt 0.805737 0.195526
vt 0.840496 0.16463
vt 0.871392 0.207113
vt 0.840496 0.16463
vt 0.863668 0.141457
vt 0.898427 0.191664
vt 0.871392 0.207113
vt 0.840496 0.16463
vt 0.898427 0.191664
vt 0.763254 0.292079
vt 0.75553 0.272768
vt 0.809599 0.280492
vt 0.75553 0.272768
vt 0.798013 0.249596
vt 0.809599 0.280492
vt 0.809599 0.280492
vt 0.798013 0.249596
vt 0.84822 0.268906
vt 0.798013 0.249596
vt 0.832771 0.230285
vt 0.84822 0.268906
vt 0.84822 0.268906
vt 0.832771 0.230285
vt 0.890703 0.261182
vt 0.832771 0.230285
vt 0.871392 0.207113
vt 0.890703 0.261182
vt 0.871392 0.207113
vt 0.898427 0.191664
vt 0.9216 0.249596
vt 0.890703 0.261182
vt 0.871392 0.207113
vt 0.9216 0.249596
vt 0.767116 0.311389
vt 0.763254 0.292079
vt 0.813461 0.311389
vt 0.763254 0.292079
vt 0.809599 0.280492
vt 0.813461 0.311389
vt 0.813461 0.311389
vt 0.809599 0.280492
vt 0.852082 0.311389
vt 0.809599 0.280492
vt 0.84822 0.268906
vt 0.852082 0.311389
vt 0.852082 0.311389
vt 0.84822 0.268906
vt 0.898427 0.315251
vt 0.84822 0.268906
vt 0.890703 0.261182
vt 0.898427 0.315251
vt 0.890703 0.261182
vt 0.9216 0.249596
vt 0.929324 0.315251
vt 0.898427 0.315251
vt 0.890703 0.261182
vt 0.929324 0.315251
vt 0.763254 0.3307
vt 0.767116 0.311389
vt 0.809599 0.342286
vt 0.767116 0.311389
vt 0.813461 0.311389
vt 0.809599 0.342286
vt 0.809599 0.342286
vt 0.813461 0.311389
vt 0.84822 0.353872
vt 0.813461 0.311389
vt 0.852082 0.311389
vt 0.84822 0.353872
vt 0.84822 0.353872
vt 0.852082 0.311389
vt 0.890703 0.365458
vt 0.852082 0.311389
vt 0.898427 0.315251
vt 0.890703 0.365458
vt 0.898427 0.315251
vt 0.929324 0.315251
vt 0.9216 0.377045
vt 0.890703 0.365458
vt 0.898427 0.315251
vt 0.9216 0.377045
vt 0.75553 0.35001
vt 0.763254 0.3307
vt 0.794151 0.373183
vt 0.763254 0.3307
vt 0.809599 0.342286
vt 0.794151 0.373183
vt 0.794151 0.373183
vt 0.809599 0.342286
vt 0.828909 0.396355
vt 0.809599 0.342286
vt 0.84822 0.353872
vt 0.828909 0.396355
vt 0.828909 0.396355
vt 0.84822 0.353872
vt 0.86753 0.415666
vt 0.84822 0.353872
vt 0.890703 0.365458
vt 0.86753 0.415666
vt 0.890703 0.365458
vt 0.9216 0.377045
vt 0.898427 0.434976
vt 0.86753 0.415666
vt 0.890703 0.365458
vt 0.898427 0.434976
vt 0.743943 0.365458
vt 0.75553 0.35001
vt 0.77484 0.400217
vt 0.75553 0.35001
vt 0.794151 0.373183
vt 0.77484 0.400217
vt 0.77484 0.400217
vt 0.794151 0.373183
vt 0.805737 0.427252
vt 0.794151 0.373183
vt 0.828909 0.396355
vt 0.805737 0.427252
vt 0.805737 0.427252
vt 0.828909 0.396355
vt 0.836634 0.458149
vt 0.828909 0.396355
vt 0.86753 0.415666
vt 0.836634 0.458149
vt 0.86753 0.415666
vt 0.898427 0.434976
vt 0.855944 0.481321
vt 0.836634 0.458149
vt 0.86753 0.415666
vt 0.855944 0.481321
vt 0.728495 0.377045
vt 0.743943 0.365458
vt 0.747805 0.419528
vt 0.743943 0.365458
vt 0.77484 0.400217
vt 0.747805 0.419528
vt 0.747805 0.419528
vt 0.77484 0.400217
vt 0.770978 0.454286
vt 0.77484 0.400217
vt 0.805737 0.427252
vt 0.770978 0.454286
vt 0.770978 0.454286
vt 0.805737 0.427252
vt 0.790289 0.492907
vt 0.805737 0.427252
vt 0.836634 0.458149
vt 0.790289 0.492907
vt 0.836634 0.458149
vt 0.855944 0.481321
vt 0.805737 0.519942
vt 0.790289 0.492907
vt 0.836634 0.458149
vt 0.805737 0.519942
vt 0.709185 0.384769
vt 0.728495 0.377045
vt 0.720771 0.431114
vt 0.728495 0.377045
vt 0.747805 0.419528
vt 0.720771 0.431114
vt 0.720771 0.431114
vt 0.747805 0.419528
vt 0.728495 0.469735
vt 0.747805 0.419528
vt 0.770978 0.454286
vt 0.728495 0.469735
vt 0.728495 0.469735
vt 0.770978 0.454286
vt 0.740081 0.512218
vt 0.770978 0.454286
vt 0.790289 0.492907
vt 0.740081 0.512218
vt 0.790289 0.492907
vt 0.805737 0.519942
vt 0.747805 0.543115
vt 0.740081 0.512218
vt 0.790289 0.492907
vt 0.747805 0.543115
vt 0.689874 0.388631
vt 0.709185 0.384769
vt 0.689874 0.434976
vt 0.709185 0.384769
vt 0.720771 0.431114
vt 0.689874 0.434976
vt 0.689874 0.434976
vt 0.720771 0.431114
vt 0.686012 0.473597
vt 0.720771 0.431114
vt 0.728495 0.469735
vt 0.686012 0.473597
vt 0.686012 0.473597
vt 0.728495 0.469735
vt 0.686012 0.519942
vt 0.728495 0.469735
vt 0.740081 0.512218
vt 0.686012 0.519942
vt 0.740081 0.512218
vt 0.747805 0.543115
vt 0.686012 0.550839
vt 0.686012 0.519942
vt 0.740081 0.512218
vt 0.686012 0.550839
vt 0.670564 0.384769
vt 0.689874 0.388631
vt 0.655115 0.427252
vt 0.689874 0.388631
vt 0.689874 0.434976
vt 0.655115 0.427252
vt 0.655115 0.427252
vt 0.689874 0.434976
vt 0.643529 0.469735
vt 0.689874 0.434976
vt 0.686012 0.473597
vt 0.643529 0.469735
vt 0.643529 0.469735
vt 0.686012 0.473597
vt 0.631943 0.512218
vt 0.686012 0.473597
vt 0.686012 0.519942
vt 0.631943 0.512218
vt 0.686012 0.519942
vt 0.686012 0.550839
vt 0.624219 0.543115
vt 0.631943 0.512218
vt 0.686012 0.519942
vt 0.624219 0.543115
vt 0.651253 0.377045
vt 0.670564 0.384769
vt 0.628081 0.415666
vt 0.670564 0.384769
vt 0.655115 0.427252
vt 0.628081 0.415666
vt 0.628081 0.415666
vt 0.655115 0.427252
vt 0.604908 0.450424
vt 0.655115 0.427252
vt 0.643529 0.469735
vt 0.604908 0.450424
vt 0.604908 0.450424
vt 0.643529 0.469735
vt 0.581735 0.489045
vt 0.643529 0.469735
vt 0.631943 0.512218
vt 0.581735 0.489045
vt 0.631943 0.512218
vt 0.624219 0.543115
vt 0.566287 0.51608
vt 0.581735 0.489045
vt 0.631943 0.512218
vt 0.566287 0.51608
vt 0.635805 0.365458
vt 0.651253 0.377045
vt 0.601046 0.396355
vt 0.651253 0.377045
vt 0.628081 0.415666
vt 0.601046 0.396355
vt 0.601046 0.396355
vt 0.628081 0.415666
vt 0.574011 0.42339
vt 0.628081 0.415666
vt 0.604908 0.450424
vt 0.574011 0.42339
vt 0.574011 0.42339
vt 0.604908 0.450424
vt 0.539253 0.454286
vt 0.604908 0.450424
vt 0.581735 0.489045
vt 0.539253 0.454286
vt 0.539253 0.454286
vt 0.581735 0.489045
vt 0.51608 0.477459
vt 0.581735 0.489045
vt 0.566287 0.51608
vt 0.51608 0.477459
usemtl acmat_0
f 273/1/1 272/2/2 1/3/3
f 272/4/4 269/5/5 1/6/6
f 269/7/7 267/8/8 1/9/9
f 267/10/10 264/11/11 1/12/12
f 2/13/13 23/14/14 26/15/15
f 3/16/16 2/17/17 26/18/18
f 4/19/19 3/20/20 26/21/21
f 22/22/22 4/23/23 26/24/24
f 4/25/25 22/26/26 19/27/27
f 10/28/28 4/29/29 19/30/30
f 14/31/31 5/32/32 13/33/33
f 5/34/34 8/35/35 13/36/36
f 14/37/37 15/38/38 5/39/39
f 15/40/40 6/41/41 5/42/42
f 7/43/43 6/44/44 15/45/45
f 16/46/46 7/47/47 15/48/48
f 13/49/49 8/50/50 9/51/51
f 12/52/52 13/53/53 9/54/54
f 11/55/55 10/56/56 19/57/57
f 18/58/58 11/59/59 19/60/60
f 13/61/61 12/62/62 17/63/63
f 13/64/64 20/65/65 14/66/66
f 20/67/67 13/68/68 17/69/69
f 20/70/70 21/71/71 14/72/72
f 14/73/73 21/74/74 15/75/75
f 21/76/76 25/77/77 15/78/78
f 16/79/79 15/80/80 25/81/81
f 24/82/82 16/83/83 25/84/84
f 17/85/85 18/86/86 20/87/87
f 18/88/88 19/89/89 20/90/90
f 19/91/91 22/92/92 20/93/93
f 22/94/94 21/95/95 20/96/96
f 21/97/97 22/98/98 25/99/99
f 22/100/100 26/101/101 25/102/102
f 23/103/103 24/104/104 26/105/105
f 24/106/106 25/107/107 26/108/108
f 27/109/109 35/110/110 28/111/111
f 35/112/112 29/113/113 28/114/114
f 29/115/115 35/116/116 34/117/117
f 30/118/118 33/119/119 31/120/120
f 33/121/121 32/122/122 31/123/123
f 32/124/124 33/125/125 35/126/126
f 33/127/127 34/128/128 35/129/129
f 52/130/130 51/131/131 36/132/132
f 51/133/133 37/134/134 36/135/135
f 36/136/136 37/137/137 38/138/138
f 37/139/139 39/140/140 38/141/141
f 38/142/142 39/143/143 40/144/144
f 39/145/145 41/146/146 40/147/147
f 40/148/148 41/149/149 42/150/150
f 41/151/151 43/152/152 42/153/153
f 42/154/154 43/155/155 44/156/156
f 43/157/157 45/158/158 44/159/159
f 44/160/160 45/161/161 46/162/162
f 45/163/163 47/164/164 46/165/165
f 46/166/166 47/167/167 48/168/168
f 47/169/169 49/170/170 48/171/171
f 48/172/172 49/173/173 53/174/174
f 49/175/175 50/176/176 53/177/177
f 50/178/178 51/179/179 53/180/180
f 51/181/181 52/182/182 53/183/183
f 54/184/184 62/185/185 55/186/186
f 62/187/187 56/188/188 55/189/189
f 56/190/190 62/191/191 61/192/192
f 57/193/193 60/194/194 58/195/195
f 60/196/196 59/197/197 58/198/198
f 59/199/199 60/200/200 62/201/201
f 60/202/202 61/203/203 62/204/204
f 79/205/205 78/206/206 63/207/207
f 78/208/208 64/209/209 63/210/210
f 63/211/211 64/212/212 65/213/213
f 64/214/214 66/215/215 65/216/216
f 65/217/217 66/218/218 67/219/219
f 66/220/220 68/221/221 67/222/222
f 67/223/223 68/224/224 69/225/225
f 68/226/226 70/227/227 69/228/228
f 69/229/229 70/230/230 71/231/231
f 70/232/232 72/233/233 71/234/234
f 71/235/235 72/236/236 73/237/237
f 72/238/238 74/239/239 73/240/240
f 73/241/241 74/242/242 75/243/243
f 74/244/244 76/245/245 75/246/246
f 75/247/247 76/248/248 80/249/249
f 76/250/250 77/251/251 80/252/252
f 77/253/253 78/254/254 80/255/255
f 78/256/256 79/257/257 80/258/258
f 81/259/259 82/260/260 83/261/261
f 82/262/262 84/263/263 83/264/264
f 83/265/265 84/266/266 87/267/267
f 84/268/268 88/269/269 87/270/270
f 85/271/271 86/272/272 89/273/273
f 86/274/274 90/275/275 89/276/276
f 87/277/277 88/278/278 90/279/279
f 88/280/280 89/281/281 90/282/282
f 92/283/283 101/284/284 91/285/285
f 101/286/286 102/287/287 91/288/288
f 91/289/289 93/290/290 92/291/291
f 93/292/292 94/293/293 92/294/294
f 93/295/295 95/296/296 94/297/297
f 95/298/298 96/299/299 94/300/300
f 95/301/301 97/302/302 96/303/303
f 97/304/304 98/305/305 96/306/306
f 97/307/307 99/308/308 98/309/309
f 99/310/310 100/311/311 98/312/312
f 99/313/313 107/314/314 100/315/315
f 107/316/316 110/317/317 100/318/318
f 102/319/319 101/320/320 103/321/321
f 104/322/322 102/323/323 103/324/324
f 104/325/325 103/326/326 105/327/327
f 106/328/328 104/329/329 105/330/330
f 106/331/331 105/332/332 109/333/333
f 108/334/334 106/335/335 109/336/336
f 107/337/337 108/338/338 110/339/339
f 108/340/340 109/341/341 110/342/342
f 111/343/343 119/344/344 112/345/345
f 119/346/346 113/347/347 112/348/348
f 113/349/349 119/350/350 118/351/351
f 114/352/352 117/353/353 115/354/354
f 117/355/355 116/356/356 115/357/357
f 116/358/358 117/359/359 119/360/360
f 117/361/361 118/362/362 119/363/363
f 136/364/364 135/365/365 120/366/366
f 135/367/367 121/368/368 120/369/369
f 120/370/370 121/371/371 122/372/372
f 121/373/373 123/374/374 122/375/375
f 122/376/376 123/377/377 124/378/378
f 123/379/379 125/380/380 124/381/381
f 124/382/382 125/383/383 126/384/384
f 125/385/385 127/386/386 126/387/387
f 126/388/388 127/389/389 128/390/390
f 127/391/391 129/392/392 128/393/393
f 128/394/394 129/395/395 130/396/396
f 129/397/397 131/398/398 130/399/399
f 130/400/400 131/401/401 132/402/402
f 131/403/403 133/404/404 132/405/405
f 132/406/406 133/407/407 137/408/408
f 133/409/409 134/410/410 137/411/411
f 134/412/412 135/413/413 137/414/414
f 135/415/415 136/416/416 137/417/417
f 140/418/418 138/419/419 139/420/420
f 141/421/421 139/422/422 142/423/423
f 141/424/424 140/425/425 139/426/426
f 160/427/427 145/428/428 159/429/429
f 160/430/430 161/431/431 145/432/432
f 162/433/433 140/434/434 161/435/435
f 140/436/436 141/437/437 161/438/438
f 161/439/439 141/440/440 145/441/441
f 145/442/442 141/443/443 142/444/444
f 145/445/445 142/446/446 146/447/447
f 142/448/448 144/449/449 146/450/450
f 143/451/451 147/452/452 144/453/453
f 147/454/454 146/455/455 144/456/456
f 152/457/457 168/458/458 165/459/459
f 148/460/460 169/461/461 172/462/462
f 145/463/463 146/464/464 159/465/465
f 159/466/466 146/467/467 147/468/468
f 158/469/469 159/470/470 147/471/471
f 168/472/472 152/473/473 172/474/474
f 150/475/475 148/476/476 172/477/477
f 152/478/478 150/479/479 172/480/480
f 149/481/481 148/482/482 150/483/483
f 151/484/484 149/485/485 150/486/486
f 151/487/487 150/488/488 152/489/489
f 153/490/490 151/491/491 152/492/492
f 156/493/493 152/494/494 165/495/495
f 153/496/496 152/497/497 156/498/498
f 155/499/499 153/500/500 156/501/501
f 154/502/502 155/503/503 157/504/504
f 155/505/505 156/506/506 157/507/507
f 157/508/508 156/509/509 165/510/510
f 164/511/511 157/512/512 165/513/513
f 159/514/514 158/515/515 163/516/516
f 159/517/517 166/518/518 160/519/519
f 166/520/520 159/521/521 163/522/522
f 166/523/523 167/524/524 160/525/525
f 160/526/526 167/527/527 161/528/528
f 167/529/529 171/530/530 161/531/531
f 162/532/532 161/533/533 171/534/534
f 170/535/535 162/536/536 171/537/537
f 163/538/538 164/539/539 166/540/540
f 164/541/541 165/542/542 166/543/543
f 165/544/544 168/545/545 166/546/546
f 168/547/547 167/548/548 166/549/549
f 167/550/550 168/551/551 171/552/552
f 168/553/553 172/554/554 171/555/555
f 169/556/556 170/557/557 172/558/558
f 170/559/559 171/560/560 172/561/561
f 173/562/562 181/563/563 174/564/564
f 181/565/565 175/566/566 174/567/567
f 175/568/568 181/569/569 180/570/570
f 176/571/571 179/572/572 177/573/573
f 179/574/574 178/575/575 177/576/576
f 178/577/577 179/578/578 181/579/579
f 179/580/580 180/581/581 181/582/582
f 198/583/583 197/584/584 182/585/585
f 197/586/586 183/587/587 182/588/588
f 182/589/589 183/590/590 184/591/591
f 183/592/592 185/593/593 184/594/594
f 184/595/595 185/596/596 186/597/597
f 185/598/598 187/599/599 186/600/600
f 186/601/601 187/602/602 188/603/603
f 187/604/604 189/605/605 188/606/606
f 188/607/607 189/608/608 190/609/609
f 189/610/610 191/611/611 190/612/612
f 190/613/613 191/614/614 192/615/615
f 191/616/616 193/617/617 192/618/618
f 192/619/619 193/620/620 194/621/621
f 193/622/622 195/623/623 194/624/624
f 194/625/625 195/626/626 199/627/627
f 195/628/628 196/629/629 199/630/630
f 196/631/631 197/632/632 199/633/633
f 197/634/634 198/635/635 199/636/636
f 200/637/637 201/638/638 203/639/639
f 201/640/640 202/641/641 203/642/642
f 202/643/643 208/644/644 203/645/645
f 208/646/646 207/647/647 203/648/648
f 204/649/649 205/650/650 209/651/651
f 205/652/652 206/653/653 209/654/654
f 206/655/655 207/656/656 209/657/657
f 207/658/658 208/659/659 209/660/660
f 211/661/661 220/662/662 210/663/663
f 220/664/664 221/665/665 210/666/666
f 210/667/667 212/668/668 211/669/669
f 212/670/670 213/671/671 211/672/672
f 212/673/673 214/674/674 213/675/675
f 214/676/676 215/677/677 213/678/678
f 214/679/679 216/680/680 215/681/681
f 216/682/682 217/683/683 215/684/684
f 216/685/685 218/686/686 217/687/687
f 218/688/688 219/689/689 217/690/690
f 218/691/691 226/692/692 219/693/693
f 226/694/694 229/695/695 219/696/696
f 221/697/697 220/698/698 222/699/699
f 223/700/700 221/701/701 222/702/702
f 223/703/703 222/704/704 224/705/705
f 225/706/706 223/707/707 224/708/708
f 225/709/709 224/710/710 228/711/711
f 227/712/712 225/713/713 228/714/714
f 226/715/715 227/716/716 229/717/717
f 227/718/718 228/719/719 229/720/720
f 230/721/721 317/722/722 232/723/723
f 317/724/724 321/725/725 232/726/726
f 321/727/727 320/728/728 231/729/729
f 232/730/730 321/731/731 231/732/732
f 233/733/733 230/734/734 234/735/735
f 230/736/736 232/737/737 234/738/738
f 232/739/739 231/740/740 235/741/741
f 234/742/742 232/743/743 235/744/744
f 236/745/745 233/746/746 237/747/747
f 233/748/748 234/749/749 237/750/750
f 237/751/751 234/752/752 235/753/753
f 238/754/754 237/755/755 235/756/756
f 239/757/757 236/758/758 240/759/759
f 236/760/760 237/761/761 240/762/762
f 240/763/763 237/764/764 238/765/765
f 241/766/766 240/767/767 238/768/768
f 242/769/769 239/770/770 245/771/771
f 239/772/772 240/773/773 245/774/774
f 245/775/775 240/776/776 241/777/777
f 244/778/778 245/779/779 241/780/780
f 243/781/781 242/782/782 245/783/783
f 251/784/784 243/785/785 250/786/786
f 243/787/787 246/788/788 250/789/789
f 246/790/790 243/791/791 245/792/792
f 245/793/793 244/794/794 247/795/795
f 246/796/796 245/797/797 247/798/798
f 250/799/799 246/800/800 247/801/801
f 249/802/802 250/803/803 247/804/804
f 255/805/805 256/806/806 248/807/807
f 256/808/808 253/809/809 248/810/810
f 249/811/811 248/812/812 253/813/813
f 250/814/814 249/815/815 253/816/816
f 251/817/817 250/818/818 253/819/819
f 252/820/820 251/821/821 253/822/822
f 254/823/823 252/824/824 253/825/825
f 256/826/826 254/827/827 253/828/828
f 260/829/829 254/830/830 259/831/831
f 254/832/832 256/833/833 259/834/834
f 255/835/835 258/836/836 256/837/837
f 258/838/838 259/839/839 256/840/840
f 261/841/841 257/842/842 265/843/843
f 257/844/844 261/845/845 258/846/846
f 261/847/847 259/848/848 258/849/849
f 260/850/850 259/851/851 261/852/852
f 262/853/853 260/854/854 261/855/855
f 266/856/856 261/857/857 265/858/858
f 262/859/859 261/860/860 266/861/861
f 263/862/862 262/863/863 266/864/864
f 268/865/865 263/866/866 266/867/867
f 264/868/868 267/869/869 265/870/870
f 267/871/871 266/872/872 265/873/873
f 267/874/874 268/875/875 266/876/876
f 268/877/877 267/878/878 269/879/879
f 270/880/880 268/881/881 269/882/882
f 270/883/883 269/884/884 272/885/885
f 271/886/886 270/887/887 272/888/888
f 274/889/889 271/890/890 275/891/891
f 271/892/892 272/893/893 275/894/894
f 275/895/895 272/896/896 273/897/897
f 276/898/898 275/899/899 273/900/900
f 277/901/901 274/902/902 278/903/903
f 274/904/904 275/905/905 278/906/906
f 275/907/907 276/908/908 278/909/909
f 276/910/910 279/911/911 278/912/912
f 283/913/913 277/914/914 282/915/915
f 277/916/916 278/917/917 282/918/918
f 282/919/919 278/920/920 279/921/921
f 281/922/922 282/923/923 279/924/924
f 288/925/925 287/926/926 280/927/927
f 287/928/928 285/929/929 280/930/930
f 281/931/931 280/932/932 285/933/933
f 282/934/934 281/935/935 285/936/936
f 283/937/937 282/938/938 285/939/939
f 284/940/940 283/941/941 285/942/942
f 286/943/943 284/944/944 285/945/945
f 287/946/946 286/947/947 285/948/948
f 289/949/949 286/950/950 290/951/951
f 286/952/952 287/953/953 290/954/954
f 287/955/955 288/956/956 290/957/957
f 288/958/958 291/959/959 290/960/960
f 292/961/961 289/962/962 293/963/963
f 289/964/964 290/965/965 293/966/966
f 293/967/967 290/968/968 291/969/969
f 294/970/970 293/971/971 291/972/972
f 295/973/973 292/974/974 296/975/975
f 292/976/976 293/977/977 296/978/978
f 293/979/979 294/980/980 296/981/981
f 294/982/982 297/983/983 296/984/984
f 295/985/985 296/986/986 298/987/987
f 296/988/988 299/989/989 298/990/990
f 296/991/991 297/992/992 299/993/993
f 297/994/994 300/995/995 299/996/996
f 298/997/997 299/998/998 301/999/999
f 299/1000/1000 302/1001/1001 301/1002/1002
f 302/1003/1003 299/1004/1004 300/1005/1005
f 303/1006/1006 302/1007/1007 300/1008/1008
f 301/1009/1009 302/1010/1010 304/1011/1011
f 302/1012/1012 305/1013/1013 304/1014/1014
f 305/1015/1015 302/1016/1016 303/1017/1017
f 306/1018/1018 305/1019/1019 303/1020/1020
f 304/1021/1021 305/1022/1022 307/1023/1023
f 305/1024/1024 308/1025/1025 307/1026/1026
f 308/1027/1027 305/1028/1028 306/1029/1029
f 309/1030/1030 308/1031/1031 306/1032/1032
f 307/1033/1033 308/1034/1034 310/1035/1035
f 308/1036/1036 311/1037/1037 310/1038/1038
f 311/1039/1039 308/1040/1040 309/1041/1041
f 312/1042/1042 311/1043/1043 309/1044/1044
f 310/1045/1045 311/1046/1046 313/1047/1047
f 311/1048/1048 314/1049/1049 313/1050/1050
f 311/1051/1051 312/1052/1052 314/1053/1053
f 312/1054/1054 315/1055/1055 314/1056/1056
f 313/1057/1057 314/1058/1058 316/1059/1059
f 314/1060/1060 318/1061/1061 316/1062/1062
f 314/1063/1063 315/1064/1064 318/1065/1065
f 315/1066/1066 319/1067/1067 318/1068/1068
f 316/1069/1069 318/1070/1070 317/1071/1071
f 318/1072/1072 321/1073/1073 317/1074/1074
f 318/1075/1075 319/1076/1076 321/1077/1077
f 319/1078/1078 320/1079/1079 321/1080/1080
f 322/1081/1081 395/1082/1082 326/1083/1083
f 395/1084/1084 401/1085/1085 326/1086/1086
f 326/1087/1087 401/1088/1088 324/1089/1089
f 401/1090/1090 402/1091/1091 324/1092/1092
f 402/1093/1093 405/1094/1094 323/1095/1095
f 324/1096/1096 402/1097/1097 323/1098/1098
f 325/1099/1099 322/1100/1100 326/1101/1101
f 324/1102/1102 323/1103/1103 327/1104/1104
f 328/1105/1105 326/1106/1106 324/1107/1107
f 328/1108/1108 324/1109/1109 327/1110/1110
f 329/1111/1111 325/1112/1112 333/1113/1113
f 325/1114/1114 326/1115/1115 333/1116/1116
f 333/1117/1117 326/1118/1118 331/1119/1119
f 326/1120/1120 328/1121/1121 331/1122/1122
f 328/1123/1123 327/1124/1124 330/1125/1125
f 331/1126/1126 328/1127/1127 330/1128/1128
f 332/1129/1129 329/1130/1130 333/1131/1131
f 331/1132/1132 330/1133/1133 334/1134/1134
f 335/1135/1135 333/1136/1136 331/1137/1137
f 335/1138/1138 331/1139/1139 334/1140/1140
f 336/1141/1141 332/1142/1142 340/1143/1143
f 332/1144/1144 333/1145/1145 340/1146/1146
f 340/1147/1147 333/1148/1148 338/1149/1149
f 333/1150/1150 335/1151/1151 338/1152/1152
f 335/1153/1153 334/1154/1154 337/1155/1155
f 338/1156/1156 335/1157/1157 337/1158/1158
f 339/1159/1159 336/1160/1160 340/1161/1161
f 338/1162/1162 337/1163/1163 341/1164/1164
f 342/1165/1165 340/1166/1166 338/1167/1167
f 342/1168/1168 338/1169/1169 341/1170/1170
f 343/1171/1171 339/1172/1172 347/1173/1173
f 339/1174/1174 340/1175/1175 347/1176/1176
f 347/1177/1177 340/1178/1178 345/1179/1179
f 340/1180/1180 342/1181/1181 345/1182/1182
f 342/1183/1183 341/1184/1184 344/1185/1185
f 345/1186/1186 342/1187/1187 344/1188/1188
f 346/1189/1189 343/1190/1190 347/1191/1191
f 345/1192/1192 344/1193/1193 348/1194/1194
f 349/1195/1195 347/1196/1196 345/1197/1197
f 349/1198/1198 345/1199/1199 348/1200/1200
f 350/1201/1201 346/1202/1202 354/1203/1203
f 346/1204/1204 347/1205/1205 354/1206/1206
f 354/1207/1207 347/1208/1208 352/1209/1209
f 347/1210/1210 349/1211/1211 352/1212/1212
f 349/1213/1213 348/1214/1214 351/1215/1215
f 352/1216/1216 349/1217/1217 351/1218/1218
f 353/1219/1219 350/1220/1220 354/1221/1221
f 352/1222/1222 351/1223/1223 355/1224/1224
f 356/1225/1225 354/1226/1226 352/1227/1227
f 356/1228/1228 352/1229/1229 355/1230/1230
f 357/1231/1231 353/1232/1232 361/1233/1233
f 353/1234/1234 354/1235/1235 361/1236/1236
f 361/1237/1237 354/1238/1238 359/1239/1239
f 354/1240/1240 356/1241/1241 359/1242/1242
f 356/1243/1243 355/1244/1244 358/1245/1245
f 359/1246/1246 356/1247/1247 358/1248/1248
f 360/1249/1249 357/1250/1250 361/1251/1251
f 359/1252/1252 358/1253/1253 362/1254/1254
f 363/1255/1255 361/1256/1256 359/1257/1257
f 363/1258/1258 359/1259/1259 362/1260/1260
f 364/1261/1261 360/1262/1262 368/1263/1263
f 360/1264/1264 361/1265/1265 368/1266/1266
f 368/1267/1267 361/1268/1268 366/1269/1269
f 361/1270/1270 363/1271/1271 366/1272/1272
f 363/1273/1273 362/1274/1274 365/1275/1275
f 366/1276/1276 363/1277/1277 365/1278/1278
f 367/1279/1279 364/1280/1280 368/1281/1281
f 366/1282/1282 365/1283/1283 369/1284/1284
f 370/1285/1285 368/1286/1286 366/1287/1287
f 370/1288/1288 366/1289/1289 369/1290/1290
f 371/1291/1291 367/1292/1292 375/1293/1293
f 367/1294/1294 368/1295/1295 375/1296/1296
f 375/1297/1297 368/1298/1298 373/1299/1299
f 368/1300/1300 370/1301/1301 373/1302/1302
f 370/1303/1303 369/1304/1304 372/1305/1305
f 373/1306/1306 370/1307/1307 372/1308/1308
f 374/1309/1309 371/1310/1310 375/1311/1311
f 373/1312/1312 372/1313/1313 376/1314/1314
f 377/1315/1315 375/1316/1316 373/1317/1317
f 377/1318/1318 373/1319/1319 376/1320/1320
f 378/1321/1321 374/1322/1322 382/1323/1323
f 374/1324/1324 375/1325/1325 382/1326/1326
f 382/1327/1327 375/1328/1328 380/1329/1329
f 375/1330/1330 377/1331/1331 380/1332/1332
f 377/1333/1333 376/1334/1334 379/1335/1335
f 380/1336/1336 377/1337/1337 379/1338/1338
f 381/1339/1339 378/1340/1340 382/1341/1341
f 380/1342/1342 379/1343/1343 383/1344/1344
f 384/1345/1345 382/1346/1346 380/1347/1347
f 384/1348/1348 380/1349/1349 383/1350/1350
f 385/1351/1351 381/1352/1352 389/1353/1353
f 381/1354/1354 382/1355/1355 389/1356/1356
f 389/1357/1357 382/1358/1358 387/1359/1359
f 382/1360/1360 384/1361/1361 387/1362/1362
f 384/1363/1363 383/1364/1364 386/1365/1365
f 387/1366/1366 384/1367/1367 386/1368/1368
f 388/1369/1369 385/1370/1370 389/1371/1371
f 387/1372/1372 386/1373/1373 390/1374/1374
f 391/1375/1375 389/1376/1376 387/1377/1377
f 391/1378/1378 387/1379/1379 390/1380/1380
f 392/1381/1381 388/1382/1382 398/1383/1383
f 388/1384/1384 389/1385/1385 398/1386/1386
f 398/1387/1387 389/1388/1388 394/1389/1389
f 389/1390/1390 391/1391/1391 394/1392/1392
f 391/1393/1393 390/1394/1394 393/1395/1395
f 394/1396/1396 391/1397/1397 393/1398/1398
f 397/1399/1399 392/1400/1400 398/1401/1401
f 394/1402/1402 393/1403/1403 399/1404/1404
f 400/1405/1405 398/1406/1406 394/1407/1407
f 400/1408/1408 394/1409/1409 399/1410/1410
f 395/1411/1411 396/1412/1412 401/1413/1413
f 396/1414/1414 397/1415/1415 401/1416/1416
f 397/1417/1417 398/1418/1418 401/1419/1419
f 401/1420/1420 398/1421/1421 403/1422/1422
f 398/1423/1423 400/1424/1424 403/1425/1425
f 400/1426/1426 399/1427/1427 404/1428/1428
f 403/1429/1429 400/1430/1430 404/1431/1431
f 402/1432/1432 401/1433/1433 403/1434/1434
f 402/1435/1435 403/1436/1436 405/1437/1437
f 403/1438/1438 404/1439/1439 405/1440/1440
f 462/1441/1441 457/1442/1442 449/1443/1443
f 462/1444/1444 449/1445/1445 447/1446/1446
f 467/1447/1447 462/1448/1448 447/1449/1449
f 467/1450/1450 447/1451/1451 445/1452/1452
f 472/1453/1453 467/1454/1454 445/1455/1455
f 472/1456/1456 445/1457/1457 443/1458/1458
f 477/1459/1459 472/1460/1460 443/1461/1461
f 477/1462/1462 443/1463/1463 441/1464/1464
f 482/1465/1465 477/1466/1466 441/1467/1467
f 482/1468/1468 441/1469/1469 439/1470/1470
f 487/1471/1471 482/1472/1472 439/1473/1473
f 487/1474/1474 439/1475/1475 437/1476/1476
f 492/1477/1477 487/1478/1478 437/1479/1479
f 492/1480/1480 437/1481/1481 435/1482/1482
f 497/1483/1483 492/1484/1484 435/1485/1485
f 497/1486/1486 435/1487/1487 433/1488/1488
f 503/1489/1489 497/1490/1490 433/1491/1491
f 503/1492/1492 433/1493/1493 431/1494/1494
f 507/1495/1495 503/1496/1496 431/1497/1497
f 507/1498/1498 431/1499/1499 429/1500/1500
f 512/1501/1501 507/1502/1502 429/1503/1503
f 512/1504/1504 429/1505/1505 427/1506/1506
f 517/1507/1507 512/1508/1508 427/1509/1509
f 517/1510/1510 427/1511/1511 425/1512/1512
f 522/1513/1513 517/1514/1514 425/1515/1515
f 522/1516/1516 425/1517/1517 423/1518/1518
f 527/1519/1519 522/1520/1520 423/1521/1521
f 527/1522/1522 423/1523/1523 421/1524/1524
f 532/1525/1525 527/1526/1526 421/1527/1527
f 532/1528/1528 421/1529/1529 419/1530/1530
f 537/1531/1531 532/1532/1532 419/1533/1533
f 573/1534/1534 572/1535/1535 452/1536/1536
f 572/1537/1537 407/1538/1538 452/1539/1539
f 572/1540/1540 562/1541/1541 407/1542/1542
f 562/1543/1543 409/1544/1544 407/1545/1545
f 562/1546/1546 557/1547/1547 409/1548/1548
f 557/1549/1549 411/1550/1550 409/1551/1551
f 557/1552/1552 552/1553/1553 411/1554/1554
f 552/1555/1555 413/1556/1556 411/1557/1557
f 552/1558/1558 547/1559/1559 413/1560/1560
f 547/1561/1561 415/1562/1562 413/1563/1563
f 547/1564/1564 542/1565/1565 415/1566/1566
f 542/1567/1567 417/1568/1568 415/1569/1569
f 542/1570/1570 537/1571/1571 417/1572/1572
f 537/1573/1573 419/1574/1574 417/1575/1575
f 406/1576/1576 451/1577/1577 452/1578/1578
f 406/1579/1579 452/1580/1580 407/1581/1581
f 408/1582/1582 406/1583/1583 407/1584/1584
f 408/1585/1585 407/1586/1586 409/1587/1587
f 410/1588/1588 408/1589/1589 409/1590/1590
f 410/1591/1591 409/1592/1592 411/1593/1593
f 412/1594/1594 410/1595/1595 411/1596/1596
f 412/1597/1597 411/1598/1598 413/1599/1599
f 414/1600/1600 412/1601/1601 413/1602/1602
f 414/1603/1603 413/1604/1604 415/1605/1605
f 416/1606/1606 414/1607/1607 415/1608/1608
f 416/1609/1609 415/1610/1610 417/1611/1611
f 418/1612/1612 416/1613/1613 417/1614/1614
f 418/1615/1615 417/1616/1616 419/1617/1617
f 420/1618/1618 418/1619/1619 419/1620/1620
f 420/1621/1621 419/1622/1622 421/1623/1623
f 422/1624/1624 420/1625/1625 421/1626/1626
f 422/1627/1627 421/1628/1628 423/1629/1629
f 424/1630/1630 422/1631/1631 423/1632/1632
f 424/1633/1633 423/1634/1634 425/1635/1635
f 426/1636/1636 424/1637/1637 425/1638/1638
f 426/1639/1639 425/1640/1640 427/1641/1641
f 428/1642/1642 426/1643/1643 427/1644/1644
f 428/1645/1645 427/1646/1646 429/1647/1647
f 430/1648/1648 428/1649/1649 429/1650/1650
f 430/1651/1651 429/1652/1652 431/1653/1653
f 432/1654/1654 430/1655/1655 431/1656/1656
f 432/1657/1657 431/1658/1658 433/1659/1659
f 434/1660/1660 432/1661/1661 433/1662/1662
f 434/1663/1663 433/1664/1664 435/1665/1665
f 436/1666/1666 434/1667/1667 435/1668/1668
f 436/1669/1669 435/1670/1670 437/1671/1671
f 438/1672/1672 436/1673/1673 437/1674/1674
f 438/1675/1675 437/1676/1676 439/1677/1677
f 440/1678/1678 438/1679/1679 439/1680/1680
f 440/1681/1681 439/1682/1682 441/1683/1683
f 442/1684/1684 440/1685/1685 441/1686/1686
f 442/1687/1687 441/1688/1688 443/1689/1689
f 444/1690/1690 442/1691/1691 443/1692/1692
f 444/1693/1693 443/1694/1694 445/1695/1695
f 446/1696/1696 444/1697/1697 445/1698/1698
f 446/1699/1699 445/1700/1700 447/1701/1701
f 448/1702/1702 446/1703/1703 447/1704/1704
f 448/1705/1705 447/1706/1706 449/1707/1707
f 450/1708/1708 448/1709/1709 449/1710/1710
f 457/1711/1711 453/1712/1712 449/1713/1713
f 450/1714/1714 449/1715/1715 453/1716/1716
f 451/1717/1717 450/1718/1718 453/1719/1719
f 451/1720/1720 453/1721/1721 452/1722/1722
f 573/1723/1723 452/1724/1724 453/1725/1725
f 457/1726/1726 573/1727/1727 453/1728/1728
f 454/1729/1729 564/1730/1730 455/1731/1731
f 564/1732/1732 566/1733/1733 455/1734/1734
f 455/1735/1735 566/1736/1736 456/1737/1737
f 566/1738/1738 568/1739/1739 456/1740/1740
f 456/1741/1741 568/1742/1742 458/1743/1743
f 568/1744/1744 570/1745/1745 458/1746/1746
f 570/1747/1747 573/1748/1748 457/1749/1749
f 458/1750/1750 570/1751/1751 457/1752/1752
f 459/1753/1753 454/1754/1754 460/1755/1755
f 454/1756/1756 455/1757/1757 460/1758/1758
f 460/1759/1759 455/1760/1760 461/1761/1761
f 455/1762/1762 456/1763/1763 461/1764/1764
f 461/1765/1765 456/1766/1766 463/1767/1767
f 456/1768/1768 458/1769/1769 463/1770/1770
f 458/1771/1771 457/1772/1772 462/1773/1773
f 463/1774/1774 458/1775/1775 462/1776/1776
f 464/1777/1777 459/1778/1778 465/1779/1779
f 459/1780/1780 460/1781/1781 465/1782/1782
f 465/1783/1783 460/1784/1784 466/1785/1785
f 460/1786/1786 461/1787/1787 466/1788/1788
f 466/1789/1789 461/1790/1790 468/1791/1791
f 461/1792/1792 463/1793/1793 468/1794/1794
f 463/1795/1795 462/1796/1796 467/1797/1797
f 468/1798/1798 463/1799/1799 467/1800/1800
f 469/1801/1801 464/1802/1802 470/1803/1803
f 464/1804/1804 465/1805/1805 470/1806/1806
f 470/1807/1807 465/1808/1808 471/1809/1809
f 465/1810/1810 466/1811/1811 471/1812/1812
f 471/1813/1813 466/1814/1814 473/1815/1815
f 466/1816/1816 468/1817/1817 473/1818/1818
f 468/1819/1819 467/1820/1820 472/1821/1821
f 473/1822/1822 468/1823/1823 472/1824/1824
f 474/1825/1825 469/1826/1826 475/1827/1827
f 469/1828/1828 470/1829/1829 475/1830/1830
f 475/1831/1831 470/1832/1832 476/1833/1833
f 470/1834/1834 471/1835/1835 476/1836/1836
f 476/1837/1837 471/1838/1838 478/1839/1839
f 471/1840/1840 473/1841/1841 478/1842/1842
f 473/1843/1843 472/1844/1844 477/1845/1845
f 478/1846/1846 473/1847/1847 477/1848/1848
f 479/1849/1849 474/1850/1850 480/1851/1851
f 474/1852/1852 475/1853/1853 480/1854/1854
f 480/1855/1855 475/1856/1856 481/1857/1857
f 475/1858/1858 476/1859/1859 481/1860/1860
f 481/1861/1861 476/1862/1862 483/1863/1863
f 476/1864/1864 478/1865/1865 483/1866/1866
f 478/1867/1867 477/1868/1868 482/1869/1869
f 483/1870/1870 478/1871/1871 482/1872/1872
f 484/1873/1873 479/1874/1874 485/1875/1875
f 479/1876/1876 480/1877/1877 485/1878/1878
f 485/1879/1879 480/1880/1880 486/1881/1881
f 480/1882/1882 481/1883/1883 486/1884/1884
f 486/1885/1885 481/1886/1886 488/1887/1887
f 481/1888/1888 483/1889/1889 488/1890/1890
f 483/1891/1891 482/1892/1892 487/1893/1893
f 488/1894/1894 483/1895/1895 487/1896/1896
f 489/1897/1897 484/1898/1898 490/1899/1899
f 484/1900/1900 485/1901/1901 490/1902/1902
f 490/1903/1903 485/1904/1904 491/1905/1905
f 485/1906/1906 486/1907/1907 491/1908/1908
f 491/1909/1909 486/1910/1910 493/1911/1911
f 486/1912/1912 488/1913/1913 493/1914/1914
f 488/1915/1915 487/1916/1916 492/1917/1917
f 493/1918/1918 488/1919/1919 492/1920/1920
f 494/1921/1921 489/1922/1922 495/1923/1923
f 489/1924/1924 490/1925/1925 495/1926/1926
f 495/1927/1927 490/1928/1928 496/1929/1929
f 490/1930/1930 491/1931/1931 496/1932/1932
f 496/1933/1933 491/1934/1934 498/1935/1935
f 491/1936/1936 493/1937/1937 498/1938/1938
f 493/1939/1939 492/1940/1940 497/1941/1941
f 498/1942/1942 493/1943/1943 497/1944/1944
f 499/1945/1945 494/1946/1946 500/1947/1947
f 494/1948/1948 495/1949/1949 500/1950/1950
f 500/1951/1951 495/1952/1952 501/1953/1953
f 495/1954/1954 496/1955/1955 501/1956/1956
f 501/1957/1957 496/1958/1958 502/1959/1959
f 496/1960/1960 498/1961/1961 502/1962/1962
f 498/1963/1963 497/1964/1964 503/1965/1965
f 502/1966/1966 498/1967/1967 503/1968/1968
f 504/1969/1969 499/1970/1970 505/1971/1971
f 499/1972/1972 500/1973/1973 505/1974/1974
f 505/1975/1975 500/1976/1976 506/1977/1977
f 500/1978/1978 501/1979/1979 506/1980/1980
f 506/1981/1981 501/1982/1982 508/1983/1983
f 501/1984/1984 502/1985/1985 508/1986/1986
f 508/1987/1987 502/1988/1988 503/1989/1989
f 507/1990/1990 508/1991/1991 503/1992/1992
f 509/1993/1993 504/1994/1994 510/1995/1995
f 504/1996/1996 505/1997/1997 510/1998/1998
f 510/1999/1999 505/2000/2000 511/2001/2001
f 505/2002/2002 506/2003/2003 511/2004/2004
f 511/2005/2005 506/2006/2006 513/2007/2007
f 506/2008/2008 508/2009/2009 513/2010/2010
f 508/2011/2011 507/2012/2012 512/2013/2013
f 513/2014/2014 508/2015/2015 512/2016/2016
f 514/2017/2017 509/2018/2018 515/2019/2019
f 509/2020/2020 510/2021/2021 515/2022/2022
f 515/2023/2023 510/2024/2024 516/2025/2025
f 510/2026/2026 511/2027/2027 516/2028/2028
f 516/2029/2029 511/2030/2030 518/2031/2031
f 511/2032/2032 513/2033/2033 518/2034/2034
f 513/2035/2035 512/2036/2036 517/2037/2037
f 518/2038/2038 513/2039/2039 517/2040/2040
f 519/2041/2041 514/2042/2042 520/2043/2043
f 514/2044/2044 515/2045/2045 520/2046/2046
f 520/2047/2047 515/2048/2048 521/2049/2049
f 515/2050/2050 516/2051/2051 521/2052/2052
f 521/2053/2053 516/2054/2054 523/2055/2055
f 516/2056/2056 518/2057/2057 523/2058/2058
f 518/2059/2059 517/2060/2060 522/2061/2061
f 523/2062/2062 518/2063/2063 522/2064/2064
f 524/2065/2065 519/2066/2066 525/2067/2067
f 519/2068/2068 520/2069/2069 525/2070/2070
f 525/2071/2071 520/2072/2072 526/2073/2073
f 520/2074/2074 521/2075/2075 526/2076/2076
f 526/2077/2077 521/2078/2078 528/2079/2079
f 521/2080/2080 523/2081/2081 528/2082/2082
f 523/2083/2083 522/2084/2084 527/2085/2085
f 528/2086/2086 523/2087/2087 527/2088/2088
f 529/2089/2089 524/2090/2090 530/2091/2091
f 524/2092/2092 525/2093/2093 530/2094/2094
f 530/2095/2095 525/2096/2096 531/2097/2097
f 525/2098/2098 526/2099/2099 531/2100/2100
f 531/2101/2101 526/2102/2102 533/2103/2103
f 526/2104/2104 528/2105/2105 533/2106/2106
f 528/2107/2107 527/2108/2108 532/2109/2109
f 533/2110/2110 528/2111/2111 532/2112/2112
f 534/2113/2113 529/2114/2114 535/2115/2115
f 529/2116/2116 530/2117/2117 535/2118/2118
f 535/2119/2119 530/2120/2120 536/2121/2121
f 530/2122/2122 531/2123/2123 536/2124/2124
f 536/2125/2125 531/2126/2126 538/2127/2127
f 531/2128/2128 533/2129/2129 538/2130/2130
f 533/2131/2131 532/2132/2132 537/2133/2133
f 538/2134/2134 533/2135/2135 537/2136/2136
f 539/2137/2137 534/2138/2138 540/2139/2139
f 534/2140/2140 535/2141/2141 540/2142/2142
f 540/2143/2143 535/2144/2144 541/2145/2145
f 535/2146/2146 536/2147/2147 541/2148/2148
f 541/2149/2149 536/2150/2150 543/2151/2151
f 536/2152/2152 538/2153/2153 543/2154/2154
f 538/2155/2155 537/2156/2156 542/2157/2157
f 543/2158/2158 538/2159/2159 542/2160/2160
f 544/2161/2161 539/2162/2162 545/2163/2163
f 539/2164/2164 540/2165/2165 545/2166/2166
f 545/2167/2167 540/2168/2168 546/2169/2169
f 540/2170/2170 541/2171/2171 546/2172/2172
f 546/2173/2173 541/2174/2174 548/2175/2175
f 541/2176/2176 543/2177/2177 548/2178/2178
f 543/2179/2179 542/2180/2180 547/2181/2181
f 548/2182/2182 543/2183/2183 547/2184/2184
f 549/2185/2185 544/2186/2186 550/2187/2187
f 544/2188/2188 545/2189/2189 550/2190/2190
f 550/2191/2191 545/2192/2192 551/2193/2193
f 545/2194/2194 546/2195/2195 551/2196/2196
f 551/2197/2197 546/2198/2198 553/2199/2199
f 546/2200/2200 548/2201/2201 553/2202/2202
f 548/2203/2203 547/2204/2204 552/2205/2205
f 553/2206/2206 548/2207/2207 552/2208/2208
f 554/2209/2209 549/2210/2210 555/2211/2211
f 549/2212/2212 550/2213/2213 555/2214/2214
f 555/2215/2215 550/2216/2216 556/2217/2217
f 550/2218/2218 551/2219/2219 556/2220/2220
f 556/2221/2221 551/2222/2222 558/2223/2223
f 551/2224/2224 553/2225/2225 558/2226/2226
f 553/2227/2227 552/2228/2228 557/2229/2229
f 558/2230/2230 553/2231/2231 557/2232/2232
f 559/2233/2233 554/2234/2234 560/2235/2235
f 554/2236/2236 555/2237/2237 560/2238/2238
f 560/2239/2239 555/2240/2240 561/2241/2241
f 555/2242/2242 556/2243/2243 561/2244/2244
f 561/2245/2245 556/2246/2246 563/2247/2247
f 556/2248/2248 558/2249/2249 563/2250/2250
f 558/2251/2251 557/2252/2252 562/2253/2253
f 563/2254/2254 558/2255/2255 562/2256/2256
f 565/2257/2257 559/2258/2258 567/2259/2259
f 559/2260/2260 560/2261/2261 567/2262/2262
f 567/2263/2263 560/2264/2264 569/2265/2265
f 560/2266/2266 561/2267/2267 569/2268/2268
f 569/2269/2269 561/2270/2270 571/2271/2271
f 561/2272/2272 563/2273/2273 571/2274/2274
f 563/2275/2275 562/2276/2276 572/2277/2277
f 571/2278/2278 563/2279/2279 572/2280/2280
f 564/2281/2281 565/2282/2282 566/2283/2283
f 565/2284/2284 567/2285/2285 566/2286/2286
f 566/2287/2287 567/2288/2288 568/2289/2289
f 567/2290/2290 569/2291/2291 568/2292/2292
f 568/2293/2293 569/2294/2294 570/2295/2295
f 569/2296/2296 571/2297/2297 570/2298/2298
f 570/2299/2299 571/2300/2300 573/2301/2301
f 571/2302/2302 572/2303/2303 573/2304/2304
