# Blender v2.79 (sub 0) OBJ File: ''
# www.blender.org
mtllib Chao Lobby Exit.mtl
o Mesh_0074
v -0.706223 2.856287 -0.760725
v 0.000887 2.857037 -1.053591
v 0.000857 2.942407 -0.053366
v 0.707987 2.856277 -0.760674
v 1.000857 2.854460 -0.053565
v 0.000827 2.851872 0.946402
v 0.707937 2.852633 0.653534
v -0.706273 2.852632 0.653485
v -0.999143 2.854459 -0.053624
v -0.706223 0.279769 -0.767380
v 0.000887 0.280520 -1.060248
v 0.000857 0.182654 -0.060492
v 0.707987 0.279770 -0.767330
v 1.000857 0.277943 -0.060221
v 0.000827 0.275355 0.939746
v -0.706273 0.276115 0.646828
v -0.999143 0.277942 -0.060280
v 0.707937 0.276116 0.646878
v 1.902058 0.041197 -0.060798
v 1.345167 0.101058 1.283693
v 1.902058 0.104539 -0.060642
v 1.274107 0.157912 1.212783
v 1.801568 0.161200 -0.060498
v 1.274187 0.164489 -1.333799
v 1.345257 0.108010 -1.405006
v 0.000917 0.109444 -1.961895
v 0.000917 0.046111 -1.962053
v -1.343453 0.044676 -1.405254
v -1.900343 0.041205 -0.060919
v -1.343453 0.108009 -1.405085
v 0.000917 0.165854 -1.861252
v -1.272393 0.164488 -1.333878
v -1.272473 0.157910 1.212693
v 0.000797 0.156544 1.740146
v 0.000797 0.099623 1.840492
v 1.345167 0.037725 1.283526
v -1.900343 0.104537 -0.060761
v -1.799853 0.161198 -0.060608
v -1.343533 0.101066 1.283603
v 0.000797 0.036291 1.840336
v -1.343533 0.037724 1.283436
v 1.345257 0.044678 -1.405164
v 0.000847 5.973547 0.204463
v 0.000857 6.064181 -0.045304
v -0.175923 5.973742 0.131238
v -0.249143 5.974194 -0.045536
v -0.305343 5.790389 0.260171
v -0.432153 5.791187 -0.046019
v -0.352703 5.540275 0.306893
v -0.499143 5.541188 -0.046666
v -0.305343 5.290391 0.258876
v -0.432153 5.291189 -0.047314
v -0.175923 5.107721 0.128998
v 0.000847 5.790068 0.387005
v 0.000837 5.539895 0.453351
v 0.000847 5.290070 0.385711
v 0.000847 5.107527 0.202233
v -0.352683 5.542102 -0.400217
v -0.305323 5.791976 -0.352200
v -0.175913 5.974655 -0.222312
v -0.305323 5.291978 -0.353494
v -0.175913 5.108625 -0.224551
v -0.249143 5.108173 -0.047777
v 0.000857 5.064184 -0.047880
v 0.000877 5.542473 -0.546655
v 0.000867 5.792308 -0.479015
v 0.307057 5.791976 -0.352180
v 0.177637 5.974655 -0.222301
v 0.250857 5.974194 -0.045527
v 0.177627 5.973742 0.131249
v 0.307037 5.790389 0.260190
v 0.354397 5.540275 0.306913
v 0.307037 5.290391 0.258896
v 0.177627 5.107711 0.129008
v 0.000867 5.974840 -0.295526
v 0.000867 5.292299 -0.480309
v 0.000867 5.108820 -0.297766
v 0.354427 5.542103 -0.400197
v 0.307057 5.291978 -0.353474
v 0.177637 5.108625 -0.224542
v 0.433867 5.791188 -0.045990
v 0.500857 5.541189 -0.046637
v 0.433867 5.291189 -0.047283
v 0.250857 5.108173 -0.047757
v 0.000857 4.555815 -0.049198
v -0.001563 4.119845 -0.555314
v 0.356227 4.119461 -0.405674
v -0.003993 3.796394 -1.061989
v 0.712187 3.795619 -0.762450
v 1.011677 3.793770 -0.046249
v 0.856287 3.439650 -0.907453
v 1.216447 3.437427 -0.046174
v 0.505847 4.118531 -0.047875
v -0.004973 3.440588 -1.267675
v -0.717333 3.795638 -0.769401
v -0.862823 3.439674 -0.915815
v -0.357933 4.119471 -0.409146
v -1.009963 3.793799 -0.056081
v -1.214733 3.437462 -0.057996
v -0.504133 4.118546 -0.052785
v 0.359647 4.117617 0.308486
v 0.719047 3.791931 0.667071
v -0.710473 3.791940 0.660111
v -0.854573 3.435239 0.803284
v -0.354513 4.117625 0.305016
v 0.005707 3.791166 0.959649
v 0.006687 3.434301 1.163505
v 0.864537 3.435214 0.811646
v 0.003277 4.117242 0.454655
v 0.553327 3.439765 0.500418
v -0.123363 3.767451 0.412309
v -0.201393 3.439236 0.702619
v -0.462693 3.768332 0.072962
v -0.753853 3.440666 0.150119
v -0.338473 3.769531 -0.390579
v -0.551613 3.442615 -0.604580
v 0.125077 3.769848 -0.514773
v 0.203107 3.443144 -0.806779
v 0.464407 3.768977 -0.175427
v 0.755567 3.441714 -0.254280
v 0.340187 3.767778 0.288115
v 0.000857 3.881192 -0.050942
v -0.706273 0.275114 0.646825
v 0.000827 0.350950 0.939940
v 0.000827 0.274355 0.939744
v 0.707937 0.351710 0.647072
v 0.707937 0.275115 0.646876
v 1.000857 0.353538 -0.060028
v 1.000857 0.276943 -0.060223
v 0.707987 0.355365 -0.767136
v 0.707987 0.278770 -0.767332
v 0.000887 0.356115 -1.060054
v 0.000887 0.279520 -1.060250
v -0.706223 0.355364 -0.767186
v -0.706223 0.278769 -0.767383
v -0.999143 0.353537 -0.060087
v -0.999143 0.276942 -0.060284
v -0.706273 0.351710 0.647022
v 0.707987 2.858278 -0.760669
v 1.000857 2.779855 -0.053755
v 1.000857 2.856461 -0.053560
v 0.707937 2.778038 0.653344
v 0.707937 2.854633 0.653540
v 0.000827 2.777278 0.946211
v 0.000827 2.853873 0.946407
v -0.706273 2.778037 0.653293
v -0.706273 2.854632 0.653490
v -0.999143 2.779864 -0.053816
v -0.999143 2.856459 -0.053619
v -0.706223 2.781692 -0.760915
v -0.706223 2.858287 -0.760718
v 0.000887 2.782443 -1.053783
v 0.000887 2.859037 -1.053586
v 0.707987 2.781683 -0.760864
v 1.132197 2.776936 1.077618
v 1.600857 2.779856 -0.053735
v 1.132267 2.782785 -1.185117
v 0.000907 2.783995 -1.653780
v -1.130473 2.782784 -1.185188
v -1.599143 2.779864 -0.053836
v -1.130553 2.776934 1.077547
v 0.000807 2.775725 1.546209
v -1.130473 0.356457 -1.191459
v 0.000907 0.357667 -1.660051
v 1.132267 0.356458 -1.191389
v 1.600857 0.353538 -0.060006
v 1.132197 0.350608 1.071346
v 0.000807 0.349398 1.539938
v -1.130553 0.350607 1.071276
v -1.599143 0.353536 -0.060107
v -0.034493 5.041274 -0.083298
v 0.036217 5.041096 -0.012584
v -0.479413 4.520129 0.360245
v -0.408713 4.519950 0.430959
v -1.069013 4.115275 0.948764
v -0.998303 4.115087 1.019478
v -1.385003 3.641124 1.263508
v -1.314303 3.640945 1.334221
v -1.425083 3.202795 1.302446
v -1.354373 3.202606 1.373160
v -1.369093 3.037838 1.246040
v -1.298383 3.037649 1.316754
v -1.296673 3.334566 1.174392
v -1.275543 3.541288 1.153790
v -1.225963 3.334387 1.245106
v -1.204833 3.541110 1.224504
v -1.109963 3.205462 1.128773
v -1.180673 3.205650 1.058059
v -1.043543 3.283458 0.921144
v -0.972833 3.283279 0.991858
v -1.022413 3.490191 0.900541
v -0.951703 3.490002 0.971255
v -1.138413 3.619106 1.016864
v -1.067703 3.618917 1.087578
v -0.787233 3.813730 0.666222
v -0.716523 3.813551 0.736936
v -0.886213 3.696250 0.764883
v -0.815503 3.696061 0.835597
v -1.007483 3.758544 0.886316
v -0.936773 3.758355 0.957030
v -1.029783 3.938307 0.909080
v -0.959073 3.938129 0.979794
v -0.930813 4.055797 0.810408
v -0.860103 4.055609 0.881122
v -0.034503 4.441098 -0.014136
v -0.348703 4.079455 -0.329296
v 0.036217 4.441277 -0.084850
v -0.277983 4.079634 -0.400001
v -0.631433 3.746673 -0.754337
v -0.702153 3.746494 -0.683632
v -0.897733 3.043697 -1.022467
v -0.968443 3.043519 -0.951753
v -1.295783 3.038022 1.172737
v -1.225073 3.037843 1.243451
v -0.968503 3.038873 0.845472
v -0.897793 3.038685 0.916185
v -0.370673 4.224649 0.392165
v -0.441383 4.224838 0.321451
v -0.469613 4.317511 0.491332
v -0.540323 4.317689 0.420618
v -0.576103 4.242620 0.597622
v -0.646803 4.242809 0.526908
v -0.738823 3.993315 0.759698
v -0.809533 3.993503 0.688984
v -0.484713 3.982028 0.505576
v -0.555423 3.982206 0.434862
v -0.378233 4.056909 0.399286
v -0.448933 4.057097 0.328572
v -0.654363 4.075068 0.534031
v -0.583653 4.074879 0.604745
v 0.036217 4.441098 -0.014136
v -0.278013 4.077827 0.299127
v -0.034493 4.441277 -0.084850
v -0.348713 4.078016 0.228413
v -0.695123 3.743242 0.573925
v -0.624413 3.743063 0.644639
v -0.034503 5.041096 -0.012584
v 0.036217 5.041274 -0.083298
v 0.410397 4.519950 0.430988
v 0.481107 4.520129 0.360274
v 0.999957 4.115088 1.019538
v 1.070667 4.115276 0.948834
v 1.315927 3.640947 1.334311
v 1.386637 3.641125 1.263598
v 1.355997 3.202608 1.373250
v 1.426707 3.202787 1.302536
v 1.300017 3.037651 1.316833
v 1.370727 3.037839 1.246130
v 1.227597 3.334378 1.245177
v 1.206467 3.541111 1.224583
v 1.298307 3.334567 1.174473
v 1.277177 3.541290 1.153869
v 1.182317 3.205652 1.058139
v 1.111607 3.205463 1.128843
v 0.974477 3.283280 0.991917
v 1.045197 3.283459 0.921214
v 0.953347 3.490003 0.971315
v 1.024067 3.490182 0.900611
v 1.069347 3.618918 1.087648
v 1.140057 3.619097 1.016944
v 0.718187 3.813551 0.736975
v 0.788897 3.813730 0.666272
v 0.817157 3.696062 0.835656
v 0.887867 3.696251 0.764942
v 0.938427 3.758356 0.957091
v 1.009137 3.758535 0.886377
v 0.960727 3.938130 0.979853
v 1.031437 3.938308 0.909150
v 0.861757 4.055610 0.881183
v 0.932467 4.055788 0.810469
v 1.226707 3.037844 1.243529
v 1.297417 3.038023 1.172815
v 0.899447 3.038686 0.916245
v 0.970157 3.038874 0.845530
v 0.443077 4.224839 0.321480
v 0.372367 4.224650 0.392194
v 0.542007 4.317690 0.420660
v 0.471287 4.317512 0.491363
v 0.648487 4.242809 0.526950
v 0.577777 4.242621 0.597664
v 0.811197 3.993504 0.689035
v 0.740487 3.993315 0.759738
v 0.557107 3.982207 0.434893
v 0.486397 3.982028 0.505607
v 0.450627 4.057097 0.328603
v 0.379917 4.056909 0.399306
v 0.585327 4.074879 0.604785
v 0.656037 4.075068 0.534071
v 0.350417 4.078016 0.228432
v 0.279697 4.077828 0.299147
v 0.633157 3.743047 0.651751
v 0.703867 3.743226 0.581046
v 0.481137 4.522246 -0.458817
v 0.410427 4.522426 -0.529531
v 1.070727 4.120431 -1.049420
v 1.000017 4.120621 -1.120134
v 1.386727 3.647916 -1.366620
v 1.316017 3.648105 -1.437334
v 1.426797 3.209793 -1.407819
v 1.356087 3.209981 -1.478531
v 1.370807 3.044545 -1.352262
v 1.300097 3.044734 -1.422976
v 1.298387 3.340904 -1.279080
v 1.277257 3.547523 -1.257415
v 1.227677 3.341083 -1.349794
v 1.206547 3.547701 -1.328129
v 1.111677 3.211567 -1.234132
v 1.182387 3.211388 -1.163418
v 1.045257 3.288491 -1.026100
v 0.974547 3.288670 -1.096814
v 1.024127 3.495110 -1.004435
v 0.953417 3.495289 -1.075148
v 1.140127 3.624626 -1.120086
v 1.069417 3.624804 -1.190800
v 0.788947 3.817438 -0.768440
v 0.718237 3.817617 -0.839154
v 0.887927 3.700472 -0.867709
v 0.817217 3.700650 -0.938423
v 1.009197 3.763383 -0.988812
v 0.938497 3.763571 -1.059527
v 1.031497 3.943270 -1.010649
v 0.960797 3.943458 -1.081363
v 0.932527 4.060246 -0.911380
v 0.861817 4.060425 -0.982094
v 1.297497 3.044361 -1.278957
v 1.226787 3.044540 -1.349671
v 0.970217 3.043510 -0.951694
v 0.899507 3.043698 -1.022408
v 0.372387 4.226939 -0.492269
v 0.443097 4.226750 -0.421555
v 0.471327 4.320305 -0.590950
v 0.542037 4.320116 -0.520236
v 0.577817 4.245966 -0.697632
v 0.648527 4.245788 -0.626918
v 0.740537 3.997504 -0.860980
v 0.811247 3.997326 -0.790266
v 0.486437 3.984896 -0.606932
v 0.557137 3.984717 -0.536218
v 0.379947 4.059235 -0.500250
v 0.450657 4.059056 -0.429536
v 0.656077 4.078083 -0.634899
v 0.585367 4.078272 -0.705613
v 0.279727 4.079634 -0.399990
v 0.350437 4.079455 -0.329276
v 0.696837 3.746478 -0.676511
v 0.626127 3.746657 -0.747225
v -0.408673 4.522425 -0.529560
v -0.479393 4.522246 -0.458857
v -0.998233 4.120619 -1.120193
v -1.068953 4.120440 -1.049490
v -1.314213 3.648104 -1.437413
v -1.384923 3.647925 -1.366710
v -1.354283 3.209980 -1.478621
v -1.424993 3.209791 -1.407909
v -1.298293 3.044732 -1.423056
v -1.369013 3.044553 -1.352352
v -1.225883 3.341092 -1.349864
v -1.204753 3.547700 -1.328199
v -1.296593 3.340903 -1.279161
v -1.275463 3.547522 -1.257494
v -1.180603 3.211387 -1.163499
v -1.109883 3.211576 -1.234203
v -0.972763 3.288669 -1.096874
v -1.043483 3.288490 -1.026170
v -0.951633 3.495288 -1.075208
v -1.022353 3.495109 -1.004503
v -1.067623 3.624803 -1.190870
v -1.138343 3.624624 -1.120167
v -0.716473 3.817616 -0.839194
v -0.787183 3.817437 -0.768491
v -0.815443 3.700650 -0.938472
v -0.886153 3.700471 -0.867769
v -0.936713 3.763570 -1.059588
v -1.007423 3.763381 -0.988883
v -0.959013 3.943457 -1.081423
v -1.029723 3.943269 -1.010718
v -0.860043 4.060424 -0.982144
v -0.930753 4.060246 -0.911440
v -1.224993 3.044538 -1.349751
v -1.295703 3.044360 -1.279037
v -0.441363 4.226750 -0.421586
v -0.370643 4.226939 -0.492289
v -0.540293 4.320127 -0.520276
v -0.469573 4.320305 -0.590981
v -0.646773 4.245787 -0.626958
v -0.576053 4.245966 -0.697661
v -0.809483 3.997325 -0.790326
v -0.738773 3.997503 -0.861031
v -0.555393 3.984717 -0.536249
v -0.484683 3.984906 -0.606963
v -0.448913 4.059056 -0.429566
v -0.378203 4.059235 -0.500280
v -0.583613 4.078271 -0.705652
v -0.654323 4.078082 -0.634949
v -0.706273 0.275114 0.646825
v 0.000827 0.350950 0.939940
v 0.000827 0.274355 0.939744
v 0.707937 0.351710 0.647072
v 0.707937 0.275115 0.646876
v 1.000857 0.353538 -0.060028
v 1.000857 0.276943 -0.060223
v 0.707987 0.355365 -0.767136
v 0.707987 0.278770 -0.767332
v 0.000887 0.356115 -1.060054
v 0.000887 0.279520 -1.060250
v -0.706223 0.355364 -0.767186
v -0.706223 0.278769 -0.767383
v -0.999143 0.353537 -0.060087
v -0.999143 0.276942 -0.060284
v -0.706273 0.351710 0.647022
v 0.707987 2.858278 -0.760669
v 1.000857 2.779855 -0.053755
v 1.000857 2.856461 -0.053560
v 0.707937 2.778038 0.653344
v 0.707937 2.854633 0.653540
v 0.000827 2.777278 0.946211
v 0.000827 2.853873 0.946407
v -0.706273 2.778037 0.653293
v -0.706273 2.854632 0.653490
v -0.999143 2.779864 -0.053816
v -0.999143 2.856459 -0.053619
v -0.706223 2.781692 -0.760915
v -0.706223 2.858287 -0.760718
v 0.000887 2.782443 -1.053783
v 0.000887 2.859037 -1.053586
v 0.707987 2.781683 -0.760864
v 1.132197 2.776936 1.077618
v 1.600857 2.779856 -0.053735
v 1.132267 2.782785 -1.185117
v 0.000907 2.783995 -1.653780
v -1.130473 2.782784 -1.185188
v -1.599143 2.779864 -0.053836
v -1.130553 2.776934 1.077547
v 0.000807 2.775725 1.546209
v -1.130473 0.356457 -1.191459
v 0.000907 0.357667 -1.660051
v 1.132267 0.356458 -1.191389
v 1.600857 0.353538 -0.060006
v 1.132197 0.350608 1.071346
v 0.000807 0.349398 1.539938
v -1.130553 0.350607 1.071276
v -1.599143 0.353536 -0.060107
v -0.034493 5.041274 -0.083298
v 0.036217 5.041096 -0.012584
v -0.479413 4.520129 0.360245
v -0.408713 4.519950 0.430959
v -1.069013 4.115275 0.948764
v -0.998303 4.115087 1.019478
v -1.385003 3.641124 1.263508
v -1.314303 3.640945 1.334221
v -1.425083 3.202795 1.302446
v -1.354373 3.202606 1.373160
v -1.369093 3.037838 1.246040
v -1.298383 3.037649 1.316754
v -1.296673 3.334566 1.174392
v -1.275543 3.541288 1.153790
v -1.225963 3.334387 1.245106
v -1.204833 3.541110 1.224504
v -1.109963 3.205462 1.128773
v -1.180673 3.205650 1.058059
v -1.043543 3.283458 0.921144
v -0.972833 3.283279 0.991858
v -1.022413 3.490191 0.900541
v -0.951703 3.490002 0.971255
v -1.138413 3.619106 1.016864
v -1.067703 3.618917 1.087578
v -0.787233 3.813730 0.666222
v -0.716523 3.813551 0.736936
v -0.886213 3.696250 0.764883
v -0.815503 3.696061 0.835597
v -1.007483 3.758544 0.886316
v -0.936773 3.758355 0.957030
v -1.029783 3.938307 0.909080
v -0.959073 3.938129 0.979794
v -0.930813 4.055797 0.810408
v -0.860103 4.055609 0.881122
v -0.034503 4.441098 -0.014136
v -0.348703 4.079455 -0.329296
v 0.036217 4.441277 -0.084850
v -0.277983 4.079634 -0.400001
v -0.631433 3.746673 -0.754337
v -0.702153 3.746494 -0.683632
v -0.897733 3.043697 -1.022467
v -0.968443 3.043519 -0.951753
v -1.295783 3.038022 1.172737
v -1.225073 3.037843 1.243451
v -0.968503 3.038873 0.845472
v -0.897793 3.038685 0.916185
v -0.370673 4.224649 0.392165
v -0.441383 4.224838 0.321451
v -0.469613 4.317511 0.491332
v -0.540323 4.317689 0.420618
v -0.576103 4.242620 0.597622
v -0.646803 4.242809 0.526908
v -0.738823 3.993315 0.759698
v -0.809533 3.993503 0.688984
v -0.484713 3.982028 0.505576
v -0.555423 3.982206 0.434862
v -0.378233 4.056909 0.399286
v -0.448933 4.057097 0.328572
v -0.654363 4.075068 0.534031
v -0.583653 4.074879 0.604745
v 0.036217 4.441098 -0.014136
v -0.278013 4.077827 0.299127
v -0.034493 4.441277 -0.084850
v -0.348713 4.078016 0.228413
v -0.695123 3.743242 0.573925
v -0.624413 3.743063 0.644639
v -0.034503 5.041096 -0.012584
v 0.036217 5.041274 -0.083298
v 0.410397 4.519950 0.430988
v 0.481107 4.520129 0.360274
v 0.999957 4.115088 1.019538
v 1.070667 4.115276 0.948834
v 1.315927 3.640947 1.334311
v 1.386637 3.641125 1.263598
v 1.355997 3.202608 1.373250
v 1.426707 3.202787 1.302536
v 1.300017 3.037651 1.316833
v 1.370727 3.037839 1.246130
v 1.227597 3.334378 1.245177
v 1.206467 3.541111 1.224583
v 1.298307 3.334567 1.174473
v 1.277177 3.541290 1.153869
v 1.182317 3.205652 1.058139
v 1.111607 3.205463 1.128843
v 0.974477 3.283280 0.991917
v 1.045197 3.283459 0.921214
v 0.953347 3.490003 0.971315
v 1.024067 3.490182 0.900611
v 1.069347 3.618918 1.087648
v 1.140057 3.619097 1.016944
v 0.718187 3.813551 0.736975
v 0.788897 3.813730 0.666272
v 0.817157 3.696062 0.835656
v 0.887867 3.696251 0.764942
v 0.938427 3.758356 0.957091
v 1.009137 3.758535 0.886377
v 0.960727 3.938130 0.979853
v 1.031437 3.938308 0.909150
v 0.861757 4.055610 0.881183
v 0.932467 4.055788 0.810469
v 1.226707 3.037844 1.243529
v 1.297417 3.038023 1.172815
v 0.899447 3.038686 0.916245
v 0.970157 3.038874 0.845530
v 0.443077 4.224839 0.321480
v 0.372367 4.224650 0.392194
v 0.542007 4.317690 0.420660
v 0.471287 4.317512 0.491363
v 0.648487 4.242809 0.526950
v 0.577777 4.242621 0.597664
v 0.811197 3.993504 0.689035
v 0.740487 3.993315 0.759738
v 0.557107 3.982207 0.434893
v 0.486397 3.982028 0.505607
v 0.450627 4.057097 0.328603
v 0.379917 4.056909 0.399306
v 0.585327 4.074879 0.604785
v 0.656037 4.075068 0.534071
v 0.350417 4.078016 0.228432
v 0.279697 4.077828 0.299147
v 0.633157 3.743047 0.651751
v 0.703867 3.743226 0.581046
v 0.481137 4.522246 -0.458817
v 0.410427 4.522426 -0.529531
v 1.070727 4.120431 -1.049420
v 1.000017 4.120621 -1.120134
v 1.386727 3.647916 -1.366620
v 1.316017 3.648105 -1.437334
v 1.426797 3.209793 -1.407819
v 1.356087 3.209981 -1.478531
v 1.370807 3.044545 -1.352262
v 1.300097 3.044734 -1.422976
v 1.298387 3.340904 -1.279080
v 1.277257 3.547523 -1.257415
v 1.227677 3.341083 -1.349794
v 1.206547 3.547701 -1.328129
v 1.111677 3.211567 -1.234132
v 1.182387 3.211388 -1.163418
v 1.045257 3.288491 -1.026100
v 0.974547 3.288670 -1.096814
v 1.024127 3.495110 -1.004435
v 0.953417 3.495289 -1.075148
v 1.140127 3.624626 -1.120086
v 1.069417 3.624804 -1.190800
v 0.788947 3.817438 -0.768440
v 0.718237 3.817617 -0.839154
v 0.887927 3.700472 -0.867709
v 0.817217 3.700650 -0.938423
v 1.009197 3.763383 -0.988812
v 0.938497 3.763571 -1.059527
v 1.031497 3.943270 -1.010649
v 0.960797 3.943458 -1.081363
v 0.932527 4.060246 -0.911380
v 0.861817 4.060425 -0.982094
v 1.297497 3.044361 -1.278957
v 1.226787 3.044540 -1.349671
v 0.970217 3.043510 -0.951694
v 0.899507 3.043698 -1.022408
v 0.372387 4.226939 -0.492269
v 0.443097 4.226750 -0.421555
v 0.471327 4.320305 -0.590950
v 0.542037 4.320116 -0.520236
v 0.577817 4.245966 -0.697632
v 0.648527 4.245788 -0.626918
v 0.740537 3.997504 -0.860980
v 0.811247 3.997326 -0.790266
v 0.486437 3.984896 -0.606932
v 0.557137 3.984717 -0.536218
v 0.379947 4.059235 -0.500250
v 0.450657 4.059056 -0.429536
v 0.656077 4.078083 -0.634899
v 0.585367 4.078272 -0.705613
v 0.279727 4.079634 -0.399990
v 0.350437 4.079455 -0.329276
v 0.696837 3.746478 -0.676511
v 0.626127 3.746657 -0.747225
v -0.408673 4.522425 -0.529560
v -0.479393 4.522246 -0.458857
v -0.998233 4.120619 -1.120193
v -1.068953 4.120440 -1.049490
v -1.314213 3.648104 -1.437413
v -1.384923 3.647925 -1.366710
v -1.354283 3.209980 -1.478621
v -1.424993 3.209791 -1.407909
v -1.298293 3.044732 -1.423056
v -1.369013 3.044553 -1.352352
v -1.225883 3.341092 -1.349864
v -1.204753 3.547700 -1.328199
v -1.296593 3.340903 -1.279161
v -1.275463 3.547522 -1.257494
v -1.180603 3.211387 -1.163499
v -1.109883 3.211576 -1.234203
v -0.972763 3.288669 -1.096874
v -1.043483 3.288490 -1.026170
v -0.951633 3.495288 -1.075208
v -1.022353 3.495109 -1.004503
v -1.067623 3.624803 -1.190870
v -1.138343 3.624624 -1.120167
v -0.716473 3.817616 -0.839194
v -0.787183 3.817437 -0.768491
v -0.815443 3.700650 -0.938472
v -0.886153 3.700471 -0.867769
v -0.936713 3.763570 -1.059588
v -1.007423 3.763381 -0.988883
v -0.959013 3.943457 -1.081423
v -1.029723 3.943269 -1.010718
v -0.860043 4.060424 -0.982144
v -0.930753 4.060246 -0.911440
v -1.224993 3.044538 -1.349751
v -1.295703 3.044360 -1.279037
v -0.441363 4.226750 -0.421586
v -0.370643 4.226939 -0.492289
v -0.540293 4.320127 -0.520276
v -0.469573 4.320305 -0.590981
v -0.646773 4.245787 -0.626958
v -0.576053 4.245966 -0.697661
v -0.809483 3.997325 -0.790326
v -0.738773 3.997503 -0.861031
v -0.555393 3.984717 -0.536249
v -0.484683 3.984906 -0.606963
v -0.448913 4.059056 -0.429566
v -0.378203 4.059235 -0.500280
v -0.583613 4.078271 -0.705652
v -0.654323 4.078082 -0.634949
v 1.273967 0.514964 -1.453720
v 1.378467 0.514922 -1.437167
v 1.273967 0.417435 -1.453971
v 1.378467 0.405030 -1.437454
v 1.238287 0.295532 -1.418613
v 1.332467 0.247861 -1.391858
v 1.152147 0.244842 -1.332608
v 1.221417 0.182521 -1.280984
v 0.928757 0.244271 -1.109233
v 0.989277 0.181923 -1.048858
v 1.225937 0.514725 -1.359461
v 1.225937 0.437210 -1.359651
v 1.206947 0.372338 -1.340838
v 1.161107 0.345371 -1.295072
v 0.951877 0.344834 -1.085851
v 1.300747 0.514528 -1.284646
v 1.300747 0.437023 -1.284836
v 1.281757 0.372151 -1.266024
v 1.235917 0.345183 -1.220257
v 1.026687 0.344636 -1.011036
v 1.395017 0.514652 -1.332666
v 1.395017 0.417123 -1.332918
v 1.359337 0.295220 -1.297559
v 1.273197 0.244530 -1.211553
v 1.049807 0.243959 -0.988180
v 0.928697 0.238850 0.988599
v 0.989217 0.176814 0.927910
v 1.152067 0.238270 1.211983
v 1.221347 0.176216 1.160056
v 1.238207 0.288510 1.298261
v 1.332387 0.240983 1.271276
v 1.273887 0.410235 1.334257
v 1.378387 0.397905 1.317679
v 1.273887 0.507764 1.334509
v 1.378387 0.507806 1.317956
v 1.049747 0.239163 0.867555
v 1.026627 0.339725 0.890928
v 1.273127 0.238582 1.090939
v 1.235847 0.339188 1.100168
v 1.359257 0.288822 1.177208
v 1.281687 0.365912 1.146071
v 1.394937 0.410547 1.213204
v 1.300667 0.430685 1.165226
v 1.394937 0.508077 1.213465
v 1.300667 0.508200 1.165425
v 1.378387 2.617631 1.323408
v 1.394937 2.617902 1.218918
v 1.378387 2.767361 1.323800
v 1.394937 2.755269 1.219267
v 1.332387 2.924531 1.278207
v 1.359257 2.877172 1.183897
v 1.221337 2.989870 1.167323
v 1.273127 2.927862 1.097893
v 0.989217 2.990468 0.935187
v 1.049747 2.928432 0.874498
v 1.300667 2.618025 1.170879
v 1.300667 2.735379 1.171185
v 1.281687 2.800241 1.152363
v 1.235847 2.827208 1.106596
v 1.026627 2.827754 0.897354
v 1.225857 2.617838 1.245682
v 1.225857 2.735181 1.245989
v 1.206867 2.800053 1.227167
v 1.161037 2.827021 1.181401
v 0.951807 2.827557 0.972169
v 1.273887 2.617590 1.339962
v 1.273887 2.754957 1.340310
v 1.238207 2.876859 1.304942
v 1.152067 2.927549 1.218935
v 0.928697 2.928119 0.995542
v 1.273967 2.624789 -1.448277
v 1.225937 2.624551 -1.354007
v 1.273967 2.762156 -1.447919
v 1.225937 2.741894 -1.353701
v 1.238287 2.883882 -1.411924
v 1.206947 2.806667 -1.334545
v 1.152147 2.934121 -1.325655
v 1.161107 2.833400 -1.288646
v 0.928757 2.933541 -1.102280
v 0.951877 2.832863 -1.079425
v 1.300747 2.624353 -1.279184
v 1.300747 2.741707 -1.278887
v 1.281757 2.806480 -1.259732
v 1.235917 2.833203 -1.213830
v 1.026687 2.832666 -1.004609
v 1.395017 2.624477 -1.327224
v 1.395017 2.761844 -1.326864
v 1.359337 2.883569 -1.290869
v 1.273197 2.933809 -1.204601
v 1.049807 2.933229 -0.981228
v 0.989277 2.995577 -1.041592
v 1.221417 2.996175 -1.273718
v 1.332467 2.931409 -1.384927
v 1.378467 2.774487 -1.431332
v 1.378467 2.624748 -1.431714
v -0.926973 2.933540 -1.102341
v -0.950093 2.832862 -1.079484
v -1.150353 2.934120 -1.325724
v -1.159323 2.833399 -1.288715
v -1.236493 2.883880 -1.412003
v -1.205153 2.806666 -1.334627
v -1.272173 2.762155 -1.447999
v -1.224143 2.741892 -1.353772
v -1.272173 2.624798 -1.448348
v -1.224143 2.624549 -1.354079
v -1.024913 2.832665 -1.004668
v -1.234133 2.833212 -1.213910
v -1.279973 2.806479 -1.259812
v -1.298953 2.741705 -1.278967
v -1.298953 2.624362 -1.279274
v -1.048033 2.933228 -0.981298
v -1.271403 2.933808 -1.204682
v -1.357543 2.883568 -1.290959
v -1.393223 2.761842 -1.326954
v -1.393223 2.624486 -1.327303
v -0.987503 2.995576 -1.041651
v -1.219623 2.996174 -1.273787
v -1.330673 2.931407 -1.385017
v -1.376673 2.774485 -1.431422
v -1.376673 2.624756 -1.431803
v -1.024913 0.344635 -1.011096
v -0.950093 0.344833 -1.085911
v -1.234133 0.345182 -1.220338
v -1.159323 0.345369 -1.295142
v -1.279973 0.372149 -1.266104
v -1.205153 0.372337 -1.340909
v -1.298953 0.437021 -1.284917
v -1.224143 0.437209 -1.359732
v -1.298953 0.514527 -1.284717
v -1.224143 0.514724 -1.359532
v -0.926973 0.244271 -1.109284
v -0.987503 0.181922 -1.048928
v -1.150353 0.244851 -1.332678
v -1.219623 0.182520 -1.281065
v -1.236493 0.295531 -1.418683
v -1.330673 0.247859 -1.391948
v -1.272173 0.417443 -1.454051
v -1.376673 0.405029 -1.437544
v -1.272173 0.514963 -1.453799
v -1.376673 0.514921 -1.437257
v -1.393223 0.514650 -1.332756
v -1.393223 0.417131 -1.333008
v -1.357543 0.295218 -1.297640
v -1.271403 0.244539 -1.211623
v -1.048033 0.243958 -0.988240
v -1.024973 2.827754 0.897295
v -0.950163 2.827556 0.972110
v -1.234203 2.827216 1.106516
v -1.159393 2.827019 1.181332
v -1.280043 2.800239 1.152282
v -1.205233 2.800052 1.227098
v -1.299033 2.735377 1.171106
v -1.224223 2.735180 1.245920
v -1.299033 2.618024 1.170799
v -1.224223 2.617837 1.245613
v -0.927043 2.928118 0.995492
v -0.987563 2.990467 0.935127
v -1.150433 2.927548 1.218866
v -1.219703 2.989869 1.167243
v -1.236573 2.876868 1.304871
v -1.330753 2.924529 1.278117
v -1.272253 2.754955 1.340230
v -1.376753 2.767370 1.323710
v -1.272253 2.617588 1.339881
v -1.376753 2.617630 1.323328
v -1.048083 2.928441 0.874438
v -1.271473 2.927860 1.097811
v -1.357623 2.877180 1.183818
v -1.393303 2.755268 1.219186
v -1.393303 2.617901 1.218828
v -0.950163 0.339536 0.965683
v -1.024973 0.339724 0.890868
v -1.159393 0.338990 1.174904
v -1.234203 0.339187 1.100089
v -1.205233 0.365723 1.220805
v -1.280043 0.365920 1.145990
v -1.224223 0.430496 1.239960
v -1.299033 0.430684 1.165146
v -1.224223 0.508002 1.240161
v -1.299033 0.508199 1.165346
v -0.927043 0.238849 0.988540
v -1.150433 0.238269 1.211913
v -1.236573 0.288509 1.298182
v -1.272253 0.410234 1.334178
v -1.272253 0.507763 1.334430
v -1.048083 0.239161 0.867485
v -0.987563 0.176813 0.927851
v -1.271473 0.238581 1.090859
v -1.219703 0.176215 1.159976
v -1.357623 0.288821 1.177128
v -1.330753 0.240981 1.271186
v -1.393303 0.410546 1.213123
v -1.376753 0.397913 1.317590
v -1.393303 0.508075 1.213375
v -1.376753 0.507805 1.317876
v 1.225857 0.508003 1.240240
v 1.225857 0.430498 1.240040
v 1.206867 0.365724 1.220886
v 1.161037 0.338991 1.174974
v 0.951817 0.339527 0.965743
v -0.352683 0.409852 -0.413471
v -0.499143 0.408948 -0.059932
v 0.000857 0.431943 -0.059852
v -0.352703 0.408034 0.293627
v -0.611493 0.355624 -0.672447
v 0.000877 0.410232 -0.559910
v 0.000887 0.356278 -0.926076
v 0.354427 0.409852 -0.413452
v 0.613247 0.355625 -0.672407
v 0.500857 0.408938 -0.059901
v 0.866887 0.354038 -0.060026
v 0.354397 0.408025 0.293647
v 0.613207 0.352461 0.552335
v 0.000837 0.407655 0.440087
v 0.000827 0.351797 0.805965
v -0.611533 0.352460 0.552294
v -0.865163 0.354037 -0.060085
v -0.706223 0.280870 -0.767380
v 0.000887 0.281620 -1.060247
v 0.707987 0.280871 -0.767329
v 1.000857 0.279043 -0.060220
v 0.707937 0.277216 0.646879
v 0.000827 0.276455 0.939747
v -0.706273 0.277215 0.646839
v -0.999143 0.279042 -0.060279
v -0.005083 3.431359 -1.289937
v 0.725197 3.792882 -0.775465
v 0.871937 3.430406 -0.923135
v 1.030167 3.791001 -0.046171
v 1.238687 3.428137 -0.046091
v 0.732187 3.789119 0.680202
v 0.880337 3.425888 0.827420
v 0.005797 3.788357 0.978141
v 0.006797 3.424956 1.185720
v -0.723483 3.789146 0.673121
v -0.870223 3.425909 0.818909
v -1.028453 3.791027 -0.056182
v -1.236973 3.428168 -0.058135
v -0.730473 3.792899 -0.782546
v -0.878623 3.430428 -0.931646
v -0.004083 3.793671 -1.080484
v -0.001613 4.123045 -0.564542
v -0.364503 4.122657 -0.415701
v 0.000857 4.566977 -0.049173
v 0.362727 4.122649 -0.412161
v 0.515087 4.121703 -0.047819
v 0.366217 4.120771 0.315062
v 0.003327 4.120383 0.463901
v -0.361013 4.120780 0.311522
v -0.513373 4.121716 -0.052820
v 1.184437 0.753218 -1.242526
v 1.309047 0.514741 -1.367753
v 1.138837 0.753664 -1.412750
v 1.263447 0.753984 -1.537344
v 1.433657 0.753868 -1.491735
v 1.479257 0.753422 -1.321512
v 1.479257 2.304457 -1.317510
v 1.309047 2.624576 -1.362300
v 1.433657 2.304893 -1.487733
v 1.263447 2.305009 -1.533342
v 1.138837 2.304689 -1.408738
v 1.184437 2.304253 -1.238524
v 1.354647 2.304137 -1.192905
v 1.354647 0.753102 -1.196917
v 1.184357 0.747105 1.124550
v 1.308967 0.507988 1.248543
v 1.354577 0.747221 1.078941
v 1.479177 0.746900 1.203555
v 1.433567 0.746464 1.373768
v 1.263347 0.746348 1.419368
v 1.263347 2.297374 1.423380
v 1.308967 2.617813 1.253986
v 1.433567 2.297489 1.377771
v 1.479177 2.297936 1.207558
v 1.354577 2.298256 1.082953
v 1.184357 2.298140 1.128552
v 1.138747 2.297694 1.298766
v 1.138747 0.746669 1.294763
v -1.182723 0.747103 1.124470
v -1.307333 0.507986 1.248453
v -1.137113 0.746667 1.294683
v -1.261733 0.746347 1.419288
v -1.431943 0.746463 1.373678
v -1.477543 0.746899 1.203454
v -1.477543 2.297934 1.207468
v -1.307333 2.617811 1.253904
v -1.431943 2.297488 1.377681
v -1.261733 2.297372 1.423290
v -1.137113 2.297693 1.298695
v -1.182723 2.298139 1.128471
v -1.352933 2.298254 1.082863
v -1.352933 0.747219 1.078851
v -1.182643 0.753216 -1.242606
v -1.307243 0.514740 -1.367832
v -1.352863 0.753100 -1.197007
v -1.477463 0.753420 -1.321612
v -1.431853 0.753867 -1.491825
v -1.261633 0.753983 -1.537425
v -1.261633 2.305018 -1.533422
v -1.307243 2.624575 -1.362381
v -1.431853 2.304892 -1.487823
v -1.477463 2.304456 -1.317609
v -1.352863 2.304136 -1.192995
v -1.182643 2.304251 -1.238604
v -1.137033 2.304688 -1.408817
v -1.137033 0.753662 -1.412820
v 1.386647 3.091077 -0.008167
v 1.378397 3.169549 0.153821
v 1.375987 3.090539 0.201014
v 1.375987 3.169425 0.201220
v 1.371697 3.385341 0.285834
v 1.384547 3.310565 0.033487
v 1.391117 3.386325 -0.095241
v 1.387387 3.310707 -0.022133
v 1.387387 3.255806 -0.022277
v 1.391117 3.256000 -0.095583
v 1.375437 3.255199 0.212188
v 1.371697 3.255015 0.285492
v 1.375437 3.310099 0.212332
v 1.378397 3.310247 0.154191
v 1.384547 3.169858 0.033117
v 1.386647 3.169962 -0.007961
v 1.262867 3.384623 0.565088
v 1.331587 3.309578 0.416112
v 1.350697 3.385113 0.374941
v 1.350697 3.309677 0.374744
v 1.350697 3.090084 0.374178
v 1.280907 3.168590 0.525464
v 1.262867 3.089595 0.564325
v 1.262867 3.168481 0.564532
v 1.350697 3.168980 0.374384
v 1.331587 3.168870 0.415743
v 1.280907 3.309288 0.525834
v 1.262867 3.309188 0.564892
v 1.095957 3.207178 0.814446
v 1.128077 3.167965 0.765792
v 1.137157 3.235440 0.752245
v 1.193027 3.168216 0.667633
v 1.110967 3.384038 0.792203
v 1.193027 3.308924 0.667992
v 1.212227 3.384433 0.639162
v 1.212227 3.308998 0.638967
v 1.011807 3.308213 0.941886
v 1.071517 3.239068 0.851467
v 1.077447 3.308475 0.842677
v 1.110967 3.265164 0.791903
v 1.091067 3.088934 0.821526
v 1.011807 3.167515 0.941527
v 0.989807 3.088538 0.974566
v 0.989807 3.167424 0.974773
v 1.091067 3.167819 0.821732
v 1.067677 3.167725 0.857089
v 1.137157 3.308704 0.752429
v 1.110967 3.308603 0.792017
v 1.106087 3.167884 0.799038
v 1.106087 3.088989 0.798832
v 1.212227 3.089405 0.638400
v 1.212227 3.168291 0.638606
v 0.989807 3.308132 0.975132
v 0.989807 3.383567 0.975329
v 1.095957 3.383973 0.814897
v 1.095957 3.308548 0.814702
v 0.890347 3.088350 1.048702
v 0.611157 3.166862 1.192304
v 0.574007 3.087929 1.211182
v 0.574007 3.166814 1.211380
v 0.794097 3.210114 1.098457
v 0.890347 3.210244 1.049019
v 0.794097 3.167106 1.098346
v 0.718667 3.167011 1.137084
v 0.718667 3.224502 1.137232
v 0.718667 3.254757 1.137305
v 0.812667 3.224621 1.088953
v 0.812667 3.254887 1.089026
v 0.883037 3.383363 1.053224
v 0.574007 3.382947 1.211945
v 0.611157 3.307570 1.192666
v 0.574007 3.307522 1.211749
v -0.881313 3.389076 -1.157660
v -0.572293 3.389482 -1.316382
v -0.609443 3.314000 -1.297495
v -0.572293 3.314047 -1.316579
v -0.609443 3.173301 -1.297855
v -0.716953 3.260910 -1.242413
v -0.716953 3.313861 -1.242274
v -0.792383 3.313756 -1.203536
v -0.792383 3.271177 -1.203645
v -0.792383 3.216066 -1.203786
v -0.888633 3.215937 -1.154346
v -0.792383 3.173058 -1.203897
v -0.888633 3.094033 -1.154664
v -0.716953 3.173153 -1.242643
v -0.716953 3.230644 -1.242496
v -0.810953 3.230525 -1.194206
v -0.810953 3.260781 -1.194134
v -0.572293 3.094454 -1.317145
v -0.572293 3.173349 -1.316939
v -0.988093 3.313437 -1.079961
v -1.010093 3.313356 -1.046715
v -0.988093 3.388872 -1.079766
v -1.075733 3.313094 -0.947506
v -1.094243 3.388455 -0.919334
v -1.094243 3.313021 -0.919531
v -1.089353 3.093449 -0.927489
v -1.010093 3.172648 -1.047086
v -0.988093 3.093844 -1.080528
v -0.988093 3.172740 -1.080323
v -1.109253 3.312966 -0.896846
v -1.109253 3.388401 -0.896649
v -1.135443 3.312865 -0.857258
v -1.191313 3.312645 -0.772821
v -1.109253 3.269527 -0.896959
v -1.135443 3.239590 -0.857452
v -1.069803 3.243744 -0.956650
v -1.094243 3.211661 -0.919795
v -1.065953 3.172429 -0.962638
v -1.089353 3.172344 -0.927281
v -1.210513 3.171863 -0.744166
v -1.191313 3.171937 -0.773191
v -1.210513 3.092978 -0.744363
v -1.126363 3.172199 -0.871341
v -1.104363 3.093394 -0.904795
v -1.104363 3.172280 -0.904598
v -1.210513 3.388006 -0.743599
v -1.210513 3.312571 -0.743796
v -1.261153 3.312380 -0.669721
v -1.261153 3.387816 -0.669524
v -1.279193 3.312281 -0.630663
v -1.329873 3.311991 -0.520931
v -1.279193 3.171573 -0.631024
v -1.329873 3.171293 -0.521302
v -1.348983 3.092299 -0.480139
v -1.348983 3.171184 -0.479934
v -1.261153 3.092788 -0.670289
v -1.261153 3.171673 -0.670080
v -1.348983 3.387316 -0.479377
v -1.348983 3.311891 -0.479573
v -1.385673 3.255961 -0.082839
v -1.389403 3.255777 -0.009535
v -1.389403 3.386103 -0.009195
v -1.369983 3.387088 -0.390270
v -1.382833 3.311004 -0.138307
v -1.385673 3.310862 -0.082696
v -1.384923 3.170201 -0.097598
v -1.384923 3.091306 -0.097804
v -1.382833 3.170306 -0.138677
v -1.376683 3.170614 -0.259380
v -1.376683 3.311322 -0.259020
v -1.373723 3.311470 -0.317162
v -1.369983 3.256762 -0.390610
v -1.373723 3.256569 -0.317295
v -1.374263 3.091843 -0.306985
v -1.374263 3.170739 -0.306780
v 0.409277 3.444474 -1.323061
v -1.304063 3.440462 0.229715
v -0.280933 3.444563 -1.356997
v -1.270133 3.442244 -0.460490
v -0.895643 3.443751 -1.041265
v 0.897357 3.438640 0.937115
v 1.271847 3.440137 0.356339
v 0.282657 3.437817 1.252837
v 1.305777 3.441918 -0.333866
v -0.407563 3.437907 1.218910
v 0.990057 3.443505 -0.948577
v -0.988343 3.438876 0.844427
v 0.409277 3.044475 -1.324097
v -0.280933 3.044564 -1.358032
v -0.895643 3.043752 -1.042302
v -1.270133 3.042245 -0.461525
v -1.304063 3.040463 0.228679
v -0.988343 3.038877 0.843391
v -0.407563 3.037908 1.217875
v 0.282657 3.037818 1.251801
v 0.897357 3.038641 0.936080
v 1.271847 3.040138 0.355305
v 1.305777 3.041920 -0.334901
v 0.990057 3.043506 -0.949612
v -1.157653 3.387688 -0.621726
v -1.245483 3.387199 -0.431578
v -1.245483 3.311764 -0.431764
v -1.226383 3.311874 -0.473133
v -1.226383 3.171166 -0.473493
v -1.245483 3.171056 -0.432134
v -1.245483 3.092171 -0.432341
v -1.157653 3.092660 -0.622488
v -1.157653 3.171555 -0.622282
v -1.175703 3.171455 -0.583213
v -1.175703 3.312154 -0.582854
v -1.157653 3.312253 -0.621921
v -1.256133 3.387079 -0.384469
v -1.275553 3.386095 -0.003393
v -1.275553 3.255759 -0.003734
v -1.271813 3.255953 -0.077038
v -1.271813 3.310853 -0.076894
v -1.268983 3.310995 -0.132505
v -1.268983 3.170287 -0.132876
v -1.271073 3.170182 -0.091797
v 1.015897 3.308768 0.729104
v 1.015897 3.384193 0.729300
v 1.042087 3.308869 0.689526
v 1.015897 3.265320 0.729000
v 0.982377 3.308630 0.779765
v 1.000887 3.308703 0.751799
v 1.000887 3.384138 0.751996
v 0.894737 3.383721 0.912426
v 0.894737 3.308296 0.912231
v 0.916737 3.308378 0.878984
v 0.976437 3.239233 0.788564
v 0.916737 3.167670 0.878624
v 0.894737 3.167589 0.911870
v 0.894737 3.088703 0.911663
v 0.995997 3.089099 0.758623
v 0.995997 3.167984 0.758820
v 0.972597 3.167890 0.794188
v 1.000887 3.207343 0.751534
v 1.033007 3.168130 0.702889
v 1.011007 3.168039 0.736135
v 1.011007 3.089153 0.735928
v 1.117157 3.089570 0.575496
v 1.117157 3.168455 0.575705
v 1.097957 3.168381 0.604730
v 1.042087 3.235594 0.689342
v 1.097957 3.309088 0.605090
v 1.117157 3.309163 0.576064
v 1.117157 3.384588 0.576261
v 0.521927 3.307776 1.110339
v 0.521927 3.383211 1.110535
v 0.559077 3.307834 1.091265
v 0.559077 3.167126 1.090894
v 0.521927 3.167078 1.109978
v 0.521927 3.088183 1.109772
v 0.838267 3.088604 0.947300
v 0.838267 3.210508 0.947609
v 0.742017 3.210379 0.997048
v 0.742017 3.167370 0.996938
v 0.666587 3.167265 1.035674
v 0.666587 3.224756 1.035823
v 0.760587 3.224885 0.987544
v 0.760587 3.255141 0.987627
v 0.666587 3.255022 1.035906
v 0.718667 3.307708 1.137444
v 0.666587 3.307972 1.036045
v 0.794097 3.307813 1.098707
v 0.742017 3.308078 0.997297
v 0.794097 3.265235 1.098598
v 0.742017 3.265489 0.997188
v 0.883037 3.265350 1.052920
v 0.830947 3.265614 0.951510
v 0.830947 3.383627 0.951814
v 1.257847 3.255024 0.279691
v 1.257847 3.385360 0.280033
v 1.261587 3.255218 0.206387
v 1.261587 3.310118 0.206531
v 1.264547 3.310266 0.148390
v 1.264547 3.169558 0.148020
v 1.262127 3.169444 0.195419
v 1.262127 3.090548 0.195213
v 1.272787 3.091086 -0.013968
v 1.272787 3.169981 -0.013762
v 1.270697 3.169876 0.027316
v 1.270697 3.310574 0.027676
v 1.273527 3.310726 -0.027936
v 1.273527 3.255825 -0.028078
v 1.277267 3.256008 -0.101384
v 1.277267 3.386344 -0.101042
v 1.159367 3.309316 0.517092
v 1.159367 3.384741 0.517279
v 1.177417 3.309416 0.478025
v 1.177417 3.168708 0.477664
v 1.159367 3.168608 0.516722
v 1.159367 3.089723 0.516525
v 1.247207 3.090212 0.326378
v 1.247207 3.169097 0.326576
v 1.228097 3.168998 0.367943
v 1.228097 3.309695 0.368303
v 1.247207 3.309805 0.326945
v 1.247207 3.385240 0.327132
v -1.271073 3.091287 -0.091994
v -1.260413 3.091835 -0.301176
v -1.260413 3.170720 -0.300979
v -1.262833 3.170595 -0.253578
v -1.262833 3.311303 -0.253219
v -1.259863 3.311450 -0.311361
v -1.259863 3.256560 -0.311494
v -1.256133 3.256743 -0.384809
v -0.881313 3.271062 -1.157966
v -0.520213 3.389218 -1.214971
v -0.829233 3.388812 -1.056261
v -0.829233 3.270798 -1.056557
v -0.740293 3.270923 -1.102236
v -0.740293 3.313501 -1.102126
v -0.664873 3.313596 -1.140864
v -0.664873 3.260647 -1.141003
v -0.758873 3.260517 -1.092723
v -0.758873 3.230261 -1.092806
v -0.664873 3.230380 -1.141086
v -0.664873 3.172889 -1.141234
v -0.740293 3.172794 -1.102497
v -0.740293 3.215802 -1.102386
v -0.836553 3.215673 -1.052945
v -0.836553 3.093779 -1.053264
v -0.520213 3.094200 -1.215736
v -0.520213 3.173085 -1.215539
v -0.557363 3.173037 -1.196455
v -0.557363 3.313735 -1.196085
v -0.520213 3.313793 -1.215169
v -1.014183 3.388236 -0.833747
v -1.115443 3.387841 -0.680697
v -1.115443 3.312406 -0.680893
v -1.096233 3.312481 -0.709919
v -1.040373 3.239436 -0.794550
v -1.096233 3.171783 -0.710279
v -1.115443 3.171708 -0.681254
v -1.115443 3.092813 -0.681460
v -1.009293 3.093229 -0.841892
v -1.009293 3.172115 -0.841685
v -1.031293 3.172034 -0.808438
v -0.999163 3.211496 -0.856892
v -0.970883 3.172264 -0.899737
v -0.994283 3.172180 -0.864380
v -0.994283 3.093284 -0.864586
v -0.893023 3.093679 -1.017627
v -0.893023 3.172575 -1.017420
v -0.915013 3.172484 -0.984173
v -0.974723 3.243579 -0.893747
v -0.915013 3.313191 -0.983814
v -0.893023 3.313273 -1.017060
v -0.893023 3.388707 -1.016863
v -0.999163 3.388291 -0.856431
v -0.999163 3.312866 -0.856628
v -0.980663 3.312939 -0.884594
v -1.014183 3.269363 -0.834047
v -1.040373 3.312700 -0.794355
v -1.014183 3.312801 -0.833934
v 1.600888 2.779196 -0.053734
v 1.600888 3.041197 -0.053057
v 1.132287 2.782115 -1.185148
v 1.132287 3.044116 -1.184470
v 0.000907 2.783324 -1.653818
v 0.000907 3.045326 -1.653141
v -1.130503 2.782114 -1.185215
v -1.130503 3.044115 -1.184538
v -1.599173 2.779194 -0.053844
v -1.599173 3.041195 -0.053166
v -1.130573 2.776275 1.077569
v -1.130573 3.038266 1.078247
v 0.000807 2.775056 1.546242
v 0.000807 3.037057 1.546919
v 1.132217 2.776266 1.077639
v 1.132217 3.038268 1.078318
v 1.600857 0.161200 -0.060498
v 1.600857 0.354538 -0.060004
v 1.132267 0.164120 -1.191881
v 1.132267 0.357458 -1.191387
v 0.000907 0.165339 -1.660543
v 0.000907 0.358667 -1.660049
v -1.130473 0.164129 -1.191951
v -1.130473 0.357457 -1.191457
v -1.599143 0.161198 -0.060608
v -1.599143 0.354537 -0.060105
v -1.130553 0.158279 1.070775
v -1.130553 0.351607 1.071278
v 0.000807 0.157070 1.539446
v 0.000807 0.350398 1.539940
v 1.132197 0.158280 1.070854
v 1.132197 0.351608 1.071348
v 0.000827 2.776608 0.946212
v 1.132217 2.776266 1.077639
v 0.707937 2.777368 0.653335
v 1.600888 2.779196 -0.053734
v 1.000857 2.779196 -0.053754
v 1.132287 2.782115 -1.185148
v 0.707987 2.781023 -0.760873
v 0.000907 2.783324 -1.653818
v 0.000887 2.781772 -1.053791
v -1.130503 2.782114 -1.185215
v -0.706223 2.781022 -0.760914
v -1.599173 2.779194 -0.053844
v -0.999143 2.779194 -0.053824
v -1.130573 2.776275 1.077569
v -0.706273 2.777367 0.653296
v 0.000807 2.775056 1.546242
v 0.707937 0.352710 0.647075
v 0.000807 0.350398 1.539940
v 0.000827 0.351950 0.939943
v -1.130553 0.351607 1.071278
v -0.706273 0.352710 0.647025
v -1.599143 0.354537 -0.060105
v -0.999143 0.354537 -0.060085
v -1.130473 0.357457 -1.191457
v -0.706223 0.356365 -0.767184
v 0.000907 0.358667 -1.660049
v 0.000887 0.357115 -1.060051
v 1.132267 0.357458 -1.191387
v 0.707987 0.356365 -0.767133
v 1.600857 0.354538 -0.060004
v 1.000857 0.354538 -0.060024
v 1.132197 0.351608 1.071348
v -1.263013 2.525001 -1.527692
v -1.428073 2.524881 -1.483472
v -1.142193 2.524685 -1.406858
v -1.186423 2.524259 -1.241805
v -1.351483 2.524149 -1.197587
v -1.472303 2.524455 -1.318421
v -1.210583 2.624318 -1.265710
v -1.342633 2.624234 -1.230334
v -1.210583 2.524318 -1.265970
v -1.342633 2.524234 -1.230594
v -1.439293 2.624481 -1.327003
v -1.403913 2.624821 -1.459049
v -1.439293 2.524481 -1.327262
v -1.403913 2.524822 -1.459308
v -1.472303 2.384457 -1.318783
v -1.428073 2.384884 -1.483835
v -1.186423 0.684427 -1.246559
v -1.351483 0.684317 -1.202341
v -1.186423 0.514433 -1.246999
v -1.351483 0.514313 -1.202780
v -1.472303 0.684633 -1.323175
v -1.428073 0.685059 -1.488227
v -1.472303 0.514629 -1.323614
v -1.428073 0.515055 -1.488666
v -1.271863 2.624915 -1.494426
v -1.271863 2.524916 -1.494685
v -1.263013 2.385004 -1.528054
v -1.263013 0.685169 -1.532446
v -1.263013 0.515165 -1.532885
v -1.175203 2.624659 -1.397758
v -1.175203 2.524659 -1.398015
v -1.142193 2.384687 -1.407220
v -1.351483 2.384151 -1.197949
v -1.142193 0.684853 -1.411612
v -1.142193 0.514859 -1.412052
v -1.186423 2.384262 -1.242167
v 1.188217 2.524260 -1.241735
v 1.143987 2.524686 -1.406788
v 1.188217 2.384263 -1.242088
v 1.143987 2.384689 -1.407150
v 1.353267 0.684318 -1.202251
v 1.188217 0.684428 -1.246489
v 1.353267 0.514315 -1.202690
v 1.188217 0.514435 -1.246919
v 1.353267 2.524151 -1.197497
v 1.353267 2.384143 -1.197859
v 1.344427 2.624226 -1.230255
v 1.212377 2.624319 -1.265640
v 1.344427 2.524236 -1.230513
v 1.212377 2.524320 -1.265900
v 1.441097 2.624482 -1.326913
v 1.405717 2.624823 -1.458959
v 1.273667 2.624917 -1.494346
v 1.177007 2.624660 -1.397688
v 1.177007 2.524660 -1.397947
v 1.273667 2.524917 -1.494606
v 1.474107 0.684625 -1.323074
v 1.474107 0.514631 -1.323514
v 1.264827 2.525002 -1.527611
v 1.264827 2.384995 -1.527973
v 1.474107 2.524457 -1.318320
v 1.474107 2.384459 -1.318682
v 1.441097 2.524482 -1.327172
v 1.143987 0.684854 -1.411542
v 1.264827 0.685170 -1.532365
v 1.429877 0.685051 -1.488136
v 1.429877 0.515057 -1.488576
v 1.143987 0.514861 -1.411982
v 1.264827 0.515167 -1.532805
v 1.429877 2.524883 -1.483382
v 1.429877 2.384885 -1.483745
v 1.405717 2.524823 -1.459218
v -1.472383 2.517931 1.209418
v -1.428163 2.517506 1.374469
v -1.351553 2.518238 1.088584
v -1.186493 2.518128 1.132822
v -1.142273 2.517702 1.297875
v -1.263113 2.517386 1.418709
v -1.210663 2.618058 1.157246
v -1.175283 2.617718 1.289292
v -1.210663 2.518059 1.156987
v -1.175283 2.517718 1.289032
v -1.271953 2.617471 1.385952
v -1.404003 2.617564 1.350564
v -1.271953 2.517471 1.385691
v -1.404003 2.517565 1.350305
v -1.263113 2.377388 1.418346
v -1.428163 2.377498 1.374107
v -1.186493 0.678295 1.128068
v -1.142273 0.677870 1.293121
v -1.186493 0.508292 1.127628
v -1.142273 0.507866 1.292681
v -1.263113 0.677554 1.413955
v -1.428163 0.677673 1.369715
v -1.263113 0.507560 1.413515
v -1.428163 0.507670 1.369276
v -1.439373 2.617905 1.218518
v -1.439373 2.517905 1.218259
v -1.472383 2.377924 1.209056
v -1.472383 0.678099 1.204663
v -1.472383 0.508096 1.204224
v -1.342713 2.618152 1.121859
v -1.342713 2.518152 1.121600
v -1.351553 2.378240 1.088231
v -1.142273 2.377704 1.297522
v -1.351553 0.678405 1.083830
v -1.351553 0.508412 1.083399
v -1.186493 2.378130 1.132460
v 1.264727 2.517387 1.418788
v 1.429787 2.517497 1.374559
v 1.143907 2.517703 1.297954
v 1.188137 2.518129 1.132892
v 1.353197 2.518239 1.088674
v 1.474027 2.517923 1.209508
v 1.212297 2.618060 1.157326
v 1.344347 2.618154 1.121949
v 1.212297 2.518060 1.157067
v 1.344347 2.518154 1.121690
v 1.441007 2.617907 1.218608
v 1.405627 2.617566 1.350654
v 1.441007 2.517907 1.218349
v 1.405627 2.517566 1.350395
v 1.474027 2.377925 1.209146
v 1.429787 2.377500 1.374208
v 1.188137 0.678297 1.128148
v 1.353197 0.678407 1.083920
v 1.188137 0.508293 1.127709
v 1.353197 0.508413 1.083480
v 1.474027 0.678101 1.204753
v 1.429787 0.677675 1.369816
v 1.474027 0.508097 1.204314
v 1.429787 0.507672 1.369376
v 1.353197 2.378242 1.088312
v 1.188137 2.378122 1.132540
v 1.264727 2.377389 1.418426
v 1.143907 2.377696 1.297592
v 1.273577 2.617472 1.386030
v 1.273577 2.517472 1.385772
v 1.264727 0.677555 1.414034
v 1.264727 0.507561 1.413594
v 1.143907 0.677871 1.293200
v 1.176917 2.617719 1.289362
v 1.176917 2.517719 1.289103
v 1.143907 0.507867 1.292761
v -0.815503 3.696061 0.835597
v -0.951703 3.490002 0.971255
v -0.936773 3.758355 0.957030
v -1.067703 3.618917 1.087578
v -0.959073 3.938129 0.979794
v -0.897793 3.038685 0.916185
v -1.225073 3.037843 1.243451
v -1.109963 3.205462 1.128773
v -1.281553 3.219342 1.300398
v -1.225963 3.334387 1.245106
v -1.247113 3.596087 1.266933
v -1.204833 3.541110 1.224504
v 0.036217 4.911090 -0.012920
v -0.370233 4.435284 0.392277
v 0.036217 4.441098 -0.014136
v -0.370673 4.224649 0.392165
v -0.278013 4.077827 0.299127
v -0.378233 4.056909 0.399286
v -0.484713 3.982028 0.505576
v -0.034493 4.911279 -0.083634
v -0.440943 4.435462 0.321563
v -0.034493 4.441277 -0.084850
v -0.441383 4.224838 0.321451
v -0.348713 4.078016 0.228413
v -0.448933 4.057097 0.328572
v -0.555423 3.982206 0.434862
v -0.469613 4.317511 0.491332
v -0.576103 4.242620 0.597622
v -0.955813 4.033191 0.976768
v -0.540323 4.317689 0.420618
v -0.646803 4.242809 0.526908
v -1.026523 4.033369 0.906054
v -1.029783 3.938307 0.909080
v -1.138413 3.619106 1.016864
v -1.007483 3.758544 0.886316
v -1.022413 3.490191 0.900541
v -0.886213 3.696250 0.764883
v -1.275543 3.541288 1.153790
v -1.317823 3.596266 1.196220
v -0.930813 4.055797 0.810408
v -0.809533 3.993503 0.688984
v -0.654363 4.075068 0.534031
v -0.787233 3.813730 0.666222
v -0.860103 4.055609 0.881122
v -0.738823 3.993315 0.759698
v -0.583653 4.074879 0.604745
v -0.716523 3.813551 0.736936
v -1.296673 3.334566 1.174392
v -1.352263 3.219521 1.229684
v -1.180673 3.205650 1.058059
v -1.295783 3.038022 1.172737
v -0.968503 3.038873 0.845472
v -1.298383 3.037649 1.316754
v -1.354373 3.202606 1.373160
v -1.314303 3.640945 1.334221
v -0.479413 4.520129 0.360245
v -0.034493 5.041274 -0.083298
v -1.425083 3.202795 1.302446
v -1.369093 3.037838 1.246040
v -1.385003 3.641124 1.263508
v -1.069013 4.115275 0.948764
v 0.036217 5.041096 -0.012584
v -0.408713 4.519950 0.430959
v -0.998303 4.115087 1.019478
v -0.972833 3.283279 0.991858
v -0.624413 3.743063 0.644639
v -1.043543 3.283458 0.921144
v -0.695123 3.743242 0.573925
v -0.968443 3.043519 -0.951753
v -1.043483 3.288490 -1.026170
v -1.180603 3.211387 -1.163499
v -0.972763 3.288669 -1.096874
v -0.951633 3.495288 -1.075208
v -0.897733 3.043697 -1.022467
v -0.815443 3.700650 -0.938472
v -0.631433 3.746673 -0.754337
v -0.716473 3.817616 -0.839194
v -1.022353 3.495109 -1.004503
v -0.886153 3.700471 -0.867769
v -0.702153 3.746494 -0.683632
v -0.787183 3.817437 -0.768491
v 0.887867 3.696251 0.764942
v 1.024067 3.490182 0.900611
v 1.009137 3.758535 0.886377
v 1.140057 3.619097 1.016944
v 1.031437 3.938308 0.909150
v 0.970157 3.038874 0.845530
v 1.297417 3.038023 1.172815
v 1.182317 3.205652 1.058139
v 1.353897 3.219522 1.229764
v 1.298307 3.334567 1.174473
v 1.319457 3.596267 1.196299
v 1.277177 3.541290 1.153869
v 0.036217 4.911279 -0.083634
v 0.442637 4.435463 0.321583
v 0.036217 4.441277 -0.084850
v 0.443077 4.224839 0.321480
v 0.350417 4.078016 0.228432
v 0.450627 4.057097 0.328603
v 0.557107 3.982207 0.434893
v -0.034503 4.911090 -0.012929
v 0.371927 4.435284 0.392297
v -0.034503 4.441098 -0.014136
v 0.372367 4.224650 0.392194
v 0.279697 4.077828 0.299147
v 0.379917 4.056909 0.399306
v 0.486397 3.982028 0.505607
v 0.542007 4.317690 0.420660
v 0.648487 4.242809 0.526950
v 1.028177 4.033370 0.906124
v 0.471287 4.317512 0.491363
v 0.577777 4.242621 0.597664
v 0.957457 4.033181 0.976838
v 0.960727 3.938130 0.979853
v 1.069347 3.618918 1.087648
v 0.938427 3.758356 0.957091
v 0.953347 3.490003 0.971315
v 0.817157 3.696062 0.835656
v 1.206467 3.541111 1.224583
v 1.248747 3.596088 1.267013
v 0.861757 4.055610 0.881183
v 0.740487 3.993315 0.759738
v 0.585327 4.074879 0.604785
v 0.718187 3.813551 0.736975
v 0.932467 4.055788 0.810469
v 0.811197 3.993504 0.689035
v 0.656037 4.075068 0.534071
v 0.788897 3.813730 0.666272
v 1.227597 3.334378 1.245177
v 1.283187 3.219343 1.300478
v 1.111607 3.205463 1.128843
v 1.226707 3.037844 1.243529
v 0.899447 3.038686 0.916245
v 1.370727 3.037839 1.246130
v 1.426707 3.202787 1.302536
v 1.386637 3.641125 1.263598
v 0.410397 4.519950 0.430988
v -0.034503 5.041096 -0.012584
v 1.355997 3.202608 1.373250
v 1.300017 3.037651 1.316833
v 1.315927 3.640947 1.334311
v 0.999957 4.115088 1.019538
v 0.036217 5.041274 -0.083298
v 0.481107 4.520129 0.360274
v 1.070667 4.115276 0.948834
v 1.045197 3.283459 0.921214
v 0.703867 3.743226 0.581046
v 0.974477 3.283280 0.991917
v 0.633157 3.743047 0.651751
v 0.817217 3.700650 -0.938423
v 0.953417 3.495289 -1.075148
v 0.938497 3.763571 -1.059527
v 1.069417 3.624804 -1.190800
v 0.960797 3.943458 -1.081363
v 0.899507 3.043698 -1.022408
v 1.226787 3.044540 -1.349671
v 1.111677 3.211567 -1.234132
v 1.283277 3.226332 -1.405676
v 1.227677 3.341083 -1.349794
v 1.248827 3.602896 -1.370266
v 1.206547 3.547701 -1.328129
v 0.371957 4.437558 -0.491287
v 0.372387 4.226939 -0.492269
v 0.279727 4.079634 -0.399990
v 0.379947 4.059235 -0.500250
v 0.486437 3.984896 -0.606932
v 0.442657 4.437380 -0.420574
v 0.443097 4.226750 -0.421555
v 0.350437 4.079455 -0.329276
v 0.450657 4.059056 -0.429536
v 0.557137 3.984717 -0.536218
v 0.471327 4.320305 -0.590950
v 0.577817 4.245966 -0.697632
v 0.957527 4.038494 -1.077857
v 0.542037 4.320116 -0.520236
v 0.648527 4.245788 -0.626918
v 1.028237 4.038315 -1.007143
v 1.031497 3.943270 -1.010649
v 1.140127 3.624626 -1.120086
v 1.009197 3.763383 -0.988812
v 1.024127 3.495110 -1.004435
v 0.887927 3.700472 -0.867709
v 1.277257 3.547523 -1.257415
v 1.319537 3.602718 -1.299552
v 0.932527 4.060246 -0.911380
v 0.811247 3.997326 -0.790266
v 0.656077 4.078083 -0.634899
v 0.788947 3.817438 -0.768440
v 0.861817 4.060425 -0.982094
v 0.740537 3.997504 -0.860980
v 0.585367 4.078272 -0.705613
v 0.718237 3.817617 -0.839154
v 1.298387 3.340904 -1.279080
v 1.353977 3.226144 -1.334961
v 1.182387 3.211388 -1.163418
v 1.297497 3.044361 -1.278957
v 0.970217 3.043510 -0.951694
v 1.300097 3.044734 -1.422976
v 1.356087 3.209981 -1.478531
v 1.316017 3.648105 -1.437334
v 0.481137 4.522246 -0.458817
v 1.426797 3.209793 -1.407819
v 1.370807 3.044545 -1.352262
v 1.386727 3.647916 -1.366620
v 1.070727 4.120431 -1.049420
v 0.410427 4.522426 -0.529531
v 1.000017 4.120621 -1.120134
v 0.974547 3.288670 -1.096814
v 0.626127 3.746657 -0.747225
v 1.045257 3.288491 -1.026100
v 0.696837 3.746478 -0.676511
v -1.109883 3.211576 -1.234203
v -1.007423 3.763381 -0.988883
v -1.138343 3.624624 -1.120167
v -1.029723 3.943269 -1.010718
v -1.295703 3.044360 -1.279037
v -1.352183 3.226152 -1.335052
v -1.296593 3.340903 -1.279161
v -1.317743 3.602716 -1.299642
v -1.275463 3.547522 -1.257494
v -0.440923 4.437379 -0.420603
v -0.441363 4.226750 -0.421586
v -0.348703 4.079455 -0.329296
v -0.448913 4.059056 -0.429566
v -0.555393 3.984717 -0.536249
v -0.370213 4.437558 -0.491307
v -0.370643 4.226939 -0.492289
v -0.277983 4.079634 -0.400001
v -0.378203 4.059235 -0.500280
v -0.484683 3.984906 -0.606963
v -0.540293 4.320127 -0.520276
v -0.646773 4.245787 -0.626958
v -1.026463 4.038314 -1.007213
v -0.469573 4.320305 -0.590981
v -0.576053 4.245966 -0.697661
v -0.955743 4.038493 -1.077917
v -0.959013 3.943457 -1.081423
v -1.067623 3.624803 -1.190870
v -0.936713 3.763570 -1.059588
v -1.204753 3.547700 -1.328199
v -1.247033 3.602895 -1.370347
v -0.860043 4.060424 -0.982144
v -0.738773 3.997503 -0.861031
v -0.583613 4.078271 -0.705652
v -0.930753 4.060246 -0.911440
v -0.809483 3.997325 -0.790326
v -0.654323 4.078082 -0.634949
v -1.225883 3.341092 -1.349864
v -1.281473 3.226331 -1.405766
v -1.224993 3.044538 -1.349751
v -1.369013 3.044553 -1.352352
v -1.424993 3.209791 -1.407909
v -1.384923 3.647925 -1.366710
v -0.408673 4.522425 -0.529560
v -1.354283 3.209980 -1.478621
v -1.298293 3.044732 -1.423056
v -1.314213 3.648104 -1.437413
v -0.998233 4.120619 -1.120193
v -0.479393 4.522246 -0.458857
v -1.068953 4.120440 -1.049490
v -0.815503 3.696061 0.835597
v -0.951703 3.490002 0.971255
v -0.936773 3.758355 0.957030
v -1.067703 3.618917 1.087578
v -0.959073 3.938129 0.979794
v -0.897793 3.038685 0.916185
v -1.225073 3.037843 1.243451
v -1.109963 3.205462 1.128773
v -1.281553 3.219342 1.300398
v -1.225963 3.334387 1.245106
v -1.247113 3.596087 1.266933
v -1.204833 3.541110 1.224504
v 0.036217 4.911090 -0.012920
v -0.370233 4.435284 0.392277
v 0.036217 4.441098 -0.014136
v -0.370673 4.224649 0.392165
v -0.278013 4.077827 0.299127
v -0.378233 4.056909 0.399286
v -0.484713 3.982028 0.505576
v -0.034493 4.911279 -0.083634
v -0.440943 4.435462 0.321563
v -0.034493 4.441277 -0.084850
v -0.441383 4.224838 0.321451
v -0.348713 4.078016 0.228413
v -0.448933 4.057097 0.328572
v -0.555423 3.982206 0.434862
v -0.469613 4.317511 0.491332
v -0.576103 4.242620 0.597622
v -0.955813 4.033191 0.976768
v -0.540323 4.317689 0.420618
v -0.646803 4.242809 0.526908
v -1.026523 4.033369 0.906054
v -1.029783 3.938307 0.909080
v -1.138413 3.619106 1.016864
v -1.007483 3.758544 0.886316
v -1.022413 3.490191 0.900541
v -0.886213 3.696250 0.764883
v -1.275543 3.541288 1.153790
v -1.317823 3.596266 1.196220
v -0.930813 4.055797 0.810408
v -0.809533 3.993503 0.688984
v -0.654363 4.075068 0.534031
v -0.787233 3.813730 0.666222
v -0.860103 4.055609 0.881122
v -0.738823 3.993315 0.759698
v -0.583653 4.074879 0.604745
v -0.716523 3.813551 0.736936
v -1.296673 3.334566 1.174392
v -1.352263 3.219521 1.229684
v -1.180673 3.205650 1.058059
v -1.295783 3.038022 1.172737
v -0.968503 3.038873 0.845472
v -1.298383 3.037649 1.316754
v -1.354373 3.202606 1.373160
v -1.314303 3.640945 1.334221
v -0.479413 4.520129 0.360245
v -0.034493 5.041274 -0.083298
v -1.425083 3.202795 1.302446
v -1.369093 3.037838 1.246040
v -1.385003 3.641124 1.263508
v -1.069013 4.115275 0.948764
v 0.036217 5.041096 -0.012584
v -0.408713 4.519950 0.430959
v -0.998303 4.115087 1.019478
v -0.972833 3.283279 0.991858
v -0.624413 3.743063 0.644639
v -1.043543 3.283458 0.921144
v -0.695123 3.743242 0.573925
v -0.968443 3.043519 -0.951753
v -1.043483 3.288490 -1.026170
v -1.180603 3.211387 -1.163499
v -0.972763 3.288669 -1.096874
v -0.951633 3.495288 -1.075208
v -0.897733 3.043697 -1.022467
v -0.815443 3.700650 -0.938472
v -0.631433 3.746673 -0.754337
v -0.716473 3.817616 -0.839194
v -1.022353 3.495109 -1.004503
v -0.886153 3.700471 -0.867769
v -0.702153 3.746494 -0.683632
v -0.787183 3.817437 -0.768491
v 0.887867 3.696251 0.764942
v 1.024067 3.490182 0.900611
v 1.009137 3.758535 0.886377
v 1.140057 3.619097 1.016944
v 1.031437 3.938308 0.909150
v 0.970157 3.038874 0.845530
v 1.297417 3.038023 1.172815
v 1.182317 3.205652 1.058139
v 1.353897 3.219522 1.229764
v 1.298307 3.334567 1.174473
v 1.319457 3.596267 1.196299
v 1.277177 3.541290 1.153869
v 0.036217 4.911279 -0.083634
v 0.442637 4.435463 0.321583
v 0.036217 4.441277 -0.084850
v 0.443077 4.224839 0.321480
v 0.350417 4.078016 0.228432
v 0.450627 4.057097 0.328603
v 0.557107 3.982207 0.434893
v -0.034503 4.911090 -0.012929
v 0.371927 4.435284 0.392297
v -0.034503 4.441098 -0.014136
v 0.372367 4.224650 0.392194
v 0.279697 4.077828 0.299147
v 0.379917 4.056909 0.399306
v 0.486397 3.982028 0.505607
v 0.542007 4.317690 0.420660
v 0.648487 4.242809 0.526950
v 1.028177 4.033370 0.906124
v 0.471287 4.317512 0.491363
v 0.577777 4.242621 0.597664
v 0.957457 4.033181 0.976838
v 0.960727 3.938130 0.979853
v 1.069347 3.618918 1.087648
v 0.938427 3.758356 0.957091
v 0.953347 3.490003 0.971315
v 0.817157 3.696062 0.835656
v 1.206467 3.541111 1.224583
v 1.248747 3.596088 1.267013
v 0.861757 4.055610 0.881183
v 0.740487 3.993315 0.759738
v 0.585327 4.074879 0.604785
v 0.718187 3.813551 0.736975
v 0.932467 4.055788 0.810469
v 0.811197 3.993504 0.689035
v 0.656037 4.075068 0.534071
v 0.788897 3.813730 0.666272
v 1.227597 3.334378 1.245177
v 1.283187 3.219343 1.300478
v 1.111607 3.205463 1.128843
v 1.226707 3.037844 1.243529
v 0.899447 3.038686 0.916245
v 1.370727 3.037839 1.246130
v 1.426707 3.202787 1.302536
v 1.386637 3.641125 1.263598
v 0.410397 4.519950 0.430988
v -0.034503 5.041096 -0.012584
v 1.355997 3.202608 1.373250
v 1.300017 3.037651 1.316833
v 1.315927 3.640947 1.334311
v 0.999957 4.115088 1.019538
v 0.036217 5.041274 -0.083298
v 0.481107 4.520129 0.360274
v 1.070667 4.115276 0.948834
v 1.045197 3.283459 0.921214
v 0.703867 3.743226 0.581046
v 0.974477 3.283280 0.991917
v 0.633157 3.743047 0.651751
v 0.817217 3.700650 -0.938423
v 0.953417 3.495289 -1.075148
v 0.938497 3.763571 -1.059527
v 1.069417 3.624804 -1.190800
v 0.960797 3.943458 -1.081363
v 0.899507 3.043698 -1.022408
v 1.226787 3.044540 -1.349671
v 1.111677 3.211567 -1.234132
v 1.283277 3.226332 -1.405676
v 1.227677 3.341083 -1.349794
v 1.248827 3.602896 -1.370266
v 1.206547 3.547701 -1.328129
v 0.371957 4.437558 -0.491287
v 0.372387 4.226939 -0.492269
v 0.279727 4.079634 -0.399990
v 0.379947 4.059235 -0.500250
v 0.486437 3.984896 -0.606932
v 0.442657 4.437380 -0.420574
v 0.443097 4.226750 -0.421555
v 0.350437 4.079455 -0.329276
v 0.450657 4.059056 -0.429536
v 0.557137 3.984717 -0.536218
v 0.471327 4.320305 -0.590950
v 0.577817 4.245966 -0.697632
v 0.957527 4.038494 -1.077857
v 0.542037 4.320116 -0.520236
v 0.648527 4.245788 -0.626918
v 1.028237 4.038315 -1.007143
v 1.031497 3.943270 -1.010649
v 1.140127 3.624626 -1.120086
v 1.009197 3.763383 -0.988812
v 1.024127 3.495110 -1.004435
v 0.887927 3.700472 -0.867709
v 1.277257 3.547523 -1.257415
v 1.319537 3.602718 -1.299552
v 0.932527 4.060246 -0.911380
v 0.811247 3.997326 -0.790266
v 0.656077 4.078083 -0.634899
v 0.788947 3.817438 -0.768440
v 0.861817 4.060425 -0.982094
v 0.740537 3.997504 -0.860980
v 0.585367 4.078272 -0.705613
v 0.718237 3.817617 -0.839154
v 1.298387 3.340904 -1.279080
v 1.353977 3.226144 -1.334961
v 1.182387 3.211388 -1.163418
v 1.297497 3.044361 -1.278957
v 0.970217 3.043510 -0.951694
v 1.300097 3.044734 -1.422976
v 1.356087 3.209981 -1.478531
v 1.316017 3.648105 -1.437334
v 0.481137 4.522246 -0.458817
v 1.426797 3.209793 -1.407819
v 1.370807 3.044545 -1.352262
v 1.386727 3.647916 -1.366620
v 1.070727 4.120431 -1.049420
v 0.410427 4.522426 -0.529531
v 1.000017 4.120621 -1.120134
v 0.974547 3.288670 -1.096814
v 0.626127 3.746657 -0.747225
v 1.045257 3.288491 -1.026100
v 0.696837 3.746478 -0.676511
v -1.109883 3.211576 -1.234203
v -1.007423 3.763381 -0.988883
v -1.138343 3.624624 -1.120167
v -1.029723 3.943269 -1.010718
v -1.295703 3.044360 -1.279037
v -1.352183 3.226152 -1.335052
v -1.296593 3.340903 -1.279161
v -1.317743 3.602716 -1.299642
v -1.275463 3.547522 -1.257494
v -0.440923 4.437379 -0.420603
v -0.441363 4.226750 -0.421586
v -0.348703 4.079455 -0.329296
v -0.448913 4.059056 -0.429566
v -0.555393 3.984717 -0.536249
v -0.370213 4.437558 -0.491307
v -0.370643 4.226939 -0.492289
v -0.277983 4.079634 -0.400001
v -0.378203 4.059235 -0.500280
v -0.484683 3.984906 -0.606963
v -0.540293 4.320127 -0.520276
v -0.646773 4.245787 -0.626958
v -1.026463 4.038314 -1.007213
v -0.469573 4.320305 -0.590981
v -0.576053 4.245966 -0.697661
v -0.955743 4.038493 -1.077917
v -0.959013 3.943457 -1.081423
v -1.067623 3.624803 -1.190870
v -0.936713 3.763570 -1.059588
v -1.204753 3.547700 -1.328199
v -1.247033 3.602895 -1.370347
v -0.860043 4.060424 -0.982144
v -0.738773 3.997503 -0.861031
v -0.583613 4.078271 -0.705652
v -0.930753 4.060246 -0.911440
v -0.809483 3.997325 -0.790326
v -0.654323 4.078082 -0.634949
v -1.225883 3.341092 -1.349864
v -1.281473 3.226331 -1.405766
v -1.224993 3.044538 -1.349751
v -1.369013 3.044553 -1.352352
v -1.424993 3.209791 -1.407909
v -1.384923 3.647925 -1.366710
v -0.408673 4.522425 -0.529560
v -1.354283 3.209980 -1.478621
v -1.298293 3.044732 -1.423056
v -1.314213 3.648104 -1.437413
v -0.998233 4.120619 -1.120193
v -0.479393 4.522246 -0.458857
v -1.068953 4.120440 -1.049490
v -1.130503 3.044115 -1.184538
v 1.132287 3.044116 -1.184470
v 0.000907 3.045326 -1.653141
v -1.130573 3.038266 1.078247
v -1.599173 3.041195 -0.053166
v 1.132217 3.038268 1.078318
v 1.600888 3.041197 -0.053057
v 0.000807 3.037057 1.546919
vt 1.293000 -0.293000
vt 1.476600 -0.226600
vt 1.500000 -0.511700
vt 1.675800 -0.375000
vt 1.511700 -0.035200
vt 1.418000 -0.996100
vt 1.738300 -0.816400
vt 1.914100 -0.996100
vt 2.000000 -0.800800
vt 1.914100 -0.679700
vt 1.949200 -0.398400
vt 1.882800 -0.457000
vt 0.000000 1.000000
vt 0.617200 0.492200
vt 0.000000 0.496100
vt 0.617200 0.265600
vt 0.433600 0.109400
vt 0.628900 0.085900
vt 0.789100 0.007800
vt 0.000000 1.000000
vt 0.000000 0.496100
vt 0.617200 0.492200
vt 0.617200 0.265600
vt 0.433600 0.109400
vt 0.628900 0.085900
vt 0.789100 0.007800
vt 0.769500 0.367200
vt 0.929700 0.285200
vt 1.503900 0.062500
vt 0.769500 0.367200
vt 0.929700 0.285200
vt 1.503900 0.062500
vt 1.511700 -0.035200
vt 1.476600 -0.226600
vt 1.675800 -0.375000
vt 1.500000 -0.511700
vt 1.293000 -0.293000
vt 1.882800 -0.457000
vt 1.949200 -0.398400
vt 1.359400 0.085900
vt 1.175800 0.019500
vt 0.941400 0.105500
vt 1.140600 -0.168000
vt 1.359400 0.085900
vt 1.175800 0.019500
vt 0.941400 0.105500
vt 1.140600 -0.168000
vt 1.914100 -0.679700
vt 2.000000 -0.800800
vt 1.738300 -0.816400
vt 1.914100 -0.996100
vt 1.418000 -0.996100
vt 2.000000 -0.996100
vt 2.000000 -0.812500
vt 2.000000 -0.996100
vt 2.000000 -0.832000
vt 2.000000 -0.394500
vt 0.000000 0.480500
vt 0.000000 1.000000
vt 0.000000 0.871100
vt 0.000000 -0.437500
vt 0.000000 -0.812500
vt 0.000000 -0.832000
vt 0.000000 -0.996100
vt 0.000000 -0.996100
vt 0.000000 -0.394500
vt 0.000000 0.078100
vt 0.000000 0.000000
vt 0.000000 0.394500
vt 2.000000 0.871100
vt 2.000000 1.000000
vt 2.000000 0.394500
vt 2.000000 0.480500
vt 2.000000 0.078100
vt 2.000000 0.000000
vt 2.000000 -0.437500
vt 1.531300 -0.734400
vt 1.312500 -0.566400
vt 1.003900 -0.191400
vt 1.531300 -0.734400
vt 1.312500 -0.566400
vt 1.003900 -0.191400
vt 0.582000 -0.996100
vt 0.468800 -0.734400
vt 0.261700 -0.816400
vt 0.468800 -0.734400
vt 0.500000 -0.511700
vt 0.687500 -0.566400
vt 0.707000 -0.293000
vt 0.988300 -0.191400
vt 0.859400 -0.168000
vt 0.687500 -0.566400
vt 0.500000 -0.511700
vt 0.707000 -0.293000
vt 0.988300 -0.191400
vt 0.859400 -0.168000
vt 1.293000 -0.293000
vt 1.476600 -0.226600
vt 1.500000 -0.511700
vt 1.675800 -0.375000
vt 1.511700 -0.035200
vt 1.418000 -0.996100
vt 1.738300 -0.816400
vt 1.914100 -0.996100
vt 2.000000 -0.800800
vt 1.914100 -0.679700
vt 1.949200 -0.398400
vt 1.882800 -0.457000
vt 0.000000 1.000000
vt 0.617200 0.492200
vt 0.000000 0.496100
vt 0.617200 0.265600
vt 0.433600 0.109400
vt 0.628900 0.085900
vt 0.789100 0.007800
vt 0.000000 1.000000
vt 0.000000 0.496100
vt 0.617200 0.492200
vt 0.617200 0.265600
vt 0.433600 0.109400
vt 0.628900 0.085900
vt 0.789100 0.007800
vt 0.769500 0.367200
vt 0.929700 0.285200
vt 1.503900 0.062500
vt 0.769500 0.367200
vt 0.929700 0.285200
vt 1.503900 0.062500
vt 1.511700 -0.035200
vt 1.476600 -0.226600
vt 1.675800 -0.375000
vt 1.500000 -0.511700
vt 1.293000 -0.293000
vt 1.882800 -0.457000
vt 1.949200 -0.398400
vt 1.359400 0.085900
vt 1.175800 0.019500
vt 0.941400 0.105500
vt 1.140600 -0.168000
vt 1.359400 0.085900
vt 1.175800 0.019500
vt 0.941400 0.105500
vt 1.140600 -0.168000
vt 1.914100 -0.679700
vt 2.000000 -0.800800
vt 1.738300 -0.816400
vt 1.914100 -0.996100
vt 1.418000 -0.996100
vt 2.000000 -0.996100
vt 2.000000 -0.812500
vt 2.000000 -0.996100
vt 2.000000 -0.832000
vt 2.000000 -0.394500
vt 0.000000 0.480500
vt 0.000000 1.000000
vt 0.000000 0.871100
vt 0.000000 -0.437500
vt 0.000000 -0.812500
vt 0.000000 -0.832000
vt 0.000000 -0.996100
vt 0.000000 -0.996100
vt 0.000000 -0.394500
vt 0.000000 0.078100
vt 0.000000 0.000000
vt 0.000000 0.394500
vt 2.000000 0.871100
vt 2.000000 1.000000
vt 2.000000 0.394500
vt 2.000000 0.480500
vt 2.000000 0.078100
vt 2.000000 0.000000
vt 2.000000 -0.437500
vt 1.531300 -0.734400
vt 1.312500 -0.566400
vt 1.011700 -0.191400
vt 1.531300 -0.734400
vt 1.312500 -0.566400
vt 1.011700 -0.191400
vt 0.707000 -0.293000
vt 0.523400 -0.226600
vt 0.500000 -0.511700
vt 0.324200 -0.375000
vt 0.488300 -0.035200
vt 0.582000 -0.996100
vt 0.261700 -0.816400
vt 0.085900 -0.996100
vt 0.000000 -0.800800
vt 0.085900 -0.679700
vt 0.050800 -0.398400
vt 0.117200 -0.457000
vt 2.000000 1.000000
vt 1.382800 0.492200
vt 2.000000 0.496100
vt 1.382800 0.265600
vt 1.566400 0.109400
vt 1.371100 0.085900
vt 1.210900 0.007800
vt 2.000000 1.000000
vt 2.000000 0.496100
vt 1.382800 0.492200
vt 1.382800 0.265600
vt 1.566400 0.109400
vt 1.371100 0.085900
vt 1.210900 0.007800
vt 1.230500 0.367200
vt 1.070300 0.285200
vt 0.496100 0.062500
vt 1.230500 0.367200
vt 1.070300 0.285200
vt 0.496100 0.062500
vt 0.488300 -0.035200
vt 0.523400 -0.226600
vt 0.324200 -0.375000
vt 0.500000 -0.511700
vt 0.707000 -0.293000
vt 0.117200 -0.457000
vt 0.050800 -0.398400
vt 0.640600 0.085900
vt 0.824200 0.019500
vt 1.058600 0.105500
vt 0.859400 -0.168000
vt 0.640600 0.085900
vt 0.824200 0.019500
vt 1.058600 0.105500
vt 0.859400 -0.168000
vt 0.085900 -0.679700
vt 0.000000 -0.800800
vt 0.261700 -0.816400
vt 0.085900 -0.996100
vt 0.582000 -0.996100
vt 2.000000 -0.996100
vt 2.000000 -0.812500
vt 2.000000 -0.996100
vt 2.000000 -0.832000
vt 2.000000 -0.394500
vt 0.000000 0.480500
vt 0.000000 1.000000
vt 0.000000 0.871100
vt 0.000000 -0.437500
vt 0.000000 -0.812500
vt 0.000000 -0.832000
vt 0.000000 -0.996100
vt 0.000000 -0.996100
vt 0.000000 -0.394500
vt 0.000000 0.078100
vt 0.000000 0.000000
vt 0.000000 0.394500
vt 2.000000 0.871100
vt 2.000000 1.000000
vt 2.000000 0.394500
vt 2.000000 0.480500
vt 2.000000 0.078100
vt 2.000000 0.000000
vt 2.000000 -0.437500
vt 0.468800 -0.734400
vt 0.687500 -0.566400
vt 0.996100 -0.191400
vt 0.468800 -0.734400
vt 0.687500 -0.566400
vt 0.996100 -0.191400
vt 0.261700 -0.816400
vt 0.582000 -0.996100
vt 0.523400 -0.226600
vt 0.324200 -0.375000
vt 0.488300 -0.035200
vt 0.085900 -0.996100
vt 0.000000 -0.800800
vt 0.085900 -0.679700
vt 0.050800 -0.398400
vt 0.117200 -0.457000
vt 2.000000 1.000000
vt 1.382800 0.492200
vt 2.000000 0.496100
vt 1.382800 0.265600
vt 1.566400 0.109400
vt 1.371100 0.085900
vt 1.210900 0.007800
vt 2.000000 1.000000
vt 2.000000 0.496100
vt 1.382800 0.492200
vt 1.382800 0.265600
vt 1.566400 0.109400
vt 1.371100 0.085900
vt 1.210900 0.007800
vt 1.230500 0.367200
vt 1.070300 0.285200
vt 0.496100 0.062500
vt 1.230500 0.367200
vt 1.070300 0.285200
vt 0.496100 0.062500
vt 0.488300 -0.035200
vt 0.523400 -0.226600
vt 0.324200 -0.375000
vt 0.117200 -0.457000
vt 0.050800 -0.398400
vt 0.640600 0.085900
vt 0.824200 0.019500
vt 1.058600 0.105500
vt 0.640600 0.085900
vt 0.824200 0.019500
vt 1.058600 0.105500
vt 0.085900 -0.679700
vt 0.000000 -0.800800
vt 0.085900 -0.996100
vt 2.000000 -0.996100
vt 2.000000 -0.812500
vt 2.000000 -0.996100
vt 2.000000 -0.832000
vt 2.000000 -0.394500
vt 0.000000 0.480500
vt 0.000000 1.000000
vt 0.000000 0.871100
vt 0.000000 -0.437500
vt 0.000000 -0.812500
vt 0.000000 -0.832000
vt 0.000000 -0.996100
vt 0.000000 -0.996100
vt 0.000000 -0.394500
vt 0.000000 0.078100
vt 0.000000 0.000000
vt 0.000000 0.394500
vt 2.000000 0.871100
vt 2.000000 1.000000
vt 2.000000 0.394500
vt 2.000000 0.480500
vt 2.000000 0.078100
vt 2.000000 0.000000
vt 2.000000 -0.437500
vt 1.293000 -0.293000
vt 1.476600 -0.226600
vt 1.500000 -0.511700
vt 1.675800 -0.375000
vt 1.511700 -0.035200
vt 1.418000 -0.996100
vt 1.738300 -0.816400
vt 1.914100 -0.996100
vt 2.000000 -0.800800
vt 1.914100 -0.679700
vt 1.949200 -0.398400
vt 1.882800 -0.457000
vt 0.000000 1.000000
vt 0.617200 0.492200
vt 0.000000 0.496100
vt 0.617200 0.265600
vt 0.433600 0.109400
vt 0.628900 0.085900
vt 0.789100 0.007800
vt 0.000000 1.000000
vt 0.000000 0.496100
vt 0.617200 0.492200
vt 0.617200 0.265600
vt 0.433600 0.109400
vt 0.628900 0.085900
vt 0.789100 0.007800
vt 0.769500 0.367200
vt 0.929700 0.285200
vt 1.503900 0.062500
vt 0.769500 0.367200
vt 0.929700 0.285200
vt 1.503900 0.062500
vt 1.511700 -0.035200
vt 1.476600 -0.226600
vt 1.675800 -0.375000
vt 1.500000 -0.511700
vt 1.293000 -0.293000
vt 1.882800 -0.457000
vt 1.949200 -0.398400
vt 1.359400 0.085900
vt 1.175800 0.019500
vt 0.941400 0.105500
vt 1.140600 -0.168000
vt 1.359400 0.085900
vt 1.175800 0.019500
vt 0.941400 0.105500
vt 1.140600 -0.168000
vt 1.914100 -0.679700
vt 2.000000 -0.800800
vt 1.738300 -0.816400
vt 1.914100 -0.996100
vt 1.418000 -0.996100
vt 2.000000 -0.996100
vt 2.000000 -0.812500
vt 2.000000 -0.996100
vt 2.000000 -0.832000
vt 2.000000 -0.394500
vt 0.000000 0.480500
vt 0.000000 1.000000
vt 0.000000 0.871100
vt 0.000000 -0.437500
vt 0.000000 -0.812500
vt 0.000000 -0.832000
vt 0.000000 -0.996100
vt 0.000000 -0.996100
vt 0.000000 -0.394500
vt 0.000000 0.078100
vt 0.000000 0.000000
vt 0.000000 0.394500
vt 2.000000 0.871100
vt 2.000000 1.000000
vt 2.000000 0.394500
vt 2.000000 0.480500
vt 2.000000 0.078100
vt 2.000000 0.000000
vt 2.000000 -0.437500
vt 1.531300 -0.734400
vt 1.312500 -0.566400
vt 1.003900 -0.191400
vt 1.531300 -0.734400
vt 1.312500 -0.566400
vt 1.003900 -0.191400
vt 0.582000 -0.996100
vt 0.468800 -0.734400
vt 0.261700 -0.816400
vt 0.468800 -0.734400
vt 0.500000 -0.511700
vt 0.687500 -0.566400
vt 0.707000 -0.293000
vt 0.988300 -0.191400
vt 0.859400 -0.168000
vt 0.687500 -0.566400
vt 0.500000 -0.511700
vt 0.707000 -0.293000
vt 0.988300 -0.191400
vt 0.859400 -0.168000
vt 1.293000 -0.293000
vt 1.476600 -0.226600
vt 1.500000 -0.511700
vt 1.675800 -0.375000
vt 1.511700 -0.035200
vt 1.418000 -0.996100
vt 1.738300 -0.816400
vt 1.914100 -0.996100
vt 2.000000 -0.800800
vt 1.914100 -0.679700
vt 1.949200 -0.398400
vt 1.882800 -0.457000
vt 0.000000 1.000000
vt 0.617200 0.492200
vt 0.000000 0.496100
vt 0.617200 0.265600
vt 0.433600 0.109400
vt 0.628900 0.085900
vt 0.789100 0.007800
vt 0.000000 1.000000
vt 0.000000 0.496100
vt 0.617200 0.492200
vt 0.617200 0.265600
vt 0.433600 0.109400
vt 0.628900 0.085900
vt 0.789100 0.007800
vt 0.769500 0.367200
vt 0.929700 0.285200
vt 1.503900 0.062500
vt 0.769500 0.367200
vt 0.929700 0.285200
vt 1.503900 0.062500
vt 1.511700 -0.035200
vt 1.476600 -0.226600
vt 1.675800 -0.375000
vt 1.500000 -0.511700
vt 1.293000 -0.293000
vt 1.882800 -0.457000
vt 1.949200 -0.398400
vt 1.359400 0.085900
vt 1.175800 0.019500
vt 0.941400 0.105500
vt 1.140600 -0.168000
vt 1.359400 0.085900
vt 1.175800 0.019500
vt 0.941400 0.105500
vt 1.140600 -0.168000
vt 1.914100 -0.679700
vt 2.000000 -0.800800
vt 1.738300 -0.816400
vt 1.914100 -0.996100
vt 1.418000 -0.996100
vt 2.000000 -0.996100
vt 2.000000 -0.812500
vt 2.000000 -0.996100
vt 2.000000 -0.832000
vt 2.000000 -0.394500
vt 0.000000 0.480500
vt 0.000000 1.000000
vt 0.000000 0.871100
vt 0.000000 -0.437500
vt 0.000000 -0.812500
vt 0.000000 -0.832000
vt 0.000000 -0.996100
vt 0.000000 -0.996100
vt 0.000000 -0.394500
vt 0.000000 0.078100
vt 0.000000 0.000000
vt 0.000000 0.394500
vt 2.000000 0.871100
vt 2.000000 1.000000
vt 2.000000 0.394500
vt 2.000000 0.480500
vt 2.000000 0.078100
vt 2.000000 0.000000
vt 2.000000 -0.437500
vt 1.531300 -0.734400
vt 1.312500 -0.566400
vt 1.011700 -0.191400
vt 1.531300 -0.734400
vt 1.312500 -0.566400
vt 1.011700 -0.191400
vt 0.707000 -0.293000
vt 0.523400 -0.226600
vt 0.500000 -0.511700
vt 0.324200 -0.375000
vt 0.488300 -0.035200
vt 0.582000 -0.996100
vt 0.261700 -0.816400
vt 0.085900 -0.996100
vt 0.000000 -0.800800
vt 0.085900 -0.679700
vt 0.050800 -0.398400
vt 0.117200 -0.457000
vt 2.000000 1.000000
vt 1.382800 0.492200
vt 2.000000 0.496100
vt 1.382800 0.265600
vt 1.566400 0.109400
vt 1.371100 0.085900
vt 1.210900 0.007800
vt 2.000000 1.000000
vt 2.000000 0.496100
vt 1.382800 0.492200
vt 1.382800 0.265600
vt 1.566400 0.109400
vt 1.371100 0.085900
vt 1.210900 0.007800
vt 1.230500 0.367200
vt 1.070300 0.285200
vt 0.496100 0.062500
vt 1.230500 0.367200
vt 1.070300 0.285200
vt 0.496100 0.062500
vt 0.488300 -0.035200
vt 0.523400 -0.226600
vt 0.324200 -0.375000
vt 0.500000 -0.511700
vt 0.707000 -0.293000
vt 0.117200 -0.457000
vt 0.050800 -0.398400
vt 0.640600 0.085900
vt 0.824200 0.019500
vt 1.058600 0.105500
vt 0.859400 -0.168000
vt 0.640600 0.085900
vt 0.824200 0.019500
vt 1.058600 0.105500
vt 0.859400 -0.168000
vt 0.085900 -0.679700
vt 0.000000 -0.800800
vt 0.261700 -0.816400
vt 0.085900 -0.996100
vt 0.582000 -0.996100
vt 2.000000 -0.996100
vt 2.000000 -0.812500
vt 2.000000 -0.996100
vt 2.000000 -0.832000
vt 2.000000 -0.394500
vt 0.000000 0.480500
vt 0.000000 1.000000
vt 0.000000 0.871100
vt 0.000000 -0.437500
vt 0.000000 -0.812500
vt 0.000000 -0.832000
vt 0.000000 -0.996100
vt 0.000000 -0.996100
vt 0.000000 -0.394500
vt 0.000000 0.078100
vt 0.000000 0.000000
vt 0.000000 0.394500
vt 2.000000 0.871100
vt 2.000000 1.000000
vt 2.000000 0.394500
vt 2.000000 0.480500
vt 2.000000 0.078100
vt 2.000000 0.000000
vt 2.000000 -0.437500
vt 0.468800 -0.734400
vt 0.687500 -0.566400
vt 0.996100 -0.191400
vt 0.468800 -0.734400
vt 0.687500 -0.566400
vt 0.996100 -0.191400
vt 0.261700 -0.816400
vt 0.582000 -0.996100
vt 0.523400 -0.226600
vt 0.324200 -0.375000
vt 0.488300 -0.035200
vt 0.085900 -0.996100
vt 0.000000 -0.800800
vt 0.085900 -0.679700
vt 0.050800 -0.398400
vt 0.117200 -0.457000
vt 2.000000 1.000000
vt 1.382800 0.492200
vt 2.000000 0.496100
vt 1.382800 0.265600
vt 1.566400 0.109400
vt 1.371100 0.085900
vt 1.210900 0.007800
vt 2.000000 1.000000
vt 2.000000 0.496100
vt 1.382800 0.492200
vt 1.382800 0.265600
vt 1.566400 0.109400
vt 1.371100 0.085900
vt 1.210900 0.007800
vt 1.230500 0.367200
vt 1.070300 0.285200
vt 0.496100 0.062500
vt 1.230500 0.367200
vt 1.070300 0.285200
vt 0.496100 0.062500
vt 0.488300 -0.035200
vt 0.523400 -0.226600
vt 0.324200 -0.375000
vt 0.117200 -0.457000
vt 0.050800 -0.398400
vt 0.640600 0.085900
vt 0.824200 0.019500
vt 1.058600 0.105500
vt 0.640600 0.085900
vt 0.824200 0.019500
vt 1.058600 0.105500
vt 0.085900 -0.679700
vt 0.000000 -0.800800
vt 0.085900 -0.996100
vt 2.000000 -0.996100
vt 2.000000 -0.812500
vt 2.000000 -0.996100
vt 2.000000 -0.832000
vt 2.000000 -0.394500
vt 0.000000 0.480500
vt 0.000000 1.000000
vt 0.000000 0.871100
vt 0.000000 -0.437500
vt 0.000000 -0.812500
vt 0.000000 -0.832000
vt 0.000000 -0.996100
vt 0.000000 -0.996100
vt 0.000000 -0.394500
vt 0.000000 0.078100
vt 0.000000 0.000000
vt 0.000000 0.394500
vt 2.000000 0.871100
vt 2.000000 1.000000
vt 2.000000 0.394500
vt 2.000000 0.480500
vt 2.000000 0.078100
vt 2.000000 0.000000
vt 2.000000 -0.437500
vt 0.000000 0.000000
vt 0.000000 0.000000
vt 0.000000 0.000000
vt 0.000000 0.000000
vt 0.000000 0.000000
vt 0.000000 0.000000
vt 0.000000 0.000000
vt 0.000000 0.000000
vt 0.500000 0.000000
vt 0.500000 -0.496100
vt 0.144500 -0.140600
vt 0.000000 -0.496100
vt 0.144500 -0.851600
vt 0.855500 -0.851600
vt 0.500000 -0.996100
vt 1.000000 -0.496100
vt 0.855500 -0.140600
vt 0.500000 0.000000
vt 0.500000 -0.496100
vt 0.144500 -0.140600
vt 0.000000 -0.496100
vt 0.144500 -0.851600
vt 0.855500 -0.851600
vt 1.000000 -0.496100
vt 0.855500 -0.140600
vt 0.500000 -0.996100
vt 1.000000 0.000000
vt 1.000000 -0.496100
vt 0.000000 0.000000
vt 0.000000 -0.496100
vt 1.000000 0.000000
vt 1.000000 -0.496100
vt 0.000000 0.000000
vt 0.000000 -0.496100
vt 0.000000 0.000000
vt 1.000000 0.000000
vt 0.000000 -0.683600
vt 1.000000 -0.683600
vt 0.000000 0.000000
vt 1.000000 0.000000
vt 0.000000 -0.683600
vt 1.000000 -0.683600
vt 1.000000 0.000000
vt 0.000000 -0.996100
vt 1.000000 -0.996100
vt 1.000000 -0.996100
vt 0.000000 -0.996100
vt 1.000000 0.000000
vt 0.000000 0.000000
vt 1.000000 -0.996100
vt 0.000000 -0.996100
vt 1.000000 0.000000
vt 0.000000 0.000000
vt 0.000000 0.000000
vt 1.000000 0.000000
vt 0.000000 -0.683600
vt 1.000000 -0.683600
vt 0.000000 0.000000
vt 0.000000 -0.996100
vt 1.000000 -0.996100
vt 1.000000 -0.996100
vt 0.000000 -0.996100
vt 1.000000 0.000000
vt 0.000000 0.000000
vt 1.000000 -0.996100
vt 0.000000 -0.996100
vt 1.000000 0.000000
vt 0.000000 0.000000
vt 0.000000 0.000000
vt 1.000000 0.000000
vt 0.000000 -0.683600
vt 1.000000 -0.683600
vt 0.000000 0.000000
vt 1.000000 0.000000
vt 0.000000 -0.996100
vt 1.000000 -0.996100
vt 0.000000 0.000000
vt 1.000000 0.000000
vt 0.000000 -0.996100
vt 1.000000 -0.996100
vt 1.000000 -0.996100
vt 0.000000 -0.996100
vt 1.000000 0.000000
vt 0.000000 0.000000
vt 0.000000 0.000000
vt 1.000000 0.000000
vt 0.000000 -0.683600
vt 1.000000 -0.683600
vt 0.000000 0.000000
vt 1.000000 0.000000
vt 0.000000 -0.683600
vt 1.000000 -0.683600
vt 1.000000 0.000000
vt 0.000000 -0.996100
vt 1.000000 -0.996100
vt 1.000000 -0.621100
vt 0.000000 -0.621100
vt 0.000000 -0.621100
vt 1.000000 -0.621100
vt 1.000000 -0.996100
vt 0.000000 -0.996100
vt 1.000000 0.000000
vt 0.000000 0.000000
vt 0.000000 0.000000
vt 0.000000 -0.996100
vt 1.000000 -0.996100
vt 0.000000 -0.652300
vt 0.000000 0.000000
vt 1.000000 -0.652300
vt 1.000000 0.000000
vt 0.000000 -0.652300
vt 1.000000 -0.652300
vt 0.000000 0.000000
vt 1.000000 0.000000
vt 0.000000 0.000000
vt 1.000000 0.000000
vt 0.000000 -0.996100
vt 1.000000 -0.996100
vt 1.000000 -0.996100
vt 0.000000 -0.996100
vt 1.000000 0.000000
vt 0.000000 0.000000
vt 0.000000 0.000000
vt 1.000000 0.000000
vt 0.000000 -0.996100
vt 1.000000 -0.996100
vt 0.000000 0.000000
vt 1.000000 0.000000
vt 0.000000 -0.683600
vt 1.000000 -0.683600
vt 1.000000 -0.621100
vt 0.000000 -0.621100
vt 0.000000 0.000000
vt 0.000000 -0.621100
vt 1.000000 -0.621100
vt 0.000000 0.000000
vt 1.000000 0.000000
vt 0.000000 -0.683600
vt 1.000000 -0.683600
vt 1.000000 -0.996100
vt 0.000000 -0.996100
vt 1.000000 0.000000
vt 0.000000 0.000000
vt 0.000000 0.000000
vt 1.000000 0.000000
vt 0.000000 -0.996100
vt 1.000000 -0.996100
vt 0.000000 0.000000
vt 1.000000 0.000000
vt 0.000000 -0.996100
vt 1.000000 -0.996100
vt 0.000000 0.000000
vt 1.000000 0.000000
vt 0.000000 -0.683600
vt 1.000000 -0.683600
vt 1.000000 -0.652300
vt 1.000000 0.000000
vt 0.000000 -0.652300
vt 0.000000 0.000000
vt 1.000000 -0.652300
vt 0.000000 -0.652300
vt 1.000000 -0.996100
vt 0.000000 -0.996100
vt 1.000000 0.000000
vt 0.000000 0.000000
vt 1.000000 -0.996100
vt 0.000000 -0.996100
vt 1.000000 0.000000
vt 0.000000 0.000000
vt 0.000000 0.000000
vt 1.000000 0.000000
vt 0.000000 -0.996100
vt 1.000000 -0.996100
vt 1.000000 0.000000
vt 0.000000 -0.683600
vt 1.000000 -0.683600
vt 1.000000 0.000000
vt 0.000000 0.000000
vt 1.000000 -0.996100
vt 0.000000 -0.996100
vt 1.000000 0.000000
vt 0.000000 0.000000
vt 1.000000 0.000000
vt 1.000000 -0.496100
vt 0.000000 0.000000
vt 0.000000 -0.496100
vt 1.000000 0.000000
vt 1.000000 -0.496100
vt 0.000000 0.000000
vt 0.000000 -0.496100
vt 0.000000 0.000000
vt 1.000000 0.000000
vt 0.000000 -0.683600
vt 1.000000 -0.683600
vt 0.000000 0.000000
vt 1.000000 0.000000
vt 0.000000 -0.683600
vt 1.000000 -0.683600
vt 1.000000 0.000000
vt 0.000000 -0.996100
vt 1.000000 -0.996100
vt 1.000000 -0.996100
vt 0.000000 -0.996100
vt 1.000000 0.000000
vt 0.000000 0.000000
vt 1.000000 -0.996100
vt 0.000000 -0.996100
vt 1.000000 0.000000
vt 0.000000 0.000000
vt 0.000000 0.000000
vt 1.000000 0.000000
vt 0.000000 -0.683600
vt 1.000000 -0.683600
vt 0.000000 0.000000
vt 0.000000 -0.996100
vt 1.000000 -0.996100
vt 1.000000 -0.996100
vt 0.000000 -0.996100
vt 1.000000 0.000000
vt 0.000000 0.000000
vt 1.000000 -0.996100
vt 0.000000 -0.996100
vt 1.000000 0.000000
vt 0.000000 0.000000
vt 0.000000 0.000000
vt 1.000000 0.000000
vt 0.000000 -0.683600
vt 1.000000 -0.683600
vt 0.000000 0.000000
vt 1.000000 0.000000
vt 0.000000 -0.996100
vt 1.000000 -0.996100
vt 0.000000 0.000000
vt 1.000000 0.000000
vt 0.000000 -0.996100
vt 1.000000 -0.996100
vt 1.000000 -0.996100
vt 0.000000 -0.996100
vt 1.000000 0.000000
vt 0.000000 0.000000
vt 0.000000 0.000000
vt 1.000000 0.000000
vt 0.000000 -0.683600
vt 1.000000 -0.683600
vt 0.000000 0.000000
vt 1.000000 0.000000
vt 0.000000 -0.683600
vt 1.000000 -0.683600
vt 1.000000 0.000000
vt 0.000000 -0.996100
vt 1.000000 -0.996100
vt 1.000000 -0.621100
vt 0.000000 -0.621100
vt 0.000000 -0.621100
vt 1.000000 -0.621100
vt 1.000000 -0.996100
vt 0.000000 -0.996100
vt 1.000000 0.000000
vt 0.000000 0.000000
vt 0.000000 0.000000
vt 0.000000 -0.996100
vt 1.000000 -0.996100
vt 0.000000 -0.652300
vt 0.000000 0.000000
vt 1.000000 -0.652300
vt 1.000000 0.000000
vt 0.000000 -0.652300
vt 1.000000 -0.652300
vt 0.000000 0.000000
vt 1.000000 0.000000
vt 1.000000 -0.996100
vt 0.000000 -0.996100
vt 1.000000 0.000000
vt 0.000000 0.000000
vt 0.000000 0.000000
vt 1.000000 0.000000
vt 0.000000 -0.996100
vt 1.000000 -0.996100
vt 0.000000 0.000000
vt 1.000000 0.000000
vt 0.000000 -0.683600
vt 1.000000 -0.683600
vt 0.000000 0.000000
vt 1.000000 0.000000
vt 0.000000 -0.683600
vt 1.000000 -0.683600
vt 1.000000 -0.496100
vt 0.000000 -0.496100
vt 1.000000 -0.496100
vt 0.000000 -0.496100
vt 1.000000 0.000000
vt 1.000000 -0.496100
vt 0.000000 0.000000
vt 0.000000 -0.496100
vt 1.000000 0.000000
vt 1.000000 -0.496100
vt 0.000000 0.000000
vt 0.000000 -0.496100
vt 0.000000 0.000000
vt 1.000000 0.000000
vt 0.000000 -0.683600
vt 1.000000 -0.683600
vt 0.000000 0.000000
vt 1.000000 0.000000
vt 0.000000 -0.683600
vt 1.000000 -0.683600
vt 1.000000 0.000000
vt 0.000000 -0.996100
vt 1.000000 -0.996100
vt 1.000000 -0.996100
vt 0.000000 -0.996100
vt 1.000000 0.000000
vt 0.000000 0.000000
vt 1.000000 -0.996100
vt 0.000000 -0.996100
vt 1.000000 0.000000
vt 0.000000 0.000000
vt 1.000000 -0.996100
vt 1.000000 0.000000
vt 0.000000 -0.996100
vt 0.000000 0.000000
vt 1.000000 -0.996100
vt 0.000000 -0.996100
vt 0.000000 0.000000
vt 1.000000 0.000000
vt 0.000000 -0.683600
vt 1.000000 -0.683600
vt 0.000000 0.000000
vt 0.000000 -0.996100
vt 1.000000 -0.996100
vt 0.000000 -0.996100
vt 1.000000 0.000000
vt 0.000000 0.000000
vt 1.000000 -0.996100
vt 0.000000 -0.996100
vt 1.000000 0.000000
vt 0.000000 0.000000
vt 1.000000 -0.652300
vt 1.000000 0.000000
vt 0.000000 -0.652300
vt 0.000000 0.000000
vt 1.000000 -0.652300
vt 0.000000 -0.652300
vt 0.000000 0.000000
vt 1.000000 0.000000
vt 0.000000 -0.683600
vt 1.000000 -0.683600
vt 0.000000 0.000000
vt 1.000000 0.000000
vt 0.000000 -0.996100
vt 1.000000 -0.996100
vt 0.000000 0.000000
vt 1.000000 0.000000
vt 1.000000 -0.996100
vt 0.000000 -0.996100
vt 1.000000 0.000000
vt 0.000000 0.000000
vt 0.000000 0.000000
vt 1.000000 0.000000
vt 0.000000 -0.683600
vt 1.000000 -0.683600
vt 0.000000 0.000000
vt 1.000000 0.000000
vt 0.000000 -0.683600
vt 1.000000 -0.683600
vt 1.000000 0.000000
vt 1.000000 -0.996100
vt 1.000000 -0.621100
vt 0.000000 -0.621100
vt 0.000000 -0.621100
vt 1.000000 -0.621100
vt 1.000000 -0.996100
vt 0.000000 -0.996100
vt 1.000000 0.000000
vt 0.000000 0.000000
vt 0.000000 0.000000
vt 0.000000 -0.996100
vt 1.000000 -0.996100
vt 1.000000 0.000000
vt 0.605500 -0.359400
vt 1.402300 -0.359400
vt 1.839800 -0.640600
vt 0.175800 -0.640600
vt 0.160200 -0.640600
vt 1.828100 -0.640600
vt 0.000000 -0.996100
vt 2.000000 -0.996100
vt 0.605500 -0.359400
vt 1.402300 -0.359400
vt 1.839800 -0.640600
vt 0.175800 -0.640600
vt 0.160200 -0.640600
vt 1.828100 -0.640600
vt 0.000000 -0.996100
vt 2.000000 -0.996100
vt 0.160200 -0.640600
vt 1.828100 -0.640600
vt 0.000000 -0.996100
vt 2.000000 -0.996100
vt 0.605500 -0.359400
vt 1.402300 -0.359400
vt 1.839800 -0.640600
vt 0.175800 -0.640600
vt 0.160200 -0.640600
vt 1.828100 -0.640600
vt 0.000000 -0.996100
vt 2.000000 -0.996100
vt 0.605500 -0.359400
vt 1.402300 -0.359400
vt 1.839800 -0.640600
vt 0.175800 -0.640600
vt 0.605500 -0.359400
vt 1.402300 -0.359400
vt 1.839800 -0.640600
vt 0.175800 -0.640600
vt 0.160200 -0.640600
vt 1.828100 -0.640600
vt 0.000000 -0.996100
vt 2.000000 -0.996100
vt 0.605500 -0.359400
vt 1.402300 -0.359400
vt 1.839800 -0.640600
vt 0.175800 -0.640600
vt 0.160200 -0.640600
vt 1.828100 -0.640600
vt 0.000000 -0.996100
vt 2.000000 -0.996100
vt 0.160200 -0.640600
vt 1.828100 -0.640600
vt 0.000000 -0.996100
vt 2.000000 -0.996100
vt 0.605500 -0.359400
vt 1.402300 -0.359400
vt 1.839800 -0.640600
vt 0.175800 -0.640600
vt 0.160200 -0.640600
vt 1.828100 -0.640600
vt 0.000000 -0.996100
vt 2.000000 -0.996100
vt 0.605500 -0.359400
vt 1.402300 -0.359400
vt 1.839800 -0.640600
vt 0.175800 -0.640600
vt 0.343800 0.000000
vt 2.000000 -0.996100
vt 1.656300 0.000000
vt 0.000000 -0.996100
vt 0.343800 0.000000
vt 2.000000 -0.996100
vt 1.656300 0.000000
vt 0.000000 -0.996100
vt 0.343800 0.000000
vt 2.000000 -0.996100
vt 1.656300 0.000000
vt 0.000000 -0.996100
vt 0.343800 0.000000
vt 2.000000 -0.996100
vt 1.656300 0.000000
vt 0.000000 -0.996100
vt 0.343800 0.000000
vt 1.656300 0.000000
vt 2.000000 -0.996100
vt 0.000000 -0.996100
vt 0.343800 0.000000
vt 2.000000 -0.996100
vt 1.656300 0.000000
vt 0.000000 -0.996100
vt 0.343800 0.000000
vt 2.000000 -0.996100
vt 1.656300 0.000000
vt 0.000000 -0.996100
vt 0.343800 0.000000
vt 2.000000 -0.996100
vt 1.656300 0.000000
vt 0.000000 -0.996100
vt 0.953100 -0.914100
vt 0.863300 -0.863300
vt 0.824200 -0.914100
vt 0.824200 -0.863300
vt 0.800800 -0.714800
vt 0.918000 -0.769500
vt 0.980500 -0.714800
vt 0.937500 -0.769500
vt 0.937500 -0.808600
vt 0.980500 -0.808600
vt 0.832000 -0.808600
vt 0.832000 -0.769500
vt 0.800800 -0.808600
vt 0.863300 -0.769500
vt 0.918000 -0.863300
vt 0.953100 -0.863300
vt 0.597700 -0.722700
vt 0.703100 -0.769500
vt 0.726600 -0.722700
vt 0.726600 -0.769500
vt 0.742200 -0.914100
vt 0.644500 -0.871100
vt 0.597700 -0.914100
vt 0.597700 -0.871100
vt 0.742200 -0.871100
vt 0.703100 -0.871100
vt 0.644500 -0.769500
vt 0.597700 -0.769500
vt 0.453100 -0.839800
vt 0.480500 -0.871100
vt 0.472700 -0.820300
vt 0.531300 -0.871100
vt 0.464800 -0.722700
vt 0.523400 -0.769500
vt 0.543000 -0.722700
vt 0.543000 -0.769500
vt 0.382800 -0.769500
vt 0.433600 -0.820300
vt 0.433600 -0.769500
vt 0.457000 -0.800800
vt 0.453100 -0.906300
vt 0.382800 -0.871100
vt 0.367200 -0.906300
vt 0.367200 -0.871100
vt 0.453100 -0.871100
vt 0.429700 -0.871100
vt 0.484400 -0.769500
vt 0.464800 -0.769500
vt 0.468800 -0.871100
vt 0.468800 -0.906300
vt 0.550800 -0.906300
vt 0.550800 -0.871100
vt 0.367200 -0.769500
vt 0.367200 -0.722700
vt 0.449200 -0.722700
vt 0.449200 -0.769500
vt 0.320300 -0.914100
vt 0.179700 -0.863300
vt 0.152300 -0.914100
vt 0.152300 -0.863300
vt 0.285200 -0.839800
vt 0.285200 -0.863300
vt 0.320300 -0.839800
vt 0.222700 -0.863300
vt 0.222700 -0.828100
vt 0.222700 -0.800800
vt 0.246100 -0.828100
vt 0.246100 -0.800800
vt 0.316400 -0.722700
vt 0.160200 -0.722700
vt 0.179700 -0.769500
vt 0.160200 -0.769500
vt 0.324200 -0.722700
vt 0.171900 -0.722700
vt 0.191400 -0.769500
vt 0.171900 -0.769500
vt 0.191400 -0.863300
vt 0.230500 -0.796900
vt 0.230500 -0.769500
vt 0.285200 -0.769500
vt 0.285200 -0.800800
vt 0.293000 -0.839800
vt 0.293000 -0.863300
vt 0.328100 -0.839800
vt 0.328100 -0.910200
vt 0.230500 -0.863300
vt 0.230500 -0.828100
vt 0.257800 -0.828100
vt 0.257800 -0.796900
vt 0.164100 -0.910200
vt 0.164100 -0.863300
vt 0.378900 -0.769500
vt 0.390600 -0.769500
vt 0.378900 -0.722700
vt 0.441400 -0.769500
vt 0.457000 -0.722700
vt 0.457000 -0.769500
vt 0.460900 -0.902300
vt 0.390600 -0.871100
vt 0.378900 -0.902300
vt 0.378900 -0.871100
vt 0.472700 -0.769500
vt 0.492200 -0.769500
vt 0.472700 -0.722700
vt 0.531300 -0.769500
vt 0.464800 -0.800800
vt 0.480500 -0.820300
vt 0.441400 -0.820300
vt 0.460900 -0.835900
vt 0.437500 -0.871100
vt 0.460900 -0.871100
vt 0.554700 -0.871100
vt 0.539100 -0.871100
vt 0.554700 -0.902300
vt 0.488300 -0.871100
vt 0.476600 -0.902300
vt 0.476600 -0.871100
vt 0.546900 -0.722700
vt 0.546900 -0.769500
vt 0.605500 -0.769500
vt 0.652300 -0.769500
vt 0.605500 -0.722700
vt 0.707000 -0.769500
vt 0.652300 -0.871100
vt 0.707000 -0.871100
vt 0.750000 -0.910200
vt 0.750000 -0.871100
vt 0.605500 -0.910200
vt 0.605500 -0.871100
vt 0.734400 -0.722700
vt 0.734400 -0.769500
vt 0.941400 -0.808600
vt 0.984400 -0.808600
vt 0.984400 -0.714800
vt 0.804700 -0.714800
vt 0.921900 -0.769500
vt 0.941400 -0.769500
vt 0.957000 -0.863300
vt 0.921900 -0.863300
vt 0.957000 -0.910200
vt 0.867200 -0.863300
vt 0.867200 -0.769500
vt 0.839800 -0.769500
vt 0.804700 -0.808600
vt 0.839800 -0.808600
vt 0.828100 -0.910200
vt 0.828100 -0.863300
vt 0.082000 -0.796900
vt 0.082000 -0.796900
vt 0.078100 -0.800800
vt 0.082000 -0.796900
vt 0.082000 -0.796900
vt 0.078100 -0.800800
vt 0.078100 -0.800800
vt 0.078100 -0.800800
vt 0.078100 -0.804700
vt 0.078100 -0.800800
vt 0.078100 -0.804700
vt 0.078100 -0.800800
vt 0.078100 -0.804700
vt 0.078100 -0.808600
vt 0.011700 -0.996100
vt 0.019500 -0.996100
vt 0.011700 -0.644500
vt 0.019500 -0.644500
vt 0.031300 -0.996100
vt 0.031300 -0.644500
vt 0.043000 -0.996100
vt 0.043000 -0.644500
vt 0.050800 -0.996100
vt 0.050800 -0.644500
vt 0.062500 -0.996100
vt 0.062500 -0.644500
vt 0.074200 -0.996100
vt 0.074200 -0.644500
vt 0.082000 -0.996100
vt 0.082000 -0.644500
vt 0.093800 -0.996100
vt 0.093800 -0.644500
vt 0.105500 -0.996100
vt 0.105500 -0.644500
vt 0.113300 -0.996100
vt 0.113300 -0.644500
vt 0.125000 -0.996100
vt 0.125000 -0.644500
vt 0.136700 -0.996100
vt 0.136700 -0.644500
vt 0.668000 -0.714800
vt 0.781300 -0.714800
vt 0.660200 -0.714800
vt 0.773400 -0.714800
vt 0.066400 -0.730500
vt 0.066400 -0.777300
vt 0.066400 -0.730500
vt 0.066400 -0.777300
vt 0.746100 -0.718800
vt 0.722700 -0.718800
vt 0.738300 -0.718800
vt 0.714800 -0.718800
vt 0.066400 -0.777300
vt 0.066400 -0.859400
vt 0.066400 -0.777300
vt 0.066400 -0.859400
vt 0.722700 -0.718800
vt 0.746100 -0.718800
vt 0.714800 -0.718800
vt 0.738300 -0.718800
vt 0.066400 -0.859400
vt 0.066400 -0.910200
vt 0.066400 -0.859400
vt 0.066400 -0.910200
vt 0.746100 -0.718800
vt 0.636700 -0.718800
vt 0.738300 -0.718800
vt 0.628900 -0.718800
vt 0.066400 -0.910200
vt 0.066400 -0.859400
vt 0.066400 -0.910200
vt 0.066400 -0.859400
vt 0.636700 -0.718800
vt 0.660200 -0.718800
vt 0.628900 -0.718800
vt 0.648400 -0.718800
vt 0.066400 -0.859400
vt 0.066400 -0.777300
vt 0.066400 -0.859400
vt 0.066400 -0.777300
vt 0.660200 -0.718800
vt 0.636700 -0.718800
vt 0.648400 -0.718800
vt 0.628900 -0.718800
vt 0.066400 -0.777300
vt 0.066400 -0.730500
vt 0.066400 -0.777300
vt 0.066400 -0.730500
vt 0.828100 -0.714800
vt 1.007800 -0.714800
vt 0.796900 -0.714800
vt 0.976600 -0.714800
vt 0.062500 -0.730500
vt 0.062500 -0.808600
vt 0.062500 -0.730500
vt 0.062500 -0.808600
vt 0.972700 -0.718800
vt 0.937500 -0.718800
vt 0.941400 -0.718800
vt 0.906300 -0.718800
vt 0.972700 -0.808600
vt 0.972700 -0.769500
vt 0.941400 -0.808600
vt 0.941400 -0.769500
vt 0.937500 -0.718800
vt 0.910200 -0.718800
vt 0.906300 -0.718800
vt 0.878900 -0.718800
vt 0.062500 -0.777300
vt 0.062500 -0.859400
vt 0.062500 -0.777300
vt 0.062500 -0.859400
vt 0.910200 -0.718800
vt 0.929700 -0.718800
vt 0.878900 -0.718800
vt 0.898400 -0.718800
vt 0.070300 -0.777300
vt 0.070300 -0.738300
vt 0.070300 -0.777300
vt 0.070300 -0.738300
vt 0.507800 -0.718800
vt 0.480500 -0.718800
vt 0.507800 -0.718800
vt 0.480500 -0.718800
vt 0.070300 -0.804700
vt 0.070300 -0.777300
vt 0.070300 -0.804700
vt 0.070300 -0.777300
vt 0.070300 -0.777300
vt 0.070300 -0.777300
vt 0.464800 -0.718800
vt 0.449200 -0.718800
vt 0.468800 -0.718800
vt 0.449200 -0.718800
vt 0.070300 -0.730500
vt 0.070300 -0.777300
vt 0.070300 -0.730500
vt 0.070300 -0.777300
vt 0.390600 -0.714800
vt 0.496100 -0.714800
vt 0.394500 -0.714800
vt 0.500000 -0.714800
vt 0.074200 -0.777300
vt 0.074200 -0.730500
vt 0.074200 -0.777300
vt 0.074200 -0.730500
vt 0.382800 -0.718800
vt 0.363300 -0.718800
vt 0.382800 -0.718800
vt 0.363300 -0.718800
vt 0.070300 -0.820300
vt 0.074200 -0.777300
vt 0.070300 -0.820300
vt 0.074200 -0.777300
vt 0.074200 -0.859400
vt 0.074200 -0.859400
vt 0.363300 -0.718800
vt 0.382800 -0.718800
vt 0.363300 -0.718800
vt 0.382800 -0.718800
vt 0.074200 -0.910200
vt 0.074200 -0.859400
vt 0.074200 -0.910200
vt 0.074200 -0.859400
vt 0.460900 -0.718800
vt 0.363300 -0.718800
vt 0.460900 -0.718800
vt 0.363300 -0.718800
vt 0.070300 -0.859400
vt 0.070300 -0.910200
vt 0.070300 -0.859400
vt 0.070300 -0.910200
vt 0.437500 -0.718800
vt 0.460900 -0.718800
vt 0.437500 -0.718800
vt 0.460900 -0.718800
vt 0.070300 -0.835900
vt 0.070300 -0.859400
vt 0.070300 -0.835900
vt 0.070300 -0.859400
vt 0.070300 -0.859400
vt 0.070300 -0.859400
vt 0.476600 -0.718800
vt 0.496100 -0.718800
vt 0.476600 -0.718800
vt 0.500000 -0.718800
vt 0.070300 -0.910200
vt 0.070300 -0.859400
vt 0.070300 -0.910200
vt 0.070300 -0.859400
vt 0.582000 -0.718800
vt 0.476600 -0.718800
vt 0.582000 -0.718800
vt 0.476600 -0.718800
vt 0.070300 -0.859400
vt 0.070300 -0.910200
vt 0.070300 -0.859400
vt 0.070300 -0.910200
vt 0.562500 -0.718800
vt 0.582000 -0.718800
vt 0.562500 -0.718800
vt 0.582000 -0.718800
vt 0.070300 -0.820300
vt 0.070300 -0.859400
vt 0.070300 -0.820300
vt 0.070300 -0.859400
vt 0.070300 -0.777300
vt 0.070300 -0.777300
vt 0.582000 -0.718800
vt 0.562500 -0.718800
vt 0.582000 -0.718800
vt 0.562500 -0.718800
vt 0.070300 -0.730500
vt 0.070300 -0.777300
vt 0.070300 -0.730500
vt 0.070300 -0.777300
vt 0.511700 -0.714800
vt 0.613300 -0.714800
vt 0.511700 -0.714800
vt 0.613300 -0.714800
vt 0.078100 -0.777300
vt 0.078100 -0.730500
vt 0.078100 -0.777300
vt 0.078100 -0.730500
vt 0.152300 -0.718800
vt 0.132800 -0.718800
vt 0.183600 -0.718800
vt 0.164100 -0.718800
vt 0.078100 -0.859400
vt 0.078100 -0.777300
vt 0.074200 -0.859400
vt 0.074200 -0.777300
vt 0.132800 -0.718800
vt 0.152300 -0.718800
vt 0.164100 -0.718800
vt 0.183600 -0.718800
vt 0.078100 -0.910200
vt 0.078100 -0.859400
vt 0.078100 -0.910200
vt 0.078100 -0.859400
vt 0.300800 -0.718800
vt 0.132800 -0.718800
vt 0.328100 -0.718800
vt 0.164100 -0.718800
vt 0.074200 -0.835900
vt 0.074200 -0.910200
vt 0.074200 -0.835900
vt 0.074200 -0.910200
vt 0.250000 -0.718800
vt 0.300800 -0.718800
vt 0.277300 -0.718800
vt 0.328100 -0.718800
vt 0.074200 -0.859400
vt 0.074200 -0.835900
vt 0.074200 -0.859400
vt 0.074200 -0.835900
vt 0.207000 -0.718800
vt 0.250000 -0.718800
vt 0.238300 -0.718800
vt 0.277300 -0.718800
vt 0.074200 -0.828100
vt 0.074200 -0.859400
vt 0.074200 -0.828100
vt 0.074200 -0.859400
vt 0.257800 -0.718800
vt 0.207000 -0.718800
vt 0.289100 -0.718800
vt 0.238300 -0.718800
vt 0.074200 -0.808600
vt 0.074200 -0.828100
vt 0.074200 -0.808600
vt 0.074200 -0.828100
vt 0.207000 -0.718800
vt 0.257800 -0.718800
vt 0.238300 -0.718800
vt 0.289100 -0.718800
vt 0.074200 -0.777300
vt 0.074200 -0.808600
vt 0.074200 -0.777300
vt 0.074200 -0.808600
vt 0.250000 -0.718800
vt 0.207000 -0.718800
vt 0.277300 -0.718800
vt 0.238300 -0.718800
vt 0.074200 -0.800800
vt 0.074200 -0.777300
vt 0.074200 -0.800800
vt 0.074200 -0.777300
vt 0.296900 -0.718800
vt 0.250000 -0.718800
vt 0.324200 -0.718800
vt 0.277300 -0.718800
vt 0.074200 -0.730500
vt 0.074200 -0.800800
vt 0.074200 -0.730500
vt 0.074200 -0.800800
vt 0.160200 -0.714800
vt 0.324200 -0.714800
vt 0.191400 -0.714800
vt 0.355500 -0.714800
vt 0.277300 -0.800800
vt 0.277300 -0.769500
vt 0.222700 -0.769500
vt 0.316400 -0.800800
vt 0.066400 -0.808600
vt 0.066400 -0.730500
vt 0.066400 -0.808600
vt 0.066400 -0.730500
vt 0.824200 -0.718800
vt 0.789100 -0.718800
vt 0.793000 -0.718800
vt 0.757800 -0.718800
vt 0.066400 -0.777300
vt 0.066400 -0.808600
vt 0.066400 -0.777300
vt 0.066400 -0.808600
vt 0.851600 -0.718800
vt 0.824200 -0.718800
vt 0.820300 -0.718800
vt 0.793000 -0.718800
vt 0.062500 -0.859400
vt 0.062500 -0.777300
vt 0.066400 -0.859400
vt 0.066400 -0.777300
vt 0.828100 -0.718800
vt 0.851600 -0.718800
vt 0.796900 -0.718800
vt 0.820300 -0.718800
vt 0.062500 -0.910200
vt 0.062500 -0.859400
vt 0.066400 -0.910200
vt 0.066400 -0.859400
vt 0.925800 -0.718800
vt 0.828100 -0.718800
vt 0.894500 -0.718800
vt 0.796900 -0.718800
vt 0.062500 -0.859400
vt 0.062500 -0.910200
vt 0.062500 -0.859400
vt 0.062500 -0.910200
vt 0.906300 -0.718800
vt 0.925800 -0.718800
vt 0.875000 -0.718800
vt 0.894500 -0.718800
vt 0.062500 -0.777300
vt 0.062500 -0.859400
vt 0.062500 -0.777300
vt 0.062500 -0.859400
vt 0.933600 -0.718800
vt 0.906300 -0.718800
vt 0.902300 -0.718800
vt 0.875000 -0.718800
vt 0.968800 -0.808600
vt 0.968800 -0.769500
vt 0.937500 -0.808600
vt 0.937500 -0.769500
vt 0.968800 -0.718800
vt 0.933600 -0.718800
vt 0.937500 -0.718800
vt 0.902300 -0.718800
vt 0.062500 -0.730500
vt 0.062500 -0.808600
vt 0.062500 -0.730500
vt 0.062500 -0.808600
vt 0.824200 -0.714800
vt 1.003900 -0.714800
vt 0.793000 -0.714800
vt 0.972700 -0.714800
vt 0.066400 -0.777300
vt 0.066400 -0.730500
vt 0.066400 -0.777300
vt 0.066400 -0.730500
vt 0.652300 -0.718800
vt 0.628900 -0.718800
vt 0.644500 -0.718800
vt 0.621100 -0.718800
vt 0.066400 -0.859400
vt 0.066400 -0.777300
vt 0.066400 -0.859400
vt 0.066400 -0.777300
vt 0.628900 -0.718800
vt 0.652300 -0.718800
vt 0.621100 -0.718800
vt 0.644500 -0.718800
vt 0.066400 -0.910200
vt 0.066400 -0.859400
vt 0.066400 -0.910200
vt 0.066400 -0.859400
vt 0.742200 -0.718800
vt 0.628900 -0.718800
vt 0.734400 -0.718800
vt 0.621100 -0.718800
vt 0.066400 -0.859400
vt 0.066400 -0.910200
vt 0.066400 -0.859400
vt 0.066400 -0.910200
vt 0.718800 -0.718800
vt 0.742200 -0.718800
vt 0.707000 -0.718800
vt 0.734400 -0.718800
vt 0.066400 -0.777300
vt 0.066400 -0.859400
vt 0.066400 -0.777300
vt 0.066400 -0.859400
vt 0.742200 -0.718800
vt 0.718800 -0.718800
vt 0.734400 -0.718800
vt 0.707000 -0.718800
vt 0.066400 -0.730500
vt 0.066400 -0.777300
vt 0.066400 -0.730500
vt 0.066400 -0.777300
vt 0.664100 -0.714800
vt 0.777300 -0.714800
vt 0.652300 -0.714800
vt 0.765600 -0.714800
vt 0.062500 -0.859400
vt 0.062500 -0.910200
vt 0.062500 -0.859400
vt 0.062500 -0.910200
vt 0.929700 -0.718800
vt 0.832000 -0.718800
vt 0.898400 -0.718800
vt 0.800800 -0.718800
vt 0.062500 -0.910200
vt 0.062500 -0.859400
vt 0.066400 -0.910200
vt 0.066400 -0.859400
vt 0.832000 -0.718800
vt 0.855500 -0.718800
vt 0.800800 -0.718800
vt 0.824200 -0.718800
vt 0.062500 -0.859400
vt 0.062500 -0.777300
vt 0.066400 -0.859400
vt 0.066400 -0.777300
vt 0.855500 -0.718800
vt 0.828100 -0.718800
vt 0.824200 -0.718800
vt 0.796900 -0.718800
vt 0.066400 -0.777300
vt 0.066400 -0.808600
vt 0.066400 -0.777300
vt 0.066400 -0.808600
vt 0.828100 -0.718800
vt 0.793000 -0.718800
vt 0.796900 -0.718800
vt 0.761700 -0.718800
vt 0.066400 -0.808600
vt 0.066400 -0.730500
vt 0.066400 -0.808600
vt 0.066400 -0.730500
vt 0.324200 -0.800800
vt 0.171900 -0.714800
vt 0.332000 -0.714800
vt 0.199200 -0.714800
vt 0.363300 -0.714800
vt 0.074200 -0.730500
vt 0.074200 -0.800800
vt 0.074200 -0.730500
vt 0.074200 -0.800800
vt 0.304700 -0.718800
vt 0.257800 -0.718800
vt 0.335900 -0.718800
vt 0.289100 -0.718800
vt 0.074200 -0.800800
vt 0.074200 -0.777300
vt 0.074200 -0.800800
vt 0.074200 -0.777300
vt 0.257800 -0.718800
vt 0.218800 -0.718800
vt 0.289100 -0.718800
vt 0.250000 -0.718800
vt 0.074200 -0.777300
vt 0.074200 -0.808600
vt 0.074200 -0.777300
vt 0.074200 -0.808600
vt 0.218800 -0.718800
vt 0.265600 -0.718800
vt 0.250000 -0.718800
vt 0.296900 -0.718800
vt 0.074200 -0.808600
vt 0.074200 -0.828100
vt 0.074200 -0.808600
vt 0.074200 -0.828100
vt 0.265600 -0.718800
vt 0.218800 -0.718800
vt 0.296900 -0.718800
vt 0.250000 -0.718800
vt 0.074200 -0.828100
vt 0.074200 -0.859400
vt 0.074200 -0.828100
vt 0.074200 -0.859400
vt 0.218800 -0.718800
vt 0.257800 -0.718800
vt 0.250000 -0.718800
vt 0.289100 -0.718800
vt 0.074200 -0.859400
vt 0.074200 -0.835900
vt 0.074200 -0.859400
vt 0.074200 -0.835900
vt 0.257800 -0.718800
vt 0.308600 -0.718800
vt 0.289100 -0.718800
vt 0.339800 -0.718800
vt 0.074200 -0.835900
vt 0.074200 -0.910200
vt 0.074200 -0.835900
vt 0.074200 -0.910200
vt 0.308600 -0.718800
vt 0.140600 -0.718800
vt 0.339800 -0.718800
vt 0.171900 -0.718800
vt 0.078100 -0.910200
vt 0.078100 -0.859400
vt 0.078100 -0.910200
vt 0.078100 -0.859400
vt 0.140600 -0.718800
vt 0.160200 -0.718800
vt 0.171900 -0.718800
vt 0.191400 -0.718800
vt 0.078100 -0.859400
vt 0.078100 -0.777300
vt 0.074200 -0.859400
vt 0.074200 -0.777300
vt 0.160200 -0.718800
vt 0.140600 -0.718800
vt 0.191400 -0.718800
vt 0.171900 -0.718800
vt 0.078100 -0.777300
vt 0.078100 -0.730500
vt 0.078100 -0.777300
vt 0.078100 -0.730500
vt 0.519500 -0.714800
vt 0.621100 -0.714800
vt 0.519500 -0.714800
vt 0.621100 -0.714800
vt 0.070300 -0.730500
vt 0.070300 -0.777300
vt 0.070300 -0.730500
vt 0.070300 -0.777300
vt 0.585900 -0.718800
vt 0.570300 -0.718800
vt 0.589800 -0.718800
vt 0.570300 -0.718800
vt 0.070300 -0.777300
vt 0.070300 -0.820300
vt 0.070300 -0.777300
vt 0.070300 -0.820300
vt 0.070300 -0.859400
vt 0.070300 -0.859400
vt 0.570300 -0.718800
vt 0.585900 -0.718800
vt 0.570300 -0.718800
vt 0.589800 -0.718800
vt 0.070300 -0.859400
vt 0.070300 -0.910200
vt 0.070300 -0.859400
vt 0.070300 -0.910200
vt 0.585900 -0.718800
vt 0.484400 -0.718800
vt 0.589800 -0.718800
vt 0.484400 -0.718800
vt 0.070300 -0.910200
vt 0.070300 -0.859400
vt 0.070300 -0.910200
vt 0.070300 -0.859400
vt 0.484400 -0.718800
vt 0.503900 -0.718800
vt 0.484400 -0.718800
vt 0.507800 -0.718800
vt 0.070300 -0.859400
vt 0.070300 -0.835900
vt 0.070300 -0.859400
vt 0.070300 -0.835900
vt 0.070300 -0.859400
vt 0.070300 -0.859400
vt 0.445300 -0.718800
vt 0.468800 -0.718800
vt 0.445300 -0.718800
vt 0.468800 -0.718800
vt 0.070300 -0.859400
vt 0.070300 -0.910200
vt 0.070300 -0.859400
vt 0.070300 -0.910200
vt 0.468800 -0.718800
vt 0.371100 -0.718800
vt 0.468800 -0.718800
vt 0.371100 -0.718800
vt 0.074200 -0.910200
vt 0.074200 -0.859400
vt 0.074200 -0.910200
vt 0.074200 -0.859400
vt 0.371100 -0.718800
vt 0.390600 -0.718800
vt 0.371100 -0.718800
vt 0.394500 -0.718800
vt 0.074200 -0.859400
vt 0.070300 -0.820300
vt 0.074200 -0.859400
vt 0.070300 -0.820300
vt 0.074200 -0.777300
vt 0.074200 -0.777300
vt 0.390600 -0.718800
vt 0.371100 -0.718800
vt 0.394500 -0.718800
vt 0.371100 -0.718800
vt 0.074200 -0.777300
vt 0.074200 -0.730500
vt 0.074200 -0.777300
vt 0.074200 -0.730500
vt 0.402300 -0.714800
vt 0.503900 -0.714800
vt 0.402300 -0.714800
vt 0.503900 -0.714800
vt 0.070300 -0.730500
vt 0.070300 -0.777300
vt 0.070300 -0.730500
vt 0.070300 -0.777300
vt 0.472700 -0.718800
vt 0.457000 -0.718800
vt 0.476600 -0.718800
vt 0.457000 -0.718800
vt 0.070300 -0.777300
vt 0.070300 -0.804700
vt 0.070300 -0.777300
vt 0.070300 -0.804700
vt 0.070300 -0.777300
vt 0.070300 -0.777300
vt 0.515600 -0.718800
vt 0.488300 -0.718800
vt 0.515600 -0.718800
vt 0.488300 -0.718800
vt 0.070300 -0.777300
vt 0.070300 -0.738300
vt 0.070300 -0.777300
vt 0.070300 -0.738300
vt 0.000000 0.000000
vt 0.000000 0.000000
vt 0.000000 0.000000
vt 0.000000 0.000000
vt 0.000000 0.000000
vt 0.000000 0.000000
vt 0.000000 0.000000
vt 0.000000 0.000000
vt 0.000000 0.000000
vt 0.000000 0.000000
vt 0.000000 0.000000
vt 0.000000 0.000000
vt 0.000000 0.000000
vt 0.000000 0.000000
vt 0.000000 0.000000
vt 0.000000 0.000000
vt 0.000000 0.000000
vt 0.000000 0.000000
vt 0.000000 0.000000
vt 0.000000 0.000000
vt 0.000000 0.000000
vt 0.000000 0.000000
vt 0.000000 0.000000
vt 0.000000 0.000000
vt 0.000000 0.000000
vt 0.000000 0.000000
vt 0.000000 0.000000
vt 0.000000 0.000000
vt 0.000000 0.000000
vt 0.000000 0.000000
vt 0.000000 0.000000
vt 0.000000 0.000000
vt 0.000000 0.000000
vt 0.000000 0.000000
vt 0.000000 0.000000
vt 0.000000 0.000000
vt 0.000000 0.000000
vt 0.000000 0.000000
vt 0.000000 0.000000
vt 0.000000 0.000000
vt 0.000000 0.000000
vt 0.000000 0.000000
vt 0.000000 0.000000
vt 0.000000 0.000000
vt 0.000000 0.000000
vt 0.000000 0.000000
vt 0.000000 0.000000
vt 0.000000 0.000000
vt 0.000000 0.000000
vt 0.000000 0.000000
vt 0.000000 0.000000
vt 0.000000 0.000000
vt 0.000000 0.000000
vt 0.000000 0.000000
vt 0.000000 0.000000
vt 0.000000 0.000000
vt 0.000000 0.000000
vt 0.000000 0.000000
vt 0.000000 0.000000
vt 0.000000 0.000000
vt 0.000000 0.000000
vt 0.000000 0.000000
vt 0.000000 0.000000
vt 0.000000 0.000000
vt 0.000000 0.000000
vt 0.000000 0.000000
vt 0.000000 0.000000
vt 0.000000 0.000000
vt 0.000000 0.000000
vt 0.000000 0.000000
vt 0.000000 0.000000
vt 0.000000 0.000000
vt 0.000000 0.000000
vt 0.000000 0.000000
vt 0.000000 0.000000
vt 0.000000 0.000000
vt 0.000000 0.000000
vt 0.000000 0.000000
vt 0.000000 0.000000
vt 0.000000 0.000000
vt 0.000000 0.000000
vt 0.000000 0.000000
vt 0.000000 0.000000
vt 0.000000 0.000000
vt 0.000000 0.000000
vt 0.000000 0.000000
vt 0.000000 0.000000
vt 0.000000 0.000000
vt 0.000000 0.000000
vt 0.000000 0.000000
vt 0.000000 0.000000
vt 0.000000 0.000000
vt 0.000000 0.000000
vt 0.000000 0.000000
vt 0.000000 0.000000
vt 0.000000 0.000000
vt 0.000000 0.000000
vt 0.000000 0.000000
vt 0.000000 0.000000
vt 0.000000 0.000000
vt 0.000000 0.000000
vt 0.000000 0.000000
vt 0.000000 0.000000
vt 0.000000 0.000000
vt 0.000000 0.000000
vt 0.000000 0.000000
vt 0.000000 -0.343800
vt 2.000000 -0.343800
vt 0.000000 -0.996100
vt 2.000000 -0.996100
vt 4.000000 -0.343800
vt 4.000000 -0.996100
vt 6.000000 -0.343800
vt 6.000000 -0.996100
vt 8.000000 -0.343800
vt 8.000000 -0.996100
vt 10.000000 -0.343800
vt 10.000000 -0.996100
vt 12.000000 -0.343800
vt 12.000000 -0.996100
vt 14.000000 -0.343800
vt 14.000000 -0.996100
vt 16.000000 -0.343800
vt 16.000000 -0.996100
vt 0.000000 -0.996100
vt 2.000000 -0.996100
vt 0.000000 -0.441400
vt 2.000000 -0.441400
vt 4.000000 -0.996100
vt 4.000000 -0.441400
vt 6.000000 -0.996100
vt 6.000000 -0.441400
vt 8.000000 -0.996100
vt 8.000000 -0.441400
vt 10.000000 -0.996100
vt 10.000000 -0.441400
vt 12.000000 -0.996100
vt 12.000000 -0.441400
vt 14.000000 -0.996100
vt 14.000000 -0.441400
vt 16.000000 -0.996100
vt 16.000000 -0.441400
vt 0.000000 0.000000
vt 0.000000 0.000000
vt 0.000000 0.000000
vt 0.000000 0.000000
vt 0.000000 0.000000
vt 0.000000 0.000000
vt 0.000000 0.000000
vt 0.000000 0.000000
vt 0.000000 0.000000
vt 0.000000 0.000000
vt 0.000000 0.000000
vt 0.000000 0.000000
vt 0.000000 0.000000
vt 0.000000 0.000000
vt 0.000000 0.000000
vt 0.000000 0.000000
vt 0.000000 0.000000
vt 0.000000 0.000000
vt 0.000000 0.000000
vt 0.000000 0.000000
vt 0.000000 0.000000
vt 0.000000 0.000000
vt 0.000000 0.000000
vt 0.000000 0.000000
vt 0.000000 0.000000
vt 0.000000 0.000000
vt 0.000000 0.000000
vt 0.000000 0.000000
vt 0.000000 0.000000
vt 0.000000 0.000000
vt 0.000000 0.000000
vt 0.000000 0.000000
vt 0.000000 0.000000
vt 0.000000 0.000000
vt 0.000000 0.000000
vt 0.000000 0.000000
vt 0.000000 0.000000
vt 0.000000 0.000000
vt 0.000000 0.000000
vt 0.000000 0.000000
vt 0.000000 0.000000
vt 0.000000 0.000000
vt 0.000000 0.000000
vt 0.000000 0.000000
vt 0.000000 0.000000
vt 0.000000 0.000000
vt 0.000000 0.000000
vt 0.000000 0.000000
vt 0.000000 0.000000
vt 0.000000 0.000000
vt 0.000000 0.000000
vt 0.000000 0.000000
vt 0.000000 0.000000
vt 0.000000 0.000000
vt 0.000000 0.000000
vt 0.000000 0.000000
vt 0.000000 0.000000
vt 0.000000 0.000000
vt 0.000000 0.000000
vt 0.000000 0.000000
vt 0.000000 0.000000
vt 0.000000 0.000000
vt 0.000000 0.000000
vt 0.000000 0.000000
vt 0.000000 0.000000
vt 0.000000 0.000000
vt 0.000000 0.000000
vt 0.000000 0.000000
vt 0.000000 0.000000
vt 0.000000 0.000000
vt 0.000000 0.000000
vt 0.000000 0.000000
vt 0.000000 0.000000
vt 0.000000 0.000000
vt 0.000000 0.000000
vt 0.000000 0.000000
vt 0.000000 0.000000
vt 0.000000 0.000000
vt 0.000000 0.000000
vt 0.000000 0.000000
vt 0.000000 0.000000
vt 0.000000 0.000000
vt 0.000000 0.000000
vt 0.000000 0.000000
vt 0.000000 0.000000
vt 0.000000 0.000000
vt 0.000000 0.000000
vt 0.000000 0.000000
vt 0.000000 0.000000
vt 0.000000 0.000000
vt 0.000000 0.000000
vt 0.000000 0.000000
vt 0.000000 0.000000
vt 0.000000 0.000000
vt 0.000000 0.000000
vt 0.000000 0.000000
vt 0.000000 0.000000
vt 0.000000 0.000000
vt 0.000000 0.000000
vt 0.000000 0.000000
vt 0.000000 0.000000
vt 0.000000 0.000000
vt 0.000000 0.000000
vt 0.000000 0.000000
vt 0.000000 0.000000
vt 0.000000 0.000000
vt 0.000000 0.000000
vt 0.000000 0.000000
vt 0.000000 0.000000
vt 0.000000 0.000000
vt 0.000000 0.000000
vt 0.000000 0.000000
vt 0.000000 0.000000
vt 0.000000 0.000000
vt 0.000000 0.000000
vt 0.000000 0.000000
vt 0.000000 0.000000
vt 0.000000 0.000000
vt 0.000000 0.000000
vt 0.000000 0.000000
vt 0.000000 0.000000
vt 0.000000 0.000000
vt 0.000000 0.000000
vt 0.000000 0.000000
vt 0.000000 0.000000
vt 0.000000 0.000000
vt 0.000000 0.000000
vt 0.000000 0.000000
vt 0.000000 0.000000
vt 0.000000 0.000000
vt 0.000000 0.000000
vt 0.000000 0.000000
vt 0.000000 0.000000
vt 0.000000 0.000000
vt 0.000000 0.000000
vt 0.000000 0.000000
vt 0.000000 0.000000
vt 0.000000 0.000000
vt 0.000000 0.000000
vt 0.000000 0.000000
vt 0.000000 0.000000
vt 0.000000 0.000000
vt 0.000000 0.000000
vt 0.000000 0.000000
vt 0.000000 0.000000
vt 0.000000 0.000000
vt 0.000000 0.000000
vt 0.000000 0.000000
vt 0.000000 0.000000
vt 0.000000 0.000000
vt 0.000000 0.000000
vt 0.000000 0.000000
vt 0.000000 0.000000
vt 0.000000 0.000000
vt 0.000000 0.000000
vt 0.000000 0.000000
vt 0.000000 0.000000
vt 0.000000 0.000000
vt 0.000000 0.000000
vt 0.000000 0.000000
vt 0.000000 0.000000
vt 0.000000 0.000000
vt 0.000000 0.000000
vt 0.000000 0.000000
vt 0.000000 0.000000
vt 0.000000 0.000000
vt 0.000000 0.000000
vt 0.000000 0.000000
vt 0.000000 0.000000
vt 0.000000 0.000000
vt 0.000000 0.000000
vt 0.000000 0.000000
vt 0.000000 0.000000
vt 0.000000 0.000000
vt 0.000000 0.000000
vt 0.000000 0.000000
vt 0.000000 0.000000
vt 0.000000 0.000000
vt 0.000000 0.000000
vt 0.000000 0.000000
vt 0.000000 0.000000
vt 0.000000 0.000000
vt 0.000000 0.000000
vt 0.000000 0.000000
vt 0.000000 0.000000
vt 0.000000 0.000000
vt 0.000000 0.000000
vt 0.000000 0.000000
vt 0.000000 0.000000
vt 0.000000 0.000000
vt 0.000000 0.000000
vt 0.000000 0.000000
vt 0.000000 0.000000
vt 0.000000 0.000000
vt 0.000000 0.000000
vt 0.000000 0.000000
vt 0.000000 0.000000
vt 0.000000 0.000000
vt 0.000000 0.000000
vt 0.000000 0.000000
vt 0.000000 0.000000
vt 0.000000 0.000000
vt 0.000000 0.000000
vt 0.000000 0.000000
vt 0.000000 0.000000
vt 0.000000 0.000000
vt 0.000000 0.000000
vt 0.000000 0.000000
vt 0.000000 0.000000
vt 0.000000 0.000000
vt 0.000000 0.000000
vt 0.000000 0.000000
vt 0.000000 0.000000
vt 0.000000 0.000000
vt 0.000000 0.000000
vt 0.000000 0.000000
vt 0.000000 0.000000
vt 0.000000 0.000000
vt 0.000000 0.000000
vt 0.000000 0.000000
vt 0.000000 0.000000
vt 0.000000 0.000000
vt 0.000000 0.000000
vt 0.000000 0.000000
vt 0.000000 0.000000
vt 0.000000 0.000000
vt 0.000000 0.000000
vt 0.000000 0.000000
vt 0.000000 0.000000
vt 0.000000 0.000000
vt 0.000000 0.000000
vt 0.000000 0.000000
vt 0.000000 0.000000
vt 0.000000 0.000000
vt 0.000000 0.000000
vt 0.000000 0.000000
vt 0.000000 0.000000
vt 0.000000 0.000000
vt 0.000000 0.000000
vt 0.000000 0.000000
vt 0.000000 0.000000
vt 0.000000 0.000000
vt 0.000000 0.000000
vt 0.000000 0.000000
vt 0.000000 0.000000
vt 0.000000 0.000000
vt 0.000000 0.000000
vt 0.000000 0.000000
vt 0.000000 0.000000
vt 0.000000 0.000000
vt 0.000000 0.000000
vt 0.000000 0.000000
vt 0.000000 0.000000
vt 0.000000 0.000000
vt 0.000000 0.000000
vt 0.000000 0.000000
vt 0.000000 0.000000
vt 0.000000 0.000000
vt 0.000000 0.000000
vt 0.000000 0.000000
vt 0.000000 0.000000
vt 0.000000 0.000000
vt 0.000000 0.000000
vt 0.000000 0.000000
vt 0.000000 0.000000
vt 0.000000 0.000000
vt 0.000000 0.000000
vt 0.000000 0.000000
vt 0.000000 0.000000
vt 0.000000 0.000000
vt 0.000000 0.000000
vt 0.000000 0.000000
vt 0.000000 0.000000
vt 0.000000 0.000000
vt 0.000000 0.000000
vt 0.000000 0.000000
vt 0.000000 0.000000
vt 0.000000 0.000000
vt 0.000000 0.000000
vt 0.000000 0.000000
vt 0.000000 0.000000
vt 0.000000 0.000000
vt 0.000000 0.000000
vt 0.000000 0.000000
vt 0.000000 0.000000
vt 0.000000 0.000000
vt 0.000000 0.000000
vt 0.000000 0.000000
vt 0.000000 0.000000
vt 0.000000 0.000000
vt 0.000000 0.000000
vt 0.000000 0.000000
vt 0.000000 0.000000
vt 0.000000 0.000000
vt 0.000000 0.000000
vt 0.000000 0.000000
vt 0.000000 0.000000
vt 0.000000 0.000000
vt 0.000000 0.000000
vt 0.000000 0.000000
vt 0.000000 0.000000
vt 0.000000 0.000000
vt 0.000000 0.000000
vt 0.000000 0.000000
vt 0.000000 0.000000
vt 0.000000 0.000000
vt 0.000000 0.000000
vt 0.000000 0.000000
vt 0.000000 0.000000
vt 0.000000 0.000000
vt 0.000000 0.000000
vt 0.000000 0.000000
vt 0.000000 0.000000
vt 0.000000 0.000000
vt 0.000000 0.000000
vt 0.000000 0.000000
vt 0.000000 0.000000
vt 0.000000 0.000000
vt 0.000000 0.000000
vt 0.000000 0.000000
vt 0.000000 0.000000
vt 0.000000 0.000000
vt 0.000000 0.000000
vt 0.000000 0.000000
vt 0.000000 0.000000
vt 0.000000 0.000000
vt 0.000000 0.000000
vt 0.000000 0.000000
vt 0.000000 0.000000
vt 0.000000 0.000000
vt 0.000000 0.000000
vt 0.000000 0.000000
vt 0.000000 0.000000
vt 0.000000 0.000000
vt 0.000000 0.000000
vt 0.000000 0.000000
vt 0.000000 0.000000
vt 0.000000 0.000000
vt 0.000000 0.000000
vt 0.000000 0.000000
vt 0.000000 0.000000
vt 0.000000 0.000000
vt 0.000000 0.000000
vt 0.000000 0.000000
vt 0.000000 0.000000
vt 0.000000 0.000000
vt 0.000000 0.000000
vt 0.000000 0.000000
vt 0.000000 0.000000
vt 0.000000 0.000000
vt 0.000000 0.000000
vt 0.000000 0.000000
vt 0.000000 0.000000
vt 0.000000 0.000000
vt 0.000000 0.000000
vt 0.000000 0.000000
vt 0.000000 0.000000
vt 0.000000 0.000000
vt 0.000000 0.000000
vt 0.000000 0.000000
vt 0.000000 0.000000
vt 0.000000 0.000000
vt 0.000000 0.000000
vt 0.000000 0.000000
vt 0.000000 0.000000
vt 0.000000 0.000000
vt 0.000000 0.000000
vt 0.000000 0.000000
vt 0.000000 0.000000
vt 0.000000 0.000000
vt 0.000000 0.000000
vt 0.000000 0.000000
vt 0.000000 0.000000
vt 0.000000 0.000000
vt 0.000000 0.000000
vt 0.000000 0.000000
vt 0.000000 0.000000
vt 0.000000 0.000000
vt 0.000000 0.000000
vt 0.000000 0.000000
vt 0.000000 0.000000
vt 0.000000 0.000000
vt 0.000000 0.000000
vt 0.000000 0.000000
vt 0.000000 0.000000
vt 0.000000 0.000000
vt 0.000000 0.000000
vt 0.000000 0.000000
vt 0.000000 0.000000
vt 0.000000 0.000000
vt 0.000000 0.000000
vt 0.000000 0.000000
vt 0.000000 0.000000
vt 0.000000 0.000000
vt 0.000000 0.000000
vt 0.000000 0.000000
vt 0.000000 0.000000
vt 0.000000 0.000000
vt 0.000000 0.000000
vt 0.000000 0.000000
vt 0.000000 0.000000
vt 0.000000 0.000000
vt 0.000000 0.000000
vt 0.000000 0.000000
vt 0.000000 0.000000
vt 0.000000 0.000000
vt 0.000000 0.000000
vt 0.000000 0.000000
vt 0.000000 0.000000
vt 0.000000 0.000000
vt 0.000000 0.000000
vt 0.000000 0.000000
vt 0.000000 0.000000
vt 0.000000 0.000000
vt 0.000000 0.000000
vt 0.000000 0.000000
vt 0.000000 0.000000
vt 0.000000 0.000000
vt 0.000000 0.000000
vt 0.000000 0.000000
vt 0.000000 0.000000
vt 0.000000 0.000000
vt 0.000000 0.000000
vt 0.000000 0.000000
vt 0.000000 0.000000
vt 0.000000 0.000000
vt 0.000000 0.000000
vt 0.000000 0.000000
vt 0.000000 0.000000
vt 0.000000 0.000000
vt 0.000000 0.000000
vt 0.000000 0.000000
vt 0.000000 0.000000
vt 0.000000 0.000000
vt 0.000000 0.000000
vt 0.000000 0.000000
vt 0.000000 0.000000
vt 0.000000 0.000000
vt 0.000000 0.000000
vt 0.000000 0.000000
vt 0.000000 0.000000
vt 0.000000 0.000000
vt 0.000000 0.000000
vt 0.000000 0.000000
vt 0.000000 0.000000
vt 0.000000 0.000000
vt 0.000000 0.000000
vt 0.000000 0.000000
vt 0.000000 0.000000
vt 0.000000 0.000000
vt 0.000000 0.000000
vt 0.000000 0.000000
vt 0.000000 0.000000
vt 0.000000 0.000000
vt 0.000000 0.000000
vt 0.000000 0.000000
vt 0.000000 0.000000
vt 0.000000 0.000000
vt 0.000000 0.000000
vt 0.000000 0.000000
vt 0.000000 0.000000
vt 0.000000 0.000000
vt 0.000000 0.000000
vt 0.000000 0.000000
vt 0.000000 0.000000
vt 0.000000 0.000000
vt 0.000000 0.000000
vt 0.000000 0.000000
vt 0.000000 0.000000
vt 0.000000 0.000000
vt 0.000000 0.000000
vt 0.000000 0.000000
vt 0.000000 0.000000
vt 0.000000 0.000000
vt 0.000000 0.000000
vt 0.000000 0.000000
vt 0.000000 0.000000
vt 0.000000 0.000000
vt 0.000000 0.000000
vt 0.000000 0.000000
vt 0.000000 0.000000
vt 0.000000 0.000000
vt 0.000000 0.000000
vt 0.000000 0.000000
vt 0.000000 0.000000
vt 0.000000 0.000000
vt 0.000000 0.000000
vt 0.000000 0.000000
vt 0.000000 0.000000
vt 0.000000 0.000000
vt 0.000000 0.000000
vt 0.000000 0.000000
vt 0.000000 0.000000
vt 0.000000 0.000000
vt 0.000000 0.000000
vt 0.000000 0.000000
vt 0.000000 0.000000
vt 0.000000 0.000000
vt 0.000000 0.000000
vt 0.000000 0.000000
vt 0.000000 0.000000
vt 0.000000 0.000000
vt 0.000000 0.000000
vt 0.000000 0.000000
vt 0.000000 0.000000
vt 0.000000 0.000000
vt 0.000000 0.000000
vt 0.000000 0.000000
vt 0.000000 0.000000
vt 0.000000 0.000000
vt 0.000000 0.000000
vt 0.000000 0.000000
vt 0.000000 0.000000
vt 0.000000 0.000000
vt 0.000000 0.000000
vt 0.000000 0.000000
vt 0.000000 0.000000
vt 0.000000 0.000000
vt 0.000000 0.000000
vt 0.000000 0.000000
vt 0.000000 0.000000
vt 0.000000 0.000000
vt 0.000000 0.000000
vt 0.000000 0.000000
vt 0.000000 0.000000
vt 0.000000 0.000000
vt 0.000000 0.000000
vt 0.000000 0.000000
vt 0.000000 0.000000
vt 0.000000 0.000000
vt 0.000000 0.000000
vt 0.000000 0.000000
vt 0.000000 0.000000
vt 0.000000 0.000000
vt 0.000000 0.000000
vt 0.000000 0.000000
vt 0.000000 0.000000
vt 0.000000 0.000000
vt 0.000000 0.000000
vt 0.000000 0.000000
vt 0.000000 0.000000
vt 0.000000 0.000000
vt 0.000000 0.000000
vt 0.000000 0.000000
vt 0.000000 0.000000
vt 0.000000 0.000000
vt 0.000000 0.000000
vt 0.000000 0.000000
vt 0.000000 0.000000
vt 0.000000 0.000000
vt 0.000000 0.000000
vt 0.000000 0.000000
vt 0.000000 0.000000
vt 0.000000 0.000000
vt 0.000000 0.000000
vt 0.000000 0.000000
vt 0.000000 0.000000
vt 0.000000 0.000000
vt 0.000000 0.000000
vt 0.000000 0.000000
vt 0.000000 0.000000
vt 0.000000 0.000000
vt 0.000000 0.000000
vt 0.000000 0.000000
vt 0.000000 0.000000
vt 0.000000 0.000000
vt 0.000000 0.000000
vt 0.000000 0.000000
vt 0.000000 0.000000
vt 0.000000 0.000000
vt 0.000000 0.000000
vt 0.000000 0.000000
vt 0.000000 0.000000
vt 0.000000 0.000000
vt 0.000000 0.000000
vt 0.000000 0.000000
vt 0.000000 0.000000
vt 0.000000 0.000000
vt 0.000000 0.000000
vt 0.000000 0.000000
vt 0.000000 0.000000
vt 0.000000 0.000000
vt 0.000000 0.000000
vt 0.000000 0.000000
vt 0.000000 0.000000
vt 0.000000 0.000000
vt 0.000000 0.000000
vt 0.000000 0.000000
vt 0.000000 0.000000
vt 0.000000 0.000000
vt 0.000000 0.000000
vt 0.000000 0.000000
vt 0.000000 0.000000
vt 0.000000 0.000000
vt 0.000000 0.000000
vt 0.000000 0.000000
vt 0.000000 0.000000
vt 0.000000 0.000000
vt 0.000000 0.000000
vt 0.000000 0.000000
vt 0.000000 0.000000
vt 0.000000 0.000000
vt 0.000000 0.000000
vt 0.000000 0.000000
vt 0.000000 0.000000
vt 0.000000 0.000000
vt 0.000000 0.000000
vt 0.000000 0.000000
vt 0.000000 0.000000
vt 0.000000 0.000000
vt 0.000000 0.000000
vt 0.000000 0.000000
vt 0.000000 0.000000
vt 0.000000 0.000000
vt 0.000000 0.000000
vt 0.000000 0.000000
vt 0.000000 0.000000
vt 0.000000 0.000000
vt 0.000000 0.000000
vt 0.000000 0.000000
vt 0.000000 0.000000
vt 0.000000 0.000000
vt 0.000000 0.000000
vt 0.000000 0.000000
vt 0.000000 0.000000
vt 0.000000 0.000000
vt 0.000000 0.000000
vt 0.000000 0.000000
vt 0.000000 0.000000
vt 0.000000 0.000000
vt 0.000000 0.000000
vt 0.000000 0.000000
vt 0.000000 0.000000
vt 0.000000 0.000000
vt 0.000000 0.000000
vt 0.000000 0.000000
vt 0.000000 0.000000
vt 0.000000 0.000000
vt 0.000000 0.000000
vt 0.000000 0.000000
vt 0.000000 0.000000
vt 0.000000 0.000000
vt 0.000000 0.000000
vt 0.000000 0.000000
vt 0.000000 0.000000
vt 0.000000 0.000000
vt 0.000000 0.000000
vt 0.000000 0.000000
vt 0.000000 0.000000
vt 0.000000 0.000000
vt 0.000000 0.000000
vt 0.000000 0.000000
vt 0.000000 0.000000
vt 0.000000 0.000000
vt 0.000000 0.000000
vt 0.000000 0.000000
vt 0.000000 0.000000
vt 0.000000 0.000000
vt 0.000000 0.000000
vt 0.000000 0.000000
vt 0.000000 0.000000
vt 0.000000 0.000000
vt 0.000000 0.000000
vt 0.000000 0.000000
vt 0.000000 0.000000
vt 0.000000 0.000000
vt 0.000000 0.000000
vt 0.000000 0.000000
vt 0.000000 0.000000
vt 0.000000 0.000000
vt 0.000000 0.000000
vt 0.000000 0.000000
vt 0.000000 0.000000
vt 0.000000 0.000000
vt 0.000000 0.000000
vt 0.000000 0.000000
vt 0.000000 0.000000
vt 0.000000 0.000000
vt 0.000000 0.000000
vt 0.000000 0.000000
vt 0.000000 0.000000
vt 0.000000 0.000000
vt 0.000000 0.000000
vt 0.000000 0.000000
vt 0.000000 0.000000
vt 0.000000 0.000000
vt 0.000000 0.000000
vt 0.000000 0.000000
vt 0.000000 0.000000
vt 0.000000 0.000000
vt 0.000000 0.000000
vt 0.000000 0.000000
vt 0.000000 0.000000
vt 0.000000 0.000000
vt 0.000000 0.000000
vt 0.000000 0.000000
vt 0.000000 0.000000
vt 0.000000 0.000000
vt 0.000000 0.000000
vt 0.000000 0.000000
vt 0.000000 0.000000
vt 0.000000 0.000000
vt 0.000000 0.000000
vt 0.000000 0.000000
vt 0.000000 0.000000
vt 0.000000 0.000000
vt 0.000000 0.000000
vt 0.000000 0.000000
vt 0.000000 0.000000
vt 0.000000 0.000000
vt 0.000000 0.000000
vt 0.000000 0.000000
vt 0.000000 0.000000
vt 0.000000 0.000000
vt 0.000000 0.000000
vt 0.000000 0.000000
vt 0.000000 0.000000
vt 0.000000 0.000000
vt 0.000000 0.000000
vt 0.000000 0.000000
vt 0.000000 0.000000
vt 0.000000 0.000000
vt 0.000000 0.000000
vt 0.000000 0.000000
vt 0.000000 0.000000
vt 0.000000 0.000000
vt 0.000000 0.000000
vt 0.000000 0.000000
vt 0.000000 0.000000
vt 0.000000 0.000000
vt 0.000000 0.000000
vt 0.000000 0.000000
vt 0.000000 0.000000
vt 0.000000 0.000000
vt 0.000000 0.000000
vt 0.000000 0.000000
vt 0.000000 0.000000
vt 0.000000 0.000000
vt 0.000000 0.000000
vt 0.000000 0.000000
vt 0.000000 0.000000
vt 0.000000 0.000000
vt 0.000000 0.000000
vt 0.000000 0.000000
vt 0.000000 0.000000
vt 0.000000 0.000000
vt 0.000000 0.000000
vt 0.000000 0.000000
vt 0.000000 0.000000
vt 0.000000 0.000000
vt 0.000000 0.000000
vt 0.000000 0.000000
vt 0.000000 0.000000
vt 0.000000 0.000000
vt 0.000000 0.000000
vt 0.000000 0.000000
vt 0.000000 0.000000
vt 0.000000 0.000000
vt 0.000000 0.000000
vt 0.000000 0.000000
vt 0.000000 0.000000
vt 0.000000 0.000000
vt 0.000000 0.000000
vt 0.000000 0.000000
vt 0.000000 0.000000
vt 0.000000 0.000000
vt 0.000000 0.000000
vt 0.000000 0.000000
vt 0.000000 0.000000
vt 0.000000 0.000000
vt 0.000000 0.000000
vt 0.000000 0.000000
vt 0.000000 0.000000
vt 0.000000 0.000000
vt 0.000000 0.000000
vt 0.000000 0.000000
vt 0.000000 0.000000
vt 0.000000 0.000000
vt 0.000000 0.000000
vt 0.000000 0.000000
vt 0.000000 0.000000
vt 0.000000 0.000000
vt 0.000000 0.000000
vt 0.000000 0.000000
vt 0.000000 0.000000
vt 0.000000 0.000000
vt 0.000000 0.000000
vt 0.000000 0.000000
vt 0.000000 0.000000
vt 0.000000 0.000000
vt 0.000000 0.000000
vt 0.000000 0.000000
vt 0.000000 0.000000
vt 0.000000 0.000000
vt 0.000000 0.000000
vt 0.000000 0.000000
vt 0.000000 0.000000
vt 0.000000 0.000000
vt 0.000000 0.000000
vt 0.000000 0.000000
vt 0.000000 0.000000
vt 0.000000 0.000000
vt 0.000000 0.000000
vt 0.000000 0.000000
vt 0.000000 0.000000
vt 0.000000 0.000000
vt 0.000000 0.000000
vt 0.000000 0.000000
vt 0.000000 0.000000
vt 0.000000 0.000000
vt 0.000000 0.000000
vt 0.000000 0.000000
vt 0.000000 0.000000
vt 0.000000 0.000000
vt 0.000000 0.000000
vt 0.000000 0.000000
vt 0.000000 0.000000
vt 0.000000 0.000000
vt 0.000000 0.000000
vt 0.000000 0.000000
vt 0.000000 0.000000
vt 0.000000 0.000000
vt 0.000000 0.000000
vn 0.7071 -0.0018 0.7071
vn 0.7071 -0.0019 0.7071
vn 0.7071 -0.0018 0.7072
vn 0.7071 -0.0017 0.7071
vn -0.7071 0.0018 -0.7071
vn -0.7071 0.0019 -0.7071
vn 0.7071 -0.0020 0.7071
vn -0.7072 0.0021 -0.7070
vn -0.7071 0.0018 -0.7072
vn 0.7070 -0.0018 0.7072
vn -0.7070 0.0018 -0.7072
vn 0.7070 -0.0017 0.7072
vn -0.7071 -0.0018 0.7071
vn 0.7071 0.0018 -0.7071
vn 0.7072 0.0018 -0.7071
vn 0.7072 0.0019 -0.7070
vn -0.7071 -0.0019 0.7071
vn -0.7071 -0.0016 0.7071
vn 0.7071 0.0017 -0.7071
vn -0.7072 -0.0019 0.7071
vn -0.7072 -0.0018 0.7071
vn 0.7071 0.0019 -0.7071
vn -0.7070 0.0019 -0.7072
vn 0.7068 -0.0020 0.7074
vn -0.7071 0.0017 -0.7071
vn 0.7072 -0.0016 0.7071
vn 0.7070 -0.0019 0.7072
vn -0.7072 -0.0018 0.7070
vn -0.7072 -0.0017 0.7070
vn 0.7072 0.0018 -0.7070
vn 0.7072 0.0017 -0.7070
vn 0.0000 1.0000 0.0026
vn -0.0363 0.9957 -0.0850
vn -0.0018 0.9897 -0.1429
vn 0.0363 0.9957 -0.0850
vn 0.0531 0.9943 -0.0928
vn 0.0620 0.9963 -0.0594
vn 0.0876 0.9956 -0.0337
vn 0.0363 0.9953 0.0901
vn 0.0619 0.9960 0.0645
vn 0.0876 0.9954 0.0388
vn -0.0363 0.9953 0.0901
vn -0.0619 0.9960 0.0645
vn -0.0620 0.9960 0.0645
vn -0.0876 0.9954 0.0388
vn -0.0876 0.9956 -0.0337
vn 0.0393 0.9945 0.0974
vn 0.0018 0.9871 0.1600
vn -0.0393 0.9945 0.0973
vn -0.0470 0.9922 0.1157
vn -0.0242 0.9978 0.0612
vn -0.0946 0.9948 0.0388
vn -0.0949 0.9955 0.0026
vn -0.0586 0.9979 0.0268
vn 0.0000 0.9957 -0.0923
vn 0.0475 0.9979 -0.0450
vn 0.0671 0.9957 -0.0645
vn 0.0949 0.9955 0.0026
vn 0.0948 0.9946 0.0418
vn -0.0948 0.9948 -0.0367
vn -0.0393 0.9950 -0.0922
vn 0.0000 1.0000 0.0025
vn 0.2588 -0.0025 0.9659
vn -0.5795 0.8004 -0.1532
vn -0.3540 0.7309 -0.5835
vn -0.9659 0.0007 -0.2588
vn -0.5847 -0.7215 -0.3708
vn -0.6119 -0.7233 0.3200
vn 0.3943 0.7087 0.5851
vn -0.3080 0.7086 0.6349
vn -0.7022 0.7101 0.0517
vn -0.3942 0.7117 -0.5814
vn 0.3299 0.7310 -0.5974
vn -0.2588 0.0025 -0.9659
vn 0.0272 -0.7207 -0.6927
vn 0.3080 0.7118 -0.6312
vn 0.6840 0.7294 -0.0120
vn 0.6119 -0.7217 -0.3237
vn -0.0272 -0.7243 0.6890
vn 0.7022 0.7103 -0.0480
vn 0.2789 0.9572 0.0772
vn 0.9659 -0.0007 0.2588
vn 0.5847 -0.7234 0.3671
vn -0.9659 -0.0007 0.2588
vn -0.6909 -0.7224 -0.0291
vn -0.3690 -0.7240 0.5828
vn 0.0498 0.7084 0.7040
vn -0.5832 0.7092 0.3961
vn -0.2589 -0.0025 0.9659
vn -0.2588 -0.0024 0.9659
vn 0.3218 -0.7241 0.6100
vn -0.2588 -0.0025 0.9659
vn -0.0001 1.0000 0.0026
vn 0.6331 0.7094 0.3098
vn -0.3218 -0.7209 -0.6137
vn 0.6908 -0.7226 0.0253
vn -0.6331 0.7110 -0.3061
vn -0.0498 0.7120 -0.7004
vn 0.5832 0.7112 -0.3924
vn 0.9659 0.0007 -0.2588
vn 0.3690 -0.7210 -0.5866
vn 0.2588 0.0025 -0.9659
vn -0.1553 0.7985 0.5816
vn -0.5854 0.7285 0.3559
vn 0.6330 0.7094 0.3098
vn 0.0498 0.7084 0.7041
vn -0.5993 0.7303 -0.3280
vn -0.9659 -0.0007 0.2587
vn -0.6908 -0.7224 -0.0291
vn -0.6330 0.7110 -0.3061
vn -0.0139 0.7312 -0.6821
vn -0.3219 -0.7209 -0.6137
vn 0.6908 -0.7226 0.0254
vn 0.0747 0.9581 -0.2764
vn 0.2589 0.0024 -0.9659
vn 0.2589 0.0025 -0.9659
vn 0.5795 0.7996 0.1573
vn 0.3540 0.7279 0.5872
vn 0.9659 -0.0007 0.2589
vn 0.9659 -0.0006 0.2589
vn 0.5847 -0.7235 0.3671
vn -0.3943 0.7117 -0.5814
vn 0.3080 0.7118 -0.6313
vn 0.3942 0.7087 0.5851
vn -0.3299 0.7279 0.6011
vn 0.2588 -0.0024 0.9659
vn -0.3080 0.7085 0.6349
vn -0.6839 0.7294 0.0158
vn -0.2789 0.9576 -0.0723
vn -0.2588 0.0024 -0.9659
vn 0.2643 0.7301 -0.6302
vn 0.3332 0.7442 -0.5789
vn 0.2207 0.8216 -0.5256
vn 0.2657 0.8308 -0.4890
vn 0.2997 0.6318 -0.7149
vn 0.2577 0.7459 -0.6142
vn 0.7452 0.5903 -0.3101
vn 0.6168 0.7443 -0.2560
vn 0.8155 0.4685 -0.3398
vn 0.6321 0.7291 -0.2624
vn 0.5940 0.7658 -0.2464
vn 0.5712 0.7859 -0.2368
vn 0.5277 0.8208 -0.2185
vn 0.3411 0.4698 -0.8142
vn -0.2939 0.6345 -0.7149
vn -0.2527 0.7477 -0.6141
vn -0.3349 0.4723 -0.8153
vn -0.2590 0.7324 -0.6297
vn -0.2340 0.7887 -0.5685
vn -0.2339 0.7889 -0.5682
vn -0.7157 0.6344 -0.2920
vn -0.6167 0.7461 -0.2511
vn -0.8165 0.4710 -0.3338
vn -0.6315 0.7314 -0.2572
vn -0.5702 0.7881 -0.2319
vn -0.5706 0.7878 -0.2320
vn 0.6315 0.7301 0.2610
vn 0.5702 0.7869 0.2360
vn 0.5706 0.7866 0.2361
vn 0.7157 0.6329 0.2952
vn 0.6167 0.7448 0.2549
vn -0.7157 0.6302 0.3009
vn -0.6168 0.7430 0.2598
vn -0.8155 0.4668 0.3422
vn -0.6321 0.7278 0.2662
vn -0.5709 0.7849 0.2408
vn -0.5713 0.7846 0.2409
vn -0.2997 0.6281 0.7181
vn -0.2577 0.7427 0.6180
vn -0.3411 0.4656 0.8167
vn 0.8165 0.4693 0.3362
vn 0.2590 0.7291 0.6334
vn 0.2340 0.7857 0.5726
vn 0.2339 0.7860 0.5723
vn 0.2939 0.6308 0.7182
vn 0.2527 0.7445 0.6179
vn 0.3349 0.4680 0.8178
vn 0.3349 0.4681 0.8178
vn -0.2643 0.7268 0.6339
vn -0.2389 0.7838 0.5733
vn -0.2388 0.7840 0.5729
vn 0.8775 0.0013 -0.4796
vn 0.8987 -0.0011 0.4386
vn 0.9987 -0.0001 0.0509
vn 0.9987 -0.0001 0.0508
vn 0.8870 -0.0012 0.4618
vn 0.9529 0.0008 -0.3034
vn 0.9987 -0.0004 0.0508
vn 0.9987 -0.0000 0.0509
vn 0.6533 -0.6301 -0.4197
vn 0.9408 -0.2152 -0.2618
vn 0.6112 -0.4118 0.6759
vn 0.9318 -0.3138 0.1827
vn 0.9456 0.3136 -0.0870
vn 0.6500 0.4842 -0.5856
vn 0.5459 -0.0022 0.8379
vn 0.9996 -0.0001 0.0298
vn 0.9078 -0.0011 0.4193
vn 0.9078 -0.0011 0.4194
vn 0.9930 0.0004 -0.1181
vn 0.6674 -0.0019 0.7447
vn 0.9078 -0.0010 0.4193
vn 0.9079 -0.0011 0.4192
vn 0.8272 0.4732 -0.3031
vn 0.9102 0.3126 0.2717
vn 0.7963 -0.3147 0.5166
vn 0.3034 -0.4804 0.8229
vn 0.8984 -0.2681 0.3478
vn 0.8340 -0.0014 0.5518
vn 0.8719 -0.1182 0.4751
vn 0.8340 -0.0015 0.5518
vn 0.4129 -0.0023 0.9108
vn 0.8819 -0.4160 0.2219
vn 0.8340 -0.0014 0.5517
vn 0.7836 0.1147 0.6106
vn 0.6648 0.2412 0.7070
vn 0.9994 -0.0001 0.0334
vn 0.5593 0.4273 0.7103
vn 0.8339 -0.0014 0.5518
vn 0.8597 0.4802 -0.1738
vn 0.8838 0.1273 0.4502
vn 0.7492 -0.1418 0.6470
vn 0.1763 -0.4701 0.8648
vn 0.8341 -0.0014 0.5517
vn 0.8337 -0.0013 0.5521
vn 0.7962 -0.0016 0.6051
vn 0.0659 -0.0026 0.9978
vn 0.4569 -0.0023 0.8895
vn 0.4568 -0.0022 0.8896
vn -0.1418 0.6189 0.7725
vn 0.1495 0.1817 0.9719
vn 0.8943 0.3424 0.2883
vn 0.6161 0.3068 0.7255
vn 0.7051 -0.1652 0.6896
vn 0.6208 0.3065 0.7216
vn 0.7304 -0.6097 0.3079
vn 0.8927 0.3468 0.2877
vn 0.3250 -0.0025 0.9457
vn -0.4569 0.0023 -0.8895
vn -0.4179 0.4064 -0.8126
vn -0.4569 0.0024 -0.8895
vn 0.1418 0.6230 -0.7693
vn -0.1496 0.1868 -0.9709
vn -0.8943 0.3438 -0.2865
vn -0.7962 0.0016 -0.6051
vn -0.6160 0.3105 -0.7240
vn -0.7051 -0.1616 -0.6905
vn -0.7305 -0.6082 -0.3107
vn -0.8927 0.3482 -0.2861
vn -0.8339 0.0014 -0.5518
vn -0.8340 0.0014 -0.5518
vn -0.9994 0.0001 -0.0334
vn -0.5593 0.4310 -0.7081
vn -0.8340 0.0013 -0.5518
vn -0.8339 0.0014 -0.5519
vn -0.1763 -0.4657 -0.8672
vn -0.7492 -0.1385 -0.6477
vn -0.4129 0.0024 -0.9108
vn -0.8819 -0.4149 -0.2240
vn -0.6648 0.2448 -0.7058
vn -0.8719 -0.1157 -0.4757
vn -0.7836 0.1179 -0.6100
vn -0.8984 -0.2663 -0.3492
vn -0.8838 0.1295 -0.4495
vn -0.8597 0.4793 0.1763
vn -0.8340 0.0014 -0.5517
vn -0.8340 0.0015 -0.5518
vn -0.3034 -0.4761 -0.8254
vn -0.7963 -0.3120 -0.5182
vn -0.5459 0.0022 -0.8378
vn -0.9996 0.0000 -0.0297
vn -0.6675 0.0019 -0.7446
vn -0.9102 0.3140 -0.2700
vn -0.9930 -0.0003 0.1182
vn -0.8271 0.4716 0.3057
vn -0.9078 0.0011 -0.4193
vn -0.9078 0.0010 -0.4193
vn -0.9078 0.0011 -0.4194
vn -0.9987 0.0001 -0.0508
vn -0.9987 0.0002 -0.0509
vn -0.8870 0.0012 -0.4618
vn -0.9529 -0.0008 0.3034
vn -0.9987 0.0001 -0.0509
vn -0.9987 0.0003 -0.0510
vn -0.6499 0.4812 0.5882
vn -0.9456 0.3130 0.0886
vn -0.8775 -0.0013 0.4796
vn -0.8987 0.0011 -0.4386
vn -0.9318 -0.3128 -0.1842
vn -0.9408 -0.2165 0.2607
vn -0.6112 -0.4083 -0.6780
vn -0.6533 -0.6323 0.4165
vn -0.9987 0.0001 -0.0510
vn 0.2788 0.8586 -0.4302
vn -0.8045 0.5676 0.1752
vn 0.5085 0.6518 0.5627
vn 0.7209 0.6526 0.2333
vn 0.1598 0.6513 0.7418
vn 0.7401 0.6536 -0.1581
vn -0.2316 0.6514 0.7225
vn 0.5610 0.6545 -0.5068
vn -0.5610 0.6519 0.5101
vn 0.0491 0.0026 -0.9988
vn -0.2111 0.0025 -0.9775
vn -0.6715 0.0019 -0.7410
vn -0.9521 0.0008 -0.3059
vn -0.9775 -0.0005 0.2111
vn -0.7410 -0.0017 0.6715
vn -0.3059 -0.0025 0.9521
vn 0.2111 -0.0025 0.9775
vn 0.6715 -0.0019 0.7410
vn 0.9521 -0.0008 0.3059
vn 0.9775 0.0005 -0.2111
vn 0.7410 0.0017 -0.6715
vn 0.5419 0.0022 -0.8404
vn -0.4193 -0.0024 0.9079
vn -0.4193 -0.0022 0.9078
vn -0.0001 -1.0000 -0.0025
vn 0.0001 -1.0000 -0.0026
vn -0.4193 -0.0024 0.9078
vn -0.4194 -0.0023 0.9078
vn 0.0000 1.0000 0.0027
vn -0.0000 -1.0000 -0.0026
vn 0.4193 0.0024 -0.9079
vn 0.4194 0.0023 -0.9078
vn -0.0000 -1.0000 -0.0025
vn 0.4193 0.0023 -0.9079
vn -0.0509 -0.0026 0.9987
vn 0.0001 -1.0000 -0.0027
vn 0.0509 0.0026 -0.9987
vn 0.0001 -1.0000 -0.0025
vn -0.5519 -0.0021 0.8339
vn -0.5518 -0.0022 0.8340
vn -0.3726 0.7363 0.5649
vn -0.3726 0.7362 0.5650
vn 0.3210 0.8147 -0.4830
vn 0.3210 0.8146 -0.4831
vn 0.5518 0.0022 -0.8340
vn -0.2978 -0.8430 0.4480
vn -0.2979 -0.8430 0.4480
vn -0.3037 0.8338 0.4611
vn -0.3037 0.8337 0.4612
vn -0.0001 1.0000 0.0027
vn 0.0000 1.0000 0.0024
vn 0.5519 0.0022 -0.8339
vn 0.5518 0.0021 -0.8340
vn 0.3360 -0.7919 -0.5099
vn 0.3359 -0.7920 -0.5098
vn -0.3090 -0.8298 0.4648
vn -0.3090 -0.8297 0.4648
vn 0.3059 0.8335 -0.4602
vn 0.3059 0.8335 -0.4601
vn 0.3235 -0.8089 -0.4910
vn 0.3236 -0.8088 -0.4910
vn -0.0001 1.0000 0.0025
vn -0.8896 -0.0012 0.4568
vn 0.0002 -1.0000 -0.0026
vn -0.8895 -0.0012 0.4569
vn -0.8896 -0.0011 0.4568
vn 0.8896 0.0012 -0.4568
vn 0.8895 0.0012 -0.4569
vn -0.8895 -0.0012 0.4568
vn -0.0001 -1.0000 -0.0026
vn 0.8895 0.0011 -0.4569
vn 0.8896 0.0013 -0.4568
vn 0.7025 -0.1861 0.6869
vn 0.2100 -0.3096 0.9274
vn -0.3060 -0.0024 0.9520
vn 0.0510 0.0026 -0.9987
vn -0.4193 -0.0023 0.9078
vn -0.0001 1.0000 0.0028
vn 0.4194 0.0024 -0.9078
vn 0.4193 0.0023 -0.9078
vn -0.0001 -1.0000 -0.0024
vn -0.0510 -0.0025 0.9987
vn 0.0509 0.0025 -0.9987
vn -0.0509 -0.0024 0.9987
vn 0.0001 1.0000 0.0026
vn 0.8895 0.0012 -0.4568
vn -0.3235 -0.8114 0.4868
vn -0.3234 -0.8114 0.4868
vn -0.3059 0.8311 0.4644
vn 0.0001 1.0000 0.0025
vn 0.3089 -0.8274 -0.4691
vn 0.3089 -0.8274 -0.4690
vn -0.3360 -0.7946 0.5058
vn -0.3360 -0.7945 0.5058
vn 0.3037 0.8361 -0.4568
vn 0.2978 -0.8407 -0.4523
vn -0.3210 0.8122 0.4871
vn -0.3210 0.8121 0.4872
vn 0.3726 0.7392 -0.5611
vn 0.3726 0.7391 -0.5612
vn 0.5518 0.0025 -0.8340
vn -0.0778 0.9941 -0.0752
vn -0.0459 0.9988 -0.0165
vn 0.0135 0.9998 -0.0138
vn -0.0459 0.9987 0.0216
vn -0.0613 0.9875 -0.1455
vn 0.0000 0.9893 -0.1458
vn 0.0173 0.9952 -0.0965
vn 0.0778 0.9941 -0.0752
vn 0.0000 0.9893 -0.1457
vn 0.1049 0.9892 -0.1023
vn 0.0662 0.9978 -0.0095
vn 0.1481 0.9872 -0.0588
vn 0.1483 0.9889 0.0026
vn 0.1480 0.9869 0.0639
vn 0.1049 0.9887 0.1074
vn -0.0000 0.9885 0.1509
vn -0.1049 0.9887 0.1075
vn -0.1481 0.9869 0.0639
vn -0.1483 0.9889 0.0026
vn -0.1481 0.9872 -0.0588
vn -0.1190 0.9890 -0.0882
vn -0.1983 0.8565 -0.4766
vn 0.0112 0.8738 -0.4862
vn 0.0000 0.8738 -0.4862
vn 0.3454 0.8735 -0.3431
vn 0.4885 0.8726 0.0023
vn 0.3454 0.8717 0.3477
vn -0.0000 0.8713 0.4907
vn -0.3454 0.8717 0.3476
vn -0.4787 0.8548 0.2005
vn -0.4885 0.8726 0.0022
vn -0.4787 0.8558 -0.1961
vn -0.3454 0.8735 -0.3432
vn -0.3580 0.8733 -0.3305
vn -0.0190 0.9986 0.0485
vn 0.0000 0.9988 0.0485
vn 0.0153 0.9991 0.0396
vn 0.0325 0.9989 0.0351
vn 0.6138 0.4980 -0.6126
vn 0.8155 0.4686 -0.3398
vn 0.8670 0.4983 -0.0009
vn 0.6123 0.4985 0.6137
vn -0.0023 0.4960 0.8683
vn -0.3411 0.4655 0.8167
vn -0.6138 0.4948 0.6151
vn -0.8670 0.4982 0.0053
vn -0.8670 0.4982 0.0035
vn -0.6123 0.5016 -0.6111
vn -0.5268 0.8226 -0.2140
vn -0.3390 0.8423 -0.4190
vn -0.3807 0.8437 -0.3786
vn 0.0032 0.8429 -0.5381
vn 0.0012 0.8429 -0.5381
vn 0.3834 0.8413 -0.3812
vn 0.5403 0.8415 -0.0010
vn 0.5403 0.8415 0.0010
vn 0.3807 0.8417 0.3829
vn -0.0032 0.8401 0.5424
vn -0.0012 0.8401 0.5424
vn -0.3833 0.8393 0.3855
vn -0.3107 0.8349 0.4543
vn -0.5403 0.8415 0.0054
vn -0.5277 0.8197 0.2228
vn -0.5378 0.8366 0.1048
vn -0.6315 0.7315 -0.2572
vn -0.6546 0.7560 0.0034
vn -0.5564 0.7967 0.2360
vn -0.4642 0.7532 0.4661
vn 0.6546 0.7560 0.0005
vn 0.5564 0.7979 -0.2319
vn 0.4642 0.7556 -0.4622
vn 0.2590 0.7292 0.6334
vn -0.4995 -0.3760 0.7805
vn -0.5191 -0.8437 0.1368
vn -0.5690 -0.5953 0.5674
vn -0.3799 -0.8424 -0.3821
vn -0.3799 -0.8424 -0.3822
vn -0.5958 -0.5369 -0.5973
vn 0.1391 -0.8420 -0.5212
vn 0.1391 -0.8421 -0.5211
vn 0.2181 -0.5364 -0.8153
vn 0.5190 -0.8430 -0.1412
vn 0.9254 -0.2871 0.2473
vn 0.7772 -0.5943 0.2067
vn 0.8520 0.3008 0.4285
vn 0.5904 0.7919 -0.1561
vn 0.8461 0.4818 0.2280
vn 0.1582 0.7930 -0.5883
vn 0.2336 0.4327 -0.8707
vn -0.4322 0.7926 -0.4302
vn -0.4322 0.7926 -0.4301
vn -0.6382 0.4321 -0.6371
vn -0.5903 0.7911 0.1602
vn -0.6879 0.2300 0.6884
vn -0.6194 0.4808 0.6206
vn 0.6925 0.2003 0.6930
vn 0.6845 -0.2524 0.6839
vn -0.2506 -0.2530 0.9344
vn -0.2535 0.1996 0.9465
vn 0.8511 0.4973 -0.1683
vn 0.3066 0.4761 -0.8242
vn -0.9659 0.0007 -0.2589
vn -0.6782 -0.4725 -0.5628
vn -0.8220 -0.4975 0.2773
vn -0.7814 -0.3727 -0.5004
vn -0.1391 -0.8421 -0.5211
vn -0.5689 -0.5923 -0.5705
vn 0.3799 -0.8424 -0.3821
vn 0.3800 -0.8424 -0.3821
vn 0.5959 -0.5370 -0.5972
vn 0.5190 -0.8438 0.1369
vn 0.5189 -0.8438 0.1369
vn 0.8139 -0.5391 0.2167
vn 0.1390 -0.8447 0.5169
vn -0.2480 -0.2888 0.9247
vn -0.2083 -0.5958 0.7757
vn -0.4277 0.2998 0.8528
vn 0.1582 0.7900 0.5924
vn -0.2267 0.4802 0.8473
vn 0.5904 0.7910 0.1603
vn 0.8719 0.4298 0.2347
vn 0.4322 0.7926 -0.4301
vn 0.4321 0.7926 -0.4301
vn 0.6383 0.4321 -0.6371
vn -0.1581 0.7930 -0.5884
vn -0.6878 0.2336 -0.6873
vn -0.6194 0.4840 -0.6182
vn -0.6926 0.2003 0.6930
vn -0.6846 -0.2524 0.6839
vn -0.9351 -0.2500 -0.2512
vn -0.9460 0.2027 -0.2530
vn 0.1696 0.4946 0.8524
vn 0.8254 0.4732 0.3079
vn 0.5616 -0.4722 -0.6795
vn -0.2786 -0.4947 -0.8232
vn 0.4995 -0.3720 -0.7824
vn 0.5190 -0.8431 -0.1412
vn 0.5690 -0.5923 -0.5705
vn 0.3799 -0.8443 0.3778
vn 0.3799 -0.8444 0.3778
vn 0.5958 -0.5400 0.5945
vn -0.1391 -0.8447 0.5169
vn -0.1390 -0.8448 0.5168
vn -0.2181 -0.5406 0.8125
vn -0.5190 -0.8437 0.1369
vn -0.9254 -0.2858 -0.2488
vn -0.7772 -0.5932 -0.2098
vn -0.8520 0.3030 -0.4269
vn -0.5904 0.7911 0.1602
vn -0.8461 0.4830 -0.2255
vn -0.1582 0.7900 0.5924
vn -0.2336 0.4282 0.8730
vn 0.4321 0.7903 0.4343
vn 0.4321 0.7904 0.4342
vn 0.6382 0.4288 0.6394
vn 0.6879 0.2336 -0.6872
vn 0.6194 0.4840 -0.6181
vn -0.6925 0.2039 -0.6920
vn -0.6845 -0.2489 -0.6852
vn 0.2535 0.2045 -0.9455
vn 0.2506 -0.2482 -0.9357
vn -0.8511 0.4964 0.1708
vn -0.3067 0.4719 0.8266
vn 0.6781 -0.4756 0.5603
vn 0.8219 -0.4962 -0.2799
vn 0.7814 -0.3753 0.4985
vn 0.1390 -0.8447 0.5168
vn 0.5689 -0.5952 0.5674
vn -0.3800 -0.8443 0.3778
vn -0.3799 -0.8444 0.3777
vn -0.5958 -0.5400 0.5944
vn -0.5190 -0.8430 -0.1413
vn -0.8139 -0.5379 -0.2195
vn -0.1391 -0.8420 -0.5212
vn 0.2480 -0.2840 -0.9262
vn 0.2083 -0.5917 -0.7788
vn 0.4277 0.3042 -0.8512
vn -0.1582 0.7931 -0.5882
vn 0.2267 0.4846 -0.8449
vn -0.5904 0.7919 -0.1562
vn -0.5904 0.7919 -0.1561
vn -0.8718 0.4311 -0.2325
vn -0.4323 0.7903 0.4342
vn -0.4322 0.7904 0.4342
vn -0.6383 0.4288 0.6393
vn 0.1582 0.7899 0.5924
vn 0.6878 0.2300 0.6885
vn 0.6194 0.4808 0.6207
vn 0.6925 0.2039 -0.6920
vn 0.6846 -0.2488 -0.6852
vn 0.9351 -0.2513 0.2499
vn 0.9460 0.2014 0.2540
vn -0.1696 0.4990 -0.8498
vn -0.8254 0.4748 -0.3053
vn -0.5616 -0.4757 0.6770
vn 0.2787 -0.4990 0.8206
vn 0.9239 0.0010 -0.3826
vn 0.8535 0.3837 -0.3525
vn 0.8637 -0.3541 -0.3586
vn 0.3536 0.3849 -0.8526
vn 0.6993 0.0819 -0.7101
vn 0.4283 -0.3989 -0.8108
vn 0.3827 0.0024 -0.9239
vn 0.0106 0.0120 -0.9999
vn 0.0000 0.0026 -1.0000
vn -0.3535 0.3849 -0.8526
vn -0.3577 -0.3527 -0.8646
vn -0.8536 0.3836 -0.3526
vn -0.7103 0.0819 -0.6991
vn -0.8098 -0.3999 -0.4294
vn -0.9239 0.0010 -0.3827
vn -0.9999 0.0095 -0.0106
vn -1.0000 0.0000 -0.0000
vn -0.0000 -0.0026 1.0000
vn 0.3535 0.3805 0.8545
vn 0.3577 -0.3572 0.8628
vn 0.8535 0.3817 0.3546
vn 0.9239 -0.0010 0.3827
vn 0.8097 -0.4021 0.4274
vn 0.9239 0.0010 -0.3827
vn 0.3566 -0.3648 0.8601
vn 0.8536 0.3817 0.3546
vn 0.8217 -0.3987 0.4073
vn 0.9239 -0.0009 0.3827
vn 0.6704 -0.0019 0.7420
vn 0.6698 0.6891 0.2765
vn 0.8172 0.4289 0.3850
vn 0.2312 0.9434 0.2376
vn 0.3127 0.6382 0.7035
vn 0.4366 0.7593 0.4825
vn 0.4813 0.8531 0.2016
vn -0.2096 0.9747 0.0773
vn 0.3200 0.8945 -0.3123
vn 0.3255 0.8800 -0.3460
vn 0.4405 0.0441 -0.8967
vn 0.8482 0.2196 -0.4821
vn 0.3827 0.0023 -0.9239
vn 0.4199 0.0023 -0.9076
vn -0.3827 0.0023 -0.9239
vn -0.9051 -0.1998 -0.3755
vn -0.8556 0.3782 -0.3534
vn -0.3682 0.3899 -0.8440
vn -0.0214 0.2767 -0.9607
vn -0.0135 0.8649 -0.5018
vn 0.0000 0.9512 -0.3087
vn 0.0075 0.9999 -0.0156
vn -0.1201 0.9751 -0.1866
vn -0.1266 0.9592 0.2530
vn -0.0000 0.9496 0.3136
vn 0.0087 0.8745 0.4850
vn -0.0193 0.5874 0.8091
vn 0.6964 -0.0296 0.7170
vn -0.3519 0.8719 -0.3404
vn -0.4912 0.8711 0.0022
vn -0.3473 0.8720 -0.3450
vn -0.3473 0.8702 0.3496
vn -0.3503 0.8702 0.3466
vn -0.3473 0.8701 0.3496
vn 0.0000 -0.0025 1.0000
vn -0.0058 -0.0025 1.0000
vn -0.9239 -0.0010 0.3827
vn 0.4813 0.8541 -0.1971
vn 0.8345 0.4299 -0.3445
vn 0.9239 0.0009 -0.3826
vn -0.1389 0.9309 0.3378
vn -0.4458 0.8539 0.2686
vn -0.3387 0.9409 0.0024
vn -0.5398 0.8418 0.0087
vn -0.4801 0.8538 0.2011
vn -0.8271 0.4447 0.3437
vn -0.8803 0.4744 0.0012
vn -0.9772 0.1026 -0.1857
vn -0.9193 0.0984 0.3810
vn -0.8271 -0.4465 0.3414
vn -0.9349 -0.2586 -0.2430
vn -0.9111 -0.4101 -0.0424
vn -0.8515 -0.3889 0.3516
vn -0.6786 -0.6793 0.2793
vn -0.2811 0.6769 0.6803
vn -0.2811 0.6768 0.6803
vn -0.3426 0.4436 0.8282
vn -0.3426 0.4435 0.8282
vn -0.3827 -0.0024 0.9239
vn -0.3715 -0.2426 0.8962
vn -0.3426 -0.4478 0.8259
vn -0.2811 -0.6803 0.6769
vn -0.2811 -0.6803 0.6768
vn -0.2811 -0.6804 0.6768
vn -0.8206 0.1671 -0.5466
vn -0.9451 0.2247 -0.2374
vn -0.8270 0.4466 -0.3414
vn -0.5568 0.7986 -0.2286
vn -0.4799 -0.3624 -0.7990
vn -0.3651 -0.8554 -0.3674
vn -0.3894 -0.9064 -0.1636
vn -0.1225 -0.9846 -0.1251
vn -0.6786 -0.6779 -0.2828
vn -0.7494 -0.3633 -0.5535
vn -0.5157 0.0320 -0.8562
vn -0.2408 -0.0272 -0.9702
vn -0.2250 0.3668 -0.9027
vn 0.1936 -0.1631 -0.9674
vn 0.1392 0.3670 -0.9197
vn 0.3426 0.4478 -0.8259
vn 0.4975 0.7899 -0.3586
vn 0.6351 0.6341 -0.4410
vn 0.5722 0.8201 0.0021
vn 0.2764 0.9539 0.1170
vn 0.2664 0.8534 0.4481
vn 0.2306 0.7966 0.5588
vn 0.3425 0.4435 0.8282
vn 0.3426 0.4436 0.8282
vn 0.3827 -0.0024 0.9239
vn 0.3425 -0.4478 0.8259
vn 0.2092 -0.8387 0.5029
vn 0.1303 -0.9004 0.4151
vn 0.2701 -0.9177 0.2912
vn 0.0350 -0.9960 0.0820
vn -0.2689 -0.9488 0.1655
vn -0.5050 -0.8379 0.2070
vn -0.3425 0.4478 -0.8259
vn 0.0000 0.8216 -0.5701
vn -0.2306 0.7994 -0.5547
vn 0.0000 0.9418 -0.3363
vn -0.3425 -0.4436 -0.8282
vn -0.2091 -0.8361 -0.5072
vn 0.1989 0.8556 -0.4779
vn 0.1419 0.2127 -0.9668
vn 0.5001 -0.2220 -0.8370
vn 0.1419 -0.2077 -0.9679
vn 0.3426 -0.4436 -0.8282
vn 0.3426 -0.4435 -0.8282
vn 0.2092 -0.8361 -0.5072
vn 0.0716 -0.9819 -0.1754
vn 0.8113 0.5797 0.0760
vn 0.9484 0.2231 -0.2251
vn 1.0000 -0.0000 0.0000
vn 0.8271 -0.4448 -0.3437
vn 0.8803 -0.4744 -0.0012
vn 0.5050 -0.8368 -0.2113
vn 0.5164 -0.8563 -0.0022
vn 0.6786 0.6779 0.2829
vn 0.8270 0.4448 0.3438
vn 0.8271 -0.4466 0.3414
vn 0.2024 0.6214 0.7569
vn -0.1904 0.6754 0.7125
vn -0.2508 0.8489 0.4653
vn -0.3308 0.8830 0.3330
vn -0.1904 0.6754 0.7124
vn -0.5529 0.6219 0.5545
vn -0.7107 0.6767 0.1922
vn -0.6034 0.7813 -0.1597
vn -0.4027 0.8230 -0.4006
vn -0.5202 0.6786 -0.5185
vn 0.2508 0.8513 -0.4609
vn -0.2024 0.6253 -0.7537
vn 0.1904 0.6791 -0.7090
vn 0.5501 0.8224 -0.1453
vn 0.7107 0.6777 -0.1887
vn 0.4027 0.8209 0.4048
vn 0.6093 0.6702 0.4238
vn 0.0460 0.9836 0.1741
vn -0.0460 0.9845 -0.1691
vn -0.1322 0.9235 -0.3602
vn -0.3499 0.9229 -0.1605
vn -0.3827 0.0024 -0.9239
vn -0.5944 0.8042 0.0021
vn -0.1629 0.9216 0.3523
vn -0.0000 0.8027 0.5964
vn 0.4203 0.8031 0.4224
vn 0.5944 0.8042 0.0021
vn 0.1629 0.9234 -0.3475
vn -0.4203 0.8031 0.4224
vn -0.4203 0.8053 -0.4182
vn 0.0000 0.8057 -0.5923
vn 0.0053 0.0005 -1.0000
vn 0.3499 0.9229 -0.1605
vn 0.7054 -0.0363 -0.7079
vn -0.4505 0.7697 0.4524
vn -0.3820 0.8406 0.3841
vn -0.4179 0.8056 0.4200
vn -0.4179 0.8055 0.4200
vn -0.6390 0.4267 0.6400
vn -0.6982 -0.1604 0.6977
vn -0.6376 -0.4340 0.6364
vn -0.6999 0.1413 0.7002
vn -0.4375 -0.7867 0.4355
vn -0.4376 -0.7867 0.4355
vn -0.1012 -0.9900 0.0986
vn 0.5555 -0.6174 -0.5570
vn 0.5555 -0.6173 -0.5570
vn 0.6567 0.3726 -0.6557
vn 0.1012 0.9900 -0.0986
vn -0.2623 0.9280 0.2647
vn -0.2623 0.9280 0.2646
vn 0.6339 -0.4415 -0.6350
vn 0.6643 -0.3412 -0.6651
vn 0.1221 -0.9846 -0.1247
vn -0.5421 -0.6435 0.5404
vn -0.6643 0.3412 0.6651
vn -0.1221 0.9847 0.1247
vn -0.1972 0.9598 0.1998
vn 0.4469 -0.7761 0.4450
vn 0.4203 -0.8052 0.4183
vn 0.5237 -0.6732 0.5221
vn 0.5219 -0.6747 0.5219
vn 0.6234 -0.4735 0.6223
vn 0.6638 -0.2471 0.7059
vn 0.6234 -0.4735 0.6222
vn 0.3918 0.8335 -0.3896
vn 0.0449 0.9981 -0.0424
vn -0.3139 0.8952 0.3162
vn 0.6965 0.1745 -0.6960
vn 0.2425 0.9400 -0.2400
vn 0.3139 -0.8952 -0.3162
vn 0.5887 -0.5525 -0.5900
vn 0.5887 -0.5525 -0.5901
vn 0.7057 -0.0617 -0.7058
vn -0.3918 -0.8335 0.3896
vn -0.6336 -0.4456 0.6324
vn -0.7057 0.0617 0.7058
vn 0.4470 -0.7737 -0.4489
vn 0.4230 -0.8003 -0.4250
vn 0.5234 -0.6711 -0.5251
vn 0.5233 -0.6724 -0.5235
vn 0.6198 -0.4799 -0.6209
vn 0.7018 -0.2640 -0.6617
vn 0.6197 -0.4799 -0.6210
vn 0.4505 0.7697 0.4524
vn 0.3820 0.8406 0.3841
vn 0.4502 0.7698 0.4525
vn 0.4179 0.8056 0.4201
vn 0.4179 0.8056 0.4200
vn 0.6390 0.4267 0.6400
vn 0.6390 0.4266 0.6400
vn 0.6982 -0.1604 0.6977
vn 0.6376 -0.4340 0.6365
vn 0.6998 0.1413 0.7002
vn 0.6999 0.1413 0.7002
vn 0.4376 -0.7867 0.4355
vn 0.1012 -0.9900 0.0986
vn -0.5554 -0.6173 -0.5571
vn -0.5554 -0.6174 -0.5571
vn -0.6566 0.3726 -0.6558
vn -0.1012 0.9900 -0.0987
vn 0.2623 0.9280 0.2646
vn -0.6339 -0.4415 -0.6350
vn -0.6642 -0.3412 -0.6651
vn -0.1221 -0.9847 -0.1247
vn -0.1221 -0.9846 -0.1247
vn 0.5421 -0.6435 0.5404
vn 0.6642 0.3412 0.6651
vn 0.6642 0.3411 0.6651
vn 0.1222 0.9847 0.1247
vn 0.1973 0.9598 0.1997
vn -0.3918 0.8335 -0.3895
vn -0.3918 0.8335 -0.3896
vn -0.0449 0.9981 -0.0424
vn -0.0450 0.9981 -0.0424
vn 0.3139 0.8952 0.3162
vn 0.3139 0.8952 0.3163
vn -0.6964 0.1745 -0.6961
vn -0.6965 0.1745 -0.6961
vn -0.2424 0.9400 -0.2401
vn -0.2425 0.9400 -0.2400
vn -0.3140 -0.8952 -0.3162
vn -0.3139 -0.8952 -0.3162
vn -0.5886 -0.5525 -0.5901
vn -0.7057 -0.0617 -0.7058
vn 0.3917 -0.8335 0.3896
vn 0.3918 -0.8335 0.3896
vn 0.6336 -0.4456 0.6324
vn 0.7057 0.0617 0.7058
vn -0.4469 -0.7738 -0.4489
vn -0.4203 -0.8031 -0.4224
vn -0.5238 -0.6705 -0.5255
vn -0.5220 -0.6720 -0.5253
vn -0.6234 -0.4703 -0.6247
vn -0.6638 -0.2435 -0.7072
vn -0.6234 -0.4703 -0.6246
vn 0.4505 0.7720 -0.4485
vn 0.3819 0.8426 -0.3798
vn 0.4180 0.8077 -0.4158
vn 0.6390 0.4299 -0.6378
vn 0.6390 0.4300 -0.6378
vn 0.6982 -0.1568 -0.6986
vn 0.6376 -0.4308 -0.6387
vn 0.6998 0.1449 -0.6994
vn 0.4376 -0.7844 -0.4395
vn 0.1012 -0.9894 -0.1037
vn -0.5555 -0.6202 0.5539
vn -0.6567 0.3692 0.6576
vn -0.1012 0.9894 0.1037
vn 0.2623 0.9293 -0.2599
vn -0.6339 -0.4448 0.6327
vn -0.6642 -0.3446 0.6633
vn -0.1221 -0.9853 0.1196
vn 0.5421 -0.6407 -0.5437
vn 0.5421 -0.6406 -0.5437
vn 0.6643 0.3446 -0.6633
vn 0.1221 0.9853 -0.1196
vn 0.1972 0.9608 -0.1948
vn -0.3917 0.8315 0.3939
vn -0.0449 0.9979 0.0476
vn 0.3139 0.8969 -0.3116
vn -0.6965 0.1709 0.6969
vn -0.2425 0.9387 0.2449
vn -0.3139 -0.8969 0.3116
vn -0.5887 -0.5556 0.5872
vn -0.5887 -0.5555 0.5872
vn -0.7057 -0.0654 0.7055
vn 0.3918 -0.8315 -0.3939
vn 0.6336 -0.4423 -0.6347
vn 0.6336 -0.4423 -0.6348
vn 0.7057 0.0653 -0.7055
vn -0.4469 -0.7761 0.4449
vn -0.4230 -0.8024 0.4209
vn -0.5234 -0.6738 0.5216
vn -0.5232 -0.6751 0.5201
vn -0.6197 -0.4831 0.6185
vn -0.7018 -0.2674 0.6603
vn -0.6198 -0.4831 0.6184
vn -0.4504 0.7720 -0.4485
vn -0.3819 0.8426 -0.3798
vn -0.4179 0.8077 -0.4159
vn -0.6389 0.4300 -0.6379
vn -0.6982 -0.1568 -0.6986
vn -0.6981 -0.1568 -0.6986
vn -0.6375 -0.4308 -0.6387
vn -0.6375 -0.4308 -0.6388
vn -0.6998 0.1449 -0.6995
vn -0.4375 -0.7844 -0.4396
vn -0.1012 -0.9894 -0.1038
vn -0.1011 -0.9894 -0.1038
vn 0.5554 -0.6202 0.5539
vn 0.5112 -0.6921 0.5096
vn 0.6997 -0.1449 0.6995
vn 0.6998 -0.1449 0.6995
vn 0.6287 0.4560 0.6299
vn 0.6566 0.3692 0.6577
vn 0.1012 0.9894 0.1038
vn 0.1012 0.9894 0.1037
vn -0.2622 0.9293 -0.2599
vn 0.6338 -0.4448 0.6328
vn 0.6642 -0.3446 0.6634
vn 0.1221 -0.9853 0.1196
vn -0.5421 -0.6407 -0.5438
vn -0.5420 -0.6407 -0.5438
vn -0.6642 0.3446 -0.6634
vn -0.1221 0.9853 -0.1196
vn -0.1972 0.9608 -0.1948
vn 0.3917 0.8316 0.3937
vn 0.3917 0.8315 0.3940
vn 0.0449 0.9979 0.0475
vn 0.0450 0.9979 0.0475
vn -0.3139 0.8969 -0.3117
vn 0.6964 0.1709 0.6970
vn 0.6965 0.1709 0.6969
vn 0.2425 0.9387 0.2449
vn 0.3140 -0.8969 0.3116
vn 0.3139 -0.8969 0.3116
vn 0.5887 -0.5555 0.5872
vn 0.5886 -0.5556 0.5872
vn 0.7056 -0.0654 0.7056
vn -0.3917 -0.8315 -0.3939
vn -0.6336 -0.4423 -0.6348
vn -0.6335 -0.4423 -0.6348
vn -0.7056 0.0654 -0.7056
vn 0.6999 -0.1413 -0.7002
vn 0.4375 0.7867 -0.4355
vn 0.4376 0.7867 -0.4355
vn -0.5555 0.6174 0.5570
vn -0.5555 0.6173 0.5570
vn -0.6567 -0.3726 0.6557
vn 0.2623 -0.9280 -0.2647
vn 0.2623 -0.9280 -0.2646
vn -0.6339 0.4415 0.6350
vn -0.1221 0.9846 0.1247
vn 0.5421 0.6435 -0.5404
vn 0.1221 -0.9847 -0.1247
vn 0.1972 -0.9598 -0.1998
vn -0.0449 -0.9981 0.0424
vn -0.6965 -0.1745 0.6960
vn -0.2425 -0.9400 0.2400
vn -0.5887 0.5525 0.5900
vn -0.5887 0.5525 0.5901
vn 0.6336 0.4456 -0.6324
vn -0.6998 -0.1413 -0.7002
vn -0.6999 -0.1413 -0.7002
vn -0.4376 0.7867 -0.4355
vn -0.1012 0.9900 -0.0986
vn 0.5554 0.6173 0.5571
vn 0.5554 0.6174 0.5571
vn 0.6566 -0.3726 0.6558
vn 0.1012 -0.9900 0.0987
vn -0.2623 -0.9280 -0.2646
vn 0.6339 0.4415 0.6350
vn 0.1221 0.9847 0.1247
vn 0.1221 0.9846 0.1247
vn -0.5421 0.6435 -0.5404
vn -0.6642 -0.3411 -0.6651
vn -0.1222 -0.9847 -0.1247
vn -0.1973 -0.9598 -0.1997
vn 0.3918 -0.8335 0.3895
vn 0.0449 -0.9981 0.0424
vn 0.0450 -0.9981 0.0424
vn -0.3139 -0.8952 -0.3163
vn 0.6964 -0.1745 0.6961
vn 0.6965 -0.1745 0.6961
vn 0.2424 -0.9400 0.2401
vn 0.2425 -0.9400 0.2400
vn 0.3140 0.8952 0.3162
vn 0.5886 0.5525 0.5901
vn -0.3917 0.8335 -0.3896
vn -0.6336 0.4456 -0.6324
vn -0.6998 -0.1449 0.6994
vn -0.4376 0.7844 0.4395
vn 0.5555 0.6202 -0.5539
vn 0.6567 -0.3692 -0.6576
vn -0.2623 -0.9293 0.2599
vn 0.6339 0.4448 -0.6327
vn 0.6642 0.3446 -0.6633
vn -0.5421 0.6407 0.5437
vn -0.5421 0.6406 0.5437
vn -0.6643 -0.3446 0.6633
vn -0.1972 -0.9608 0.1948
vn 0.3917 -0.8315 -0.3939
vn 0.0449 -0.9979 -0.0476
vn 0.6965 -0.1709 -0.6969
vn 0.2425 -0.9387 -0.2449
vn 0.5887 0.5556 -0.5872
vn 0.5887 0.5555 -0.5872
vn 0.7057 0.0654 -0.7055
vn -0.3918 0.8315 0.3939
vn -0.6336 0.4423 0.6347
vn -0.6336 0.4423 0.6348
vn -0.7057 -0.0653 0.7055
vn 0.4375 0.7844 0.4396
vn 0.1011 0.9894 0.1038
vn -0.5554 0.6202 -0.5539
vn -0.5112 0.6921 -0.5096
vn -0.6997 0.1449 -0.6995
vn -0.6566 -0.3692 -0.6577
vn -0.6287 -0.4560 -0.6299
vn -0.1012 -0.9894 -0.1037
vn 0.2622 -0.9293 0.2599
vn -0.6338 0.4448 -0.6328
vn 0.5421 0.6407 0.5438
vn 0.5420 0.6407 0.5438
vn 0.1972 -0.9608 0.1948
vn -0.3916 -0.8313 -0.3943
vn -0.0449 -0.9979 -0.0475
vn -0.3917 -0.8315 -0.3940
vn -0.0450 -0.9979 -0.0475
vn 0.3139 -0.8969 0.3117
vn -0.6964 -0.1709 -0.6970
vn -0.6965 -0.1709 -0.6969
vn -0.2425 -0.9387 -0.2449
vn -0.3140 0.8969 -0.3116
vn -0.5887 0.5555 -0.5872
vn -0.3139 0.8969 -0.3116
vn -0.5886 0.5556 -0.5872
vn 0.3917 0.8315 0.3939
vn 0.6336 0.4423 0.6348
vn 0.6335 0.4423 0.6348
vn 0.1565 0.0025 -0.9877
vn 0.1364 -0.1543 -0.9786
vn 0.1564 0.0026 -0.9877
vn 0.1424 -0.1105 -0.9836
vn 0.1364 -0.1542 -0.9786
vn -0.0441 -0.5537 -0.8316
vn 0.1129 -0.3072 -0.9449
vn -0.0440 -0.5537 -0.8316
vn -0.3100 -0.7867 -0.5338
vn -0.2967 -0.7828 -0.5470
vn -0.4156 -0.8080 -0.4177
vn -0.4156 -0.8079 -0.4177
vn -0.8910 0.0011 -0.4540
vn -0.8843 0.0604 -0.4630
vn -0.8910 0.0012 -0.4540
vn -0.8843 0.0605 -0.4630
vn -0.8210 0.2047 -0.5330
vn -0.7156 0.2994 -0.6311
vn -0.7211 0.2978 -0.6255
vn -0.6725 0.3107 -0.6717
vn -0.6725 0.3108 -0.6717
vn -0.7071 -0.0017 0.7071
vn -0.6936 0.1933 0.6940
vn -0.6935 0.1933 0.6940
vn -0.5001 0.7058 0.5018
vn -0.5000 0.7058 0.5018
vn -0.1380 0.9804 0.1404
vn -0.1380 0.9804 0.1405
vn 0.4539 -0.0023 0.8911
vn 0.4631 0.0569 0.8845
vn 0.4540 -0.0022 0.8910
vn 0.4631 0.0570 0.8845
vn 0.5335 0.2012 0.8216
vn 0.5334 0.2012 0.8216
vn 0.6318 0.2960 0.7164
vn 0.6273 0.2947 0.7209
vn 0.6725 0.3073 0.6733
vn -0.4157 -0.8101 0.4135
vn -0.3101 -0.7895 0.5297
vn -0.4156 -0.8101 0.4135
vn -0.0441 -0.5580 0.8287
vn 0.1363 -0.1593 0.9778
vn 0.1564 -0.0026 0.9877
vn 0.1565 -0.0025 0.9877
vn 0.6725 0.3107 -0.6717
vn 0.6319 0.2997 -0.7148
vn 0.6725 0.3108 -0.6717
vn 0.6318 0.2997 -0.7148
vn 0.5335 0.2054 -0.8205
vn 0.4631 0.0616 -0.8841
vn 0.4632 0.0615 -0.8841
vn 0.4540 0.0024 -0.8910
vn 0.4540 0.0023 -0.8910
vn 0.9877 -0.0004 0.1564
vn 0.9782 0.1564 0.1368
vn 0.8301 0.5559 -0.0427
vn 0.8301 0.5559 -0.0426
vn 0.5317 0.7889 -0.3080
vn 0.5318 0.7889 -0.3080
vn 0.4156 0.8101 -0.4135
vn 0.4632 -0.0569 -0.8844
vn 0.4631 -0.0570 -0.8845
vn 0.5335 -0.2012 -0.8215
vn 0.6318 -0.2960 -0.7164
vn 0.6273 -0.2947 -0.7209
vn 0.6725 -0.3073 -0.6733
vn -0.6935 -0.1933 -0.6940
vn -0.6935 -0.1933 -0.6941
vn -0.5000 -0.7058 -0.5018
vn -0.5000 -0.7059 -0.5018
vn -0.1380 -0.9804 -0.1405
vn -0.1379 -0.9804 -0.1405
vn -0.8910 -0.0012 0.4539
vn -0.8843 -0.0604 0.4629
vn -0.8910 -0.0011 0.4540
vn -0.8843 -0.0604 0.4630
vn -0.8210 -0.2047 0.5330
vn -0.7156 -0.2995 0.6310
vn -0.6725 -0.3108 0.6717
vn -0.7156 -0.2995 0.6311
vn -0.6725 -0.3107 0.6717
vn 0.4156 -0.8101 0.4136
vn 0.5317 -0.7889 0.3080
vn 0.4156 -0.8101 0.4135
vn 0.5318 -0.7889 0.3080
vn 0.8301 -0.5559 0.0426
vn 0.8301 -0.5559 0.0427
vn 0.9782 -0.1564 -0.1368
vn 0.9782 -0.1564 -0.1367
vn 0.9877 0.0004 -0.1564
vn -0.8843 -0.0581 -0.4633
vn -0.8843 -0.0580 -0.4633
vn -0.8210 -0.2019 -0.5340
vn -0.8210 -0.2019 -0.5341
vn -0.7156 -0.2961 -0.6326
vn -0.6725 -0.3072 -0.6733
vn -0.7156 -0.2962 -0.6326
vn -0.6725 -0.3073 -0.6733
vn -0.6936 -0.1969 0.6929
vn -0.6935 -0.1969 0.6930
vn -0.5000 -0.7084 0.4982
vn -0.5000 -0.7084 0.4981
vn -0.1379 -0.9811 0.1354
vn -0.1380 -0.9811 0.1354
vn 0.4540 -0.0023 0.8910
vn 0.4632 -0.0615 0.8841
vn 0.4631 -0.0615 0.8842
vn 0.5335 -0.2054 0.8205
vn 0.5335 -0.2055 0.8205
vn 0.6318 -0.2997 0.7148
vn 0.6318 -0.2996 0.7149
vn 0.6725 -0.3108 0.6717
vn 0.6318 -0.2996 0.7148
vn 0.4156 0.8079 0.4177
vn 0.5317 0.7873 0.3122
vn 0.4156 0.8080 0.4177
vn 0.5317 0.7873 0.3121
vn 0.8301 0.5557 0.0455
vn 0.9782 0.1571 -0.1360
vn 0.9782 0.1572 -0.1359
vn -0.4156 0.8101 -0.4136
vn -0.3100 0.7895 -0.5297
vn -0.0440 0.5580 -0.8287
vn 0.1364 0.1593 -0.9778
vn 0.1304 0.2012 -0.9708
vn 0.1565 0.0026 -0.9877
vn 0.7156 -0.2962 -0.6326
vn 0.7156 -0.2961 -0.6326
vn 0.8210 -0.2019 -0.5340
vn 0.8843 -0.0581 -0.4633
vn 0.8910 0.0012 -0.4539
vn 0.8910 0.0012 -0.4540
vn 0.1380 -0.9811 0.1354
vn 0.1379 -0.9811 0.1355
vn 0.1379 -0.9811 0.1354
vn 0.5000 -0.7084 0.4982
vn 0.6935 -0.1969 0.6930
vn -0.6319 -0.2997 0.7148
vn -0.6319 -0.2996 0.7148
vn -0.5336 -0.2054 0.8204
vn -0.4632 -0.0615 0.8841
vn -0.4540 -0.0023 0.8910
vn -0.4157 0.8079 0.4177
vn -0.5318 0.7873 0.3121
vn -0.4156 0.8079 0.4177
vn -0.5318 0.7873 0.3120
vn -0.8301 0.5557 0.0455
vn -0.9782 0.1571 -0.1360
vn -0.9782 0.1571 -0.1359
vn -0.9877 0.0004 -0.1564
vn 0.3101 0.7895 -0.5297
vn 0.0441 0.5580 -0.8287
vn -0.1363 0.1593 -0.9778
vn -0.1564 0.0025 -0.9877
vn 0.1379 0.9804 0.1405
vn 0.1380 0.9804 0.1404
vn 0.5000 0.7058 0.5019
vn 0.5000 0.7058 0.5018
vn 0.6935 0.1933 0.6940
vn 0.4157 -0.8079 -0.4177
vn 0.3101 -0.7867 -0.5338
vn 0.0442 -0.5536 -0.8316
vn -0.1363 -0.1542 -0.9786
vn -0.1363 -0.1543 -0.9786
vn -0.1563 0.0026 -0.9877
vn 0.8843 0.0605 -0.4630
vn 0.8843 0.0604 -0.4630
vn 0.8843 0.0604 -0.4629
vn 0.8210 0.2047 -0.5330
vn 0.7156 0.2995 -0.6310
vn -0.4632 0.0569 0.8844
vn -0.5335 0.2011 0.8215
vn -0.5335 0.2012 0.8215
vn -0.6318 0.2960 0.7164
vn -0.6319 0.2959 0.7163
vn -0.6725 0.3073 0.6732
vn -0.6725 0.3073 0.6733
vn -0.9782 -0.1564 -0.1368
vn -0.8301 -0.5559 0.0427
vn -0.5318 -0.7889 0.3080
vn 0.1380 -0.9804 -0.1405
vn 0.1380 -0.9804 -0.1404
vn 0.5000 -0.7058 -0.5018
vn 0.5000 -0.7059 -0.5017
vn 0.6935 -0.1933 -0.6940
vn 0.4157 0.8079 0.4177
vn 0.3100 0.7867 0.5338
vn 0.0443 0.5535 0.8316
vn 0.0440 0.5537 0.8316
vn -0.1364 0.1543 0.9786
vn -0.1564 -0.0025 0.9877
vn -0.1565 -0.0025 0.9877
vn -0.4156 0.8101 -0.4135
vn -0.5317 0.7889 -0.3080
vn -0.5318 0.7889 -0.3080
vn -0.8301 0.5560 -0.0426
vn -0.9782 0.1564 0.1368
vn -0.9782 0.1564 0.1367
vn -0.9877 -0.0004 0.1564
vn -0.4540 0.0023 -0.8910
vn -0.4631 -0.0570 -0.8845
vn -0.5335 -0.2012 -0.8215
vn -0.6318 -0.2959 -0.7164
vn 0.8910 -0.0012 0.4540
vn 0.8843 -0.0604 0.4630
vn 0.8210 -0.2047 0.5330
vn 0.7156 -0.2994 0.6311
vn 0.6725 -0.3107 0.6717
vn 0.1379 0.9811 -0.1355
vn 0.1380 0.9811 -0.1354
vn 0.5000 0.7084 -0.4981
vn 0.6935 0.1969 -0.6930
vn 0.6794 0.2790 -0.6787
vn 0.7156 0.2962 0.6326
vn 0.6725 0.3072 0.6733
vn 0.7156 0.2961 0.6326
vn 0.8210 0.2019 0.5340
vn 0.8210 0.2020 0.5340
vn 0.8843 0.0580 0.4633
vn 0.8843 0.0581 0.4633
vn -0.4156 -0.8079 -0.4178
vn -0.5317 -0.7873 -0.3122
vn -0.5317 -0.7873 -0.3121
vn -0.8301 -0.5557 -0.0455
vn -0.9782 -0.1571 0.1360
vn -0.9782 -0.1571 0.1359
vn -0.9782 -0.1572 0.1359
vn -0.4631 0.0615 -0.8842
vn -0.5335 0.2054 -0.8205
vn -0.6318 0.2996 -0.7149
vn -0.6318 0.2996 -0.7148
vn -0.1565 -0.0026 0.9877
vn -0.1364 -0.1593 0.9778
vn 0.0440 -0.5580 0.8287
vn 0.3100 -0.7895 0.5297
vn 0.9782 -0.1572 0.1360
vn 0.9782 -0.1571 0.1359
vn 0.9782 -0.1571 0.1360
vn 0.8301 -0.5557 -0.0455
vn 0.5317 -0.7873 -0.3121
vn 0.5318 -0.7873 -0.3121
vn 0.4156 -0.8080 -0.4177
vn -0.6936 0.1968 -0.6930
vn -0.6935 0.1969 -0.6930
vn -0.5000 0.7084 -0.4982
vn -0.1380 0.9811 -0.1354
vn -0.1379 0.9811 -0.1354
vn -0.8910 -0.0012 0.4540
vn -0.8843 0.0581 0.4633
vn -0.8843 0.0580 0.4633
vn -0.8210 0.2019 0.5340
vn -0.7156 0.2961 0.6326
vn -0.7156 0.2962 0.6326
vn -0.3101 0.7867 0.5338
vn -0.0442 0.5536 0.8316
vn 0.1363 0.1542 0.9786
vn 0.1363 0.1543 0.9786
vn 0.1563 -0.0026 0.9877
usemtl Tex_0013_0_png
s 1
f 1509/1/1 1511/2/1 1510/3/1
f 1510/3/1 1511/2/1 1512/4/2
f 1511/2/1 1513/5/3 1512/4/2
f 1514/6/1 1516/7/1 1515/8/1
f 1515/8/1 1516/7/1 1517/9/1
f 1516/7/1 1518/10/1 1517/9/1
f 1517/9/1 1518/10/1 1519/11/1
f 1518/10/1 1520/12/2 1519/11/1
f 1521/13/1 1522/14/1 1523/15/1
f 1522/14/1 1524/16/2 1523/15/1
f 1523/15/1 1524/16/2 1525/17/1
f 1524/16/2 1526/18/4 1525/17/1
f 1525/17/1 1526/18/4 1527/19/2
f 1528/20/5 1530/21/5 1529/22/5
f 1529/22/5 1530/21/5 1531/23/5
f 1530/21/5 1532/24/5 1531/23/5
f 1531/23/5 1532/24/5 1533/25/5
f 1532/24/5 1534/26/6 1533/25/5
f 1524/16/2 1522/14/1 1535/27/7
f 1535/27/7 1522/14/1 1536/28/2
f 1522/14/1 1537/29/1 1536/28/2
f 1531/23/5 1538/30/8 1529/22/5
f 1538/30/8 1539/31/5 1529/22/5
f 1529/22/5 1539/31/5 1540/32/5
f 1541/33/9 1543/34/5 1542/35/6
f 1542/35/6 1543/34/5 1544/36/5
f 1543/34/5 1545/37/5 1544/36/5
f 1546/38/6 1547/39/5 1542/35/6
f 1542/35/6 1547/39/5 1541/33/9
f 1547/39/5 1540/32/5 1541/33/9
f 1541/33/9 1540/32/5 1548/40/5
f 1540/32/5 1539/31/5 1548/40/5
f 1548/40/5 1539/31/5 1549/41/5
f 1539/31/5 1550/42/5 1549/41/5
f 1549/41/5 1550/42/5 1551/43/6
f 1520/12/2 1512/4/2 1519/11/1
f 1512/4/2 1513/5/3 1519/11/1
f 1519/11/1 1513/5/3 1537/29/1
f 1513/5/3 1552/44/1 1537/29/1
f 1537/29/1 1552/44/1 1536/28/2
f 1552/44/1 1553/45/1 1536/28/2
f 1536/28/2 1553/45/1 1554/46/1
f 1553/45/1 1555/47/2 1554/46/1
f 1546/38/6 1556/48/5 1547/39/5
f 1547/39/5 1556/48/5 1557/49/5
f 1556/48/5 1558/50/5 1557/49/5
f 1557/49/5 1558/50/5 1559/51/5
f 1558/50/5 1560/52/5 1559/51/5
f 1515/53/1 1517/54/1 1561/55/1
f 1561/55/1 1517/54/1 1562/56/10
f 1517/54/1 1563/57/10 1562/56/10
f 1564/58/5 1565/59/5 1528/60/5
f 1547/61/5 1557/62/5 1566/63/11
f 1557/62/5 1559/64/5 1566/63/11
f 1566/63/11 1559/64/5 1567/65/5
f 1566/63/11 1568/66/5 1547/61/5
f 1568/66/5 1569/67/6 1547/61/5
f 1547/61/5 1569/67/6 1540/68/5
f 1569/67/6 1564/58/5 1540/68/5
f 1540/68/5 1564/58/5 1529/69/5
f 1564/58/5 1528/60/5 1529/69/5
f 1521/70/1 1570/71/1 1522/72/1
f 1570/71/1 1571/73/12 1522/72/1
f 1571/73/12 1572/74/2 1522/72/1
f 1522/72/1 1572/74/2 1537/75/1
f 1572/74/2 1563/57/10 1537/75/1
f 1537/75/1 1563/57/10 1519/76/1
f 1563/57/10 1517/54/1 1519/76/1
f 1573/77/1 1514/78/1 1510/3/1
f 1510/3/1 1514/78/1 1509/1/1
f 1514/78/1 1574/79/2 1509/1/1
f 1509/1/1 1574/79/2 1555/47/2
f 1574/79/2 1527/19/2 1555/47/2
f 1555/47/2 1527/19/2 1554/46/1
f 1575/80/5 1544/36/5 1560/81/5
f 1544/36/5 1545/37/5 1560/81/5
f 1560/81/5 1545/37/5 1576/82/6
f 1545/37/5 1551/43/6 1576/82/6
f 1576/82/6 1551/43/6 1534/26/6
f 1551/43/6 1550/42/5 1534/26/6
f 1514/6/1 1573/77/1 1516/7/1
f 1558/50/5 1575/80/5 1560/52/5
f 1577/83/13 1578/84/13 1579/85/13
f 1580/86/14 1581/87/14 1582/88/14
f 1581/87/14 1583/89/14 1582/88/14
f 1582/88/14 1583/89/14 1584/90/14
f 1583/89/14 1585/91/14 1584/90/14
f 1532/24/5 1576/82/6 1534/26/6
f 1527/19/2 1574/79/2 1525/17/1
f 1578/84/13 1577/92/13 1586/93/13
f 1586/93/13 1577/92/13 1587/94/13
f 1577/92/13 1588/95/13 1587/94/13
f 1587/94/13 1588/95/13 1589/96/13
f 1590/97/14 1592/98/14 1591/99/14
f 1591/99/14 1592/98/14 1593/100/14
f 1592/98/14 1594/101/14 1593/100/14
f 1595/102/14 1597/103/14 1596/104/14
f 1596/104/14 1597/103/14 1598/105/14
f 1597/103/14 1599/106/14 1598/105/14
f 1598/105/14 1599/106/14 1600/107/14
f 1599/106/14 1601/108/15 1600/107/14
f 1602/109/14 1603/110/14 1604/111/14
f 1603/110/14 1605/112/14 1604/111/14
f 1604/111/14 1605/112/14 1606/113/14
f 1605/112/14 1607/114/16 1606/113/14
f 1606/113/14 1607/114/16 1608/115/14
f 1609/116/17 1611/117/13 1610/118/13
f 1610/118/13 1611/117/13 1612/119/13
f 1611/117/13 1613/120/13 1612/119/13
f 1612/119/13 1613/120/13 1614/121/18
f 1613/120/13 1615/122/13 1614/121/18
f 1605/112/14 1603/110/14 1616/123/19
f 1616/123/19 1603/110/14 1617/124/14
f 1603/110/14 1618/125/14 1617/124/14
f 1612/119/13 1619/126/13 1610/118/13
f 1619/126/13 1620/127/17 1610/118/13
f 1610/118/13 1620/127/17 1621/128/13
f 1622/129/20 1624/130/13 1623/131/13
f 1623/131/13 1624/130/13 1625/132/13
f 1624/130/13 1626/133/13 1625/132/13
f 1627/134/20 1628/135/13 1623/131/13
f 1623/131/13 1628/135/13 1622/129/20
f 1628/135/13 1621/128/13 1622/129/20
f 1622/129/20 1621/128/13 1629/136/20
f 1621/128/13 1620/127/17 1629/136/20
f 1629/136/20 1620/127/17 1630/137/13
f 1620/127/17 1631/138/13 1630/137/13
f 1630/137/13 1631/138/13 1632/139/13
f 1601/108/15 1593/100/14 1600/107/14
f 1593/100/14 1594/101/14 1600/107/14
f 1600/107/14 1594/101/14 1618/125/14
f 1594/101/14 1633/140/14 1618/125/14
f 1618/125/14 1633/140/14 1617/124/14
f 1633/140/14 1634/141/14 1617/124/14
f 1617/124/14 1634/141/14 1635/142/14
f 1634/141/14 1636/143/14 1635/142/14
f 1627/134/20 1637/144/21 1628/135/13
f 1628/135/13 1637/144/21 1638/145/13
f 1637/144/21 1639/146/13 1638/145/13
f 1638/145/13 1639/146/13 1640/147/13
f 1639/146/13 1641/148/13 1640/147/13
f 1596/149/14 1598/150/14 1642/151/14
f 1642/151/14 1598/150/14 1643/152/14
f 1598/150/14 1644/153/14 1643/152/14
f 1645/154/13 1646/155/17 1609/156/17
f 1628/157/13 1638/158/13 1647/159/13
f 1638/158/13 1640/160/13 1647/159/13
f 1647/159/13 1640/160/13 1648/161/17
f 1647/159/13 1649/162/13 1628/157/13
f 1649/162/13 1650/163/13 1628/157/13
f 1628/157/13 1650/163/13 1621/164/13
f 1650/163/13 1645/154/13 1621/164/13
f 1621/164/13 1645/154/13 1610/165/13
f 1645/154/13 1609/156/17 1610/165/13
f 1602/166/14 1651/167/14 1603/168/14
f 1651/167/14 1652/169/14 1603/168/14
f 1652/169/14 1653/170/22 1603/168/14
f 1603/168/14 1653/170/22 1618/171/14
f 1653/170/22 1644/153/14 1618/171/14
f 1618/171/14 1644/153/14 1600/172/14
f 1644/153/14 1598/150/14 1600/172/14
f 1654/173/15 1595/174/14 1591/99/14
f 1591/99/14 1595/174/14 1590/97/14
f 1595/174/14 1655/175/22 1590/97/14
f 1590/97/14 1655/175/22 1636/143/14
f 1655/175/22 1608/115/14 1636/143/14
f 1636/143/14 1608/115/14 1635/142/14
f 1656/176/13 1625/132/13 1641/177/13
f 1625/132/13 1626/133/13 1641/177/13
f 1641/177/13 1626/133/13 1657/178/13
f 1626/133/13 1632/139/13 1657/178/13
f 1657/178/13 1632/139/13 1615/122/13
f 1632/139/13 1631/138/13 1615/122/13
f 1595/102/14 1654/173/15 1597/103/14
f 1639/146/13 1656/176/13 1641/148/13
f 1613/120/13 1657/178/13 1615/122/13
f 1608/115/14 1655/175/22 1606/113/14
f 1658/179/5 1660/180/5 1659/181/5
f 1659/181/5 1660/180/5 1661/182/5
f 1660/180/5 1662/183/5 1661/182/5
f 1663/184/5 1665/185/5 1664/186/6
f 1664/186/6 1665/185/5 1666/187/5
f 1665/185/5 1667/188/11 1666/187/5
f 1666/187/5 1667/188/11 1668/189/5
f 1667/188/11 1669/190/5 1668/189/5
f 1528/191/5 1670/192/5 1530/193/5
f 1670/192/5 1671/194/5 1530/193/5
f 1530/193/5 1671/194/5 1672/195/5
f 1671/194/5 1673/196/23 1672/195/5
f 1672/195/5 1673/196/23 1674/197/5
f 1521/198/1 1523/199/1 1675/200/2
f 1675/200/2 1523/199/1 1676/201/1
f 1523/199/1 1677/202/1 1676/201/1
f 1676/201/1 1677/202/1 1678/203/24
f 1677/202/1 1679/204/1 1678/203/24
f 1671/194/5 1670/192/5 1680/205/25
f 1680/205/25 1670/192/5 1681/206/5
f 1670/192/5 1682/207/5 1681/206/5
f 1676/201/1 1683/208/26 1675/200/2
f 1683/208/26 1684/209/1 1675/200/2
f 1675/200/2 1684/209/1 1685/210/1
f 1686/211/1 1688/212/1 1687/213/1
f 1687/213/1 1688/212/1 1689/214/1
f 1688/212/1 1690/215/1 1689/214/1
f 1691/216/1 1692/217/1 1687/213/1
f 1687/213/1 1692/217/1 1686/211/1
f 1692/217/1 1685/210/1 1686/211/1
f 1686/211/1 1685/210/1 1693/218/1
f 1685/210/1 1684/209/1 1693/218/1
f 1693/218/1 1684/209/1 1694/219/1
f 1684/209/1 1695/220/1 1694/219/1
f 1694/219/1 1695/220/1 1696/221/1
f 1669/190/5 1661/182/5 1668/189/5
f 1661/182/5 1662/183/5 1668/189/5
f 1668/189/5 1662/183/5 1682/207/5
f 1662/183/5 1697/222/5 1682/207/5
f 1682/207/5 1697/222/5 1681/206/5
f 1697/222/5 1698/223/5 1681/206/5
f 1681/206/5 1698/223/5 1699/224/5
f 1698/223/5 1700/225/5 1699/224/5
f 1691/216/1 1701/226/1 1692/217/1
f 1692/217/1 1701/226/1 1702/227/1
f 1701/226/1 1703/228/1 1702/227/1
f 1702/227/1 1703/228/1 1704/229/1
f 1703/228/1 1705/230/1 1704/229/1
f 1664/231/6 1666/232/5 1706/233/6
f 1706/233/6 1666/232/5 1707/234/5
f 1666/232/5 1708/235/5 1707/234/5
f 1709/236/27 1570/237/1 1521/238/1
f 1692/239/1 1702/240/1 1710/241/1
f 1702/240/1 1704/242/1 1710/241/1
f 1710/241/1 1704/242/1 1711/243/1
f 1710/241/1 1712/244/1 1692/239/1
f 1712/244/1 1713/245/1 1692/239/1
f 1692/239/1 1713/245/1 1685/246/1
f 1713/245/1 1709/236/27 1685/246/1
f 1685/246/1 1709/236/27 1675/247/2
f 1709/236/27 1521/238/1 1675/247/2
f 1528/248/5 1565/249/5 1670/250/5
f 1565/249/5 1714/251/6 1670/250/5
f 1714/251/6 1715/252/5 1670/250/5
f 1670/250/5 1715/252/5 1682/253/5
f 1715/252/5 1708/235/5 1682/253/5
f 1682/253/5 1708/235/5 1668/254/5
f 1708/235/5 1666/232/5 1668/254/5
f 1716/255/5 1663/256/5 1659/181/5
f 1659/181/5 1663/256/5 1658/179/5
f 1663/256/5 1717/257/5 1658/179/5
f 1658/179/5 1717/257/5 1700/225/5
f 1717/257/5 1674/197/5 1700/225/5
f 1700/225/5 1674/197/5 1699/224/5
f 1718/258/1 1689/214/1 1705/259/1
f 1689/214/1 1690/215/1 1705/259/1
f 1705/259/1 1690/215/1 1719/260/1
f 1690/215/1 1696/221/1 1719/260/1
f 1719/260/1 1696/221/1 1679/204/1
f 1696/221/1 1695/220/1 1679/204/1
f 1663/184/5 1716/255/5 1665/185/5
f 1703/228/1 1718/258/1 1705/230/1
f 1677/202/1 1719/260/1 1679/204/1
f 1674/197/5 1717/257/5 1672/195/5
f 1720/261/14 1580/86/14 1582/262/14
f 1587/94/13 1721/263/13 1586/93/13
f 1586/93/13 1721/263/13 1722/264/13
f 1721/263/13 1723/265/13 1722/264/13
f 1577/83/13 1579/85/13 1724/266/13
f 1724/266/13 1579/85/13 1725/267/13
f 1579/85/13 1726/268/13 1725/267/13
f 1725/267/13 1726/268/13 1727/269/13
f 1726/268/13 1728/270/28 1727/269/13
f 1609/271/17 1729/272/13 1611/273/13
f 1729/272/13 1730/274/13 1611/273/13
f 1611/273/13 1730/274/13 1731/275/13
f 1730/274/13 1732/276/13 1731/275/13
f 1731/275/13 1732/276/13 1733/277/13
f 1602/278/14 1604/279/14 1734/280/14
f 1734/280/14 1604/279/14 1735/281/14
f 1604/279/14 1736/282/14 1735/281/14
f 1735/281/14 1736/282/14 1737/283/22
f 1736/282/14 1738/284/14 1737/283/22
f 1730/274/13 1729/272/13 1739/285/29
f 1739/285/29 1729/272/13 1740/286/13
f 1729/272/13 1741/287/13 1740/286/13
f 1735/281/14 1742/288/22 1734/280/14
f 1742/288/22 1743/289/14 1734/280/14
f 1734/280/14 1743/289/14 1744/290/14
f 1745/291/30 1747/292/14 1746/293/14
f 1746/293/14 1747/292/14 1581/87/14
f 1747/292/14 1583/89/14 1581/87/14
f 1748/294/15 1749/295/14 1746/293/14
f 1746/293/14 1749/295/14 1745/291/30
f 1749/295/14 1744/290/14 1745/291/30
f 1745/291/30 1744/290/14 1750/296/31
f 1744/290/14 1743/289/14 1750/296/31
f 1750/296/31 1743/289/14 1751/297/14
f 1743/289/14 1752/298/14 1751/297/14
f 1751/297/14 1752/298/14 1585/91/14
f 1752/298/14 1738/284/14 1585/91/14
f 1585/91/14 1738/284/14 1584/90/14
f 1738/284/14 1736/282/14 1584/90/14
f 1728/270/28 1722/264/13 1727/269/13
f 1722/264/13 1723/265/13 1727/269/13
f 1727/269/13 1723/265/13 1741/287/13
f 1723/265/13 1753/299/13 1741/287/13
f 1741/287/13 1753/299/13 1740/286/13
f 1753/299/13 1754/300/13 1740/286/13
f 1740/286/13 1754/300/13 1755/301/13
f 1754/300/13 1589/96/13 1755/301/13
f 1755/301/13 1589/96/13 1733/277/13
f 1589/96/13 1588/95/13 1733/277/13
f 1733/277/13 1588/95/13 1731/275/13
f 1748/294/15 1756/302/30 1749/295/14
f 1749/295/14 1756/302/30 1757/303/14
f 1756/302/30 1720/261/14 1757/303/14
f 1757/303/14 1720/261/14 1758/304/14
f 1720/261/14 1582/262/14 1758/304/14
f 1724/305/13 1725/306/13 1759/307/13
f 1759/307/13 1725/306/13 1760/308/13
f 1725/306/13 1761/309/13 1760/308/13
f 1762/310/15 1651/311/14 1602/312/14
f 1749/313/14 1757/314/14 1763/315/14
f 1757/314/14 1758/316/14 1763/315/14
f 1763/315/14 1758/316/14 1764/317/14
f 1763/315/14 1765/318/14 1749/313/14
f 1765/318/14 1766/319/14 1749/313/14
f 1749/313/14 1766/319/14 1744/320/14
f 1766/319/14 1762/310/15 1744/320/14
f 1744/320/14 1762/310/15 1734/321/14
f 1762/310/15 1602/312/14 1734/321/14
f 1609/322/17 1646/323/17 1729/324/13
f 1646/323/17 1767/325/13 1729/324/13
f 1767/325/13 1768/326/13 1729/324/13
f 1729/324/13 1768/326/13 1741/327/13
f 1768/326/13 1761/309/13 1741/327/13
f 1741/327/13 1761/309/13 1727/328/13
f 1761/309/13 1725/306/13 1727/328/13
f 1769/329/1 1771/330/1 1770/331/1
f 1770/331/1 1771/330/1 1772/332/2
f 1771/330/1 1773/333/3 1772/332/2
f 1774/334/1 1776/335/1 1775/336/1
f 1775/336/1 1776/335/1 1777/337/1
f 1776/335/1 1778/338/1 1777/337/1
f 1777/337/1 1778/338/1 1779/339/1
f 1778/338/1 1780/340/2 1779/339/1
f 1781/341/1 1782/342/1 1783/343/1
f 1782/342/1 1784/344/2 1783/343/1
f 1783/343/1 1784/344/2 1785/345/1
f 1784/344/2 1786/346/4 1785/345/1
f 1785/345/1 1786/346/4 1787/347/2
f 1788/348/5 1790/349/5 1789/350/5
f 1789/350/5 1790/349/5 1791/351/5
f 1790/349/5 1792/352/5 1791/351/5
f 1791/351/5 1792/352/5 1793/353/5
f 1792/352/5 1794/354/6 1793/353/5
f 1784/344/2 1782/342/1 1795/355/7
f 1795/355/7 1782/342/1 1796/356/2
f 1782/342/1 1797/357/1 1796/356/2
f 1791/351/5 1798/358/8 1789/350/5
f 1798/358/8 1799/359/5 1789/350/5
f 1789/350/5 1799/359/5 1800/360/5
f 1801/361/9 1803/362/5 1802/363/6
f 1802/363/6 1803/362/5 1804/364/5
f 1803/362/5 1805/365/5 1804/364/5
f 1806/366/6 1807/367/5 1802/363/6
f 1802/363/6 1807/367/5 1801/361/9
f 1807/367/5 1800/360/5 1801/361/9
f 1801/361/9 1800/360/5 1808/368/5
f 1800/360/5 1799/359/5 1808/368/5
f 1808/368/5 1799/359/5 1809/369/5
f 1799/359/5 1810/370/5 1809/369/5
f 1809/369/5 1810/370/5 1811/371/6
f 1780/340/2 1772/332/2 1779/339/1
f 1772/332/2 1773/333/3 1779/339/1
f 1779/339/1 1773/333/3 1797/357/1
f 1773/333/3 1812/372/1 1797/357/1
f 1797/357/1 1812/372/1 1796/356/2
f 1812/372/1 1813/373/1 1796/356/2
f 1796/356/2 1813/373/1 1814/374/1
f 1813/373/1 1815/375/2 1814/374/1
f 1806/366/6 1816/376/5 1807/367/5
f 1807/367/5 1816/376/5 1817/377/5
f 1816/376/5 1818/378/5 1817/377/5
f 1817/377/5 1818/378/5 1819/379/5
f 1818/378/5 1820/380/5 1819/379/5
f 1775/381/1 1777/382/1 1821/383/1
f 1821/383/1 1777/382/1 1822/384/10
f 1777/382/1 1823/385/10 1822/384/10
f 1824/386/5 1825/387/5 1788/388/5
f 1807/389/5 1817/390/5 1826/391/11
f 1817/390/5 1819/392/5 1826/391/11
f 1826/391/11 1819/392/5 1827/393/5
f 1826/391/11 1828/394/5 1807/389/5
f 1828/394/5 1829/395/6 1807/389/5
f 1807/389/5 1829/395/6 1800/396/5
f 1829/395/6 1824/386/5 1800/396/5
f 1800/396/5 1824/386/5 1789/397/5
f 1824/386/5 1788/388/5 1789/397/5
f 1781/398/1 1830/399/1 1782/400/1
f 1830/399/1 1831/401/12 1782/400/1
f 1831/401/12 1832/402/2 1782/400/1
f 1782/400/1 1832/402/2 1797/403/1
f 1832/402/2 1823/385/10 1797/403/1
f 1797/403/1 1823/385/10 1779/404/1
f 1823/385/10 1777/382/1 1779/404/1
f 1833/405/1 1774/406/1 1770/331/1
f 1770/331/1 1774/406/1 1769/329/1
f 1774/406/1 1834/407/2 1769/329/1
f 1769/329/1 1834/407/2 1815/375/2
f 1834/407/2 1787/347/2 1815/375/2
f 1815/375/2 1787/347/2 1814/374/1
f 1835/408/5 1804/364/5 1820/409/5
f 1804/364/5 1805/365/5 1820/409/5
f 1820/409/5 1805/365/5 1836/410/6
f 1805/365/5 1811/371/6 1836/410/6
f 1836/410/6 1811/371/6 1794/354/6
f 1811/371/6 1810/370/5 1794/354/6
f 1774/334/1 1833/405/1 1776/335/1
f 1818/378/5 1835/408/5 1820/380/5
f 1837/411/13 1838/412/13 1839/413/13
f 1840/414/14 1841/415/14 1842/416/14
f 1841/415/14 1843/417/14 1842/416/14
f 1842/416/14 1843/417/14 1844/418/14
f 1843/417/14 1845/419/14 1844/418/14
f 1792/352/5 1836/410/6 1794/354/6
f 1787/347/2 1834/407/2 1785/345/1
f 1838/412/13 1837/420/13 1846/421/13
f 1846/421/13 1837/420/13 1847/422/13
f 1837/420/13 1848/423/13 1847/422/13
f 1847/422/13 1848/423/13 1849/424/13
f 1850/425/14 1852/426/14 1851/427/14
f 1851/427/14 1852/426/14 1853/428/14
f 1852/426/14 1854/429/14 1853/428/14
f 1855/430/14 1857/431/14 1856/432/14
f 1856/432/14 1857/431/14 1858/433/14
f 1857/431/14 1859/434/14 1858/433/14
f 1858/433/14 1859/434/14 1860/435/14
f 1859/434/14 1861/436/15 1860/435/14
f 1862/437/14 1863/438/14 1864/439/14
f 1863/438/14 1865/440/14 1864/439/14
f 1864/439/14 1865/440/14 1866/441/14
f 1865/440/14 1867/442/16 1866/441/14
f 1866/441/14 1867/442/16 1868/443/14
f 1869/444/17 1871/445/13 1870/446/13
f 1870/446/13 1871/445/13 1872/447/13
f 1871/445/13 1873/448/13 1872/447/13
f 1872/447/13 1873/448/13 1874/449/18
f 1873/448/13 1875/450/13 1874/449/18
f 1865/440/14 1863/438/14 1876/451/19
f 1876/451/19 1863/438/14 1877/452/14
f 1863/438/14 1878/453/14 1877/452/14
f 1872/447/13 1879/454/13 1870/446/13
f 1879/454/13 1880/455/17 1870/446/13
f 1870/446/13 1880/455/17 1881/456/13
f 1882/457/20 1884/458/13 1883/459/13
f 1883/459/13 1884/458/13 1885/460/13
f 1884/458/13 1886/461/13 1885/460/13
f 1887/462/20 1888/463/13 1883/459/13
f 1883/459/13 1888/463/13 1882/457/20
f 1888/463/13 1881/456/13 1882/457/20
f 1882/457/20 1881/456/13 1889/464/20
f 1881/456/13 1880/455/17 1889/464/20
f 1889/464/20 1880/455/17 1890/465/13
f 1880/455/17 1891/466/13 1890/465/13
f 1890/465/13 1891/466/13 1892/467/13
f 1861/436/15 1853/428/14 1860/435/14
f 1853/428/14 1854/429/14 1860/435/14
f 1860/435/14 1854/429/14 1878/453/14
f 1854/429/14 1893/468/14 1878/453/14
f 1878/453/14 1893/468/14 1877/452/14
f 1893/468/14 1894/469/14 1877/452/14
f 1877/452/14 1894/469/14 1895/470/14
f 1894/469/14 1896/471/14 1895/470/14
f 1887/462/20 1897/472/21 1888/463/13
f 1888/463/13 1897/472/21 1898/473/13
f 1897/472/21 1899/474/13 1898/473/13
f 1898/473/13 1899/474/13 1900/475/13
f 1899/474/13 1901/476/13 1900/475/13
f 1856/477/14 1858/478/14 1902/479/14
f 1902/479/14 1858/478/14 1903/480/14
f 1858/478/14 1904/481/14 1903/480/14
f 1905/482/13 1906/483/17 1869/484/17
f 1888/485/13 1898/486/13 1907/487/13
f 1898/486/13 1900/488/13 1907/487/13
f 1907/487/13 1900/488/13 1908/489/17
f 1907/487/13 1909/490/13 1888/485/13
f 1909/490/13 1910/491/13 1888/485/13
f 1888/485/13 1910/491/13 1881/492/13
f 1910/491/13 1905/482/13 1881/492/13
f 1881/492/13 1905/482/13 1870/493/13
f 1905/482/13 1869/484/17 1870/493/13
f 1862/494/14 1911/495/14 1863/496/14
f 1911/495/14 1912/497/14 1863/496/14
f 1912/497/14 1913/498/22 1863/496/14
f 1863/496/14 1913/498/22 1878/499/14
f 1913/498/22 1904/481/14 1878/499/14
f 1878/499/14 1904/481/14 1860/500/14
f 1904/481/14 1858/478/14 1860/500/14
f 1914/501/15 1855/502/14 1851/427/14
f 1851/427/14 1855/502/14 1850/425/14
f 1855/502/14 1915/503/22 1850/425/14
f 1850/425/14 1915/503/22 1896/471/14
f 1915/503/22 1868/443/14 1896/471/14
f 1896/471/14 1868/443/14 1895/470/14
f 1916/504/13 1885/460/13 1901/505/13
f 1885/460/13 1886/461/13 1901/505/13
f 1901/505/13 1886/461/13 1917/506/13
f 1886/461/13 1892/467/13 1917/506/13
f 1917/506/13 1892/467/13 1875/450/13
f 1892/467/13 1891/466/13 1875/450/13
f 1855/430/14 1914/501/15 1857/431/14
f 1899/474/13 1916/504/13 1901/476/13
f 1873/448/13 1917/506/13 1875/450/13
f 1868/443/14 1915/503/22 1866/441/14
f 1918/507/5 1920/508/5 1919/509/5
f 1919/509/5 1920/508/5 1921/510/5
f 1920/508/5 1922/511/5 1921/510/5
f 1923/512/5 1925/513/5 1924/514/6
f 1924/514/6 1925/513/5 1926/515/5
f 1925/513/5 1927/516/11 1926/515/5
f 1926/515/5 1927/516/11 1928/517/5
f 1927/516/11 1929/518/5 1928/517/5
f 1788/519/5 1930/520/5 1790/521/5
f 1930/520/5 1931/522/5 1790/521/5
f 1790/521/5 1931/522/5 1932/523/5
f 1931/522/5 1933/524/23 1932/523/5
f 1932/523/5 1933/524/23 1934/525/5
f 1781/526/1 1783/527/1 1935/528/2
f 1935/528/2 1783/527/1 1936/529/1
f 1783/527/1 1937/530/1 1936/529/1
f 1936/529/1 1937/530/1 1938/531/24
f 1937/530/1 1939/532/1 1938/531/24
f 1931/522/5 1930/520/5 1940/533/25
f 1940/533/25 1930/520/5 1941/534/5
f 1930/520/5 1942/535/5 1941/534/5
f 1936/529/1 1943/536/26 1935/528/2
f 1943/536/26 1944/537/1 1935/528/2
f 1935/528/2 1944/537/1 1945/538/1
f 1946/539/1 1948/540/1 1947/541/1
f 1947/541/1 1948/540/1 1949/542/1
f 1948/540/1 1950/543/1 1949/542/1
f 1951/544/1 1952/545/1 1947/541/1
f 1947/541/1 1952/545/1 1946/539/1
f 1952/545/1 1945/538/1 1946/539/1
f 1946/539/1 1945/538/1 1953/546/1
f 1945/538/1 1944/537/1 1953/546/1
f 1953/546/1 1944/537/1 1954/547/1
f 1944/537/1 1955/548/1 1954/547/1
f 1954/547/1 1955/548/1 1956/549/1
f 1929/518/5 1921/510/5 1928/517/5
f 1921/510/5 1922/511/5 1928/517/5
f 1928/517/5 1922/511/5 1942/535/5
f 1922/511/5 1957/550/5 1942/535/5
f 1942/535/5 1957/550/5 1941/534/5
f 1957/550/5 1958/551/5 1941/534/5
f 1941/534/5 1958/551/5 1959/552/5
f 1958/551/5 1960/553/5 1959/552/5
f 1951/544/1 1961/554/1 1952/545/1
f 1952/545/1 1961/554/1 1962/555/1
f 1961/554/1 1963/556/1 1962/555/1
f 1962/555/1 1963/556/1 1964/557/1
f 1963/556/1 1965/558/1 1964/557/1
f 1924/559/6 1926/560/5 1966/561/6
f 1966/561/6 1926/560/5 1967/562/5
f 1926/560/5 1968/563/5 1967/562/5
f 1969/564/27 1830/565/1 1781/566/1
f 1952/567/1 1962/568/1 1970/569/1
f 1962/568/1 1964/570/1 1970/569/1
f 1970/569/1 1964/570/1 1971/571/1
f 1970/569/1 1972/572/1 1952/567/1
f 1972/572/1 1973/573/1 1952/567/1
f 1952/567/1 1973/573/1 1945/574/1
f 1973/573/1 1969/564/27 1945/574/1
f 1945/574/1 1969/564/27 1935/575/2
f 1969/564/27 1781/566/1 1935/575/2
f 1788/576/5 1825/577/5 1930/578/5
f 1825/577/5 1974/579/6 1930/578/5
f 1974/579/6 1975/580/5 1930/578/5
f 1930/578/5 1975/580/5 1942/581/5
f 1975/580/5 1968/563/5 1942/581/5
f 1942/581/5 1968/563/5 1928/582/5
f 1968/563/5 1926/560/5 1928/582/5
f 1976/583/5 1923/584/5 1919/509/5
f 1919/509/5 1923/584/5 1918/507/5
f 1923/584/5 1977/585/5 1918/507/5
f 1918/507/5 1977/585/5 1960/553/5
f 1977/585/5 1934/525/5 1960/553/5
f 1960/553/5 1934/525/5 1959/552/5
f 1978/586/1 1949/542/1 1965/587/1
f 1949/542/1 1950/543/1 1965/587/1
f 1965/587/1 1950/543/1 1979/588/1
f 1950/543/1 1956/549/1 1979/588/1
f 1979/588/1 1956/549/1 1939/532/1
f 1956/549/1 1955/548/1 1939/532/1
f 1923/512/5 1976/583/5 1925/513/5
f 1963/556/1 1978/586/1 1965/558/1
f 1937/530/1 1979/588/1 1939/532/1
f 1934/525/5 1977/585/5 1932/523/5
f 1980/589/14 1840/414/14 1842/590/14
f 1847/422/13 1981/591/13 1846/421/13
f 1846/421/13 1981/591/13 1982/592/13
f 1981/591/13 1983/593/13 1982/592/13
f 1837/411/13 1839/413/13 1984/594/13
f 1984/594/13 1839/413/13 1985/595/13
f 1839/413/13 1986/596/13 1985/595/13
f 1985/595/13 1986/596/13 1987/597/13
f 1986/596/13 1988/598/28 1987/597/13
f 1869/599/17 1989/600/13 1871/601/13
f 1989/600/13 1990/602/13 1871/601/13
f 1871/601/13 1990/602/13 1991/603/13
f 1990/602/13 1992/604/13 1991/603/13
f 1991/603/13 1992/604/13 1993/605/13
f 1862/606/14 1864/607/14 1994/608/14
f 1994/608/14 1864/607/14 1995/609/14
f 1864/607/14 1996/610/14 1995/609/14
f 1995/609/14 1996/610/14 1997/611/22
f 1996/610/14 1998/612/14 1997/611/22
f 1990/602/13 1989/600/13 1999/613/29
f 1999/613/29 1989/600/13 2000/614/13
f 1989/600/13 2001/615/13 2000/614/13
f 1995/609/14 2002/616/22 1994/608/14
f 2002/616/22 2003/617/14 1994/608/14
f 1994/608/14 2003/617/14 2004/618/14
f 2005/619/30 2007/620/14 2006/621/14
f 2006/621/14 2007/620/14 1841/415/14
f 2007/620/14 1843/417/14 1841/415/14
f 2008/622/15 2009/623/14 2006/621/14
f 2006/621/14 2009/623/14 2005/619/30
f 2009/623/14 2004/618/14 2005/619/30
f 2005/619/30 2004/618/14 2010/624/31
f 2004/618/14 2003/617/14 2010/624/31
f 2010/624/31 2003/617/14 2011/625/14
f 2003/617/14 2012/626/14 2011/625/14
f 2011/625/14 2012/626/14 1845/419/14
f 2012/626/14 1998/612/14 1845/419/14
f 1845/419/14 1998/612/14 1844/418/14
f 1998/612/14 1996/610/14 1844/418/14
f 1988/598/28 1982/592/13 1987/597/13
f 1982/592/13 1983/593/13 1987/597/13
f 1987/597/13 1983/593/13 2001/615/13
f 1983/593/13 2013/627/13 2001/615/13
f 2001/615/13 2013/627/13 2000/614/13
f 2013/627/13 2014/628/13 2000/614/13
f 2000/614/13 2014/628/13 2015/629/13
f 2014/628/13 1849/424/13 2015/629/13
f 2015/629/13 1849/424/13 1993/605/13
f 1849/424/13 1848/423/13 1993/605/13
f 1993/605/13 1848/423/13 1991/603/13
f 2008/622/15 2016/630/30 2009/623/14
f 2009/623/14 2016/630/30 2017/631/14
f 2016/630/30 1980/589/14 2017/631/14
f 2017/631/14 1980/589/14 2018/632/14
f 1980/589/14 1842/590/14 2018/632/14
f 1984/633/13 1985/634/13 2019/635/13
f 2019/635/13 1985/634/13 2020/636/13
f 1985/634/13 2021/637/13 2020/636/13
f 2022/638/15 1911/639/14 1862/640/14
f 2009/641/14 2017/642/14 2023/643/14
f 2017/642/14 2018/644/14 2023/643/14
f 2023/643/14 2018/644/14 2024/645/14
f 2023/643/14 2025/646/14 2009/641/14
f 2025/646/14 2026/647/14 2009/641/14
f 2009/641/14 2026/647/14 2004/648/14
f 2026/647/14 2022/638/15 2004/648/14
f 2004/648/14 2022/638/15 1994/649/14
f 2022/638/15 1862/640/14 1994/649/14
f 1869/650/17 1906/651/17 1989/652/13
f 1906/651/17 2027/653/13 1989/652/13
f 2027/653/13 2028/654/13 1989/652/13
f 1989/652/13 2028/654/13 2001/655/13
f 2028/654/13 2021/637/13 2001/655/13
f 2001/655/13 2021/637/13 1987/656/13
f 2021/637/13 1985/634/13 1987/656/13
f 2029/657/32 2030/658/32 2031/659/32
f 2032/660/32 2034/661/32 2033/662/32
f 2033/662/32 2034/661/32 2029/657/32
f 2034/661/32 2035/663/32 2029/657/32
f 2029/657/32 2035/663/32 2030/658/32
f 2034/661/32 2032/660/32 2036/664/32
usemtl Tex_0024_0_png
f 1/665/33 3/666/34 2/667/33
f 2/667/35 3/666/36 4/668/37
f 3/666/36 5/669/38 4/668/37
f 6/670/39 7/671/40 3/666/40
f 3/666/40 7/671/40 5/669/41
f 6/670/42 3/666/43 8/672/44
f 8/672/44 3/666/43 9/673/45
f 3/666/46 1/665/46 9/673/46
f 10/674/47 12/675/48 11/676/47
f 11/676/49 12/675/50 13/677/51
f 12/675/52 14/678/53 13/677/54
f 15/679/55 12/675/56 16/680/57
f 16/680/57 12/675/56 17/681/58
f 12/675/56 10/674/59 17/681/58
f 14/678/53 12/675/52 18/682/60
f 12/675/56 15/679/55 18/682/61
usemtl Tex_0026_0_png
f 1365/683/32 1366/684/32 1367/685/32
f 1366/684/32 1368/686/32 1367/685/32
f 1369/687/62 1368/688/32 1370/689/32
f 1368/688/32 1366/690/32 1370/689/32
f 1371/691/63 1372/692/63 1373/693/63
f 1372/692/63 1374/694/63 1373/693/63
f 1375/695/64 1376/696/65 1377/697/66
f 1376/696/66 1378/698/66 1377/697/66
f 1370/689/66 1366/699/66 1379/700/66
f 1366/699/66 1380/701/67 1379/700/68
f 1381/702/69 1382/703/70 1383/704/63
f 1382/703/63 1384/705/63 1383/704/63
f 1385/706/71 1386/707/72 1387/708/66
f 1386/707/66 1388/709/66 1387/708/66
f 1376/710/65 1389/711/73 1378/712/74
f 1389/711/74 1390/713/74 1378/712/74
f 1366/714/74 1365/683/74 1380/715/74
f 1365/683/74 1391/716/75 1380/715/67
f 1382/717/70 1385/718/71 1384/719/13
f 1385/718/13 1387/720/13 1384/719/13
f 1386/721/72 1392/722/76 1388/723/74
f 1392/722/74 1393/724/74 1388/723/74
f 1389/725/73 1394/726/77 1390/727/14
f 1394/726/14 1395/728/14 1390/727/14
f 1365/729/14 1367/730/14 1391/731/14
f 1367/730/14 1396/732/78 1391/731/75
f 1369/733/13 1370/734/13 1397/735/13
f 1370/734/13 1379/736/68 1397/735/79
f 1392/737/76 1398/738/80 1393/739/14
f 1398/738/14 1399/740/14 1393/739/14
f 1372/741/13 1375/742/13 1374/743/13
f 1375/742/13 1377/744/13 1374/743/13
f 1394/745/77 1371/746/81 1395/747/82
f 1371/746/82 1373/748/82 1395/747/82
f 1367/685/82 1368/749/82 1396/750/82
f 1368/749/82 1400/751/83 1396/750/78
f 1372/752/62 1371/746/81 1375/753/64
f 1375/753/64 1371/746/81 1376/710/65
f 1376/710/65 1371/746/81 1389/754/73
f 1371/746/81 1394/755/77 1389/754/73
f 1398/756/80 1381/757/69 1399/758/82
f 1381/757/82 1383/759/82 1399/758/82
f 1368/760/63 1369/687/63 1400/761/63
f 1369/687/63 1397/762/79 1400/761/83
f 1392/763/76 1386/764/72 1398/765/80
f 1398/765/80 1386/764/72 1381/766/69
f 1386/764/72 1385/767/71 1381/766/69
f 1381/766/69 1385/767/71 1382/768/70
f 1396/750/78 1400/769/83 1391/716/75
f 1391/716/75 1400/769/83 1380/770/67
f 1400/769/83 1397/735/79 1380/770/67
f 1380/770/67 1397/735/79 1379/736/68
f 1401/771/84 1402/772/84 1403/773/84
f 1402/772/84 1404/774/85 1403/773/86
f 1405/775/87 1406/776/88 1407/777/89
f 1406/776/90 1408/778/90 1407/777/90
f 1409/779/89 1401/780/89 1410/781/89
f 1401/780/90 1403/782/86 1410/781/91
f 1411/783/92 1412/784/92 1413/785/92
f 1412/784/92 1414/786/92 1413/785/92
f 1411/787/32 1415/788/32 1412/784/32
f 1415/788/32 1416/789/32 1412/784/32
f 1416/789/32 1417/790/32 1412/784/32
f 1412/784/32 1417/790/32 1418/791/93
f 1418/792/5 1417/793/5 1419/794/5
f 1417/793/5 1420/795/5 1419/794/5
f 1421/796/94 1405/797/87 1422/798/3
f 1405/797/3 1407/799/3 1422/798/3
f 1402/800/9 1423/801/9 1404/802/9
f 1423/801/9 1424/803/95 1404/802/85
f 1425/804/3 1409/805/3 1426/806/3
f 1409/805/3 1410/807/91 1426/806/96
f 1415/808/1 1411/809/1 1427/810/1
f 1411/809/1 1413/811/1 1427/810/1
f 1428/812/97 1406/813/88 1429/814/98
f 1429/814/98 1406/813/88 1430/815/99
f 1406/813/88 1405/816/87 1430/815/99
f 1430/815/99 1405/816/87 1421/817/94
f 1430/818/99 1421/819/94 1431/820/100
f 1421/819/100 1422/821/100 1431/820/100
f 1428/822/97 1429/823/98 1432/824/9
f 1429/823/9 1433/825/9 1432/824/9
f 1434/826/100 1425/827/100 1435/828/100
f 1425/827/100 1426/829/96 1435/828/101
f 1416/789/100 1415/830/100 1436/831/100
f 1415/830/100 1427/832/100 1436/831/100
f 1424/803/95 1435/833/101 1404/802/85
f 1404/802/85 1435/833/101 1403/834/86
f 1435/833/101 1426/829/96 1403/834/86
f 1403/834/86 1426/829/96 1410/781/91
f 1429/835/98 1430/836/99 1433/837/102
f 1430/836/102 1431/838/102 1433/837/102
f 1437/839/32 1438/840/32 1439/841/32
f 1438/840/32 1440/842/32 1439/841/32
f 1441/843/32 1440/844/32 1442/845/32
f 1440/844/32 1438/846/32 1442/845/32
f 1443/847/100 1444/848/100 1445/849/100
f 1444/848/100 1446/850/100 1445/849/100
f 1447/851/103 1448/852/104 1449/853/89
f 1448/852/92 1450/854/92 1449/853/92
f 1442/845/89 1438/855/89 1451/856/89
f 1438/855/89 1452/857/86 1451/856/91
f 1453/858/99 1454/859/105 1455/860/100
f 1454/859/100 1456/861/100 1455/860/100
f 1457/862/106 1458/863/88 1459/864/89
f 1458/863/89 1460/865/89 1459/864/89
f 1448/866/104 1461/867/107 1450/868/108
f 1461/867/108 1462/869/108 1450/868/108
f 1438/870/84 1437/839/84 1452/871/84
f 1437/839/84 1463/872/109 1452/871/86
f 1454/873/105 1457/874/106 1456/875/1
f 1457/874/1 1459/876/1 1456/875/1
f 1458/877/88 1464/878/110 1460/879/84
f 1464/878/84 1465/880/84 1460/879/84
f 1461/881/107 1466/882/111 1462/883/5
f 1466/882/5 1467/884/5 1462/883/5
f 1437/885/5 1439/886/5 1463/887/5
f 1439/886/5 1468/888/112 1463/887/109
f 1441/889/1 1442/890/1 1469/891/1
f 1442/890/1 1451/892/91 1469/891/113
f 1464/893/110 1470/894/98 1465/895/5
f 1470/894/5 1471/896/5 1465/895/5
f 1444/897/1 1447/898/1 1446/899/1
f 1447/898/1 1449/900/1 1446/899/1
f 1466/901/111 1443/902/114 1467/903/102
f 1443/902/102 1445/904/102 1467/903/102
f 1439/841/115 1440/905/115 1468/906/115
f 1440/905/102 1472/907/101 1468/906/112
f 1444/908/32 1443/902/114 1447/909/103
f 1447/909/103 1443/902/114 1448/866/104
f 1448/866/104 1443/902/114 1461/910/107
f 1443/902/114 1466/911/111 1461/910/107
f 1470/912/98 1453/913/99 1471/914/115
f 1453/913/102 1455/915/102 1471/914/102
f 1440/916/100 1441/843/100 1472/917/100
f 1441/843/100 1469/918/113 1472/917/101
f 1464/919/110 1458/920/88 1470/921/98
f 1470/921/98 1458/920/88 1453/922/99
f 1458/920/88 1457/923/106 1453/922/99
f 1453/922/99 1457/923/106 1454/924/105
f 1468/906/112 1472/925/101 1463/872/109
f 1463/872/109 1472/925/101 1452/926/86
f 1472/925/101 1469/891/113 1452/926/86
f 1452/926/86 1469/891/113 1451/892/91
f 1406/927/88 1428/928/97 1408/929/84
f 1428/928/84 1432/930/84 1408/929/84
f 1423/931/102 1434/932/102 1424/933/102
f 1434/932/102 1435/934/101 1424/933/95
f 1417/935/116 1416/936/116 1420/937/116
f 1416/936/116 1436/938/116 1420/937/116
f 1412/939/108 1418/940/108 1414/941/108
f 1418/940/108 1419/942/108 1414/941/108
f 1402/772/32 1401/943/32 1423/931/32
f 1401/943/32 1434/944/32 1423/931/32
f 1425/827/32 1434/945/32 1409/779/32
f 1434/945/32 1401/946/32 1409/779/32
f 1473/947/32 1474/948/32 1475/949/32
f 1474/948/32 1476/950/32 1475/949/32
f 1477/951/32 1476/952/32 1478/953/32
f 1476/952/32 1474/954/32 1478/953/32
f 1479/955/74 1480/956/74 1481/957/74
f 1480/956/74 1482/958/74 1481/957/74
f 1483/959/117 1484/960/118 1485/961/82
f 1484/960/82 1486/962/82 1485/961/82
f 1478/953/119 1474/963/119 1487/964/119
f 1474/963/120 1488/965/121 1487/964/78
f 1489/966/122 1490/967/123 1491/968/74
f 1490/967/74 1492/969/74 1491/968/74
f 1493/970/80 1494/971/124 1495/972/119
f 1494/971/119 1496/973/119 1495/972/119
f 1487/974/78 1488/975/121 1497/976/75
f 1497/976/75 1488/975/121 1498/977/67
f 1488/975/121 1499/978/79 1498/977/67
f 1498/977/67 1499/978/79 1500/979/68
f 1484/980/118 1501/981/125 1486/982/63
f 1501/981/63 1502/983/63 1486/982/63
f 1474/984/126 1473/947/126 1488/985/126
f 1473/947/63 1499/978/79 1488/985/121
f 1490/986/123 1493/987/80 1492/988/14
f 1493/987/14 1495/989/14 1492/988/14
f 1494/990/124 1503/991/127 1496/992/63
f 1503/991/63 1504/993/63 1496/992/63
f 1490/994/123 1489/995/122 1493/996/80
f 1493/996/80 1489/995/122 1494/997/124
f 1489/995/122 1505/998/71 1494/997/124
f 1494/997/124 1505/998/71 1503/999/127
f 1501/1000/125 1506/1001/128 1502/1002/13
f 1506/1001/13 1507/1003/13 1502/1002/13
f 1473/1004/13 1475/1005/13 1499/1006/13
f 1475/1005/13 1500/1007/68 1499/1006/79
f 1477/1008/14 1478/1009/14 1497/976/14
f 1478/1009/14 1487/974/78 1497/976/75
f 1503/1010/127 1505/1011/71 1504/1012/13
f 1505/1011/13 1508/1013/13 1504/1012/13
f 1480/1014/14 1483/1015/14 1482/1016/14
f 1483/1015/14 1485/1017/14 1482/1016/14
f 1506/1018/128 1479/1019/129 1507/1020/66
f 1479/1019/66 1481/1021/66 1507/1020/66
f 1475/949/66 1476/1022/66 1500/979/66
f 1476/1022/66 1498/1023/67 1500/979/68
f 1480/1024/32 1479/1019/129 1483/1025/117
f 1483/1025/117 1479/1019/129 1484/980/118
f 1484/980/118 1479/1019/129 1501/1026/125
f 1479/1019/129 1506/1027/128 1501/1026/125
f 1505/1028/71 1489/1029/122 1508/1030/66
f 1489/1029/66 1491/1031/66 1508/1030/66
f 1476/1032/130 1477/951/130 1498/1033/130
f 1477/951/74 1497/1034/75 1498/1033/67
usemtl Tex_0072_0_png
f 85/1035/131 87/1036/132 86/1037/131
f 86/1037/133 87/1036/134 88/1038/135
f 87/1036/134 89/1039/136 88/1038/135
f 89/1040/137 90/1041/138 91/1042/139
f 90/1041/139 92/1043/139 91/1042/139
f 85/1035/140 93/1044/141 87/1045/142
f 87/1045/142 93/1044/141 89/1046/143
f 93/1044/143 90/1047/138 89/1046/137
f 88/1048/135 89/1049/136 94/1050/144
f 89/1049/144 91/1051/144 94/1050/144
f 95/1052/145 88/1053/146 96/1054/147
f 88/1053/147 94/1055/147 96/1054/147
f 85/1035/148 86/1056/149 97/1057/150
f 97/1057/150 86/1056/149 95/1058/145
f 86/1056/149 88/1059/146 95/1058/145
f 98/1060/151 95/1061/152 99/1062/153
f 95/1061/153 96/1063/153 99/1062/153
f 85/1035/154 97/1064/155 100/1065/156
f 100/1065/156 97/1064/155 98/1066/151
f 97/1064/155 95/1067/152 98/1066/151
f 85/1035/157 101/1068/158 93/1069/159
f 93/1069/159 101/1068/158 90/1070/160
f 101/1068/158 102/1071/161 90/1070/160
f 103/1072/162 98/1073/163 104/1074/164
f 98/1073/164 99/1075/164 104/1074/164
f 85/1035/165 100/1076/166 105/1077/167
f 105/1077/167 100/1076/166 103/1078/162
f 100/1076/166 98/1079/163 103/1078/162
f 106/1080/168 103/1081/169 107/1082/170
f 103/1081/170 104/1083/170 107/1082/170
f 90/1084/160 102/1085/161 92/1086/171
f 102/1085/171 108/1087/171 92/1086/171
f 85/1035/172 109/1088/173 101/1089/174
f 101/1089/174 109/1088/173 102/1090/175
f 109/1088/173 106/1091/176 102/1090/175
f 102/1092/175 106/1093/176 108/1094/177
f 106/1093/178 107/1095/178 108/1094/178
f 85/1035/179 105/1096/180 109/1097/181
f 109/1097/181 105/1096/180 106/1098/168
f 105/1096/180 103/1099/169 106/1098/168
usemtl Tex_0025_0_png
f 1333/1100/32 1334/1101/32 1335/1102/32
f 1334/1101/32 1336/1103/32 1335/1102/32
f 1335/1102/32 1336/1103/32 1337/1104/32
f 1336/1103/32 1338/1105/32 1337/1104/32
f 1337/1104/32 1338/1105/32 1339/1106/32
f 1338/1105/32 1340/1107/32 1339/1106/32
f 1339/1106/32 1340/1107/32 1341/1108/32
f 1340/1107/32 1342/1109/32 1341/1108/32
f 1341/1108/32 1342/1109/32 1343/1110/32
f 1342/1109/32 1344/1111/32 1343/1110/32
f 1343/1110/32 1344/1111/32 1345/1112/32
f 1344/1111/32 1346/1113/32 1345/1112/32
f 1345/1112/32 1346/1113/32 1347/1114/32
f 1346/1113/32 1348/1115/32 1347/1114/32
f 1347/1114/32 1348/1115/32 1333/1100/32
f 1348/1115/32 1334/1101/32 1333/1100/32
f 1349/1116/32 1351/1117/32 1350/1118/32
f 1350/1118/32 1351/1117/32 1352/1119/32
f 1351/1117/32 1353/1120/32 1352/1119/32
f 1352/1119/32 1353/1120/32 1354/1121/32
f 1353/1120/32 1355/1122/32 1354/1121/32
f 1354/1121/32 1355/1122/32 1356/1123/32
f 1355/1122/32 1357/1124/32 1356/1123/32
f 1356/1123/32 1357/1124/32 1358/1125/32
f 1357/1124/32 1359/1126/32 1358/1125/32
f 1358/1125/32 1359/1126/32 1360/1127/32
f 1359/1126/32 1361/1128/32 1360/1127/32
f 1360/1127/32 1361/1128/32 1362/1129/32
f 1361/1128/32 1363/1130/32 1362/1129/32
f 1362/1129/32 1363/1130/32 1364/1131/32
f 1363/1130/32 1349/1116/32 1364/1131/32
f 1364/1131/32 1349/1116/32 1350/1118/32
usemtl Tex_0027_0_png
f 973/1132/182 974/1133/183 975/1134/184
f 974/1133/185 976/1135/185 975/1134/185
f 977/1136/186 978/1137/187 979/1138/184
f 978/1137/188 980/1139/189 979/1138/184
f 979/1138/184 980/1139/189 981/1140/185
f 981/1140/185 982/1141/185 979/1138/184
f 983/1142/190 985/1143/191 984/1144/192
f 984/1144/192 985/1143/191 977/1136/186
f 985/1143/191 986/1145/193 977/1136/186
f 977/1136/186 986/1145/193 978/1137/187
f 986/1145/193 974/1133/183 978/1137/187
f 978/1137/187 974/1133/183 987/1146/194
f 974/1133/183 973/1132/182 987/1146/194
f 987/1146/194 973/1132/182 988/1147/195
f 989/1148/196 990/1149/197 991/1150/198
f 990/1149/199 992/1151/199 991/1150/199
f 993/1152/200 994/1153/201 995/1154/202
f 994/1153/203 996/1155/203 995/1154/203
f 997/1156/204 998/1157/205 993/1152/200
f 993/1152/200 998/1157/205 994/1153/201
f 998/1157/205 990/1149/197 994/1153/201
f 994/1153/201 990/1149/197 999/1158/206
f 990/1149/197 989/1148/196 999/1158/206
f 999/1158/206 989/1148/196 1000/1159/207
f 1001/1160/208 1002/1161/209 1003/1162/210
f 1002/1161/209 1004/1163/211 1003/1162/210
f 1005/1164/212 1006/1165/213 1007/1166/209
f 1006/1165/214 1008/1167/214 1007/1166/214
f 1009/1168/209 1010/1169/215 1011/1170/209
f 1010/1169/215 1012/1171/216 1011/1170/209
f 1013/1172/217 1014/1173/218 1015/1174/211
f 1014/1173/219 1016/1175/219 1015/1174/219
f 1017/1176/220 1018/1177/221 1013/1172/217
f 1013/1172/217 1018/1177/221 1014/1173/218
f 1018/1177/221 1001/1160/208 1014/1173/218
f 1014/1173/218 1001/1160/208 1010/1169/215
f 1001/1160/208 1003/1162/210 1010/1169/215
f 1010/1169/215 1003/1162/210 1012/1171/216
f 1003/1162/210 1006/1165/213 1012/1171/216
f 1012/1171/216 1006/1165/213 1019/1178/222
f 1006/1165/213 1005/1164/212 1019/1178/222
f 1019/1178/222 1005/1164/212 1020/1179/223
f 1021/1180/224 1022/1181/214 1002/1161/209
f 1022/1181/214 1023/1182/209 1002/1161/209
f 1002/1161/209 1023/1182/209 1004/1163/211
f 1023/1182/209 1024/1183/225 1004/1163/211
f 1025/1184/219 1009/1168/209 1026/1185/209
f 1009/1168/209 1011/1170/209 1026/1185/209
f 1026/1185/209 1011/1170/209 1027/1186/209
f 1011/1170/209 1028/1187/209 1027/1186/209
f 1029/1188/226 1030/1189/227 1031/1190/228
f 1030/1189/229 1032/1191/229 1031/1190/229
f 1033/1192/230 1035/1193/231 1034/1194/232
f 1034/1194/232 1035/1193/231 1029/1188/226
f 1035/1193/231 1036/1195/233 1029/1188/226
f 1029/1188/226 1036/1195/233 1030/1189/227
f 1036/1195/233 1037/1196/234 1030/1189/227
f 1030/1189/227 1037/1196/234 1038/1197/235
f 1037/1196/234 1039/1198/236 1038/1197/235
f 1038/1197/235 1039/1198/236 1040/1199/237
f 1041/1200/228 1042/1201/228 1043/1202/238
f 1042/1201/228 1044/1203/228 1043/1202/238
f 1045/1204/239 1046/1205/239 1047/1206/239
f 1046/1205/239 1048/1207/239 1047/1206/239
f 1049/1208/239 1050/1209/240 1047/1206/239
f 1050/1209/239 1051/1210/239 1047/1206/239
f 1047/1206/239 1051/1210/239 1045/1204/239
f 1051/1210/239 1052/1211/241 1045/1204/239
f 1045/1204/239 1052/1211/241 1053/1212/239
f 1054/1213/242 1056/1214/243 1055/1215/244
f 1055/1215/244 1056/1214/243 1057/1216/245
f 1056/1214/243 1058/1217/246 1057/1216/245
f 1057/1216/245 1058/1217/246 1049/1208/239
f 1058/1217/246 1059/1218/247 1049/1208/239
f 1049/1208/239 1059/1218/247 1050/1209/240
f 1059/1218/247 1060/1219/248 1050/1209/240
f 1050/1209/240 1060/1219/248 1061/1220/249
f 1057/1216/245 1049/1208/239 1062/1221/241
f 1049/1208/239 1063/1222/239 1062/1221/241
f 1064/1223/250 1065/1224/251 1066/1225/251
f 1065/1224/251 1067/1226/251 1066/1225/251
f 1066/1225/251 1067/1226/251 1068/1227/251
f 1067/1226/251 1069/1228/251 1068/1227/251
f 1070/1229/252 1071/1230/253 1072/1231/254
f 1071/1230/255 1073/1232/255 1072/1231/255
f 1074/1233/256 1076/1234/257 1075/1235/258
f 1075/1235/258 1076/1234/257 1077/1236/259
f 1076/1234/257 1078/1237/260 1077/1236/259
f 1077/1236/259 1078/1237/260 1079/1238/261
f 1078/1237/260 1080/1239/262 1079/1238/261
f 1079/1238/261 1080/1239/262 1081/1240/263
f 1080/1239/262 1071/1230/253 1081/1240/263
f 1081/1240/263 1071/1230/253 1082/1241/264
f 1071/1230/253 1070/1229/252 1082/1241/264
f 1082/1241/264 1070/1229/252 1083/1242/265
f 1084/1243/266 1085/1244/254 1086/1245/251
f 1085/1244/254 1087/1246/251 1086/1245/251
f 1086/1245/251 1087/1246/251 1088/1247/251
f 1087/1246/251 1089/1248/266 1088/1247/251
f 1065/1224/251 1080/1239/262 1067/1226/251
f 1080/1239/262 1078/1237/260 1067/1226/251
f 1075/1235/258 1077/1236/259 1090/1249/267
f 1077/1236/266 1091/1250/266 1090/1249/266
f 1085/1244/254 1079/1238/261 1087/1246/251
f 1079/1238/261 1081/1240/263 1087/1246/251
f 1092/1251/268 1094/1252/269 1093/1253/270
f 1093/1253/270 1094/1252/269 1095/1254/271
f 1094/1252/269 1096/1255/272 1095/1254/271
f 1095/1254/271 1096/1255/272 1097/1256/273
f 1096/1255/272 1098/1257/274 1097/1256/273
f 1097/1256/273 1098/1257/274 1099/1258/275
f 1098/1257/274 1096/1255/272 1100/1259/276
f 1096/1255/276 1101/1260/276 1100/1259/276
f 1093/1253/270 1095/1254/271 1102/1261/277
f 1095/1254/278 1103/1262/278 1102/1261/278
f 1104/1263/279 1105/1264/279 1106/1265/280
f 1107/1266/281 1108/1267/282 1106/1265/283
f 1108/1267/284 1109/1268/280 1106/1265/280
f 1106/1265/280 1109/1268/280 1104/1263/279
f 1110/1269/285 1112/1270/286 1111/1271/287
f 1111/1271/287 1112/1270/286 1113/1272/288
f 1112/1270/286 1108/1267/282 1113/1272/288
f 1113/1272/288 1108/1267/282 1114/1273/289
f 1108/1267/282 1107/1266/281 1114/1273/289
f 1114/1273/289 1107/1266/281 1115/1274/290
f 1107/1266/281 1116/1275/291 1115/1274/290
f 1115/1274/290 1116/1275/291 1117/1276/292
f 1111/1271/287 1113/1272/288 1118/1277/283
f 1113/1272/293 1119/1278/293 1118/1277/293
f 1120/1279/294 1122/1280/32 1121/1281/295
f 1121/1281/32 1122/1280/32 1123/1282/32
f 1122/1280/32 1124/1283/32 1123/1282/32
f 1125/1284/296 1126/1285/297 1127/1286/298
f 1126/1285/297 1128/1287/299 1127/1286/298
f 1127/1286/298 1128/1287/299 1129/1288/300
f 1128/1287/299 1130/1289/301 1129/1288/300
f 1129/1288/300 1130/1289/301 1131/1290/302
f 1130/1289/301 1120/1291/294 1131/1290/302
f 1131/1290/302 1120/1291/294 1121/1292/295
f 1132/1293/303 1133/1294/304 1120/1295/303
f 1120/1295/303 1133/1294/304 1122/1296/304
f 1133/1294/304 1134/1297/305 1122/1296/304
f 1122/1296/304 1134/1297/305 1124/1298/305
f 1134/1297/305 1135/1299/306 1124/1298/305
f 1124/1298/305 1135/1299/306 1123/1300/306
f 1135/1299/306 1136/1301/307 1123/1300/306
f 1123/1300/306 1136/1301/307 1121/1302/295
f 1136/1301/307 1137/1303/308 1121/1302/295
f 1121/1302/295 1137/1303/308 1131/1304/302
f 1137/1303/308 1138/1305/309 1131/1304/302
f 1131/1304/302 1138/1305/309 1129/1306/300
f 1138/1305/309 1139/1307/310 1129/1306/300
f 1129/1306/300 1139/1307/310 1127/1308/298
f 1139/1307/310 1140/1309/311 1127/1308/298
f 1127/1308/298 1140/1309/311 1125/1310/296
f 1140/1309/311 1141/1311/312 1125/1310/296
f 1125/1310/296 1141/1311/312 1126/1312/297
f 1141/1311/312 1142/1313/313 1126/1312/297
f 1126/1312/297 1142/1313/313 1128/1314/299
f 1142/1313/313 1143/1315/314 1128/1314/299
f 1128/1314/299 1143/1315/314 1130/1316/301
f 1143/1315/314 1132/1317/315 1130/1316/301
f 1130/1316/301 1132/1317/315 1120/1318/294
f 1093/1319/32 1102/1320/32 1144/1321/32
f 1102/1320/62 1145/1322/62 1144/1321/62
f 1102/1323/316 1103/1324/316 1145/1325/316
f 1103/1324/317 1146/1326/317 1145/1325/317
f 1103/1327/318 1095/1328/318 1146/1329/318
f 1095/1328/319 1147/1330/319 1146/1329/319
f 1095/1331/271 1097/1332/273 1147/1333/320
f 1097/1332/321 1148/1334/321 1147/1333/321
f 1097/1335/273 1099/1336/275 1148/1337/32
f 1099/1336/322 1149/1338/322 1148/1337/322
f 1099/1339/275 1098/1340/274 1149/1341/316
f 1098/1340/316 1150/1342/316 1149/1341/316
f 1098/1343/323 1100/1344/323 1150/1345/323
f 1100/1344/323 1151/1346/323 1150/1345/323
f 1100/1347/324 1101/1348/324 1151/1349/324
f 1101/1348/324 1152/1350/324 1151/1349/324
f 1101/1351/32 1096/1352/32 1152/1353/32
f 1096/1352/62 1153/1354/62 1152/1353/62
f 1096/1355/272 1094/1356/269 1153/1357/325
f 1094/1356/325 1154/1358/325 1153/1357/325
f 1094/1359/269 1092/1360/268 1154/1361/323
f 1092/1360/326 1155/1362/326 1154/1361/326
f 1092/1363/268 1093/1364/270 1155/1365/324
f 1093/1364/327 1144/1366/327 1155/1365/327
f 1107/1367/93 1106/1368/93 1156/1369/93
f 1106/1368/93 1157/1370/93 1156/1369/93
f 1106/1371/328 1105/1372/328 1157/1373/328
f 1105/1372/328 1158/1374/328 1157/1373/328
f 1105/1375/326 1104/1376/326 1158/1377/326
f 1104/1376/329 1159/1378/329 1158/1377/329
f 1104/1379/330 1109/1380/330 1159/1381/330
f 1109/1380/330 1160/1382/330 1159/1381/330
f 1109/1383/331 1108/1384/331 1160/1385/331
f 1108/1384/319 1161/1386/319 1160/1385/319
f 1108/1387/282 1112/1388/286 1161/1389/328
f 1112/1388/328 1162/1390/328 1161/1389/328
f 1112/1391/286 1110/1392/285 1162/1393/32
f 1110/1392/32 1163/1394/32 1162/1393/32
f 1020/1395/223 1005/1396/212 1164/1397/332
f 1005/1396/333 1165/1398/333 1164/1397/333
f 1019/1399/222 1020/1400/223 1166/1401/323
f 1020/1400/323 1164/1402/323 1166/1401/323
f 1012/1403/216 1019/1404/222 1167/1405/334
f 1019/1404/335 1166/1406/335 1167/1405/335
f 1011/1407/336 1012/1403/336 1168/1408/336
f 1012/1403/337 1167/1405/337 1168/1408/337
f 1028/1409/319 1011/1410/319 1169/1411/319
f 1011/1410/319 1168/1412/319 1169/1411/319
f 1027/1413/338 1028/1414/338 1170/1415/338
f 1028/1414/338 1169/1416/338 1170/1415/338
f 1026/1417/62 1027/1418/62 1171/1419/62
f 1027/1418/32 1170/1420/32 1171/1419/32
f 1025/1421/333 1026/1422/333 1172/1423/333
f 1026/1422/333 1171/1424/333 1172/1423/333
f 1009/1425/318 1025/1426/318 1173/1427/318
f 1025/1426/318 1172/1428/318 1173/1427/318
f 1010/1429/339 1009/1430/339 1174/1431/339
f 1009/1430/340 1173/1432/340 1174/1431/340
f 1014/1433/218 1010/1429/215 1175/1434/341
f 1010/1429/342 1174/1431/342 1175/1434/342
f 1016/1435/343 1014/1436/343 1176/1437/343
f 1014/1436/344 1175/1438/344 1176/1437/344
f 1015/1439/333 1016/1440/333 1177/1441/333
f 1016/1440/333 1176/1442/333 1177/1441/333
f 1013/1443/323 1015/1444/323 1178/1445/323
f 1015/1444/323 1177/1446/323 1178/1445/323
f 1017/1447/220 1013/1448/217 1179/1449/345
f 1013/1448/346 1178/1450/346 1179/1449/346
f 1018/1451/221 1017/1452/220 1180/1453/322
f 1017/1452/32 1179/1454/32 1180/1453/32
f 1001/1455/208 1018/1456/221 1181/1457/347
f 1018/1456/348 1180/1458/348 1181/1457/348
f 1002/1459/349 1001/1455/349 1182/1460/349
f 1001/1455/350 1181/1457/350 1182/1460/350
f 1021/1461/344 1002/1462/344 1183/1463/344
f 1002/1462/343 1182/1464/343 1183/1463/343
f 1022/1465/333 1021/1466/333 1184/1467/333
f 1021/1466/333 1183/1468/333 1184/1467/333
f 1023/1469/323 1022/1470/323 1185/1471/323
f 1022/1470/323 1184/1472/323 1185/1471/323
f 1024/1473/338 1023/1474/338 1186/1475/338
f 1023/1474/338 1185/1476/338 1186/1475/338
f 1004/1477/32 1024/1478/32 1187/1479/32
f 1024/1478/32 1186/1480/32 1187/1479/32
f 1003/1481/351 1004/1482/351 1188/1483/351
f 1004/1482/352 1187/1484/352 1188/1483/352
f 1006/1485/213 1003/1481/210 1189/1486/353
f 1003/1481/354 1188/1483/354 1189/1486/354
f 1008/1487/323 1006/1488/323 1190/1489/323
f 1006/1488/323 1189/1490/323 1190/1489/323
f 1007/1491/338 1008/1492/338 1191/1493/338
f 1008/1492/338 1190/1494/338 1191/1493/338
f 1005/1495/355 1007/1496/355 1165/1497/355
f 1007/1496/355 1191/1498/355 1165/1497/355
f 1044/1499/356 1042/1500/356 1192/1501/356
f 1042/1500/356 1193/1502/356 1192/1501/356
f 1043/1503/323 1044/1504/323 1194/1505/323
f 1044/1504/357 1192/1506/357 1194/1505/357
f 1030/1507/227 1043/1508/238 1195/1509/356
f 1043/1508/358 1194/1510/358 1195/1509/358
f 1032/1511/32 1030/1512/32 1196/1513/32
f 1030/1512/32 1195/1514/32 1196/1513/32
f 1031/1515/359 1032/1516/359 1197/1517/359
f 1032/1516/358 1196/1518/358 1197/1517/358
f 1029/1519/326 1031/1520/326 1198/1521/326
f 1031/1520/326 1197/1522/326 1198/1521/326
f 1034/1523/232 1029/1524/226 1199/1525/360
f 1029/1524/361 1198/1526/361 1199/1525/361
f 1033/1527/230 1034/1528/232 1200/1529/32
f 1034/1528/32 1199/1530/32 1200/1529/32
f 1035/1531/231 1033/1532/230 1201/1533/362
f 1033/1532/356 1200/1534/356 1201/1533/356
f 1036/1535/233 1035/1536/231 1202/1537/62
f 1035/1536/32 1201/1538/32 1202/1537/32
f 1037/1539/234 1036/1540/233 1203/1541/360
f 1036/1540/360 1202/1542/360 1203/1541/360
f 1039/1543/236 1037/1544/234 1204/1545/363
f 1037/1544/331 1203/1546/331 1204/1545/331
f 1040/1547/237 1039/1548/236 1205/1549/364
f 1039/1548/365 1204/1550/365 1205/1549/365
f 1038/1551/235 1040/1552/237 1206/1553/32
f 1040/1552/62 1205/1554/62 1206/1553/62
f 1207/1555/366 1038/1556/235 1208/1557/361
f 1038/1556/361 1206/1558/361 1208/1557/361
f 1209/1559/367 1207/1560/366 1210/1561/323
f 1207/1560/319 1208/1562/319 1210/1561/319
f 1211/1563/368 1209/1564/367 1212/1565/356
f 1209/1564/362 1210/1566/362 1212/1565/362
f 1213/1567/323 1211/1568/323 1214/1569/323
f 1211/1568/319 1212/1570/319 1214/1569/319
f 1041/1571/361 1213/1572/361 1215/1573/361
f 1213/1572/361 1214/1574/361 1215/1573/361
f 1042/1575/32 1041/1576/32 1193/1577/32
f 1041/1576/32 1215/1578/32 1193/1577/32
f 1211/1579/368 1041/1200/228 1209/1580/367
f 1209/1580/367 1041/1200/228 1207/1581/366
f 1041/1200/228 1043/1202/238 1207/1581/366
f 1207/1581/366 1043/1202/238 1038/1197/235
f 1043/1202/238 1030/1189/227 1038/1197/235
f 1211/1579/368 1213/1582/228 1041/1200/228
f 984/1583/192 977/1584/186 1216/1585/328
f 977/1584/328 1217/1586/328 1216/1585/328
f 983/1587/190 984/1588/192 1218/1589/326
f 984/1588/319 1216/1590/319 1218/1589/319
f 985/1591/191 983/1592/190 1219/1593/330
f 983/1592/330 1218/1594/330 1219/1593/330
f 986/1595/193 985/1596/191 1220/1597/323
f 985/1596/326 1219/1598/326 1220/1597/326
f 974/1599/183 986/1600/193 1221/1601/328
f 986/1600/328 1220/1602/328 1221/1601/328
f 976/1603/32 974/1604/32 1222/1605/32
f 974/1604/344 1221/1606/344 1222/1605/344
f 975/1607/328 976/1608/328 1223/1609/328
f 976/1608/328 1222/1610/328 1223/1609/328
f 973/1611/319 975/1612/319 1224/1613/319
f 975/1612/319 1223/1614/319 1224/1613/319
f 988/1615/195 973/1616/182 1225/1617/330
f 973/1616/330 1224/1618/330 1225/1617/330
f 987/1619/194 988/1620/195 1226/1621/62
f 988/1620/32 1225/1622/32 1226/1621/32
f 978/1623/187 987/1624/194 1227/1625/369
f 987/1624/330 1226/1626/330 1227/1625/330
f 980/1627/323 978/1628/323 1228/1629/323
f 978/1628/329 1227/1630/329 1228/1629/329
f 981/1631/328 980/1632/328 1229/1633/328
f 980/1632/328 1228/1634/328 1229/1633/328
f 982/1635/319 981/1636/319 1230/1637/319
f 981/1636/326 1229/1638/326 1230/1637/326
f 979/1639/330 982/1640/330 1231/1641/330
f 982/1640/330 1230/1642/330 1231/1641/330
f 977/1643/32 979/1644/32 1217/1645/32
f 979/1644/32 1231/1646/32 1217/1645/32
f 1000/1647/207 989/1648/196 1232/1649/316
f 989/1648/370 1233/1650/370 1232/1649/370
f 999/1651/206 1000/1652/207 1234/1653/323
f 1000/1652/323 1232/1654/323 1234/1653/323
f 994/1655/201 999/1656/206 1235/1657/320
f 999/1656/321 1234/1658/321 1235/1657/321
f 996/1659/371 994/1660/371 1236/1661/371
f 994/1660/62 1235/1662/62 1236/1661/62
f 995/1663/316 996/1664/316 1237/1665/316
f 996/1664/321 1236/1666/321 1237/1665/321
f 993/1667/323 995/1668/323 1238/1669/323
f 995/1668/323 1237/1670/323 1238/1669/323
f 997/1671/204 993/1672/200 1239/1673/372
f 993/1672/373 1238/1674/373 1239/1673/373
f 998/1675/205 997/1676/204 1240/1677/322
f 997/1676/344 1239/1678/344 1240/1677/344
f 990/1679/197 998/1680/205 1241/1681/372
f 998/1680/373 1240/1682/373 1241/1681/373
f 992/1683/374 990/1684/374 1242/1685/374
f 990/1684/319 1241/1686/319 1242/1685/319
f 991/1687/372 992/1688/372 1243/1689/372
f 992/1688/373 1242/1690/373 1243/1689/373
f 989/1691/32 991/1692/32 1233/1693/32
f 991/1692/32 1243/1694/32 1233/1693/32
f 1110/1695/285 1111/1696/287 1163/1697/328
f 1111/1696/375 1244/1698/375 1163/1697/375
f 1111/1699/323 1118/1700/323 1244/1701/323
f 1118/1700/319 1245/1702/319 1244/1701/319
f 1118/1703/369 1119/1704/369 1245/1705/369
f 1119/1704/376 1246/1706/376 1245/1705/376
f 1119/1707/32 1113/1708/32 1246/1709/32
f 1113/1708/322 1247/1710/322 1246/1709/322
f 1113/1711/288 1114/1712/289 1247/1713/376
f 1114/1712/376 1248/1714/376 1247/1713/376
f 1114/1715/289 1115/1716/290 1248/1717/323
f 1115/1716/326 1249/1718/326 1248/1717/326
f 1115/1719/290 1117/1720/292 1249/1721/377
f 1117/1720/377 1250/1722/377 1249/1721/377
f 1117/1723/292 1116/1724/291 1250/1725/319
f 1116/1724/326 1251/1726/326 1250/1725/326
f 1116/1727/291 1107/1728/281 1251/1729/330
f 1107/1728/330 1156/1730/330 1251/1729/330
f 1053/1212/239 1252/1731/239 1045/1204/239
f 1046/1732/32 1045/1733/32 1253/1734/32
f 1045/1733/32 1254/1735/32 1253/1734/32
f 1045/1736/358 1252/1737/358 1254/1738/358
f 1252/1737/359 1255/1739/359 1254/1738/359
f 1252/1740/323 1053/1741/323 1255/1742/323
f 1053/1741/319 1256/1743/319 1255/1742/319
f 1053/1744/361 1052/1745/361 1256/1746/361
f 1052/1745/361 1257/1747/361 1256/1746/361
f 1052/1748/319 1051/1749/319 1257/1750/319
f 1051/1749/363 1258/1751/363 1257/1750/363
f 1051/1752/356 1050/1753/356 1258/1754/356
f 1050/1753/356 1259/1755/356 1258/1754/356
f 1050/1756/240 1061/1757/249 1259/1758/32
f 1061/1757/32 1260/1759/32 1259/1758/32
f 1061/1760/249 1060/1761/248 1260/1762/359
f 1060/1761/358 1261/1763/358 1260/1762/358
f 1060/1764/248 1059/1765/247 1261/1766/363
f 1059/1765/363 1262/1767/363 1261/1766/363
f 1059/1768/247 1058/1769/246 1262/1770/356
f 1058/1769/356 1263/1771/356 1262/1770/356
f 1058/1772/246 1056/1773/243 1263/1774/378
f 1056/1773/378 1264/1775/378 1263/1774/378
f 1056/1776/243 1054/1777/242 1264/1778/361
f 1054/1777/361 1265/1779/361 1264/1778/361
f 1054/1780/242 1055/1781/244 1265/1782/32
f 1055/1781/32 1266/1783/32 1265/1782/32
f 1055/1784/244 1057/1785/245 1266/1786/358
f 1057/1785/358 1267/1787/358 1266/1786/358
f 1057/1788/326 1062/1789/326 1267/1790/326
f 1062/1789/326 1268/1791/326 1267/1790/326
f 1062/1792/379 1063/1793/379 1268/1794/379
f 1063/1793/364 1269/1795/364 1268/1794/364
f 1063/1796/32 1049/1797/32 1269/1798/32
f 1049/1797/32 1270/1799/32 1269/1798/32
f 1049/1800/361 1047/1801/361 1270/1802/361
f 1047/1801/360 1271/1803/360 1270/1802/360
f 1047/1804/363 1048/1805/363 1271/1806/363
f 1048/1805/357 1272/1807/357 1271/1806/357
f 1048/1808/360 1046/1809/360 1272/1810/360
f 1046/1809/360 1253/1811/360 1272/1810/360
f 1075/1812/32 1090/1813/32 1273/1814/32
f 1090/1813/32 1274/1815/32 1273/1814/32
f 1090/1816/333 1091/1817/333 1274/1818/333
f 1091/1817/333 1275/1819/333 1274/1818/333
f 1091/1820/323 1077/1821/323 1275/1822/323
f 1077/1821/323 1276/1823/323 1275/1822/323
f 1077/1824/259 1079/1825/261 1276/1826/380
f 1079/1825/381 1277/1827/381 1276/1826/381
f 1079/1825/382 1085/1828/382 1277/1827/382
f 1085/1828/382 1278/1829/382 1277/1827/382
f 1085/1830/62 1084/1831/62 1278/1832/62
f 1084/1831/355 1279/1833/355 1278/1832/355
f 1084/1834/332 1086/1835/332 1279/1836/332
f 1086/1835/333 1280/1837/333 1279/1836/333
f 1086/1838/323 1088/1839/323 1280/1840/323
f 1088/1839/323 1281/1841/323 1280/1840/323
f 1088/1842/346 1089/1843/346 1281/1844/346
f 1089/1843/345 1282/1845/345 1281/1844/345
f 1089/1846/383 1087/1847/383 1282/1848/383
f 1087/1847/383 1283/1849/383 1282/1848/383
f 1087/1850/384 1081/1851/384 1283/1852/384
f 1081/1851/385 1284/1853/385 1283/1852/385
f 1081/1851/263 1082/1854/264 1284/1853/386
f 1082/1854/387 1285/1855/387 1284/1853/387
f 1082/1856/264 1083/1857/265 1285/1858/383
f 1083/1857/383 1286/1859/383 1285/1858/383
f 1083/1860/265 1070/1861/252 1286/1862/333
f 1070/1861/333 1287/1863/333 1286/1862/333
f 1070/1864/323 1072/1865/323 1287/1866/323
f 1072/1865/323 1288/1867/323 1287/1866/323
f 1072/1868/338 1073/1869/338 1288/1870/338
f 1073/1869/338 1289/1871/338 1288/1870/338
f 1073/1872/343 1071/1873/343 1289/1874/343
f 1071/1873/343 1290/1875/343 1289/1874/343
f 1071/1876/253 1080/1877/262 1290/1878/388
f 1080/1877/388 1291/1879/388 1290/1878/388
f 1080/1877/389 1065/1880/389 1291/1879/389
f 1065/1880/389 1292/1881/389 1291/1879/389
f 1065/1882/318 1064/1883/318 1292/1884/318
f 1064/1883/318 1293/1885/318 1292/1884/318
f 1064/1886/338 1066/1887/338 1293/1888/338
f 1066/1887/338 1294/1889/338 1293/1888/338
f 1066/1890/32 1068/1891/32 1294/1892/32
f 1068/1891/32 1295/1893/32 1294/1892/32
f 1068/1894/333 1069/1895/333 1295/1896/333
f 1069/1895/333 1296/1897/333 1295/1896/333
f 1069/1898/319 1067/1899/319 1296/1900/319
f 1067/1899/319 1297/1901/319 1296/1900/319
f 1067/1902/390 1078/1903/390 1297/1904/390
f 1078/1903/391 1298/1905/391 1297/1904/391
f 1078/1903/260 1076/1906/257 1298/1905/392
f 1076/1906/393 1299/1907/393 1298/1905/393
f 1076/1908/257 1074/1909/256 1299/1910/323
f 1074/1909/323 1300/1911/323 1299/1910/323
f 1074/1912/256 1075/1913/258 1300/1914/345
f 1075/1913/394 1273/1915/394 1300/1914/394
usemtl Tex_0071_0_png
f 867/1916/395 868/1917/396 869/1918/397
f 868/1917/398 870/1919/398 869/1918/398
f 871/1920/399 872/1921/399 873/1922/400
f 872/1921/401 874/1923/402 873/1922/403
f 873/1922/403 874/1923/402 875/1924/404
f 874/1923/402 876/1925/405 875/1924/404
f 875/1924/404 876/1925/406 877/1926/407
f 876/1925/408 878/1927/409 877/1926/407
f 877/1926/407 878/1927/409 879/1928/409
f 878/1927/409 880/1929/410 879/1928/409
f 879/1928/409 880/1929/410 881/1930/410
f 880/1929/410 870/1919/411 881/1930/410
f 881/1930/410 870/1919/411 882/1931/411
f 870/1919/411 868/1917/412 882/1931/411
f 882/1931/411 868/1917/412 883/1932/413
f 868/1917/414 867/1916/395 883/1932/413
f 883/1932/413 867/1916/395 871/1920/415
f 867/1916/395 872/1921/401 871/1920/415
f 884/1933/416 873/1922/417 885/1934/418
f 873/1922/417 875/1924/419 885/1934/418
f 885/1934/418 875/1924/419 886/1935/419
f 875/1924/419 877/1926/420 886/1935/419
f 886/1935/419 877/1926/420 887/1936/420
f 877/1926/420 879/1928/421 887/1936/420
f 887/1936/420 879/1928/421 888/1937/421
f 879/1928/421 881/1930/422 888/1937/421
f 888/1937/421 881/1930/422 889/1938/422
f 881/1930/422 882/1931/423 889/1938/422
f 889/1938/422 882/1931/423 890/1939/423
f 882/1931/423 883/1932/424 890/1939/423
f 890/1939/423 883/1932/424 891/1940/425
f 883/1932/426 871/1920/427 891/1940/425
f 891/1940/425 871/1920/427 884/1933/428
f 871/1920/427 873/1922/416 884/1933/428
f 870/1919/429 880/1929/430 869/1918/431
f 880/1929/430 878/1927/432 869/1918/431
f 869/1918/397 878/1927/432 876/1925/405
f 867/1916/395 869/1918/397 872/1921/401
f 872/1921/401 869/1918/397 874/1923/402
f 869/1918/397 876/1925/405 874/1923/402
f 892/1941/144 893/1942/144 894/1943/433
f 893/1942/434 895/1944/139 894/1943/433
f 894/1943/433 895/1944/139 896/1945/435
f 895/1944/171 897/1946/436 896/1945/435
f 896/1945/435 897/1946/436 898/1947/436
f 897/1946/436 899/1948/177 898/1947/436
f 898/1947/436 899/1948/177 900/1949/437
f 899/1948/438 901/1950/439 900/1949/437
f 900/1949/437 901/1950/439 902/1951/439
f 901/1950/439 903/1952/440 902/1951/439
f 902/1951/439 903/1952/440 904/1953/441
f 903/1952/440 905/1954/442 904/1953/441
f 904/1953/441 905/1954/442 906/1955/442
f 905/1954/442 907/1956/147 906/1955/442
f 906/1955/442 907/1956/147 892/1941/147
f 907/1956/144 893/1942/144 892/1941/144
f 908/1957/148 909/1958/148 910/1959/148
f 903/1952/443 909/1958/444 905/1954/445
f 909/1958/444 908/1957/446 905/1954/445
f 905/1954/445 908/1957/446 907/1956/447
f 908/1957/446 911/1960/448 907/1956/447
f 907/1956/447 911/1960/448 893/1942/448
f 911/1960/448 912/1961/449 893/1942/448
f 893/1942/448 912/1961/449 895/1944/450
f 912/1961/449 913/1962/451 895/1944/450
f 895/1944/450 913/1962/451 897/1946/451
f 913/1962/451 914/1963/452 897/1946/451
f 897/1946/451 914/1963/452 899/1948/453
f 914/1963/452 915/1964/454 899/1948/453
f 899/1948/453 915/1964/454 901/1950/455
f 915/1964/454 916/1965/456 901/1950/455
f 901/1950/457 916/1965/456 903/1952/458
f 916/1965/456 909/1958/443 903/1952/458
f 909/1958/459 916/1965/460 910/1959/461
f 916/1965/460 915/1964/462 910/1959/461
f 910/1959/461 915/1964/462 914/1963/179
f 913/1962/157 912/1961/463 910/1959/464
f 912/1961/463 911/1960/465 910/1959/464
f 910/1959/464 911/1960/465 908/1957/131
f 914/1963/466 913/1962/466 910/1959/466
f 917/1966/467 919/1967/468 918/1968/469
f 919/1967/470 920/1969/471 918/1968/472
f 920/1969/473 921/1970/474 918/1968/475
f 921/1970/476 922/1971/477 918/1968/478
f 923/1972/479 925/1973/480 924/1974/481
f 925/1973/482 926/1975/482 924/1974/483
f 926/1975/484 927/1976/485 924/1974/486
f 927/1976/487 928/1977/488 924/1974/489
f 924/1974/481 929/1978/490 923/1972/479
f 923/1972/479 929/1978/490 922/1971/477
f 929/1978/490 930/1979/491 922/1971/477
f 922/1971/477 930/1979/491 918/1968/478
f 918/1968/469 930/1979/492 917/1966/467
f 917/1966/467 930/1979/492 928/1977/488
f 930/1979/492 929/1978/493 928/1977/488
f 928/1977/488 929/1978/493 924/1974/489
f 922/1971/477 921/1970/494 923/1972/479
f 923/1972/100 921/1970/495 925/1973/14
f 921/1970/495 920/1969/74 925/1973/14
f 925/1973/14 920/1969/74 926/1975/74
f 920/1969/74 919/1967/496 926/1975/74
f 926/1975/74 919/1967/496 927/1976/497
f 919/1967/496 917/1966/84 927/1976/497
f 927/1976/498 917/1966/467 928/1977/488
f 931/1980/499 933/1981/500 932/1982/501
f 933/1981/502 934/1983/503 932/1982/504
f 934/1983/505 935/1984/506 932/1982/507
f 935/1984/508 936/1985/509 932/1982/510
f 937/1986/511 939/1987/512 938/1988/513
f 939/1987/514 940/1989/514 938/1988/515
f 940/1989/516 941/1990/517 938/1988/518
f 941/1990/519 942/1991/520 938/1988/521
f 938/1988/513 943/1992/522 937/1986/511
f 937/1986/511 943/1992/522 936/1985/509
f 943/1992/522 944/1993/523 936/1985/509
f 936/1985/509 944/1993/523 932/1982/510
f 932/1982/501 944/1993/524 931/1980/499
f 931/1980/499 944/1993/524 942/1991/520
f 944/1993/524 943/1992/525 942/1991/520
f 942/1991/520 943/1992/525 938/1988/521
f 936/1985/509 935/1984/526 937/1986/511
f 937/1986/63 935/1984/527 939/1987/1
f 935/1984/527 934/1983/100 939/1987/1
f 939/1987/1 934/1983/100 940/1989/100
f 934/1983/100 933/1981/102 940/1989/100
f 940/1989/100 933/1981/102 941/1990/528
f 933/1981/102 931/1980/74 941/1990/528
f 941/1990/529 931/1980/499 942/1991/520
f 945/1994/530 947/1995/531 946/1996/532
f 947/1995/533 948/1997/534 946/1996/535
f 948/1997/536 949/1998/537 946/1996/538
f 949/1998/539 950/1999/540 946/1996/541
f 951/2000/542 953/2001/543 952/2002/544
f 953/2001/545 954/2003/545 952/2002/546
f 954/2003/547 955/2004/548 952/2002/549
f 955/2004/480 956/2005/550 952/2002/551
f 952/2002/544 957/2006/552 951/2000/542
f 951/2000/542 957/2006/552 950/1999/540
f 957/2006/552 958/2007/553 950/1999/540
f 950/1999/540 958/2007/553 946/1996/541
f 952/2002/551 956/2005/550 957/2006/554
f 957/2006/554 956/2005/550 958/2007/555
f 956/2005/550 945/1994/530 958/2007/555
f 958/2007/555 945/1994/530 946/1996/532
f 950/1999/540 949/1998/556 951/2000/542
f 951/2000/84 949/1998/557 953/2001/13
f 949/1998/557 948/1997/63 953/2001/13
f 953/2001/13 948/1997/63 954/2003/63
f 948/1997/63 947/1995/82 954/2003/63
f 954/2003/63 947/1995/82 955/2004/558
f 947/1995/82 945/1994/100 955/2004/558
f 955/2004/559 945/1994/530 956/2005/550
f 959/2008/560 961/2009/561 960/2010/562
f 961/2009/563 962/2011/564 960/2010/565
f 962/2011/566 963/2012/566 960/2010/567
f 963/2012/568 964/2013/569 960/2010/570
f 965/2014/571 967/2015/572 966/2016/573
f 967/2015/574 968/2017/575 966/2016/576
f 968/2017/577 969/2018/578 966/2016/579
f 969/2018/580 970/2019/581 966/2016/582
f 966/2016/573 971/2020/583 965/2014/571
f 965/2014/571 971/2020/583 964/2013/569
f 971/2020/583 972/2021/584 964/2013/569
f 964/2013/569 972/2021/584 960/2010/570
f 960/2010/562 972/2021/585 959/2008/560
f 959/2008/560 972/2021/585 970/2019/581
f 972/2021/585 971/2020/586 970/2019/581
f 970/2019/581 971/2020/586 966/2016/582
f 964/2013/569 963/2012/587 965/2014/571
f 965/2014/74 963/2012/588 967/2015/5
f 963/2012/588 962/2011/84 967/2015/5
f 967/2015/5 962/2011/84 968/2017/84
f 962/2011/84 961/2009/89 968/2017/84
f 968/2017/84 961/2009/89 969/2018/589
f 961/2009/89 959/2008/63 969/2018/589
f 969/2018/590 959/2008/560 970/2019/581
usemtl Tex_0023_0_png
f 1301/2022/591 1303/2023/592 1302/2024/591
f 1302/2024/591 1303/2023/592 1304/2025/593
f 1303/2023/594 1305/2026/595 1304/2025/596
f 1304/2025/597 1305/2026/598 1306/2027/599
f 1305/2026/598 1307/2028/600 1306/2027/599
f 1306/2027/599 1307/2028/600 1308/2029/601
f 1307/2028/602 1309/2030/603 1308/2029/604
f 1308/2029/605 1309/2030/606 1310/2031/607
f 1309/2030/606 1311/2032/13 1310/2031/607
f 1310/2031/607 1311/2032/13 1312/2033/13
f 1311/2032/13 1313/2034/608 1312/2033/13
f 1312/2033/13 1313/2034/608 1314/2035/608
f 1313/2034/608 1315/2036/609 1314/2035/608
f 1314/2035/608 1315/2036/609 1316/2037/610
f 1315/2036/611 1301/2038/612 1316/2037/613
f 1316/2037/612 1301/2038/612 1302/2039/612
f 1317/2040/614 1319/2041/14 1318/2042/614
f 1318/2042/614 1319/2041/14 1320/2043/14
f 1319/2041/14 1321/2044/599 1320/2043/14
f 1320/2043/14 1321/2044/599 1322/2045/599
f 1321/2044/599 1323/2046/5 1322/2045/599
f 1322/2045/599 1323/2046/5 1324/2047/5
f 1323/2046/5 1325/2048/607 1324/2047/5
f 1324/2047/5 1325/2048/607 1326/2049/607
f 1325/2048/607 1327/2050/13 1326/2049/607
f 1326/2049/607 1327/2050/13 1328/2051/13
f 1327/2050/13 1329/2052/608 1328/2051/13
f 1328/2051/13 1329/2052/608 1330/2053/608
f 1329/2052/608 1331/2054/609 1330/2053/608
f 1330/2053/608 1331/2054/609 1332/2055/615
f 1331/2054/616 1317/2056/612 1332/2055/617
f 1332/2055/612 1317/2056/612 1318/2057/612
usemtl Tex_0022_0_png
f 19/2058/618 21/2059/619 20/2060/618
f 20/2060/620 21/2059/621 22/2061/622
f 21/2059/623 23/2062/624 22/2061/625
f 22/2061/32 23/2062/626 24/2063/627
f 23/2062/626 25/2064/628 24/2063/627
f 24/2063/627 25/2064/628 26/2065/629
f 25/2064/630 27/2066/631 26/2065/632
f 26/2065/633 27/2066/633 28/2067/633
f 29/2068/605 30/2069/634 28/2067/635
f 28/2067/636 30/2069/637 26/2065/638
f 30/2069/637 31/2070/639 26/2065/638
f 26/2065/638 31/2070/639 24/2063/640
f 31/2070/639 32/2071/641 24/2063/640
f 24/2063/640 32/2071/641 22/2061/622
f 32/2071/641 33/2072/642 22/2061/622
f 22/2061/622 33/2072/642 34/2073/643
f 33/2072/642 35/2074/644 34/2073/643
f 34/2073/643 35/2074/644 20/2060/620
f 35/2074/645 36/2075/2 20/2060/646
f 20/2060/646 36/2075/2 19/2058/612
f 31/2070/639 30/2069/637 32/2071/641
f 30/2069/647 37/2076/648 32/2071/649
f 32/2071/649 37/2076/648 38/2077/648
f 37/2076/648 39/2078/650 38/2077/648
f 38/2077/648 39/2078/650 33/2072/651
f 39/2078/652 35/2074/644 33/2072/642
f 36/2075/2 35/2074/645 40/2079/653
f 35/2074/654 39/2078/17 40/2079/608
f 40/2079/608 39/2078/17 41/2080/17
f 39/2078/17 37/2076/655 41/2080/17
f 41/2080/17 37/2076/655 29/2068/655
f 37/2076/605 30/2069/634 29/2068/605
f 42/2081/14 27/2066/631 25/2064/630
f 20/2060/620 22/2061/622 34/2073/643
f 23/2062/656 21/2059/657 25/2064/630
f 25/2064/630 21/2059/657 42/2081/14
f 21/2059/657 19/2058/658 42/2081/14
f 38/2077/32 33/2072/642 32/2071/641
f 43/2082/659 44/2083/659 45/2084/660
f 44/2083/661 46/2085/662 45/2084/660
f 45/2084/660 46/2085/663 47/2086/664
f 46/2085/662 48/2087/665 47/2086/664
f 47/2086/664 48/2087/665 49/2088/655
f 48/2087/665 50/2089/666 49/2088/655
f 49/2088/655 50/2089/667 51/2090/668
f 50/2089/669 52/2091/670 51/2090/668
f 51/2090/668 52/2091/671 53/2092/672
f 43/2082/673 45/2084/674 54/2093/675
f 45/2084/674 47/2086/676 54/2093/675
f 54/2093/675 47/2086/676 55/2094/677
f 47/2086/676 49/2088/677 55/2094/677
f 55/2094/677 49/2088/677 56/2095/678
f 49/2088/677 51/2090/679 56/2095/678
f 56/2095/680 51/2090/679 57/2096/681
f 51/2090/679 53/2092/682 57/2096/681
f 52/2091/670 50/2089/669 58/2097/683
f 58/2097/684 50/2089/666 59/2098/685
f 50/2089/666 48/2087/665 59/2098/685
f 59/2098/685 48/2087/665 60/2099/686
f 48/2087/665 46/2085/662 60/2099/686
f 60/2099/686 46/2085/662 44/2083/661
f 61/2100/687 62/2101/688 63/2102/689
f 62/2101/688 64/2103/690 63/2102/689
f 63/2102/691 52/2091/670 61/2100/692
f 52/2091/670 58/2097/683 61/2100/692
f 61/2100/687 58/2097/693 65/2104/694
f 58/2097/693 66/2105/695 65/2104/694
f 65/2104/696 66/2105/697 67/2106/698
f 66/2105/697 68/2107/699 67/2106/698
f 67/2106/700 68/2107/699 69/2108/701
f 68/2107/699 44/2083/702 69/2108/701
f 69/2108/701 44/2083/702 70/2109/703
f 44/2083/702 43/2082/704 70/2109/703
f 70/2109/703 43/2082/704 71/2110/705
f 43/2082/704 54/2093/706 71/2110/705
f 71/2110/705 54/2093/706 72/2111/707
f 54/2093/706 55/2094/707 72/2111/707
f 72/2111/707 55/2094/707 73/2112/708
f 55/2094/707 56/2095/708 73/2112/708
f 73/2112/708 56/2095/708 74/2113/709
f 56/2095/708 57/2096/710 74/2113/709
f 74/2113/711 57/2096/710 64/2103/712
f 57/2096/710 53/2092/713 64/2103/712
f 64/2103/712 53/2092/713 63/2102/714
f 53/2092/713 52/2091/672 63/2102/714
f 58/2097/693 59/2098/715 66/2105/695
f 66/2105/695 59/2098/715 75/2114/716
f 59/2098/715 60/2099/717 75/2114/716
f 75/2114/716 60/2099/717 44/2083/718
f 65/2104/694 76/2115/719 61/2100/687
f 61/2100/687 76/2115/719 62/2101/688
f 76/2115/719 77/2116/720 62/2101/688
f 62/2101/688 77/2116/720 64/2103/690
f 66/2105/695 75/2114/716 68/2107/721
f 75/2114/716 44/2083/718 68/2107/721
f 67/2106/698 78/2117/722 65/2104/696
f 65/2104/723 78/2117/724 76/2115/725
f 78/2117/724 79/2118/726 76/2115/725
f 76/2115/725 79/2118/726 77/2116/727
f 79/2118/726 80/2119/727 77/2116/727
f 77/2116/727 80/2119/727 64/2103/728
f 69/2108/701 81/2120/729 67/2106/700
f 67/2106/730 81/2120/729 78/2117/591
f 81/2120/729 82/2121/731 78/2117/591
f 78/2117/591 82/2121/731 79/2118/732
f 82/2121/731 83/2122/733 79/2118/732
f 79/2118/732 83/2122/733 80/2119/734
f 83/2122/733 84/2123/735 80/2119/734
f 80/2119/734 84/2123/735 64/2103/712
f 84/2123/735 74/2113/711 64/2103/712
f 69/2108/701 70/2109/736 81/2120/729
f 70/2109/736 71/2110/737 81/2120/729
f 81/2120/729 71/2110/737 82/2121/731
f 71/2110/737 72/2111/612 82/2121/731
f 82/2121/731 72/2111/612 83/2122/733
f 72/2111/612 73/2112/738 83/2122/733
f 83/2122/733 73/2112/738 84/2123/735
f 73/2112/738 74/2113/711 84/2123/735
usemtl Tex_0012_0_png
f 110/2124/739 111/2125/739 112/2126/740
f 111/2125/741 113/2127/742 112/2126/740
f 112/2126/743 113/2127/744 114/2128/745
f 113/2127/746 115/2129/747 114/2128/745
f 114/2128/745 115/2129/747 116/2130/748
f 115/2129/747 117/2131/749 116/2130/748
f 116/2130/748 117/2131/750 118/2132/751
f 117/2131/749 119/2133/752 118/2132/751
f 118/2132/751 119/2133/752 120/2134/753
f 119/2133/752 121/2135/754 120/2134/753
f 120/2134/753 121/2135/754 110/2124/755
f 121/2135/754 111/2125/741 110/2124/755
f 119/2133/752 122/2136/756 121/2135/754
f 121/2135/754 122/2136/756 111/2125/741
f 122/2136/756 113/2127/742 111/2125/741
f 113/2127/746 122/2136/757 115/2129/747
f 115/2129/747 122/2136/757 117/2131/749
f 122/2136/757 119/2133/752 117/2131/749
f 123/2137/597 124/2138/597 125/2139/599
f 124/2138/758 126/2140/759 125/2139/599
f 125/2139/599 126/2140/760 127/2141/5
f 126/2140/759 128/2142/761 127/2141/5
f 127/2141/5 128/2142/761 129/2143/607
f 128/2142/761 130/2144/762 129/2143/607
f 129/2143/607 130/2144/655 131/2145/13
f 130/2144/762 132/2146/763 131/2145/13
f 131/2145/13 132/2146/763 133/2147/608
f 132/2146/763 134/2148/764 133/2147/608
f 133/2147/608 134/2148/764 135/2149/1
f 134/2148/764 136/2150/765 135/2149/1
f 135/2149/1 136/2150/765 137/2151/731
f 136/2150/765 138/2152/766 137/2151/731
f 137/2151/731 138/2152/614 123/2137/614
f 138/2152/766 124/2138/758 123/2137/597
f 139/2153/614 141/2154/731 140/2155/765
f 140/2155/765 141/2154/731 142/2156/764
f 141/2154/731 143/2157/1 142/2156/764
f 142/2156/764 143/2157/1 144/2158/763
f 143/2157/1 145/2159/608 144/2158/763
f 144/2158/763 145/2159/608 146/2160/767
f 145/2159/608 147/2161/13 146/2160/767
f 146/2160/767 147/2161/13 148/2162/761
f 147/2161/13 149/2163/607 148/2162/761
f 148/2162/761 149/2163/607 150/2164/768
f 149/2163/607 151/2165/5 150/2164/768
f 150/2164/768 151/2165/5 152/2166/769
f 151/2165/5 153/2167/770 152/2166/769
f 152/2166/769 153/2167/770 154/2168/771
f 153/2167/772 139/2153/597 154/2168/597
f 154/2168/771 139/2153/614 140/2155/765
f 144/2158/763 155/2169/32 142/2156/764
f 155/2169/32 156/2170/32 142/2156/764
f 142/2156/764 156/2170/32 140/2155/765
f 156/2170/32 157/2171/32 140/2155/765
f 140/2155/765 157/2171/32 154/2168/771
f 157/2171/32 158/2172/32 154/2168/771
f 154/2168/771 158/2172/32 152/2166/769
f 158/2172/32 159/2173/32 152/2166/769
f 152/2166/769 159/2173/32 150/2164/768
f 159/2173/32 160/2174/32 150/2164/768
f 150/2164/768 160/2174/32 148/2162/761
f 160/2174/32 161/2175/32 148/2162/761
f 148/2162/761 161/2175/32 146/2160/767
f 161/2175/32 162/2176/32 146/2160/767
f 146/2160/767 162/2176/32 144/2158/763
f 162/2176/32 155/2169/32 144/2158/763
f 136/2150/765 134/2148/764 163/2177/32
f 163/2177/32 134/2148/764 164/2178/32
f 134/2148/764 132/2146/763 164/2178/32
f 164/2178/32 132/2146/763 165/2179/32
f 132/2146/763 130/2144/762 165/2179/32
f 165/2179/32 130/2144/762 166/2180/32
f 130/2144/762 128/2142/761 166/2180/32
f 166/2180/32 128/2142/761 167/2181/32
f 128/2142/761 126/2140/759 167/2181/32
f 167/2181/32 126/2140/759 168/2182/32
f 126/2140/759 124/2138/758 168/2182/32
f 168/2182/32 124/2138/758 169/2183/32
f 124/2138/758 138/2152/766 169/2183/32
f 169/2183/32 138/2152/766 170/2184/32
f 138/2152/766 136/2150/765 170/2184/32
f 170/2184/32 136/2150/765 163/2177/32
f 171/2185/773 173/2186/774 172/2187/773
f 172/2187/773 173/2186/774 174/2188/774
f 173/2186/774 175/2189/775 174/2188/774
f 174/2188/774 175/2189/775 176/2190/776
f 175/2189/775 177/2191/777 176/2190/776
f 176/2190/776 177/2191/777 178/2192/777
f 177/2191/777 179/2193/778 178/2192/777
f 178/2192/777 179/2193/778 180/2194/778
f 179/2193/778 181/2195/779 180/2194/778
f 180/2194/778 181/2195/779 182/2196/779
f 183/2197/780 185/2198/780 184/2199/780
f 184/2199/780 185/2198/780 186/2200/780
f 185/2198/781 183/2197/782 187/2201/783
f 183/2197/782 188/2202/783 187/2201/783
f 188/2202/783 189/2203/784 187/2201/783
f 187/2201/783 189/2203/784 190/2204/785
f 189/2203/784 191/2205/786 190/2204/785
f 190/2204/785 191/2205/786 192/2206/786
f 191/2205/786 193/2207/787 192/2206/786
f 192/2206/786 193/2207/787 194/2208/787
f 193/2207/787 184/2199/788 194/2208/787
f 194/2208/787 184/2199/788 186/2200/789
f 195/2209/790 196/2210/791 197/2211/792
f 196/2210/791 198/2212/792 197/2211/792
f 197/2211/792 198/2212/792 199/2213/793
f 198/2212/792 200/2214/793 199/2213/793
f 199/2213/793 200/2214/793 201/2215/794
f 200/2214/793 202/2216/794 201/2215/794
f 201/2215/794 202/2216/794 203/2217/795
f 202/2216/794 204/2218/796 203/2217/795
f 205/2219/797 206/2220/798 207/2221/797
f 207/2221/797 206/2220/798 208/2222/798
f 208/2222/798 206/2220/798 209/2223/799
f 206/2220/798 210/2224/800 209/2223/799
f 209/2223/799 210/2224/800 211/2225/801
f 210/2224/802 212/2226/803 211/2225/803
f 181/2195/363 213/2227/323 182/2196/323
f 182/2196/323 213/2227/323 214/2228/323
f 213/2227/323 215/2229/323 214/2228/323
f 214/2228/323 215/2229/323 216/2230/323
f 217/2231/804 218/2232/804 219/2233/805
f 218/2232/804 220/2234/805 219/2233/805
f 219/2233/805 220/2234/805 221/2235/806
f 220/2234/805 222/2236/806 221/2235/806
f 196/2210/791 195/2209/790 223/2237/807
f 223/2237/807 195/2209/807 224/2238/807
f 203/2217/795 204/2218/796 224/2238/808
f 224/2238/808 204/2218/808 223/2237/808
f 225/2239/809 226/2240/809 227/2241/810
f 226/2240/809 228/2242/811 227/2241/810
f 227/2241/810 228/2242/811 217/2231/812
f 228/2242/811 218/2232/812 217/2231/812
f 226/2240/813 225/2239/813 229/2243/814
f 225/2239/813 230/2244/814 229/2243/814
f 229/2243/814 230/2244/814 222/2236/815
f 230/2244/814 221/2235/815 222/2236/815
f 231/2245/816 232/2246/817 233/2247/816
f 233/2247/816 232/2246/817 234/2248/817
f 234/2248/817 232/2246/817 235/2249/818
f 232/2246/817 236/2250/819 235/2249/818
f 235/2249/818 236/2250/819 215/2229/820
f 236/2250/821 216/2230/822 215/2229/822
f 237/2251/823 239/2252/824 238/2253/825
f 238/2253/825 239/2252/824 240/2254/824
f 239/2252/824 241/2255/826 240/2254/824
f 240/2254/824 241/2255/826 242/2256/827
f 241/2255/826 243/2257/828 242/2256/827
f 242/2256/827 243/2257/828 244/2258/829
f 243/2257/828 245/2259/830 244/2258/829
f 244/2258/829 245/2259/830 246/2260/830
f 245/2259/830 247/2261/831 246/2260/830
f 246/2260/830 247/2261/831 248/2262/831
f 249/2263/832 251/2264/832 250/2265/832
f 250/2265/833 251/2264/833 252/2266/833
f 251/2264/834 249/2263/834 253/2267/835
f 249/2263/834 254/2268/835 253/2267/835
f 254/2268/835 255/2269/836 253/2267/835
f 253/2267/835 255/2269/836 256/2270/837
f 255/2269/836 257/2271/838 256/2270/837
f 256/2270/837 257/2271/838 258/2272/838
f 257/2271/838 259/2273/839 258/2272/838
f 258/2272/838 259/2273/839 260/2274/839
f 259/2273/839 250/2265/840 260/2274/839
f 260/2274/839 250/2265/840 252/2266/840
f 261/2275/841 262/2276/842 263/2277/843
f 262/2276/842 264/2278/844 263/2277/843
f 263/2277/843 264/2278/844 265/2279/845
f 264/2278/844 266/2280/845 265/2279/845
f 265/2279/845 266/2280/845 267/2281/846
f 266/2280/845 268/2282/847 267/2281/846
f 267/2281/846 268/2282/847 269/2283/848
f 268/2282/847 270/2284/849 269/2283/848
f 247/2261/323 271/2285/323 248/2262/323
f 248/2262/323 271/2285/323 272/2286/326
f 271/2285/323 273/2287/323 272/2286/326
f 272/2286/326 273/2287/323 274/2288/323
f 275/2289/850 276/2290/851 277/2291/852
f 276/2290/851 278/2292/853 277/2291/852
f 277/2291/852 278/2292/853 279/2293/854
f 278/2292/853 280/2294/855 279/2293/854
f 262/2276/842 261/2275/841 281/2295/856
f 281/2295/857 261/2275/857 282/2296/857
f 269/2283/848 270/2284/849 282/2296/858
f 282/2296/859 270/2284/859 281/2295/859
f 283/2297/860 284/2298/861 285/2299/862
f 284/2298/861 286/2300/862 285/2299/862
f 285/2299/862 286/2300/862 275/2289/863
f 286/2300/862 276/2290/863 275/2289/863
f 284/2298/864 283/2297/865 287/2301/866
f 283/2297/865 288/2302/866 287/2301/866
f 287/2301/866 288/2302/866 280/2294/867
f 288/2302/866 279/2293/867 280/2294/867
f 207/2221/868 289/2303/869 205/2219/868
f 205/2219/868 289/2303/869 290/2304/869
f 290/2304/869 289/2303/869 291/2305/870
f 289/2303/869 292/2306/871 291/2305/870
f 291/2305/870 292/2306/871 273/2287/872
f 292/2306/873 274/2288/874 273/2287/874
f 172/2187/875 293/2307/876 171/2185/875
f 171/2185/875 293/2307/876 294/2308/876
f 293/2307/876 295/2309/877 294/2308/876
f 294/2308/876 295/2309/877 296/2310/877
f 295/2309/877 297/2311/878 296/2310/877
f 296/2310/877 297/2311/878 298/2312/879
f 297/2311/878 299/2313/880 298/2312/879
f 298/2312/879 299/2313/880 300/2314/880
f 299/2313/880 301/2315/881 300/2314/880
f 300/2314/880 301/2315/881 302/2316/881
f 303/2317/882 305/2318/882 304/2319/882
f 304/2319/882 305/2318/882 306/2320/882
f 305/2318/883 303/2317/883 307/2321/884
f 303/2317/883 308/2322/884 307/2321/884
f 308/2322/884 309/2323/885 307/2321/884
f 307/2321/884 309/2323/885 310/2324/885
f 309/2323/885 311/2325/886 310/2324/885
f 310/2324/885 311/2325/886 312/2326/886
f 311/2325/886 313/2327/887 312/2326/886
f 312/2326/886 313/2327/887 314/2328/887
f 313/2327/887 304/2319/888 314/2328/887
f 314/2328/887 304/2319/888 306/2320/888
f 315/2329/889 316/2330/890 317/2331/891
f 316/2330/890 318/2332/891 317/2331/891
f 317/2331/891 318/2332/891 319/2333/892
f 318/2332/891 320/2334/893 319/2333/892
f 319/2333/892 320/2334/893 321/2335/894
f 320/2334/893 322/2336/894 321/2335/894
f 321/2335/894 322/2336/894 323/2337/895
f 322/2336/894 324/2338/896 323/2337/895
f 301/2315/363 325/2339/323 302/2316/323
f 302/2316/323 325/2339/323 326/2340/323
f 325/2339/323 327/2341/323 326/2340/323
f 326/2340/323 327/2341/323 328/2342/323
f 329/2343/897 330/2344/897 331/2345/898
f 330/2344/897 332/2346/898 331/2345/898
f 331/2345/898 332/2346/898 333/2347/899
f 332/2346/898 334/2348/899 333/2347/899
f 316/2330/890 315/2329/889 335/2349/900
f 335/2349/900 315/2329/900 336/2350/900
f 323/2337/895 324/2338/896 336/2350/901
f 336/2350/901 324/2338/901 335/2349/901
f 337/2351/902 338/2352/902 339/2353/903
f 338/2352/902 340/2354/904 339/2353/903
f 339/2353/903 340/2354/904 329/2343/905
f 340/2354/904 330/2344/905 329/2343/905
f 338/2352/906 337/2351/906 341/2355/907
f 337/2351/906 342/2356/908 341/2355/907
f 341/2355/907 342/2356/908 334/2348/909
f 342/2356/908 333/2347/909 334/2348/909
f 233/2247/910 343/2357/911 231/2245/910
f 231/2245/910 343/2357/911 344/2358/911
f 344/2358/911 343/2357/911 345/2359/912
f 343/2357/911 346/2360/913 345/2359/912
f 345/2359/912 346/2360/913 327/2341/914
f 346/2360/915 328/2342/916 327/2341/916
f 238/2253/917 347/2361/918 237/2251/917
f 237/2251/917 347/2361/918 348/2362/918
f 347/2361/918 349/2363/919 348/2362/918
f 348/2362/918 349/2363/919 350/2364/919
f 349/2363/919 351/2365/920 350/2364/919
f 350/2364/919 351/2365/920 352/2366/920
f 351/2365/920 353/2367/921 352/2366/920
f 352/2366/920 353/2367/921 354/2368/922
f 353/2367/921 355/2369/923 354/2368/922
f 354/2368/922 355/2369/923 356/2370/924
f 357/2371/925 359/2372/925 358/2373/925
f 358/2373/925 359/2372/925 360/2374/925
f 359/2372/926 357/2371/926 361/2375/927
f 357/2371/926 362/2376/928 361/2375/927
f 362/2376/928 363/2377/929 361/2375/927
f 361/2375/927 363/2377/929 364/2378/930
f 363/2377/929 365/2379/931 364/2378/930
f 364/2378/932 365/2379/933 366/2380/934
f 365/2379/933 367/2381/935 366/2380/934
f 366/2380/934 367/2381/935 368/2382/936
f 367/2381/935 358/2373/937 368/2382/936
f 368/2382/936 358/2373/937 360/2374/937
f 369/2383/938 370/2384/939 371/2385/940
f 370/2384/939 372/2386/940 371/2385/940
f 371/2385/940 372/2386/940 373/2387/941
f 372/2386/940 374/2388/942 373/2387/941
f 373/2387/941 374/2388/942 375/2389/943
f 374/2388/942 376/2390/943 375/2389/943
f 375/2389/943 376/2390/943 377/2391/944
f 376/2390/943 378/2392/945 377/2391/944
f 355/2369/363 379/2393/323 356/2370/363
f 356/2370/363 379/2393/323 380/2394/323
f 379/2393/323 211/2225/326 380/2394/323
f 380/2394/323 211/2225/326 212/2226/326
f 381/2395/946 382/2396/947 383/2397/948
f 382/2396/947 384/2398/949 383/2397/948
f 383/2397/948 384/2398/949 385/2399/950
f 384/2398/949 386/2400/950 385/2399/950
f 370/2384/939 369/2383/938 387/2401/951
f 387/2401/952 369/2383/952 388/2402/952
f 377/2391/944 378/2392/945 388/2402/953
f 388/2402/953 378/2392/953 387/2401/953
f 389/2403/954 390/2404/955 391/2405/956
f 390/2404/955 392/2406/957 391/2405/956
f 391/2405/956 392/2406/957 381/2395/958
f 392/2406/957 382/2396/958 381/2395/958
f 390/2404/959 389/2403/959 393/2407/960
f 389/2403/959 394/2408/961 393/2407/960
f 393/2407/960 394/2408/961 386/2400/962
f 394/2408/961 385/2399/962 386/2400/962
f 395/2409/597 396/2410/597 397/2411/599
f 396/2410/758 398/2412/759 397/2411/599
f 397/2411/599 398/2412/760 399/2413/5
f 398/2412/759 400/2414/761 399/2413/5
f 399/2413/5 400/2414/761 401/2415/607
f 400/2414/761 402/2416/762 401/2415/607
f 401/2415/607 402/2416/655 403/2417/13
f 402/2416/762 404/2418/763 403/2417/13
f 403/2417/13 404/2418/763 405/2419/608
f 404/2418/763 406/2420/764 405/2419/608
f 405/2419/608 406/2420/764 407/2421/1
f 406/2420/764 408/2422/765 407/2421/1
f 407/2421/1 408/2422/765 409/2423/731
f 408/2422/765 410/2424/766 409/2423/731
f 409/2423/731 410/2424/614 395/2409/614
f 410/2424/766 396/2410/758 395/2409/597
f 411/2425/614 413/2426/731 412/2427/765
f 412/2427/765 413/2426/731 414/2428/764
f 413/2426/731 415/2429/1 414/2428/764
f 414/2428/764 415/2429/1 416/2430/763
f 415/2429/1 417/2431/608 416/2430/763
f 416/2430/763 417/2431/608 418/2432/767
f 417/2431/608 419/2433/13 418/2432/767
f 418/2432/767 419/2433/13 420/2434/761
f 419/2433/13 421/2435/607 420/2434/761
f 420/2434/761 421/2435/607 422/2436/768
f 421/2435/607 423/2437/5 422/2436/768
f 422/2436/768 423/2437/5 424/2438/769
f 423/2437/5 425/2439/770 424/2438/769
f 424/2438/769 425/2439/770 426/2440/771
f 425/2439/772 411/2425/597 426/2440/597
f 426/2440/771 411/2425/614 412/2427/765
f 416/2430/763 427/2441/32 414/2428/764
f 427/2441/32 428/2442/32 414/2428/764
f 414/2428/764 428/2442/32 412/2427/765
f 428/2442/32 429/2443/32 412/2427/765
f 412/2427/765 429/2443/32 426/2440/771
f 429/2443/32 430/2444/32 426/2440/771
f 426/2440/771 430/2444/32 424/2438/769
f 430/2444/32 431/2445/32 424/2438/769
f 424/2438/769 431/2445/32 422/2436/768
f 431/2445/32 432/2446/32 422/2436/768
f 422/2436/768 432/2446/32 420/2434/761
f 432/2446/32 433/2447/32 420/2434/761
f 420/2434/761 433/2447/32 418/2432/767
f 433/2447/32 434/2448/32 418/2432/767
f 418/2432/767 434/2448/32 416/2430/763
f 434/2448/32 427/2441/32 416/2430/763
f 408/2422/765 406/2420/764 435/2449/32
f 435/2449/32 406/2420/764 436/2450/32
f 406/2420/764 404/2418/763 436/2450/32
f 436/2450/32 404/2418/763 437/2451/32
f 404/2418/763 402/2416/762 437/2451/32
f 437/2451/32 402/2416/762 438/2452/32
f 402/2416/762 400/2414/761 438/2452/32
f 438/2452/32 400/2414/761 439/2453/32
f 400/2414/761 398/2412/759 439/2453/32
f 439/2453/32 398/2412/759 440/2454/32
f 398/2412/759 396/2410/758 440/2454/32
f 440/2454/32 396/2410/758 441/2455/32
f 396/2410/758 410/2424/766 441/2455/32
f 441/2455/32 410/2424/766 442/2456/32
f 410/2424/766 408/2422/765 442/2456/32
f 442/2456/32 408/2422/765 435/2449/32
f 443/2457/773 445/2458/774 444/2459/773
f 444/2459/773 445/2458/774 446/2460/774
f 445/2458/774 447/2461/775 446/2460/774
f 446/2460/774 447/2461/775 448/2462/776
f 447/2461/775 449/2463/777 448/2462/776
f 448/2462/776 449/2463/777 450/2464/777
f 449/2463/777 451/2465/778 450/2464/777
f 450/2464/777 451/2465/778 452/2466/778
f 451/2465/778 453/2467/779 452/2466/778
f 452/2466/778 453/2467/779 454/2468/779
f 455/2469/963 456/2470/963 457/2471/963
f 456/2470/963 458/2472/963 457/2471/963
f 457/2471/964 459/2473/787 455/2469/965
f 455/2469/965 459/2473/787 460/2474/787
f 460/2474/787 459/2473/787 461/2475/966
f 459/2473/787 462/2476/967 461/2475/966
f 461/2475/966 462/2476/967 463/2477/968
f 462/2476/967 464/2478/968 463/2477/968
f 463/2477/968 464/2478/968 465/2479/783
f 464/2478/968 466/2480/783 465/2479/783
f 465/2479/783 466/2480/783 456/2470/969
f 466/2480/783 458/2472/970 456/2470/969
f 467/2481/971 469/2482/972 468/2483/794
f 468/2483/794 469/2482/972 470/2484/972
f 469/2482/972 471/2485/973 470/2484/972
f 470/2484/972 471/2485/973 472/2486/973
f 471/2485/973 473/2487/791 472/2486/973
f 472/2486/973 473/2487/791 474/2488/791
f 473/2487/791 475/2489/974 474/2488/791
f 474/2488/791 475/2489/974 476/2490/975
f 477/2491/797 478/2492/798 479/2493/797
f 479/2493/797 478/2492/798 480/2494/798
f 480/2494/798 478/2492/798 481/2495/799
f 478/2492/798 482/2496/800 481/2495/799
f 481/2495/799 482/2496/800 483/2497/801
f 482/2496/802 484/2498/803 483/2497/803
f 453/2467/363 485/2499/323 454/2468/323
f 454/2468/323 485/2499/323 486/2500/323
f 485/2499/323 487/2501/323 486/2500/323
f 486/2500/323 487/2501/323 488/2502/323
f 489/2503/813 491/2504/976 490/2505/813
f 490/2505/813 491/2504/976 492/2506/976
f 491/2504/976 493/2507/809 492/2506/976
f 492/2506/976 493/2507/809 494/2508/809
f 468/2483/794 495/2509/977 467/2481/971
f 495/2509/977 496/2510/977 467/2481/977
f 475/2489/974 496/2510/978 476/2490/975
f 496/2510/978 495/2509/978 476/2490/978
f 497/2511/806 499/2512/979 498/2513/806
f 498/2513/806 499/2512/979 500/2514/980
f 499/2512/979 489/2503/815 500/2514/980
f 500/2514/980 489/2503/815 490/2505/815
f 498/2513/804 501/2515/981 497/2511/804
f 497/2511/804 501/2515/981 502/2516/981
f 501/2515/981 494/2508/812 502/2516/981
f 502/2516/981 494/2508/812 493/2507/812
f 503/2517/816 504/2518/817 505/2519/816
f 505/2519/816 504/2518/817 506/2520/817
f 506/2520/817 504/2518/817 507/2521/818
f 504/2518/817 508/2522/819 507/2521/818
f 507/2521/818 508/2522/819 487/2501/820
f 508/2522/821 488/2502/822 487/2501/822
f 509/2523/823 511/2524/824 510/2525/825
f 510/2525/825 511/2524/824 512/2526/824
f 511/2524/824 513/2527/826 512/2526/824
f 512/2526/824 513/2527/826 514/2528/827
f 513/2527/826 515/2529/828 514/2528/827
f 514/2528/827 515/2529/828 516/2530/829
f 515/2529/828 517/2531/830 516/2530/829
f 516/2530/829 517/2531/830 518/2532/830
f 517/2531/830 519/2533/831 518/2532/830
f 518/2532/830 519/2533/831 520/2534/831
f 521/2535/982 522/2536/982 523/2537/982
f 522/2536/983 524/2538/983 523/2537/983
f 523/2537/984 525/2539/985 521/2535/984
f 521/2535/984 525/2539/985 526/2540/985
f 526/2540/985 525/2539/985 527/2541/986
f 525/2539/985 528/2542/987 527/2541/986
f 527/2541/986 528/2542/987 529/2543/988
f 528/2542/987 530/2544/988 529/2543/988
f 529/2543/988 530/2544/988 531/2545/989
f 530/2544/988 532/2546/989 531/2545/989
f 531/2545/989 532/2546/989 522/2536/990
f 532/2546/989 524/2538/990 522/2536/990
f 533/2547/991 535/2548/992 534/2549/846
f 534/2549/846 535/2548/992 536/2550/993
f 535/2548/992 537/2551/994 536/2550/993
f 536/2550/993 537/2551/994 538/2552/994
f 537/2551/994 539/2553/842 538/2552/994
f 538/2552/994 539/2553/842 540/2554/995
f 539/2553/842 541/2555/996 540/2554/995
f 540/2554/995 541/2555/996 542/2556/997
f 519/2533/323 543/2557/323 520/2534/323
f 520/2534/323 543/2557/323 544/2558/326
f 543/2557/323 545/2559/323 544/2558/326
f 544/2558/326 545/2559/323 546/2560/323
f 547/2561/998 549/2562/999 548/2563/865
f 548/2563/865 549/2562/999 550/2564/1000
f 549/2562/999 551/2565/861 550/2564/1000
f 550/2564/1000 551/2565/861 552/2566/1001
f 534/2549/846 553/2567/1002 533/2547/991
f 553/2567/1003 554/2568/1003 533/2547/1003
f 541/2555/996 554/2568/1004 542/2556/997
f 554/2568/1005 553/2567/1005 542/2556/1005
f 555/2569/1006 557/2570/1007 556/2571/854
f 556/2571/854 557/2570/1007 558/2572/1007
f 557/2570/1007 547/2561/867 558/2572/1007
f 558/2572/1007 547/2561/867 548/2563/867
f 556/2571/1008 559/2573/1009 555/2569/851
f 555/2569/851 559/2573/1009 560/2574/1009
f 559/2573/1009 552/2566/863 560/2574/1009
f 560/2574/1009 552/2566/863 551/2565/863
f 479/2493/868 561/2575/869 477/2491/868
f 477/2491/868 561/2575/869 562/2576/869
f 562/2576/869 561/2575/869 563/2577/870
f 561/2575/869 564/2578/871 563/2577/870
f 563/2577/870 564/2578/871 545/2559/872
f 564/2578/873 546/2560/874 545/2559/874
f 444/2459/875 565/2579/876 443/2457/875
f 443/2457/875 565/2579/876 566/2580/876
f 565/2579/876 567/2581/877 566/2580/876
f 566/2580/876 567/2581/877 568/2582/877
f 567/2581/877 569/2583/878 568/2582/877
f 568/2582/877 569/2583/878 570/2584/879
f 569/2583/878 571/2585/880 570/2584/879
f 570/2584/879 571/2585/880 572/2586/880
f 571/2585/880 573/2587/881 572/2586/880
f 572/2586/880 573/2587/881 574/2588/881
f 575/2589/1010 576/2590/1010 577/2591/1010
f 576/2590/1010 578/2592/1010 577/2591/1010
f 577/2591/1011 579/2593/887 575/2589/1011
f 575/2589/1011 579/2593/887 580/2594/887
f 580/2594/887 579/2593/887 581/2595/1012
f 579/2593/887 582/2596/1012 581/2595/1012
f 581/2595/1012 582/2596/1012 583/2597/1013
f 582/2596/1012 584/2598/1013 583/2597/1013
f 583/2597/1013 584/2598/1013 585/2599/884
f 584/2598/1013 586/2600/884 585/2599/884
f 585/2599/884 586/2600/884 576/2590/1014
f 586/2600/884 578/2592/1014 576/2590/1014
f 587/2601/1015 589/2602/895 588/2603/1016
f 588/2603/1016 589/2602/895 590/2604/895
f 589/2602/895 591/2605/1017 590/2604/895
f 590/2604/895 591/2605/1017 592/2606/1018
f 591/2605/1017 593/2607/1019 592/2606/1018
f 592/2606/1018 593/2607/1019 594/2608/1019
f 593/2607/1019 595/2609/891 594/2608/1019
f 594/2608/1019 595/2609/891 596/2610/1020
f 573/2587/363 597/2611/323 574/2588/323
f 574/2588/323 597/2611/323 598/2612/323
f 597/2611/323 599/2613/323 598/2612/323
f 598/2612/323 599/2613/323 600/2614/323
f 601/2615/1021 603/2616/1022 602/2617/1021
f 602/2617/1021 603/2616/1022 604/2618/1022
f 603/2616/1022 605/2619/902 604/2618/1022
f 604/2618/1022 605/2619/902 606/2620/902
f 588/2603/1016 607/2621/1023 587/2601/1015
f 607/2621/1023 608/2622/1023 587/2601/1023
f 595/2609/891 608/2622/1024 596/2610/1020
f 608/2622/1024 607/2621/1024 596/2610/1024
f 609/2623/899 611/2624/1025 610/2625/899
f 610/2625/899 611/2624/1025 612/2626/1026
f 611/2624/1025 601/2615/1027 612/2626/1026
f 612/2626/1026 601/2615/1027 602/2617/1027
f 610/2625/1028 613/2627/1029 609/2623/1028
f 609/2623/1028 613/2627/1029 614/2628/1030
f 613/2627/1029 606/2620/1031 614/2628/1030
f 614/2628/1030 606/2620/1031 605/2619/1031
f 505/2519/910 615/2629/911 503/2517/910
f 503/2517/910 615/2629/911 616/2630/911
f 616/2630/911 615/2629/911 617/2631/912
f 615/2629/911 618/2632/913 617/2631/912
f 617/2631/912 618/2632/913 599/2613/914
f 618/2632/915 600/2614/916 599/2613/916
f 510/2525/917 619/2633/918 509/2523/917
f 509/2523/917 619/2633/918 620/2634/918
f 619/2633/918 621/2635/919 620/2634/918
f 620/2634/918 621/2635/919 622/2636/919
f 621/2635/919 623/2637/920 622/2636/919
f 622/2636/919 623/2637/920 624/2638/920
f 623/2637/920 625/2639/921 624/2638/920
f 624/2638/920 625/2639/921 626/2640/922
f 625/2639/921 627/2641/923 626/2640/922
f 626/2640/922 627/2641/923 628/2642/924
f 629/2643/932 630/2644/932 631/2645/932
f 630/2644/932 632/2646/932 631/2645/932
f 631/2645/1032 633/2647/935 629/2643/1032
f 629/2643/1032 633/2647/935 634/2648/1033
f 634/2648/1033 633/2647/935 635/2649/1034
f 633/2647/935 636/2650/1035 635/2649/1034
f 635/2649/1034 636/2650/1035 637/2651/1036
f 636/2650/925 638/2652/1037 637/2651/1038
f 637/2651/1038 638/2652/1037 639/2653/927
f 638/2652/1037 640/2654/1039 639/2653/927
f 639/2653/927 640/2654/1039 630/2644/1040
f 640/2654/1039 632/2646/1040 630/2644/1040
f 641/2655/1041 643/2656/944 642/2657/943
f 642/2657/943 643/2656/944 644/2658/944
f 643/2656/944 645/2659/1042 644/2658/944
f 644/2658/944 645/2659/1042 646/2660/1043
f 645/2659/1042 647/2661/939 646/2660/1043
f 646/2660/1043 647/2661/939 648/2662/939
f 647/2661/939 649/2663/940 648/2662/939
f 648/2662/939 649/2663/940 650/2664/1044
f 627/2641/363 651/2665/323 628/2642/363
f 628/2642/363 651/2665/323 652/2666/323
f 651/2665/323 483/2497/326 652/2666/323
f 652/2666/323 483/2497/326 484/2498/326
f 653/2667/1045 655/2668/1046 654/2669/1047
f 654/2669/1047 655/2668/1046 656/2670/1048
f 655/2668/1046 657/2671/1049 656/2670/1048
f 656/2670/1048 657/2671/1049 658/2672/1049
f 642/2657/943 659/2673/1050 641/2655/1041
f 659/2673/1051 660/2674/1051 641/2655/1051
f 649/2663/940 660/2674/1052 650/2664/1044
f 660/2674/1052 659/2673/1052 650/2664/1052
f 661/2675/1053 663/2676/1054 662/2677/1055
f 662/2677/1055 663/2676/1054 664/2678/1056
f 663/2676/1054 653/2667/962 664/2678/1056
f 664/2678/1056 653/2667/962 654/2669/962
f 662/2677/1057 665/2679/1058 661/2675/1057
f 661/2675/1057 665/2679/1058 666/2680/1059
f 665/2679/1058 658/2672/958 666/2680/1059
f 666/2680/1059 658/2672/958 657/2671/958
f 667/2681/1060 668/2682/1060 669/2683/1061
f 668/2682/1062 670/2684/1063 669/2683/1064
f 669/2683/1064 670/2684/1063 671/2685/1065
f 670/2684/1066 672/2686/1067 671/2685/1065
f 671/2685/1065 672/2686/1067 673/2687/1068
f 672/2686/1067 674/2688/1069 673/2687/1068
f 673/2687/1068 674/2688/1069 675/2689/1070
f 674/2688/1071 676/2690/1071 675/2689/1071
f 677/2691/1072 667/2681/1072 678/2692/1073
f 667/2681/1074 669/2683/1075 678/2692/1075
f 678/2692/1075 669/2683/1075 679/2693/1076
f 669/2683/1075 671/2685/1076 679/2693/1076
f 679/2693/1076 671/2685/1076 680/2694/1077
f 671/2685/1076 673/2687/1078 680/2694/1077
f 680/2694/1077 673/2687/1078 681/2695/1079
f 673/2687/1080 675/2689/1080 681/2695/1080
f 682/2696/1081 677/2691/1081 683/2697/1082
f 677/2691/1081 678/2692/1083 683/2697/1083
f 683/2697/1083 678/2692/1083 684/2698/1084
f 678/2692/1083 679/2693/1085 684/2698/1084
f 684/2698/1084 679/2693/1085 685/2699/1086
f 679/2693/1085 680/2694/1087 685/2699/1086
f 685/2699/1086 680/2694/1087 686/2700/93
f 680/2694/1087 681/2695/32 686/2700/32
f 687/2701/1088 682/2696/1088 688/2702/1089
f 682/2696/1090 683/2697/1091 688/2702/1089
f 688/2702/1089 683/2697/1091 689/2703/1092
f 683/2697/1091 684/2698/1093 689/2703/1092
f 689/2703/1092 684/2698/1093 690/2704/1094
f 684/2698/1093 685/2699/1095 690/2704/1094
f 690/2704/1094 685/2699/1095 691/2705/1096
f 685/2699/1096 686/2700/1096 691/2705/1096
f 692/2706/1097 693/2707/1097 694/2708/1098
f 693/2707/1099 695/2709/1098 694/2708/1098
f 694/2708/1098 695/2709/1098 696/2710/1100
f 695/2709/1098 697/2711/1100 696/2710/1100
f 696/2710/1100 697/2711/1100 698/2712/1101
f 697/2711/1100 699/2713/1101 698/2712/1101
f 698/2712/1101 699/2713/1101 700/2714/1102
f 699/2713/1101 701/2715/1103 700/2714/1103
f 702/2716/1104 703/2717/1104 704/2718/1105
f 703/2717/1106 705/2719/1107 704/2718/1105
f 704/2718/1105 705/2719/1107 706/2720/1108
f 705/2719/1107 707/2721/1108 706/2720/1108
f 706/2720/1108 707/2721/1108 708/2722/1109
f 707/2721/1108 709/2723/1110 708/2722/1109
f 708/2722/1109 709/2723/1110 710/2724/1111
f 709/2723/1110 711/2725/1112 710/2724/1112
f 712/2726/1113 713/2727/1113 714/2728/1114
f 713/2727/1113 715/2729/1114 714/2728/1114
f 714/2728/1114 715/2729/1114 716/2730/1115
f 715/2729/1114 717/2731/1116 716/2730/1115
f 716/2730/1115 717/2731/1116 718/2732/1117
f 717/2731/1116 719/2733/1118 718/2732/1117
f 718/2732/1117 719/2733/1118 720/2734/1119
f 719/2733/1118 721/2735/1119 720/2734/1119
f 713/2727/1112 722/2736/1112 715/2729/1120
f 722/2736/1112 723/2737/1121 715/2729/1120
f 715/2729/1120 723/2737/1121 717/2731/1122
f 723/2737/1121 724/2738/1122 717/2731/1122
f 717/2731/1122 724/2738/1122 719/2733/1123
f 724/2738/1122 725/2739/1124 719/2733/1123
f 719/2733/1123 725/2739/1124 721/2735/1125
f 725/2739/1125 726/2740/1125 721/2735/1125
f 722/2736/5 727/2741/5 723/2737/1126
f 727/2741/5 728/2742/1127 723/2737/1126
f 723/2737/1126 728/2742/1127 724/2738/1128
f 728/2742/1127 729/2743/1129 724/2738/1128
f 724/2738/1128 729/2743/1129 725/2739/1130
f 729/2743/1129 730/2744/1131 725/2739/1130
f 725/2739/1130 730/2744/1131 726/2740/363
f 730/2744/1131 731/2745/323 726/2740/323
f 727/2741/1132 732/2746/1132 728/2742/1133
f 732/2746/1134 733/2747/1135 728/2742/1133
f 728/2742/1133 733/2747/1135 729/2743/1136
f 733/2747/1135 734/2748/1136 729/2743/1136
f 729/2743/1136 734/2748/1136 730/2744/1137
f 734/2748/1136 735/2749/1137 730/2744/1137
f 730/2744/1137 735/2749/1137 731/2745/1138
f 735/2749/1139 736/2750/1140 731/2745/1140
f 691/2705/1141 676/2690/1141 690/2704/1142
f 676/2690/1143 674/2688/1142 690/2704/1144
f 690/2704/1144 674/2688/1142 689/2703/1145
f 674/2688/1142 672/2686/1146 689/2703/1145
f 689/2703/1145 672/2686/1146 688/2702/1147
f 672/2686/1146 670/2684/1148 688/2702/1147
f 688/2702/1147 670/2684/1148 687/2701/1149
f 670/2684/1148 668/2682/1149 687/2701/1149
f 737/2751/1074 738/2752/1074 739/2753/1150
f 738/2752/1074 740/2754/1151 739/2753/1150
f 739/2753/1150 740/2754/1151 741/2755/1152
f 740/2754/1151 742/2756/1153 741/2755/1152
f 741/2755/1152 742/2756/1153 743/2757/1154
f 742/2756/1153 744/2758/1154 743/2757/1154
f 743/2757/1154 744/2758/1154 745/2759/1155
f 744/2758/1156 746/2760/1157 745/2759/1157
f 738/2752/28 747/2761/28 740/2754/1158
f 747/2761/13 748/2762/1159 740/2754/1159
f 740/2754/1159 748/2762/1159 742/2756/1160
f 748/2762/1159 749/2763/1161 742/2756/1160
f 742/2756/1160 749/2763/1161 744/2758/1162
f 749/2763/1161 750/2764/1163 744/2758/1162
f 744/2758/1162 750/2764/1163 746/2760/323
f 750/2764/1163 751/2765/323 746/2760/323
f 747/2761/1164 752/2766/1164 748/2762/1165
f 752/2766/1164 753/2767/1166 748/2762/1166
f 748/2762/1166 753/2767/1166 749/2763/1167
f 753/2767/1166 754/2768/1168 749/2763/1167
f 749/2763/1167 754/2768/1168 750/2764/1169
f 754/2768/1168 755/2769/1170 750/2764/1169
f 750/2764/1169 755/2769/1170 751/2765/1171
f 755/2769/1172 756/2770/1171 751/2765/1171
f 757/2771/1173 756/2770/1173 758/2772/1174
f 756/2770/1175 755/2769/1176 758/2772/1174
f 758/2772/1174 755/2769/1176 759/2773/1177
f 755/2769/1176 754/2768/1177 759/2773/1177
f 759/2773/1177 754/2768/1177 760/2774/1178
f 754/2768/1177 753/2767/1178 760/2774/1178
f 760/2774/1178 753/2767/1178 761/2775/1149
f 753/2767/1179 752/2766/1149 761/2775/1149
f 745/2759/1180 757/2771/1180 743/2757/1181
f 757/2771/1180 758/2772/1181 743/2757/1181
f 743/2757/1181 758/2772/1181 741/2755/1182
f 758/2772/1181 759/2773/1182 741/2755/1182
f 741/2755/1182 759/2773/1182 739/2753/1183
f 759/2773/1182 760/2774/1184 739/2753/1183
f 739/2753/1183 760/2774/1184 737/2751/1185
f 760/2774/1060 761/2775/1060 737/2751/1060
f 762/2776/1125 763/2777/1125 764/2778/1186
f 763/2777/1125 765/2779/1187 764/2778/1186
f 764/2778/1186 765/2779/1187 766/2780/1188
f 765/2779/1187 767/2781/1188 766/2780/1188
f 766/2780/1188 767/2781/1188 768/2782/1189
f 767/2781/1188 769/2783/1189 768/2782/1189
f 768/2782/1189 769/2783/1189 770/2784/1190
f 769/2783/1189 771/2785/1191 770/2784/1191
f 763/2777/323 772/2786/323 765/2779/1192
f 772/2786/363 773/2787/1193 765/2779/1194
f 765/2779/1194 773/2787/1193 767/2781/1195
f 773/2787/1193 774/2788/1195 767/2781/1195
f 767/2781/1195 774/2788/1195 769/2783/1196
f 774/2788/1195 775/2789/1196 769/2783/1196
f 769/2783/1196 775/2789/1196 771/2785/1
f 775/2789/1196 776/2790/2 771/2785/2
f 772/2786/1140 777/2791/1140 773/2787/1197
f 777/2791/1138 778/2792/1198 773/2787/1197
f 773/2787/1197 778/2792/1198 774/2788/1199
f 778/2792/1198 779/2793/1199 774/2788/1199
f 774/2788/1199 779/2793/1199 775/2789/1200
f 779/2793/1199 780/2794/1200 775/2789/1200
f 775/2789/1200 780/2794/1200 776/2790/1201
f 780/2794/1200 781/2795/1201 776/2790/1201
f 777/2791/1202 782/2796/1202 778/2792/1203
f 782/2796/1204 783/2797/1203 778/2792/1205
f 778/2792/1205 783/2797/1203 779/2793/1206
f 783/2797/1203 784/2798/1206 779/2793/1206
f 779/2793/1206 784/2798/1206 780/2794/1207
f 784/2798/1206 785/2799/1208 780/2794/1207
f 780/2794/1207 785/2799/1208 781/2795/1209
f 785/2799/1207 786/2800/1209 781/2795/1209
f 782/2796/1119 762/2776/1119 783/2797/1210
f 762/2776/1119 764/2778/1210 783/2797/1210
f 783/2797/1210 764/2778/1210 784/2798/1211
f 764/2778/1210 766/2780/1211 784/2798/1211
f 784/2798/1211 766/2780/1211 785/2799/1212
f 766/2780/1211 768/2782/1212 785/2799/1212
f 785/2799/1212 768/2782/1212 786/2800/1213
f 768/2782/1212 770/2784/1213 786/2800/1213
f 787/2801/32 788/2802/32 789/2803/1214
f 788/2802/62 790/2804/1215 789/2803/1214
f 789/2803/1214 790/2804/1215 791/2805/1216
f 790/2804/1215 792/2806/1217 791/2805/1216
f 791/2805/1216 792/2806/1217 793/2807/1218
f 792/2806/1217 794/2808/1218 793/2807/1218
f 793/2807/1218 794/2808/1218 795/2809/1
f 794/2808/1218 796/2810/1 795/2809/1
f 797/2811/1219 798/2812/1219 799/2813/1220
f 798/2812/1219 800/2814/1220 799/2813/1220
f 799/2813/1220 800/2814/1220 801/2815/1221
f 800/2814/1220 802/2816/1221 801/2815/1221
f 801/2815/1221 802/2816/1221 803/2817/1222
f 802/2816/1221 804/2818/1223 803/2817/1222
f 803/2817/1222 804/2818/1223 805/2819/1224
f 804/2818/1222 806/2820/1224 805/2819/1224
f 805/2819/1191 796/2810/1191 803/2817/1225
f 796/2810/1191 794/2808/1226 803/2817/1227
f 803/2817/1227 794/2808/1226 801/2815/1228
f 794/2808/1226 792/2806/1228 801/2815/1228
f 801/2815/1228 792/2806/1228 799/2813/1229
f 792/2806/1228 790/2804/1229 799/2813/1229
f 799/2813/1229 790/2804/1229 797/2811/1106
f 790/2804/1229 788/2802/1104 797/2811/1104
f 795/2809/1201 807/2821/1201 793/2807/1230
f 807/2821/1201 808/2822/1230 793/2807/1230
f 793/2807/1230 808/2822/1230 791/2805/1231
f 808/2822/1230 809/2823/1232 791/2805/1231
f 791/2805/1231 809/2823/1232 789/2803/1233
f 809/2823/1232 810/2824/1234 789/2803/1233
f 789/2803/1233 810/2824/1234 787/2801/1235
f 810/2824/1234 811/2825/1236 787/2801/1236
f 807/2821/1209 806/2820/1209 808/2822/1237
f 806/2820/1209 804/2818/1237 808/2822/1237
f 808/2822/1237 804/2818/1237 809/2823/1238
f 804/2818/1237 802/2816/1238 809/2823/1238
f 809/2823/1238 802/2816/1238 810/2824/1239
f 802/2816/1238 800/2814/1239 810/2824/1239
f 810/2824/1239 800/2814/1239 811/2825/1097
f 800/2814/1239 798/2812/1099 811/2825/1099
f 812/2826/323 813/2827/323 814/2828/1240
f 813/2827/323 815/2829/1240 814/2828/1241
f 814/2828/1241 815/2829/1240 816/2830/1242
f 815/2829/1240 817/2831/1243 816/2830/1242
f 816/2830/1242 817/2831/1243 818/2832/1244
f 817/2831/1243 819/2833/1244 818/2832/1244
f 818/2832/1244 819/2833/1244 820/2834/14
f 819/2833/1244 821/2835/22 820/2834/22
f 822/2836/1245 823/2837/1245 824/2838/1246
f 823/2837/1175 825/2839/1246 824/2838/1246
f 824/2838/1246 825/2839/1246 826/2840/1247
f 825/2839/1246 827/2841/1248 826/2840/1247
f 826/2840/1247 827/2841/1248 828/2842/1249
f 827/2841/1248 829/2843/1249 828/2842/1249
f 828/2842/1249 829/2843/1249 830/2844/1250
f 829/2843/1249 831/2845/1251 830/2844/1251
f 823/2837/1252 832/2846/1252 825/2839/1253
f 832/2846/1180 833/2847/1254 825/2839/1253
f 825/2839/1253 833/2847/1254 827/2841/1255
f 833/2847/1254 834/2848/1255 827/2841/1255
f 827/2841/1255 834/2848/1255 829/2843/1256
f 834/2848/1255 835/2849/1257 829/2843/1256
f 829/2843/1256 835/2849/1257 831/2845/1258
f 835/2849/1257 836/2850/1258 831/2845/1258
f 820/2834/1259 836/2850/1259 818/2832/1260
f 836/2850/1259 835/2849/1260 818/2832/1260
f 818/2832/1260 835/2849/1260 816/2830/1261
f 835/2849/1260 834/2848/1261 816/2830/1261
f 816/2830/1261 834/2848/1261 814/2828/1262
f 834/2848/1261 833/2847/1262 814/2828/1262
f 814/2828/1262 833/2847/1262 812/2826/1157
f 833/2847/1262 832/2846/1155 812/2826/1155
f 830/2844/1263 821/2835/1263 828/2842/1264
f 821/2835/1263 819/2833/1264 828/2842/1264
f 828/2842/1264 819/2833/1264 826/2840/1265
f 819/2833/1264 817/2831/1265 826/2840/1265
f 826/2840/1265 817/2831/1265 824/2838/1266
f 817/2831/1265 815/2829/1266 824/2838/1266
f 824/2838/1266 815/2829/1266 822/2836/1267
f 815/2829/1266 813/2827/1171 822/2836/1171
f 837/2851/32 838/2852/32 839/2853/1268
f 838/2852/32 840/2854/1269 839/2853/1269
f 839/2853/1269 840/2854/1269 841/2855/1270
f 840/2854/1269 842/2856/1270 841/2855/1270
f 841/2855/1270 842/2856/1270 843/2857/1271
f 842/2856/1270 844/2858/1272 843/2857/1271
f 843/2857/1271 844/2858/1272 845/2859/14
f 844/2858/14 846/2860/14 845/2859/14
f 847/2861/1096 837/2851/1096 848/2862/1273
f 837/2851/1274 839/2853/1275 848/2862/1273
f 848/2862/1273 839/2853/1275 849/2863/1276
f 839/2853/1275 841/2855/1277 849/2863/1276
f 849/2863/1276 841/2855/1277 850/2864/1278
f 841/2855/1277 843/2857/1279 850/2864/1278
f 850/2864/1278 843/2857/1279 851/2865/1263
f 843/2857/1279 845/2859/1263 851/2865/1263
f 852/2866/1280 853/2867/1280 854/2868/1281
f 853/2867/1071 855/2869/1282 854/2868/1281
f 854/2868/1281 855/2869/1282 856/2870/1283
f 855/2869/1282 857/2871/1283 856/2870/1283
f 856/2870/1283 857/2871/1283 858/2872/1284
f 857/2871/1283 859/2873/1285 858/2872/1284
f 858/2872/1284 859/2873/1285 860/2874/1258
f 859/2873/1286 861/2875/1258 860/2874/1258
f 860/2874/1259 846/2860/1259 858/2872/1287
f 846/2860/1259 844/2858/1287 858/2872/1287
f 858/2872/1287 844/2858/1287 856/2870/1288
f 844/2858/1287 842/2856/1288 856/2870/1288
f 856/2870/1288 842/2856/1288 854/2868/1289
f 842/2856/1288 840/2854/1290 854/2868/1289
f 854/2868/1289 840/2854/1290 852/2866/1079
f 840/2854/1290 838/2852/1079 852/2866/1079
f 851/2865/1291 861/2875/1291 850/2864/1292
f 861/2875/1291 859/2873/1292 850/2864/1292
f 850/2864/1292 859/2873/1292 849/2863/1293
f 859/2873/1292 857/2871/1293 849/2863/1293
f 849/2863/1293 857/2871/1293 848/2862/1294
f 857/2871/1293 855/2869/1294 848/2862/1294
f 848/2862/1294 855/2869/1294 847/2861/1141
f 855/2869/1294 853/2867/1141 847/2861/1141
f 710/2724/1113 701/2715/1113 708/2722/1295
f 701/2715/1113 699/2713/1296 708/2722/1297
f 708/2722/1297 699/2713/1296 706/2720/1298
f 699/2713/1296 697/2711/1298 706/2720/1298
f 706/2720/1298 697/2711/1298 704/2718/1299
f 697/2711/1298 695/2709/1300 704/2718/1299
f 704/2718/1299 695/2709/1300 702/2716/1301
f 695/2709/1300 693/2707/1219 702/2716/1219
f 862/2876/5 711/2725/5 863/2877/1302
f 711/2725/5 709/2723/1303 863/2877/1303
f 863/2877/1303 709/2723/1303 864/2878/1304
f 709/2723/1303 707/2721/1304 864/2878/1304
f 864/2878/1304 707/2721/1304 865/2879/1305
f 707/2721/1304 705/2719/1306 865/2879/1305
f 865/2879/1305 705/2719/1306 866/2880/32
f 705/2719/1305 703/2717/32 866/2880/32
f 700/2714/1307 862/2876/1307 698/2712/1308
f 862/2876/1307 863/2877/1309 698/2712/1308
f 698/2712/1308 863/2877/1309 696/2710/1310
f 863/2877/1309 864/2878/1310 696/2710/1310
f 696/2710/1310 864/2878/1310 694/2708/1311
f 864/2878/1310 865/2879/1312 694/2708/1311
f 694/2708/1311 865/2879/1312 692/2706/1236
f 865/2879/1312 866/2880/1236 692/2706/1236
f 720/2734/1202 736/2750/1202 718/2732/1313
f 736/2750/1202 735/2749/1313 718/2732/1313
f 718/2732/1313 735/2749/1313 716/2730/1314
f 735/2749/1313 734/2748/1314 716/2730/1314
f 716/2730/1314 734/2748/1314 714/2728/1315
f 734/2748/1314 733/2747/1316 714/2728/1315
f 714/2728/1315 733/2747/1316 712/2726/1317
f 733/2747/1316 732/2746/1103 712/2726/1103
